{"type":"FeatureCollection","features":[{"type":"Feature","geometry":{"type":"MultiPolygon","coordinates":[[[[-9.21417,38.69188],[-9.21458,38.69188],[-9.21521,38.69125],[-9.21584,38.69125],[-9.21647,38.69125],[-9.21694,38.69172],[-9.21694,38.69188],[-9.21647,38.69225],[-9.21584,38.69225],[-9.21521,38.69219],[-9.21458,38.69228],[-9.21417,38.69188]]],[[[-9.21206,38.69188],[-9.21262,38.69188],[-9.21262,38.69251],[-9.21206,38.69276],[-9.21143,38.69275],[-9.21122,38.69251],[-9.21143,38.69251],[-9.21206,38.69188]]],[[[-9.22221,38.69188],[-9.22278,38.69188],[-9.22341,38.69188],[-9.22404,38.69251],[-9.2237,38.69285],[-9.22341,38.69285],[-9.22278,38.69282],[-9.22221,38.69251],[-9.22221,38.69188]]],[[[-9.2026,38.69445],[-9.20239,38.6944],[-9.20239,38.69377],[-9.2026,38.69377],[-9.20323,38.69377],[-9.20386,38.69377],[-9.20449,38.69377],[-9.20512,38.69314],[-9.20513,38.69314],[-9.20513,38.69377],[-9.20513,38.6944],[-9.20512,38.69441],[-9.20449,38.69441],[-9.20386,38.69441],[-9.20323,38.69458],[-9.2026,38.69445]]],[[[-9.22909,38.6944],[-9.22962,38.6944],[-9.22962,38.69503],[-9.22909,38.69516],[-9.22846,38.69516],[-9.22838,38.69511],[-9.22846,38.69503],[-9.22909,38.6944]]],[[[-9.21937,38.70575],[-9.219,38.70521],[-9.21837,38.70521],[-9.21777,38.70575],[-9.21773,38.70576],[-9.21772,38.70575],[-9.21765,38.70512],[-9.21773,38.70491],[-9.21837,38.70498],[-9.219,38.70498],[-9.21937,38.70449],[-9.21927,38.70386],[-9.21963,38.7037],[-9.22026,38.70379],[-9.2203,38.70386],[-9.22066,38.70449],[-9.22089,38.70468],[-9.22123,38.70512],[-9.22125,38.70575],[-9.22089,38.70605],[-9.22053,38.70638],[-9.22053,38.70701],[-9.22026,38.70742],[-9.21976,38.70701],[-9.21976,38.70638],[-9.21963,38.7062],[-9.21937,38.70575]]],[[[-9.21769,38.71458],[-9.21762,38.71395],[-9.21768,38.71332],[-9.21768,38.71269],[-9.21773,38.71262],[-9.21837,38.71232],[-9.219,38.71232],[-9.21933,38.71206],[-9.21925,38.71143],[-9.219,38.71084],[-9.21837,38.71084],[-9.21835,38.7108],[-9.21818,38.71017],[-9.21813,38.70954],[-9.21837,38.70904],[-9.219,38.70904],[-9.21909,38.70891],[-9.21957,38.70828],[-9.21963,38.70817],[-9.21972,38.70828],[-9.22026,38.70855],[-9.22057,38.70891],[-9.22062,38.70954],[-9.22073,38.71017],[-9.22082,38.7108],[-9.22065,38.71143],[-9.22052,38.71206],[-9.22052,38.71269],[-9.22052,38.71332],[-9.22037,38.71395],[-9.22026,38.71426],[-9.21981,38.71458],[-9.21963,38.71471],[-9.219,38.71463],[-9.21837,38.71463],[-9.21773,38.71461],[-9.21769,38.71458]]],[[[-9.18858,38.71206],[-9.18872,38.71198],[-9.18892,38.71206],[-9.18872,38.71255],[-9.18858,38.71206]]],[[[-9.18809,38.74308],[-9.18746,38.74308],[-9.18683,38.7431],[-9.1862,38.7431],[-9.18577,38.74297],[-9.18557,38.74279],[-9.18494,38.74257],[-9.18431,38.74238],[-9.18424,38.74234],[-9.18368,38.74192],[-9.18304,38.74192],[-9.18289,38.7417],[-9.18267,38.74107],[-9.18241,38.74056],[-9.18235,38.74044],[-9.18217,38.73981],[-9.18178,38.73951],[-9.18117,38.73918],[-9.18117,38.73855],[-9.18115,38.73854],[-9.18052,38.73854],[-9.17989,38.73833],[-9.17926,38.73801],[-9.17908,38.73792],[-9.17863,38.7377],[-9.178,38.73739],[-9.17737,38.73739],[-9.17723,38.73729],[-9.17674,38.73687],[-9.1762,38.73666],[-9.17611,38.73658],[-9.17584,38.73603],[-9.17548,38.73575],[-9.17484,38.73575],[-9.17453,38.7354],[-9.17466,38.73477],[-9.17484,38.73449],[-9.17548,38.73449],[-9.17574,38.73414],[-9.17583,38.73351],[-9.17611,38.73338],[-9.17646,38.73287],[-9.17645,38.73224],[-9.17611,38.73174],[-9.17602,38.73161],[-9.17611,38.73122],[-9.17621,38.73098],[-9.17611,38.7307],[-9.17599,38.73035],[-9.1759,38.72972],[-9.17564,38.72909],[-9.17548,38.72859],[-9.17484,38.72859],[-9.17481,38.72846],[-9.17464,38.72783],[-9.17481,38.7272],[-9.17484,38.72715],[-9.17548,38.72715],[-9.17611,38.72684],[-9.17638,38.72657],[-9.17638,38.72594],[-9.17674,38.72539],[-9.17737,38.7254],[-9.178,38.7254],[-9.17843,38.72531],[-9.17863,38.72509],[-9.17926,38.72494],[-9.17989,38.72473],[-9.18003,38.72468],[-9.18052,38.72411],[-9.18115,38.72411],[-9.1812,38.72404],[-9.18115,38.72397],[-9.18052,38.72397],[-9.18007,38.72341],[-9.18052,38.72298],[-9.18115,38.72298],[-9.18134,38.72278],[-9.18115,38.72229],[-9.18052,38.72229],[-9.18047,38.72215],[-9.17997,38.72152],[-9.17991,38.72089],[-9.17989,38.72087],[-9.17975,38.72089],[-9.17926,38.72095],[-9.17863,38.72096],[-9.17856,38.72089],[-9.17863,38.72071],[-9.17887,38.72026],[-9.17881,38.71963],[-9.17863,38.7194],[-9.17833,38.719],[-9.17812,38.71837],[-9.17863,38.71783],[-9.17868,38.71774],[-9.17863,38.71753],[-9.17851,38.71711],[-9.17863,38.71689],[-9.1791,38.71648],[-9.17926,38.71637],[-9.17989,38.71628],[-9.18052,38.71616],[-9.18115,38.71616],[-9.18178,38.71616],[-9.18241,38.71621],[-9.18304,38.71613],[-9.18332,38.71584],[-9.18368,38.71556],[-9.18431,38.71556],[-9.18494,38.71576],[-9.18506,38.71584],[-9.18522,38.71648],[-9.18524,38.71711],[-9.18514,38.71774],[-9.18548,38.71837],[-9.18557,38.71844],[-9.1862,38.71845],[-9.18683,38.71845],[-9.18746,38.71873],[-9.18809,38.71889],[-9.18872,38.71876],[-9.18935,38.71868],[-9.18998,38.71868],[-9.19037,38.71837],[-9.19061,38.71828],[-9.19091,38.71837],[-9.19124,38.71867],[-9.19187,38.71861],[-9.19251,38.71858],[-9.19314,38.71858],[-9.1934,38.71837],[-9.19377,38.71806],[-9.19412,38.71774],[-9.1944,38.71749],[-9.19503,38.71757],[-9.19566,38.71757],[-9.19603,38.71774],[-9.19629,38.71793],[-9.19692,38.7182],[-9.19755,38.71812],[-9.19818,38.71785],[-9.19881,38.71785],[-9.19906,38.71774],[-9.19922,38.71711],[-9.19922,38.71648],[-9.19944,38.71625],[-9.19982,38.71584],[-9.20005,38.71521],[-9.20007,38.71519],[-9.2007,38.71503],[-9.20134,38.71503],[-9.20197,38.71492],[-9.20222,38.71521],[-9.2026,38.71559],[-9.20278,38.71584],[-9.20306,38.71648],[-9.20323,38.71681],[-9.20386,38.71675],[-9.20449,38.71675],[-9.20512,38.71681],[-9.20575,38.71691],[-9.20638,38.71686],[-9.20701,38.71687],[-9.20764,38.71687],[-9.20827,38.71704],[-9.2089,38.71686],[-9.20922,38.71711],[-9.2089,38.71758],[-9.20861,38.71774],[-9.20844,38.71837],[-9.20827,38.71855],[-9.20789,38.719],[-9.20764,38.71927],[-9.20701,38.71927],[-9.20638,38.71963],[-9.20638,38.72026],[-9.20626,38.72089],[-9.20638,38.72104],[-9.20677,38.72152],[-9.20701,38.72177],[-9.20764,38.72177],[-9.20792,38.72215],[-9.20773,38.72278],[-9.20764,38.72284],[-9.20701,38.72284],[-9.20638,38.72315],[-9.20611,38.72341],[-9.20575,38.724],[-9.20557,38.72404],[-9.20512,38.72417],[-9.20483,38.72468],[-9.20482,38.72531],[-9.20506,38.72594],[-9.20507,38.72657],[-9.20512,38.72663],[-9.2055,38.7272],[-9.20575,38.72756],[-9.20604,38.72783],[-9.20575,38.72831],[-9.20566,38.72846],[-9.20512,38.72875],[-9.20488,38.72909],[-9.20466,38.72972],[-9.20449,38.73001],[-9.20386,38.73001],[-9.20339,38.73035],[-9.20323,38.73053],[-9.20292,38.73098],[-9.20269,38.73161],[-9.2026,38.73193],[-9.20246,38.73224],[-9.20231,38.73287],[-9.20197,38.73347],[-9.20194,38.73351],[-9.20161,38.73414],[-9.20134,38.73445],[-9.2007,38.73445],[-9.20035,38.73477],[-9.20009,38.7354],[-9.20007,38.73542],[-9.19944,38.7355],[-9.19941,38.73603],[-9.19928,38.73666],[-9.19924,38.73729],[-9.1993,38.73792],[-9.19919,38.73855],[-9.19907,38.73918],[-9.19911,38.73981],[-9.19892,38.74044],[-9.19881,38.74078],[-9.19818,38.74075],[-9.19755,38.74075],[-9.19729,38.74107],[-9.19692,38.74152],[-9.19635,38.7417],[-9.19629,38.74173],[-9.19566,38.74172],[-9.19503,38.74172],[-9.1944,38.74194],[-9.19377,38.74198],[-9.19329,38.74234],[-9.19314,38.74243],[-9.19251,38.74245],[-9.19187,38.74245],[-9.19124,38.74294],[-9.19061,38.74273],[-9.19025,38.74297],[-9.18998,38.74306],[-9.18935,38.74306],[-9.18892,38.74297],[-9.18872,38.74289],[-9.18847,38.74297],[-9.18809,38.74308]],[[-9.18178,38.7246],[-9.18169,38.72468],[-9.18178,38.72472],[-9.18186,38.72468],[-9.18178,38.7246]],[[-9.2026,38.72261],[-9.2025,38.72278],[-9.2026,38.72285],[-9.2027,38.72278],[-9.2026,38.72261]],[[-9.19692,38.72382],[-9.19744,38.72341],[-9.19755,38.72318],[-9.19818,38.72283],[-9.19881,38.72283],[-9.19889,38.72278],[-9.19881,38.7227],[-9.19818,38.7227],[-9.19764,38.72215],[-9.19773,38.72152],[-9.1976,38.72089],[-9.19759,38.72026],[-9.1976,38.71963],[-9.19755,38.71949],[-9.19704,38.719],[-9.19692,38.71878],[-9.19629,38.71893],[-9.19566,38.71898],[-9.19503,38.71898],[-9.19482,38.719],[-9.1944,38.71902],[-9.19397,38.71963],[-9.19391,38.72026],[-9.19377,38.72084],[-9.19374,38.72089],[-9.19377,38.72097],[-9.19383,38.72152],[-9.19392,38.72215],[-9.19397,38.72278],[-9.1944,38.72336],[-9.19447,38.72341],[-9.19474,38.72404],[-9.1944,38.72428],[-9.19415,38.72468],[-9.1944,38.72496],[-9.19488,38.72468],[-9.19503,38.72444],[-9.19566,38.72444],[-9.19629,38.72407],[-9.19633,38.72404],[-9.19692,38.72382]],[[-9.19321,38.7354],[-9.19363,38.73477],[-9.19377,38.73442],[-9.19399,38.73414],[-9.19415,38.73351],[-9.19398,38.73287],[-9.19394,38.73224],[-9.19392,38.73161],[-9.19377,38.73149],[-9.19337,38.73098],[-9.19328,38.73035],[-9.19314,38.73014],[-9.19289,38.72972],[-9.19251,38.72943],[-9.19187,38.72943],[-9.1916,38.72909],[-9.19124,38.72879],[-9.19073,38.72846],[-9.19061,38.72795],[-9.18998,38.72822],[-9.18935,38.72822],[-9.18872,38.72807],[-9.18809,38.72798],[-9.18782,38.72783],[-9.18746,38.72758],[-9.18692,38.72783],[-9.18683,38.72787],[-9.1862,38.72787],[-9.18557,38.72813],[-9.18522,38.72846],[-9.18497,38.72909],[-9.18494,38.72916],[-9.18452,38.72972],[-9.18452,38.73035],[-9.18436,38.73098],[-9.18431,38.73147],[-9.18428,38.73161],[-9.18431,38.73176],[-9.18439,38.73224],[-9.18439,38.73287],[-9.18431,38.73307],[-9.18414,38.73351],[-9.18415,38.73414],[-9.18408,38.73477],[-9.18431,38.73525],[-9.18464,38.7354],[-9.18494,38.73545],[-9.18557,38.73557],[-9.1862,38.73581],[-9.18683,38.73581],[-9.18746,38.73602],[-9.18749,38.73603],[-9.18809,38.73611],[-9.18872,38.73613],[-9.18935,38.73611],[-9.18998,38.73611],[-9.19061,38.73624],[-9.19102,38.73603],[-9.19124,38.73589],[-9.19187,38.73569],[-9.19251,38.73569],[-9.19314,38.73549],[-9.19321,38.7354]],[[-9.18178,38.72335],[-9.18171,38.72341],[-9.18178,38.72347],[-9.18182,38.72341],[-9.18178,38.72335]]],[[[-9.17484,38.69755],[-9.17508,38.69778],[-9.17508,38.69818],[-9.17484,38.69841],[-9.17421,38.69833],[-9.17407,38.69818],[-9.17421,38.69818],[-9.17484,38.69755]]],[[[-9.10168,38.73477],[-9.10186,38.73458],[-9.10231,38.73458],[-9.10251,38.73477],[-9.10233,38.7354],[-9.10231,38.73542],[-9.10168,38.73542],[-9.10166,38.73542],[-9.10168,38.7354],[-9.10168,38.73477]]],[[[-9.0979,38.74229],[-9.09792,38.74234],[-9.0979,38.74244],[-9.09727,38.74244],[-9.09727,38.74234],[-9.09732,38.74229],[-9.0979,38.74229]]],[[[-9.096,38.74549],[-9.09663,38.74486],[-9.09663,38.74423],[-9.09694,38.74393],[-9.09727,38.74393],[-9.0975,38.74423],[-9.0973,38.74486],[-9.09728,38.74549],[-9.09727,38.7455],[-9.0968,38.74612],[-9.09678,38.74675],[-9.09663,38.74704],[-9.096,38.74704],[-9.096,38.74675],[-9.096,38.74612],[-9.096,38.74549]]],[[[-9.09159,38.76315],[-9.09096,38.76252],[-9.09096,38.76189],[-9.09033,38.76126],[-9.09033,38.76063],[-9.09033,38.76],[-9.09033,38.75937],[-9.09033,38.75873],[-9.09096,38.7581],[-9.09096,38.75747],[-9.09096,38.75684],[-9.09159,38.75621],[-9.09159,38.75558],[-9.09159,38.75495],[-9.09222,38.75432],[-9.09222,38.75369],[-9.09285,38.75306],[-9.09348,38.75306],[-9.09406,38.75306],[-9.09406,38.75369],[-9.09386,38.75432],[-9.09378,38.75495],[-9.09383,38.75558],[-9.0939,38.75621],[-9.09348,38.75674],[-9.09285,38.75674],[-9.09283,38.75684],[-9.09263,38.75747],[-9.09271,38.7581],[-9.09273,38.75873],[-9.09279,38.75937],[-9.09281,38.76],[-9.09285,38.76056],[-9.09348,38.76056],[-9.09349,38.76063],[-9.09348,38.76065],[-9.09285,38.76065],[-9.09262,38.76126],[-9.09285,38.76186],[-9.09348,38.76186],[-9.09349,38.76189],[-9.09411,38.76244],[-9.09418,38.76252],[-9.09417,38.76315],[-9.09415,38.76318],[-9.09411,38.76315],[-9.09348,38.76315],[-9.09285,38.76315],[-9.09222,38.76378],[-9.09159,38.76315]]],[[[-9.09159,38.77198],[-9.09159,38.77135],[-9.09159,38.77121],[-9.09222,38.77121],[-9.09232,38.77135],[-9.09232,38.77198],[-9.09232,38.77261],[-9.09222,38.77267],[-9.09203,38.77324],[-9.09159,38.77366],[-9.09138,38.77366],[-9.09096,38.77324],[-9.09159,38.77261],[-9.09159,38.77198]]],[[[-9.09096,38.7827],[-9.09096,38.78207],[-9.09096,38.78144],[-9.09096,38.78081],[-9.09096,38.78018],[-9.09096,38.77955],[-9.09096,38.77892],[-9.09096,38.77829],[-9.09096,38.77766],[-9.09096,38.77703],[-9.09096,38.77639],[-9.09096,38.77576],[-9.09096,38.77513],[-9.09096,38.7745],[-9.09129,38.77417],[-9.09159,38.77417],[-9.09189,38.7745],[-9.09195,38.77513],[-9.0916,38.77576],[-9.09178,38.77639],[-9.09169,38.77703],[-9.09177,38.77766],[-9.09163,38.77829],[-9.09163,38.77892],[-9.09169,38.77955],[-9.09215,38.78018],[-9.09193,38.78081],[-9.0918,38.78144],[-9.09174,38.78207],[-9.09172,38.7827],[-9.09187,38.78333],[-9.0917,38.78396],[-9.09159,38.78448],[-9.09096,38.78448],[-9.09096,38.78396],[-9.09096,38.78333],[-9.09096,38.7827]]],[[[-9.0917,38.78649],[-9.09159,38.78666],[-9.09096,38.78666],[-9.09096,38.78649],[-9.09106,38.78638],[-9.09159,38.78638],[-9.0917,38.78649]]],[[[-9.09096,38.79462],[-9.09102,38.79469],[-9.09114,38.79532],[-9.09096,38.79548],[-9.09049,38.79548],[-9.09033,38.79532],[-9.09033,38.79469],[-9.09033,38.79462],[-9.09096,38.79462]]]]},"properties":{"class":0,"label":"< −5","fill":"#053061"}},{"type":"Feature","geometry":{"type":"MultiPolygon","coordinates":[[[[-9.21206,38.69276],[-9.21262,38.69251],[-9.21262,38.69188],[-9.21269,38.69188],[-9.21332,38.69188],[-9.21395,38.69188],[-9.21417,38.69188],[-9.21458,38.69228],[-9.21521,38.69219],[-9.21584,38.69225],[-9.21647,38.69225],[-9.21694,38.69188],[-9.21694,38.69172],[-9.2171,38.69188],[-9.21773,38.69188],[-9.21788,38.69203],[-9.21788,38.69251],[-9.21773,38.69262],[-9.2171,38.69261],[-9.21679,38.69251],[-9.21647,38.69244],[-9.21584,38.69244],[-9.21534,38.69251],[-9.21521,38.69257],[-9.21458,38.6927],[-9.21395,38.69267],[-9.21332,38.69273],[-9.21269,38.69273],[-9.21206,38.69308],[-9.21143,38.69307],[-9.21096,38.69251],[-9.21122,38.69251],[-9.21143,38.69275],[-9.21206,38.69276]]],[[[-9.22215,38.69293],[-9.22152,38.69293],[-9.22123,38.69251],[-9.22152,38.69251],[-9.22215,38.69188],[-9.22221,38.69188],[-9.22221,38.69251],[-9.22278,38.69282],[-9.22341,38.69285],[-9.2237,38.69285],[-9.22355,38.693],[-9.22341,38.693],[-9.22278,38.69302],[-9.22215,38.69293]]],[[[-9.20512,38.69441],[-9.20513,38.6944],[-9.20513,38.69377],[-9.20513,38.69314],[-9.20547,38.69314],[-9.20547,38.69377],[-9.20547,38.6944],[-9.20512,38.69469],[-9.20449,38.69478],[-9.20386,38.69478],[-9.20323,38.69483],[-9.2026,38.69468],[-9.20197,38.69452],[-9.20134,38.69452],[-9.20116,38.6944],[-9.20134,38.6944],[-9.20197,38.69377],[-9.20239,38.69377],[-9.20239,38.6944],[-9.2026,38.69445],[-9.20323,38.69458],[-9.20386,38.69441],[-9.20449,38.69441],[-9.20512,38.69441]]],[[[-9.22393,38.69366],[-9.22404,38.69377],[-9.22414,38.69387],[-9.22414,38.6944],[-9.22404,38.69445],[-9.22393,38.6944],[-9.22393,38.69377],[-9.22393,38.69366]]],[[[-9.19818,38.6944],[-9.19881,38.6944],[-9.19944,38.6944],[-9.19962,38.6944],[-9.19962,38.69503],[-9.19944,38.69516],[-9.19881,38.69516],[-9.19818,38.69516],[-9.19755,38.69516],[-9.19742,38.69503],[-9.19755,38.69503],[-9.19818,38.6944]]],[[[-9.22948,38.69566],[-9.22909,38.69536],[-9.22846,38.69536],[-9.22826,38.69523],[-9.22838,38.69511],[-9.22846,38.69516],[-9.22909,38.69516],[-9.22962,38.69503],[-9.22962,38.6944],[-9.22972,38.6944],[-9.23004,38.69473],[-9.23003,38.69475],[-9.22961,38.6952],[-9.22984,38.69533],[-9.22961,38.69573],[-9.22948,38.69566]]],[[[-9.19058,38.69629],[-9.19061,38.69629],[-9.19124,38.69566],[-9.1913,38.69566],[-9.1913,38.69629],[-9.19124,38.69631],[-9.19061,38.69632],[-9.19058,38.69629]]],[[[-9.22341,38.70175],[-9.22373,38.70197],[-9.22341,38.70226],[-9.22319,38.70197],[-9.22341,38.70175]]],[[[-9.22406,38.70323],[-9.22404,38.70336],[-9.22357,38.70323],[-9.22404,38.70313],[-9.22406,38.70323]]],[[[-9.21452,38.70449],[-9.21458,38.70446],[-9.21464,38.70449],[-9.21458,38.70451],[-9.21452,38.70449]]],[[[-9.21773,38.70922],[-9.21792,38.70891],[-9.21773,38.70854],[-9.21755,38.70828],[-9.21734,38.70765],[-9.2171,38.70731],[-9.21668,38.70765],[-9.21647,38.70773],[-9.21584,38.70773],[-9.21579,38.70765],[-9.21549,38.70701],[-9.21549,38.70638],[-9.21566,38.70575],[-9.21521,38.70529],[-9.215,38.70512],[-9.21521,38.70474],[-9.21565,38.70449],[-9.21545,38.70386],[-9.21521,38.70348],[-9.21501,38.70323],[-9.21505,38.7026],[-9.21468,38.70197],[-9.21458,38.7019],[-9.21421,38.70134],[-9.21458,38.70093],[-9.21521,38.7011],[-9.21559,38.70134],[-9.21565,38.70197],[-9.21584,38.70222],[-9.21647,38.70222],[-9.2171,38.70241],[-9.21773,38.70247],[-9.21802,38.7026],[-9.21837,38.70292],[-9.219,38.70292],[-9.21963,38.70297],[-9.21992,38.7026],[-9.22026,38.70234],[-9.22089,38.70241],[-9.2212,38.7026],[-9.22108,38.70323],[-9.22113,38.70386],[-9.22152,38.70418],[-9.22215,38.70418],[-9.22278,38.70436],[-9.22294,38.70449],[-9.22278,38.70461],[-9.22243,38.70512],[-9.22237,38.70575],[-9.22215,38.70599],[-9.22152,38.70599],[-9.2211,38.70638],[-9.2211,38.70701],[-9.22118,38.70765],[-9.22124,38.70828],[-9.22105,38.70891],[-9.22106,38.70954],[-9.22132,38.71017],[-9.22128,38.7108],[-9.22152,38.71118],[-9.22215,38.71118],[-9.22228,38.71143],[-9.22215,38.71164],[-9.22152,38.71164],[-9.22121,38.71206],[-9.22093,38.71269],[-9.22092,38.71332],[-9.22089,38.71339],[-9.22064,38.71395],[-9.22038,38.71458],[-9.22026,38.71481],[-9.21977,38.71521],[-9.21963,38.71531],[-9.219,38.71524],[-9.21837,38.71524],[-9.21831,38.71521],[-9.21773,38.71498],[-9.21712,38.71458],[-9.21723,38.71395],[-9.21727,38.71332],[-9.2172,38.71269],[-9.21755,38.71206],[-9.21773,38.71196],[-9.21797,38.71143],[-9.21785,38.7108],[-9.21773,38.7103],[-9.21771,38.71017],[-9.21752,38.70954],[-9.21773,38.70922]],[[-9.219,38.70904],[-9.21837,38.70904],[-9.21813,38.70954],[-9.21818,38.71017],[-9.21835,38.7108],[-9.21837,38.71084],[-9.219,38.71084],[-9.21925,38.71143],[-9.21933,38.71206],[-9.219,38.71232],[-9.21837,38.71232],[-9.21773,38.71262],[-9.21768,38.71269],[-9.21768,38.71332],[-9.21762,38.71395],[-9.21769,38.71458],[-9.21773,38.71461],[-9.21837,38.71463],[-9.219,38.71463],[-9.21963,38.71471],[-9.21981,38.71458],[-9.22026,38.71426],[-9.22037,38.71395],[-9.22052,38.71332],[-9.22052,38.71269],[-9.22052,38.71206],[-9.22065,38.71143],[-9.22082,38.7108],[-9.22073,38.71017],[-9.22062,38.70954],[-9.22057,38.70891],[-9.22026,38.70855],[-9.21972,38.70828],[-9.21963,38.70817],[-9.21957,38.70828],[-9.21909,38.70891],[-9.219,38.70904]],[[-9.21742,38.70701],[-9.21773,38.70723],[-9.21784,38.70701],[-9.21784,38.70638],[-9.21773,38.70629],[-9.21742,38.70638],[-9.21742,38.70701]],[[-9.21772,38.70575],[-9.21773,38.70576],[-9.21777,38.70575],[-9.21837,38.70521],[-9.219,38.70521],[-9.21937,38.70575],[-9.21963,38.7062],[-9.21976,38.70638],[-9.21976,38.70701],[-9.22026,38.70742],[-9.22053,38.70701],[-9.22053,38.70638],[-9.22089,38.70605],[-9.22125,38.70575],[-9.22123,38.70512],[-9.22089,38.70468],[-9.22066,38.70449],[-9.2203,38.70386],[-9.22026,38.70379],[-9.21963,38.7037],[-9.21927,38.70386],[-9.21937,38.70449],[-9.219,38.70498],[-9.21837,38.70498],[-9.21773,38.70491],[-9.21765,38.70512],[-9.21772,38.70575]],[[-9.21783,38.70386],[-9.218,38.70323],[-9.21773,38.70293],[-9.2171,38.70307],[-9.21696,38.70323],[-9.2171,38.7033],[-9.21759,38.70386],[-9.21773,38.70395],[-9.21783,38.70386]]],[[[-9.21126,38.71458],[-9.21143,38.71416],[-9.21206,38.71395],[-9.21269,38.71449],[-9.21332,38.71449],[-9.21333,38.71458],[-9.21332,38.71467],[-9.21269,38.71467],[-9.21206,38.71521],[-9.21156,38.71584],[-9.21143,38.71593],[-9.21125,38.71584],[-9.21122,38.71521],[-9.21126,38.71458]]],[[[-9.18874,38.71521],[-9.18872,38.71523],[-9.18869,38.71521],[-9.18872,38.71519],[-9.18874,38.71521]]],[[[-9.21083,38.71648],[-9.2108,38.71651],[-9.21071,38.71648],[-9.2108,38.7164],[-9.21083,38.71648]]],[[[-9.19503,38.71898],[-9.19566,38.71898],[-9.19629,38.71893],[-9.19692,38.71878],[-9.19704,38.719],[-9.19755,38.71949],[-9.1976,38.71963],[-9.19759,38.72026],[-9.1976,38.72089],[-9.19773,38.72152],[-9.19764,38.72215],[-9.19818,38.7227],[-9.19881,38.7227],[-9.19889,38.72278],[-9.19881,38.72283],[-9.19818,38.72283],[-9.19755,38.72318],[-9.19744,38.72341],[-9.19692,38.72382],[-9.19633,38.72404],[-9.19629,38.72407],[-9.19566,38.72444],[-9.19503,38.72444],[-9.19488,38.72468],[-9.1944,38.72496],[-9.19415,38.72468],[-9.1944,38.72428],[-9.19474,38.72404],[-9.19447,38.72341],[-9.1944,38.72336],[-9.19397,38.72278],[-9.19392,38.72215],[-9.19383,38.72152],[-9.19377,38.72097],[-9.19374,38.72089],[-9.19377,38.72084],[-9.19391,38.72026],[-9.19397,38.71963],[-9.1944,38.71902],[-9.19482,38.719],[-9.19503,38.71898]],[[-9.19406,38.72152],[-9.19412,38.72215],[-9.1943,38.72278],[-9.1944,38.72292],[-9.19503,38.72329],[-9.19566,38.72329],[-9.19575,38.72341],[-9.19629,38.7237],[-9.19669,38.72341],[-9.19678,38.72278],[-9.19692,38.72246],[-9.1971,38.72215],[-9.19715,38.72152],[-9.19718,38.72089],[-9.19692,38.72057],[-9.19647,38.72026],[-9.19647,38.71963],[-9.19629,38.7195],[-9.19566,38.7194],[-9.19503,38.7194],[-9.1944,38.71945],[-9.19427,38.71963],[-9.19426,38.72026],[-9.19423,38.72089],[-9.19406,38.72152]]],[[[-9.2026,38.72285],[-9.2025,38.72278],[-9.2026,38.72261],[-9.2027,38.72278],[-9.2026,38.72285]]],[[[-9.18169,38.72468],[-9.18178,38.7246],[-9.18186,38.72468],[-9.18178,38.72472],[-9.18169,38.72468]]],[[[-9.18179,38.74044],[-9.18178,38.74039],[-9.18121,38.73981],[-9.18115,38.7398],[-9.18052,38.7398],[-9.17989,38.7395],[-9.17956,38.73918],[-9.17941,38.73855],[-9.17926,38.73848],[-9.17863,38.73808],[-9.17829,38.73792],[-9.178,38.73776],[-9.17737,38.73776],[-9.17674,38.73732],[-9.1766,38.73729],[-9.17611,38.73713],[-9.17548,38.73669],[-9.17484,38.73669],[-9.17483,38.73666],[-9.17467,38.73603],[-9.17423,38.7354],[-9.17428,38.73477],[-9.17447,38.73414],[-9.17468,38.73351],[-9.17484,38.73325],[-9.17548,38.73325],[-9.17611,38.73294],[-9.17615,38.73287],[-9.17615,38.73224],[-9.17611,38.73218],[-9.17574,38.73161],[-9.17565,38.73098],[-9.17548,38.73035],[-9.17567,38.72972],[-9.17548,38.72938],[-9.17484,38.72938],[-9.17433,38.72909],[-9.17428,38.72846],[-9.17432,38.72783],[-9.17421,38.7272],[-9.17453,38.72657],[-9.17467,38.72594],[-9.17484,38.72563],[-9.17548,38.72563],[-9.17611,38.72568],[-9.17625,38.72531],[-9.17674,38.72496],[-9.17737,38.7249],[-9.178,38.7249],[-9.1782,38.72468],[-9.17863,38.72409],[-9.17867,38.72404],[-9.17873,38.72341],[-9.17908,38.72278],[-9.17908,38.72215],[-9.17926,38.72196],[-9.17942,38.72152],[-9.17926,38.72138],[-9.17863,38.72148],[-9.17804,38.72089],[-9.178,38.72068],[-9.17737,38.72068],[-9.17724,38.72026],[-9.17722,38.71963],[-9.1771,38.719],[-9.17698,38.71837],[-9.17693,38.71774],[-9.17737,38.71733],[-9.178,38.71733],[-9.17809,38.71711],[-9.17834,38.71648],[-9.17863,38.71603],[-9.17905,38.71584],[-9.17926,38.71578],[-9.17989,38.71572],[-9.18052,38.71571],[-9.18115,38.71571],[-9.18178,38.7157],[-9.18241,38.71579],[-9.18304,38.71539],[-9.18331,38.71521],[-9.18368,38.71481],[-9.18431,38.71481],[-9.18494,38.71475],[-9.18557,38.71472],[-9.1862,38.71461],[-9.18683,38.71461],[-9.18686,38.71458],[-9.18746,38.71416],[-9.18757,38.71395],[-9.18757,38.71332],[-9.18746,38.7132],[-9.18708,38.71269],[-9.18714,38.71206],[-9.18746,38.71196],[-9.18809,38.71174],[-9.18872,38.71144],[-9.18873,38.71143],[-9.18935,38.711],[-9.18998,38.711],[-9.19039,38.71143],[-9.19061,38.71179],[-9.19121,38.71206],[-9.19061,38.71265],[-9.19057,38.71269],[-9.18998,38.71298],[-9.18935,38.71298],[-9.18908,38.71332],[-9.18908,38.71395],[-9.18872,38.71428],[-9.18841,38.71458],[-9.18809,38.71489],[-9.18755,38.71521],[-9.18746,38.71527],[-9.18686,38.71584],[-9.18683,38.71598],[-9.1862,38.71598],[-9.18595,38.71648],[-9.18562,38.71711],[-9.18557,38.7173],[-9.18543,38.71774],[-9.18557,38.71797],[-9.1862,38.7182],[-9.18683,38.7182],[-9.18715,38.71837],[-9.18746,38.71853],[-9.18809,38.71866],[-9.18872,38.71859],[-9.18921,38.71837],[-9.18935,38.71825],[-9.18998,38.71825],[-9.19061,38.71806],[-9.19124,38.71812],[-9.19187,38.71802],[-9.19251,38.71809],[-9.19314,38.71809],[-9.19353,38.71774],[-9.19377,38.71726],[-9.19396,38.71711],[-9.1944,38.7169],[-9.19466,38.71711],[-9.19503,38.71726],[-9.19566,38.71726],[-9.19629,38.71751],[-9.19686,38.71711],[-9.19692,38.71707],[-9.19717,38.71711],[-9.19755,38.71745],[-9.19818,38.71741],[-9.19881,38.71741],[-9.19899,38.71711],[-9.199,38.71648],[-9.19944,38.71602],[-9.19961,38.71584],[-9.19971,38.71521],[-9.20007,38.71482],[-9.20047,38.71458],[-9.2007,38.71445],[-9.20134,38.71445],[-9.20197,38.71437],[-9.20224,38.71458],[-9.2026,38.715],[-9.20289,38.71521],[-9.20315,38.71584],[-9.20323,38.71598],[-9.20381,38.71648],[-9.20386,38.71649],[-9.20449,38.71649],[-9.20512,38.7165],[-9.20575,38.71662],[-9.20638,38.71658],[-9.20701,38.71655],[-9.20764,38.71655],[-9.20827,38.71676],[-9.2089,38.71659],[-9.20953,38.71697],[-9.21017,38.71697],[-9.21022,38.71711],[-9.21017,38.71719],[-9.20953,38.71719],[-9.20923,38.71774],[-9.2089,38.7183],[-9.20887,38.71837],[-9.20827,38.71899],[-9.20827,38.719],[-9.2077,38.71963],[-9.2077,38.72026],[-9.20764,38.72036],[-9.20701,38.72036],[-9.20672,38.72089],[-9.20701,38.72121],[-9.20764,38.72121],[-9.20827,38.72131],[-9.2089,38.72148],[-9.20894,38.72152],[-9.2089,38.72161],[-9.20855,38.72215],[-9.20873,38.72278],[-9.20827,38.72317],[-9.20797,38.72341],[-9.20764,38.72389],[-9.20701,38.72389],[-9.20692,38.72404],[-9.20664,38.72468],[-9.20701,38.72525],[-9.20708,38.72531],[-9.20708,38.72594],[-9.20708,38.72657],[-9.20764,38.72718],[-9.20766,38.7272],[-9.20764,38.72725],[-9.20748,38.72783],[-9.20764,38.72841],[-9.20766,38.72846],[-9.20764,38.72848],[-9.20759,38.72846],[-9.20701,38.72831],[-9.20638,38.72831],[-9.20626,38.72846],[-9.20575,38.72879],[-9.20533,38.72909],[-9.20512,38.72932],[-9.20493,38.72972],[-9.20456,38.73035],[-9.20449,38.73044],[-9.20386,38.73044],[-9.20333,38.73098],[-9.20323,38.73152],[-9.2032,38.73161],[-9.20286,38.73224],[-9.20274,38.73287],[-9.2026,38.73351],[-9.20197,38.73408],[-9.20194,38.73414],[-9.20143,38.73477],[-9.20134,38.73483],[-9.2007,38.73483],[-9.20037,38.7354],[-9.20007,38.7358],[-9.19982,38.73603],[-9.19965,38.73666],[-9.19964,38.73729],[-9.19964,38.73792],[-9.19944,38.73835],[-9.1994,38.73855],[-9.19938,38.73918],[-9.19937,38.73981],[-9.19921,38.74044],[-9.19898,38.74107],[-9.19881,38.74122],[-9.19819,38.7417],[-9.19818,38.74171],[-9.19755,38.74171],[-9.19692,38.74188],[-9.19629,38.74228],[-9.19566,38.74213],[-9.19503,38.74213],[-9.1944,38.74223],[-9.19386,38.74234],[-9.19377,38.74235],[-9.19314,38.74273],[-9.19251,38.7429],[-9.19187,38.7429],[-9.19179,38.74297],[-9.19124,38.74313],[-9.19061,38.74324],[-9.18998,38.7433],[-9.18935,38.7433],[-9.18872,38.74349],[-9.18809,38.74348],[-9.18746,38.74348],[-9.18683,38.74338],[-9.1862,38.74338],[-9.18557,38.74322],[-9.18494,38.74299],[-9.1849,38.74297],[-9.18431,38.74275],[-9.18372,38.74234],[-9.18368,38.7423],[-9.18304,38.7423],[-9.18261,38.7417],[-9.18241,38.74133],[-9.18215,38.74107],[-9.18179,38.74044]],[[-9.19911,38.73981],[-9.19907,38.73918],[-9.19919,38.73855],[-9.1993,38.73792],[-9.19924,38.73729],[-9.19928,38.73666],[-9.19941,38.73603],[-9.19944,38.7355],[-9.20007,38.73542],[-9.20009,38.7354],[-9.20035,38.73477],[-9.2007,38.73445],[-9.20134,38.73445],[-9.20161,38.73414],[-9.20194,38.73351],[-9.20197,38.73347],[-9.20231,38.73287],[-9.20246,38.73224],[-9.2026,38.73193],[-9.20269,38.73161],[-9.20292,38.73098],[-9.20323,38.73053],[-9.20339,38.73035],[-9.20386,38.73001],[-9.20449,38.73001],[-9.20466,38.72972],[-9.20488,38.72909],[-9.20512,38.72875],[-9.20566,38.72846],[-9.20575,38.72831],[-9.20604,38.72783],[-9.20575,38.72756],[-9.2055,38.7272],[-9.20512,38.72663],[-9.20507,38.72657],[-9.20506,38.72594],[-9.20482,38.72531],[-9.20483,38.72468],[-9.20512,38.72417],[-9.20557,38.72404],[-9.20575,38.724],[-9.20611,38.72341],[-9.20638,38.72315],[-9.20701,38.72284],[-9.20764,38.72284],[-9.20773,38.72278],[-9.20792,38.72215],[-9.20764,38.72177],[-9.20701,38.72177],[-9.20677,38.72152],[-9.20638,38.72104],[-9.20626,38.72089],[-9.20638,38.72026],[-9.20638,38.71963],[-9.20701,38.71927],[-9.20764,38.71927],[-9.20789,38.719],[-9.20827,38.71855],[-9.20844,38.71837],[-9.20861,38.71774],[-9.2089,38.71758],[-9.20922,38.71711],[-9.2089,38.71686],[-9.20827,38.71704],[-9.20764,38.71687],[-9.20701,38.71687],[-9.20638,38.71686],[-9.20575,38.71691],[-9.20512,38.71681],[-9.20449,38.71675],[-9.20386,38.71675],[-9.20323,38.71681],[-9.20306,38.71648],[-9.20278,38.71584],[-9.2026,38.71559],[-9.20222,38.71521],[-9.20197,38.71492],[-9.20134,38.71503],[-9.2007,38.71503],[-9.20007,38.71519],[-9.20005,38.71521],[-9.19982,38.71584],[-9.19944,38.71625],[-9.19922,38.71648],[-9.19922,38.71711],[-9.19906,38.71774],[-9.19881,38.71785],[-9.19818,38.71785],[-9.19755,38.71812],[-9.19692,38.7182],[-9.19629,38.71793],[-9.19603,38.71774],[-9.19566,38.71757],[-9.19503,38.71757],[-9.1944,38.71749],[-9.19412,38.71774],[-9.19377,38.71806],[-9.1934,38.71837],[-9.19314,38.71858],[-9.19251,38.71858],[-9.19187,38.71861],[-9.19124,38.71867],[-9.19091,38.71837],[-9.19061,38.71828],[-9.19037,38.71837],[-9.18998,38.71868],[-9.18935,38.71868],[-9.18872,38.71876],[-9.18809,38.71889],[-9.18746,38.71873],[-9.18683,38.71845],[-9.1862,38.71845],[-9.18557,38.71844],[-9.18548,38.71837],[-9.18514,38.71774],[-9.18524,38.71711],[-9.18522,38.71648],[-9.18506,38.71584],[-9.18494,38.71576],[-9.18431,38.71556],[-9.18368,38.71556],[-9.18332,38.71584],[-9.18304,38.71613],[-9.18241,38.71621],[-9.18178,38.71616],[-9.18115,38.71616],[-9.18052,38.71616],[-9.17989,38.71628],[-9.17926,38.71637],[-9.1791,38.71648],[-9.17863,38.71689],[-9.17851,38.71711],[-9.17863,38.71753],[-9.17868,38.71774],[-9.17863,38.71783],[-9.17812,38.71837],[-9.17833,38.719],[-9.17863,38.7194],[-9.17881,38.71963],[-9.17887,38.72026],[-9.17863,38.72071],[-9.17856,38.72089],[-9.17863,38.72096],[-9.17926,38.72095],[-9.17975,38.72089],[-9.17989,38.72087],[-9.17991,38.72089],[-9.17997,38.72152],[-9.18047,38.72215],[-9.18052,38.72229],[-9.18115,38.72229],[-9.18134,38.72278],[-9.18115,38.72298],[-9.18052,38.72298],[-9.18007,38.72341],[-9.18052,38.72397],[-9.18115,38.72397],[-9.1812,38.72404],[-9.18115,38.72411],[-9.18052,38.72411],[-9.18003,38.72468],[-9.17989,38.72473],[-9.17926,38.72494],[-9.17863,38.72509],[-9.17843,38.72531],[-9.178,38.7254],[-9.17737,38.7254],[-9.17674,38.72539],[-9.17638,38.72594],[-9.17638,38.72657],[-9.17611,38.72684],[-9.17548,38.72715],[-9.17484,38.72715],[-9.17481,38.7272],[-9.17464,38.72783],[-9.17481,38.72846],[-9.17484,38.72859],[-9.17548,38.72859],[-9.17564,38.72909],[-9.1759,38.72972],[-9.17599,38.73035],[-9.17611,38.7307],[-9.17621,38.73098],[-9.17611,38.73122],[-9.17602,38.73161],[-9.17611,38.73174],[-9.17645,38.73224],[-9.17646,38.73287],[-9.17611,38.73338],[-9.17583,38.73351],[-9.17574,38.73414],[-9.17548,38.73449],[-9.17484,38.73449],[-9.17466,38.73477],[-9.17453,38.7354],[-9.17484,38.73575],[-9.17548,38.73575],[-9.17584,38.73603],[-9.17611,38.73658],[-9.1762,38.73666],[-9.17674,38.73687],[-9.17723,38.73729],[-9.17737,38.73739],[-9.178,38.73739],[-9.17863,38.7377],[-9.17908,38.73792],[-9.17926,38.73801],[-9.17989,38.73833],[-9.18052,38.73854],[-9.18115,38.73854],[-9.18117,38.73855],[-9.18117,38.73918],[-9.18178,38.73951],[-9.18217,38.73981],[-9.18235,38.74044],[-9.18241,38.74056],[-9.18267,38.74107],[-9.18289,38.7417],[-9.18304,38.74192],[-9.18368,38.74192],[-9.18424,38.74234],[-9.18431,38.74238],[-9.18494,38.74257],[-9.18557,38.74279],[-9.18577,38.74297],[-9.1862,38.7431],[-9.18683,38.7431],[-9.18746,38.74308],[-9.18809,38.74308],[-9.18847,38.74297],[-9.18872,38.74289],[-9.18892,38.74297],[-9.18935,38.74306],[-9.18998,38.74306],[-9.19025,38.74297],[-9.19061,38.74273],[-9.19124,38.74294],[-9.19187,38.74245],[-9.19251,38.74245],[-9.19314,38.74243],[-9.19329,38.74234],[-9.19377,38.74198],[-9.1944,38.74194],[-9.19503,38.74172],[-9.19566,38.74172],[-9.19629,38.74173],[-9.19635,38.7417],[-9.19692,38.74152],[-9.19729,38.74107],[-9.19755,38.74075],[-9.19818,38.74075],[-9.19881,38.74078],[-9.19892,38.74044],[-9.19911,38.73981]],[[-9.18872,38.71255],[-9.18892,38.71206],[-9.18872,38.71198],[-9.18858,38.71206],[-9.18872,38.71255]]],[[[-9.18431,38.73176],[-9.18428,38.73161],[-9.18431,38.73147],[-9.18436,38.73098],[-9.18452,38.73035],[-9.18452,38.72972],[-9.18494,38.72916],[-9.18497,38.72909],[-9.18522,38.72846],[-9.18557,38.72813],[-9.1862,38.72787],[-9.18683,38.72787],[-9.18692,38.72783],[-9.18746,38.72758],[-9.18782,38.72783],[-9.18809,38.72798],[-9.18872,38.72807],[-9.18935,38.72822],[-9.18998,38.72822],[-9.19061,38.72795],[-9.19073,38.72846],[-9.19124,38.72879],[-9.1916,38.72909],[-9.19187,38.72943],[-9.19251,38.72943],[-9.19289,38.72972],[-9.19314,38.73014],[-9.19328,38.73035],[-9.19337,38.73098],[-9.19377,38.73149],[-9.19392,38.73161],[-9.19394,38.73224],[-9.19398,38.73287],[-9.19415,38.73351],[-9.19399,38.73414],[-9.19377,38.73442],[-9.19363,38.73477],[-9.19321,38.7354],[-9.19314,38.73549],[-9.19251,38.73569],[-9.19187,38.73569],[-9.19124,38.73589],[-9.19102,38.73603],[-9.19061,38.73624],[-9.18998,38.73611],[-9.18935,38.73611],[-9.18872,38.73613],[-9.18809,38.73611],[-9.18749,38.73603],[-9.18746,38.73602],[-9.18683,38.73581],[-9.1862,38.73581],[-9.18557,38.73557],[-9.18494,38.73545],[-9.18464,38.7354],[-9.18431,38.73525],[-9.18408,38.73477],[-9.18415,38.73414],[-9.18414,38.73351],[-9.18431,38.73307],[-9.18439,38.73287],[-9.18439,38.73224],[-9.18431,38.73176]],[[-9.19124,38.72897],[-9.19061,38.72876],[-9.18998,38.72861],[-9.18935,38.72861],[-9.18872,38.72855],[-9.18847,38.72846],[-9.18809,38.72831],[-9.18746,38.72813],[-9.18683,38.72829],[-9.1862,38.72829],[-9.18571,38.72846],[-9.18557,38.72851],[-9.18523,38.72909],[-9.18497,38.72972],[-9.18494,38.72976],[-9.1847,38.73035],[-9.18456,38.73098],[-9.18455,38.73161],[-9.18472,38.73224],[-9.18472,38.73287],[-9.18462,38.73351],[-9.18451,38.73414],[-9.18494,38.73457],[-9.18506,38.73477],[-9.18557,38.73526],[-9.1862,38.73518],[-9.18683,38.73518],[-9.18715,38.7354],[-9.18746,38.73559],[-9.18809,38.73576],[-9.18872,38.7356],[-9.18935,38.73577],[-9.18998,38.73577],[-9.19058,38.73603],[-9.19061,38.73604],[-9.19063,38.73603],[-9.19124,38.73566],[-9.19172,38.7354],[-9.19187,38.73521],[-9.19251,38.73521],[-9.19314,38.73515],[-9.19339,38.73477],[-9.19365,38.73414],[-9.19362,38.73351],[-9.19363,38.73287],[-9.1936,38.73224],[-9.19358,38.73161],[-9.19314,38.73109],[-9.19299,38.73098],[-9.19257,38.73035],[-9.19253,38.72972],[-9.19251,38.7297],[-9.19187,38.7297],[-9.19138,38.72909],[-9.19124,38.72897]]],[[[-9.20009,38.73918],[-9.20007,38.73922],[-9.19991,38.73918],[-9.19991,38.73855],[-9.20007,38.73851],[-9.20009,38.73855],[-9.20009,38.73918]]],[[[-9.17508,38.69818],[-9.17508,38.69778],[-9.17533,38.69803],[-9.17533,38.69818],[-9.17484,38.69867],[-9.17421,38.69849],[-9.17391,38.69818],[-9.17407,38.69818],[-9.17421,38.69833],[-9.17484,38.69841],[-9.17508,38.69818]]],[[[-9.17677,38.69882],[-9.17679,38.69945],[-9.17674,38.69947],[-9.1766,38.69945],[-9.1766,38.69882],[-9.17674,38.69882],[-9.17677,38.69882]]],[[[-9.14965,38.71837],[-9.14962,38.71858],[-9.14898,38.71837],[-9.14962,38.71833],[-9.14965,38.71837]]],[[[-9.18182,38.72341],[-9.18178,38.72347],[-9.18171,38.72341],[-9.18178,38.72335],[-9.18182,38.72341]]],[[[-9.10546,38.72764],[-9.10561,38.72783],[-9.10546,38.72812],[-9.10483,38.72812],[-9.10483,38.72783],[-9.10503,38.72764],[-9.10546,38.72764]]],[[[-9.1534,38.72944],[-9.15392,38.72909],[-9.15403,38.72877],[-9.15466,38.72877],[-9.15529,38.72902],[-9.15538,38.72909],[-9.15529,38.72917],[-9.15493,38.72972],[-9.15466,38.73001],[-9.15403,38.73001],[-9.1534,38.72992],[-9.15329,38.72972],[-9.1534,38.72944]]],[[[-9.10145,38.73563],[-9.10166,38.73542],[-9.10168,38.73542],[-9.10231,38.73542],[-9.10233,38.7354],[-9.10251,38.73477],[-9.10231,38.73458],[-9.10186,38.73458],[-9.10197,38.73448],[-9.10231,38.73448],[-9.10262,38.73477],[-9.1025,38.7354],[-9.10231,38.73563],[-9.10168,38.73563],[-9.10145,38.73563]]],[[[-9.09979,38.73867],[-9.09979,38.73855],[-9.09984,38.7385],[-9.10042,38.7385],[-9.10047,38.73855],[-9.10042,38.73867],[-9.09979,38.73867]]],[[[-9.09929,38.73968],[-9.09979,38.73968],[-9.09991,38.73981],[-9.09991,38.74044],[-9.09981,38.74107],[-9.09979,38.7411],[-9.09916,38.7411],[-9.09853,38.74123],[-9.09838,38.74123],[-9.09853,38.74107],[-9.09853,38.74044],[-9.09916,38.73981],[-9.09929,38.73968]]],[[[-9.0979,38.74244],[-9.09792,38.74234],[-9.0979,38.74229],[-9.09732,38.74229],[-9.09774,38.74186],[-9.0979,38.74186],[-9.09813,38.74234],[-9.09799,38.74297],[-9.0979,38.74317],[-9.09727,38.74317],[-9.09727,38.74297],[-9.09727,38.74244],[-9.0979,38.74244]]],[[[-9.17106,38.74413],[-9.17049,38.7436],[-9.17106,38.74319],[-9.17156,38.7436],[-9.17106,38.74413]]],[[[-9.09757,38.74486],[-9.09747,38.74549],[-9.09727,38.74575],[-9.09699,38.74612],[-9.09698,38.74675],[-9.09668,38.74738],[-9.09663,38.74741],[-9.096,38.74741],[-9.096,38.74738],[-9.096,38.74704],[-9.09663,38.74704],[-9.09678,38.74675],[-9.0968,38.74612],[-9.09727,38.7455],[-9.09728,38.74549],[-9.0973,38.74486],[-9.0975,38.74423],[-9.09727,38.74393],[-9.09694,38.74393],[-9.09712,38.74374],[-9.09727,38.74374],[-9.09764,38.74423],[-9.09757,38.74486]]],[[[-9.09285,38.75674],[-9.09348,38.75674],[-9.0939,38.75621],[-9.09383,38.75558],[-9.09378,38.75495],[-9.09386,38.75432],[-9.09406,38.75369],[-9.09406,38.75306],[-9.09411,38.75306],[-9.09424,38.75293],[-9.09424,38.75306],[-9.09437,38.75369],[-9.09411,38.75427],[-9.09409,38.75432],[-9.09407,38.75495],[-9.09411,38.75558],[-9.09444,38.75621],[-9.09411,38.75665],[-9.09393,38.75684],[-9.09411,38.75725],[-9.09422,38.75747],[-9.09411,38.75762],[-9.09377,38.7581],[-9.09385,38.75873],[-9.09385,38.75937],[-9.09388,38.76],[-9.09387,38.76063],[-9.09372,38.76126],[-9.09402,38.76189],[-9.09411,38.76197],[-9.09457,38.76252],[-9.09453,38.76315],[-9.09433,38.76337],[-9.09415,38.76318],[-9.09417,38.76315],[-9.09418,38.76252],[-9.09411,38.76244],[-9.09349,38.76189],[-9.09348,38.76186],[-9.09285,38.76186],[-9.09262,38.76126],[-9.09285,38.76065],[-9.09348,38.76065],[-9.09349,38.76063],[-9.09348,38.76056],[-9.09285,38.76056],[-9.09281,38.76],[-9.09279,38.75937],[-9.09273,38.75873],[-9.09271,38.7581],[-9.09263,38.75747],[-9.09283,38.75684],[-9.09285,38.75674]]],[[[-9.15361,38.76946],[-9.1534,38.76951],[-9.15319,38.76946],[-9.1534,38.76936],[-9.15361,38.76946]]],[[[-9.15529,38.76971],[-9.15492,38.76946],[-9.15529,38.76924],[-9.15586,38.76946],[-9.15529,38.76971]]],[[[-9.09348,38.7707],[-9.09357,38.77072],[-9.0938,38.77135],[-9.0938,38.77198],[-9.09401,38.77261],[-9.09348,38.773],[-9.09285,38.773],[-9.09237,38.77324],[-9.09222,38.77369],[-9.09159,38.77386],[-9.09158,38.77386],[-9.09138,38.77366],[-9.09159,38.77366],[-9.09203,38.77324],[-9.09222,38.77267],[-9.09232,38.77261],[-9.09232,38.77198],[-9.09232,38.77135],[-9.09222,38.77121],[-9.09159,38.77121],[-9.09159,38.77072],[-9.09159,38.77052],[-9.09222,38.77052],[-9.09285,38.7707],[-9.09348,38.7707]]],[[[-9.09169,38.77703],[-9.09178,38.77639],[-9.0916,38.77576],[-9.09195,38.77513],[-9.09189,38.7745],[-9.09159,38.77417],[-9.09129,38.77417],[-9.09158,38.77388],[-9.09159,38.77388],[-9.09214,38.7745],[-9.09216,38.77513],[-9.09199,38.77576],[-9.092,38.77639],[-9.09198,38.77703],[-9.09207,38.77766],[-9.09207,38.77829],[-9.09207,38.77892],[-9.09222,38.77923],[-9.09243,38.77955],[-9.09274,38.78018],[-9.09283,38.78081],[-9.09222,38.78136],[-9.09219,38.78144],[-9.0921,38.78207],[-9.09206,38.7827],[-9.09222,38.78318],[-9.09234,38.78333],[-9.09222,38.78339],[-9.09191,38.78396],[-9.09183,38.78459],[-9.09159,38.78483],[-9.0912,38.78483],[-9.09096,38.78459],[-9.09096,38.78448],[-9.09159,38.78448],[-9.0917,38.78396],[-9.09187,38.78333],[-9.09172,38.7827],[-9.09174,38.78207],[-9.0918,38.78144],[-9.09193,38.78081],[-9.09215,38.78018],[-9.09169,38.77955],[-9.09163,38.77892],[-9.09163,38.77829],[-9.09177,38.77766],[-9.09169,38.77703]]],[[[-9.09159,38.78712],[-9.09096,38.78712],[-9.09096,38.78666],[-9.09159,38.78666],[-9.0917,38.78649],[-9.09159,38.78638],[-9.09106,38.78638],[-9.09133,38.78611],[-9.09159,38.78611],[-9.09198,38.78649],[-9.09159,38.78712]]],[[[-9.09033,38.79462],[-9.09033,38.79432],[-9.09096,38.79432],[-9.09126,38.79469],[-9.09148,38.79532],[-9.09096,38.79578],[-9.09079,38.79578],[-9.09049,38.79548],[-9.09096,38.79548],[-9.09114,38.79532],[-9.09102,38.79469],[-9.09096,38.79462],[-9.09033,38.79462]]]]},"properties":{"class":1,"label":"−5 a −4","fill":"#2166ac"}},{"type":"Feature","geometry":{"type":"MultiPolygon","coordinates":[[[[-9.20764,38.69314],[-9.20827,38.69251],[-9.2089,38.69251],[-9.20953,38.69251],[-9.21017,38.69251],[-9.2108,38.69251],[-9.21096,38.69251],[-9.21143,38.69307],[-9.21206,38.69308],[-9.21269,38.69273],[-9.21332,38.69273],[-9.21395,38.69267],[-9.21458,38.6927],[-9.21521,38.69257],[-9.21534,38.69251],[-9.21584,38.69244],[-9.21647,38.69244],[-9.21679,38.69251],[-9.2171,38.69261],[-9.21773,38.69262],[-9.21788,38.69251],[-9.21788,38.69203],[-9.21822,38.69237],[-9.21822,38.69251],[-9.21773,38.69288],[-9.2171,38.69291],[-9.21647,38.69272],[-9.21584,38.69272],[-9.21527,38.69314],[-9.21521,38.69319],[-9.21481,38.69314],[-9.21458,38.69311],[-9.21395,38.69298],[-9.21332,38.69299],[-9.21269,38.69299],[-9.21242,38.69314],[-9.21206,38.6934],[-9.21143,38.69343],[-9.2108,38.69328],[-9.21017,38.69328],[-9.20953,38.69317],[-9.2089,38.69337],[-9.20827,38.69333],[-9.20764,38.69336],[-9.20742,38.69314],[-9.20764,38.69314]]],[[[-9.22393,38.69366],[-9.22393,38.69377],[-9.22393,38.6944],[-9.22404,38.69445],[-9.22414,38.6944],[-9.22414,38.69387],[-9.22467,38.6944],[-9.2253,38.6944],[-9.2253,38.69503],[-9.22467,38.69503],[-9.22404,38.69472],[-9.22341,38.69447],[-9.22278,38.69448],[-9.22267,38.6944],[-9.22267,38.69377],[-9.22215,38.69333],[-9.22152,38.69333],[-9.22089,38.69315],[-9.22071,38.69314],[-9.22071,38.69251],[-9.22089,38.69251],[-9.22123,38.69251],[-9.22152,38.69293],[-9.22215,38.69293],[-9.22278,38.69302],[-9.22341,38.693],[-9.22355,38.693],[-9.22341,38.69314],[-9.22393,38.69366]]],[[[-9.20575,38.69314],[-9.20583,38.69314],[-9.20583,38.69377],[-9.20583,38.6944],[-9.20575,38.69446],[-9.20512,38.69497],[-9.20487,38.69503],[-9.20449,38.69515],[-9.20386,38.69515],[-9.20323,38.69522],[-9.20307,38.69503],[-9.2026,38.69491],[-9.20197,38.69474],[-9.20134,38.69474],[-9.20082,38.6944],[-9.20116,38.6944],[-9.20134,38.69452],[-9.20197,38.69452],[-9.2026,38.69468],[-9.20323,38.69483],[-9.20386,38.69478],[-9.20449,38.69478],[-9.20512,38.69469],[-9.20547,38.6944],[-9.20547,38.69377],[-9.20547,38.69314],[-9.20575,38.69314]]],[[[-9.19742,38.69503],[-9.19755,38.69516],[-9.19818,38.69516],[-9.19881,38.69516],[-9.19944,38.69516],[-9.19962,38.69503],[-9.19962,38.6944],[-9.19995,38.6944],[-9.19995,38.69503],[-9.19944,38.69541],[-9.19881,38.6954],[-9.19818,38.6954],[-9.19755,38.69539],[-9.19717,38.69503],[-9.19742,38.69503]]],[[[-9.22651,38.69566],[-9.22651,38.69503],[-9.22656,38.69503],[-9.2266,38.69506],[-9.2266,38.69566],[-9.22656,38.6957],[-9.22651,38.69566]]],[[[-9.195,38.69503],[-9.195,38.69566],[-9.1944,38.69584],[-9.19377,38.69587],[-9.19351,38.69566],[-9.19377,38.69566],[-9.1944,38.69503],[-9.195,38.69503]]],[[[-9.22961,38.69573],[-9.22955,38.69584],[-9.22921,38.69566],[-9.22909,38.69557],[-9.22846,38.69557],[-9.22813,38.69535],[-9.22826,38.69523],[-9.22846,38.69536],[-9.22909,38.69536],[-9.22948,38.69566],[-9.22961,38.69573]]],[[[-9.1913,38.69629],[-9.1913,38.69566],[-9.19162,38.69566],[-9.19162,38.69629],[-9.19124,38.69646],[-9.19061,38.6965],[-9.19037,38.69629],[-9.19058,38.69629],[-9.19061,38.69632],[-9.19124,38.69631],[-9.1913,38.69629]]],[[[-9.17677,38.69882],[-9.17713,38.69882],[-9.17732,38.69945],[-9.17674,38.69976],[-9.17611,38.69973],[-9.17582,38.69945],[-9.17548,38.69903],[-9.17484,38.69903],[-9.17467,38.69882],[-9.17421,38.69864],[-9.17375,38.69818],[-9.17391,38.69818],[-9.17421,38.69849],[-9.17484,38.69867],[-9.17533,38.69818],[-9.17533,38.69803],[-9.17548,38.69818],[-9.17611,38.69882],[-9.1766,38.69882],[-9.1766,38.69945],[-9.17674,38.69947],[-9.17679,38.69945],[-9.17677,38.69882]]],[[[-9.21696,38.70323],[-9.2171,38.70307],[-9.21773,38.70293],[-9.218,38.70323],[-9.21783,38.70386],[-9.21773,38.70395],[-9.21759,38.70386],[-9.2171,38.7033],[-9.21696,38.70323]]],[[[-9.21742,38.70701],[-9.21742,38.70638],[-9.21773,38.70629],[-9.21784,38.70638],[-9.21784,38.70701],[-9.21773,38.70723],[-9.21742,38.70701]]],[[[-9.19065,38.71711],[-9.19061,38.71716],[-9.19059,38.71711],[-9.19061,38.71707],[-9.19065,38.71711]]],[[[-9.21382,38.71963],[-9.21367,38.719],[-9.21395,38.71873],[-9.21414,38.719],[-9.21414,38.71963],[-9.21395,38.71969],[-9.21382,38.71963]]],[[[-9.18178,38.74138],[-9.18147,38.74107],[-9.18115,38.74048],[-9.18052,38.74048],[-9.18051,38.74044],[-9.17989,38.74004],[-9.17931,38.73981],[-9.17926,38.73977],[-9.17887,38.73918],[-9.17888,38.73855],[-9.17863,38.73838],[-9.178,38.73824],[-9.17737,38.73824],[-9.17706,38.73792],[-9.17674,38.7377],[-9.17627,38.73792],[-9.17611,38.73807],[-9.17596,38.73792],[-9.17548,38.73742],[-9.17484,38.73742],[-9.17444,38.73729],[-9.17433,38.73666],[-9.17421,38.73647],[-9.17388,38.73603],[-9.17358,38.73572],[-9.17338,38.7354],[-9.17326,38.73477],[-9.17358,38.73433],[-9.17373,38.73414],[-9.17421,38.73385],[-9.17443,38.73351],[-9.17482,38.73287],[-9.17482,38.73224],[-9.17479,38.73161],[-9.17449,38.73098],[-9.17453,38.73035],[-9.17458,38.72972],[-9.17421,38.72961],[-9.17383,38.72909],[-9.17387,38.72846],[-9.17358,38.72794],[-9.17347,38.72783],[-9.17358,38.72753],[-9.17368,38.7272],[-9.17376,38.72657],[-9.17379,38.72594],[-9.17407,38.72531],[-9.17421,38.72487],[-9.17435,38.72468],[-9.17421,38.7242],[-9.17419,38.72404],[-9.17421,38.72373],[-9.17484,38.7237],[-9.17548,38.7237],[-9.17592,38.72341],[-9.17548,38.72282],[-9.17484,38.72282],[-9.1748,38.72278],[-9.17475,38.72215],[-9.17484,38.72201],[-9.17548,38.72201],[-9.17574,38.72152],[-9.17611,38.72096],[-9.17623,38.72089],[-9.17611,38.72042],[-9.17548,38.72031],[-9.17484,38.72031],[-9.17482,38.72026],[-9.17483,38.71963],[-9.17484,38.71931],[-9.17548,38.71931],[-9.17554,38.719],[-9.17548,38.71889],[-9.17484,38.71889],[-9.17463,38.71837],[-9.17484,38.71827],[-9.17548,38.71827],[-9.17611,38.71828],[-9.17626,38.71774],[-9.17615,38.71711],[-9.17611,38.7169],[-9.17548,38.71664],[-9.17484,38.71664],[-9.17481,38.71648],[-9.17484,38.71638],[-9.17548,38.71638],[-9.17611,38.71639],[-9.17674,38.71594],[-9.17737,38.71597],[-9.178,38.71597],[-9.17807,38.71584],[-9.178,38.71549],[-9.17737,38.71549],[-9.17717,38.71521],[-9.17737,38.71514],[-9.178,38.71514],[-9.17863,38.71486],[-9.17915,38.71458],[-9.17926,38.71451],[-9.17935,38.71458],[-9.1795,38.71521],[-9.17989,38.71528],[-9.18031,38.71521],[-9.18052,38.71515],[-9.18115,38.71515],[-9.18178,38.71479],[-9.18195,38.71458],[-9.18197,38.71395],[-9.18178,38.71344],[-9.18176,38.71332],[-9.18178,38.71328],[-9.18216,38.71269],[-9.18241,38.71236],[-9.18304,38.71237],[-9.18324,38.71206],[-9.18368,38.71161],[-9.18431,38.71161],[-9.18494,38.71144],[-9.18557,38.71159],[-9.18571,38.71143],[-9.1862,38.7111],[-9.18683,38.7111],[-9.18745,38.71143],[-9.18746,38.71144],[-9.18747,38.71143],[-9.18809,38.71123],[-9.18872,38.71087],[-9.18882,38.7108],[-9.18935,38.71052],[-9.18998,38.71052],[-9.19061,38.71058],[-9.19124,38.71076],[-9.19128,38.7108],[-9.19153,38.71143],[-9.19154,38.71206],[-9.19161,38.71269],[-9.19171,38.71332],[-9.19187,38.71371],[-9.192,38.71395],[-9.19197,38.71458],[-9.19193,38.71521],[-9.19187,38.71523],[-9.19124,38.71521],[-9.19072,38.71584],[-9.19061,38.71594],[-9.19017,38.71648],[-9.18998,38.71661],[-9.18935,38.71661],[-9.18922,38.71648],[-9.18872,38.71601],[-9.18824,38.71584],[-9.18809,38.71574],[-9.18776,38.71584],[-9.18746,38.71588],[-9.18705,38.71648],[-9.18683,38.71671],[-9.1862,38.71671],[-9.18586,38.71711],[-9.18576,38.71774],[-9.1862,38.71798],[-9.18683,38.71798],[-9.18746,38.71832],[-9.18772,38.71837],[-9.18809,38.71844],[-9.18872,38.71843],[-9.18885,38.71837],[-9.18935,38.71796],[-9.18998,38.71796],[-9.19061,38.71784],[-9.19109,38.71774],[-9.19124,38.71764],[-9.19187,38.71754],[-9.19238,38.71711],[-9.19251,38.71696],[-9.19314,38.71696],[-9.19367,38.71648],[-9.19377,38.71636],[-9.1944,38.7164],[-9.19463,38.71648],[-9.19503,38.71676],[-9.19566,38.71676],[-9.19624,38.71711],[-9.19629,38.71712],[-9.19631,38.71711],[-9.19692,38.71673],[-9.19755,38.71683],[-9.19809,38.71648],[-9.19818,38.71628],[-9.19881,38.71628],[-9.19922,38.71584],[-9.19935,38.71521],[-9.19944,38.71511],[-9.1999,38.71458],[-9.20007,38.71425],[-9.2007,38.71406],[-9.20134,38.71406],[-9.20176,38.71395],[-9.20176,38.71332],[-9.20197,38.71326],[-9.20237,38.71332],[-9.20237,38.71395],[-9.2026,38.71406],[-9.20323,38.71446],[-9.20333,38.71458],[-9.20386,38.71506],[-9.20449,38.71506],[-9.20456,38.71521],[-9.20485,38.71584],[-9.20512,38.71605],[-9.20575,38.71623],[-9.20638,38.71611],[-9.20701,38.71628],[-9.20764,38.71628],[-9.20823,38.71648],[-9.20827,38.71649],[-9.20833,38.71648],[-9.2089,38.71633],[-9.20953,38.71626],[-9.21017,38.71626],[-9.21059,38.71584],[-9.21068,38.71521],[-9.21072,38.71458],[-9.2108,38.7144],[-9.21109,38.71395],[-9.21143,38.7134],[-9.21164,38.71332],[-9.21181,38.71269],[-9.21206,38.71242],[-9.21269,38.71236],[-9.21332,38.71236],[-9.21395,38.71261],[-9.21458,38.71269],[-9.21458,38.71332],[-9.21521,38.71378],[-9.2155,38.71332],[-9.21546,38.71269],[-9.21584,38.71233],[-9.21647,38.71233],[-9.2167,38.71206],[-9.21686,38.71143],[-9.2171,38.71083],[-9.21712,38.7108],[-9.21733,38.71017],[-9.2171,38.70974],[-9.21695,38.70954],[-9.21679,38.70891],[-9.21647,38.70849],[-9.21584,38.70849],[-9.21528,38.70828],[-9.21523,38.70765],[-9.21521,38.70761],[-9.21485,38.70701],[-9.21485,38.70638],[-9.21458,38.70588],[-9.21439,38.70575],[-9.21395,38.70551],[-9.21371,38.70512],[-9.21338,38.70449],[-9.21332,38.70411],[-9.21269,38.70411],[-9.21265,38.70386],[-9.21269,38.70378],[-9.21332,38.70378],[-9.21368,38.70323],[-9.21363,38.7026],[-9.21345,38.70197],[-9.21332,38.70161],[-9.21269,38.70161],[-9.21246,38.70134],[-9.21206,38.70083],[-9.21194,38.70071],[-9.21194,38.70008],[-9.21143,38.69966],[-9.21133,38.69945],[-9.2114,38.69882],[-9.21143,38.69865],[-9.21158,38.69818],[-9.21156,38.69755],[-9.21206,38.69711],[-9.21269,38.6971],[-9.21332,38.6971],[-9.21388,38.69692],[-9.21395,38.69688],[-9.21458,38.69686],[-9.21476,38.69692],[-9.21521,38.69713],[-9.21584,38.69751],[-9.21647,38.69751],[-9.21651,38.69755],[-9.21674,38.69818],[-9.2171,38.69857],[-9.21773,38.69841],[-9.21803,38.69882],[-9.21833,38.69945],[-9.21837,38.69954],[-9.219,38.69954],[-9.21963,38.69945],[-9.21985,38.70008],[-9.21985,38.70071],[-9.22026,38.70126],[-9.22089,38.70132],[-9.22152,38.70128],[-9.22215,38.70128],[-9.22278,38.70095],[-9.22341,38.70108],[-9.22404,38.70105],[-9.22467,38.70109],[-9.2253,38.70109],[-9.22556,38.70134],[-9.22576,38.70197],[-9.22565,38.7026],[-9.22538,38.70323],[-9.2253,38.70346],[-9.22467,38.70346],[-9.22455,38.70386],[-9.22404,38.70448],[-9.22403,38.70449],[-9.224,38.70512],[-9.22341,38.70534],[-9.22278,38.70538],[-9.2227,38.70575],[-9.22215,38.70635],[-9.22152,38.70635],[-9.22148,38.70638],[-9.22148,38.70701],[-9.22152,38.70728],[-9.22215,38.70728],[-9.22225,38.70765],[-9.22243,38.70828],[-9.22215,38.70874],[-9.22152,38.70874],[-9.22144,38.70891],[-9.22152,38.70928],[-9.22215,38.70928],[-9.22221,38.70954],[-9.22252,38.71017],[-9.22258,38.7108],[-9.22264,38.71143],[-9.22223,38.71206],[-9.22215,38.71228],[-9.22152,38.71228],[-9.22132,38.71269],[-9.22119,38.71332],[-9.22092,38.71395],[-9.22089,38.71399],[-9.2206,38.71458],[-9.22026,38.71521],[-9.22025,38.71521],[-9.21963,38.71562],[-9.219,38.71569],[-9.21837,38.71569],[-9.21773,38.71546],[-9.21753,38.71521],[-9.2171,38.71493],[-9.21647,38.71485],[-9.21584,38.71485],[-9.2155,38.71458],[-9.21521,38.71411],[-9.21458,38.71401],[-9.21413,38.71458],[-9.21395,38.71466],[-9.21369,38.71521],[-9.21332,38.71561],[-9.21269,38.71561],[-9.21233,38.71584],[-9.21206,38.71615],[-9.21143,38.71645],[-9.2114,38.71648],[-9.2108,38.71706],[-9.21075,38.71711],[-9.21046,38.71774],[-9.21047,38.71837],[-9.21017,38.7185],[-9.20953,38.7185],[-9.2089,38.71868],[-9.2086,38.719],[-9.20827,38.71945],[-9.20812,38.71963],[-9.20812,38.72026],[-9.20827,38.72062],[-9.20853,38.72089],[-9.2089,38.72106],[-9.20928,38.72152],[-9.20935,38.72215],[-9.20921,38.72278],[-9.2089,38.7232],[-9.20866,38.72341],[-9.20866,38.72357],[-9.20817,38.72387],[-9.20795,38.72416],[-9.20808,38.72454],[-9.20786,38.72468],[-9.2079,38.72531],[-9.2079,38.72594],[-9.208,38.72657],[-9.20827,38.727],[-9.20831,38.7272],[-9.20867,38.72783],[-9.2084,38.72846],[-9.20848,38.72909],[-9.20827,38.72926],[-9.20764,38.7296],[-9.20701,38.72911],[-9.20638,38.72911],[-9.20575,38.72921],[-9.20531,38.72972],[-9.20512,38.72986],[-9.20482,38.73035],[-9.20449,38.73076],[-9.20386,38.73076],[-9.20364,38.73098],[-9.20376,38.73161],[-9.20323,38.73217],[-9.20319,38.73224],[-9.20307,38.73287],[-9.20315,38.73351],[-9.20268,38.73414],[-9.2026,38.73425],[-9.20205,38.73477],[-9.20197,38.73503],[-9.20134,38.73532],[-9.2007,38.73532],[-9.20066,38.7354],[-9.20031,38.73603],[-9.20017,38.73666],[-9.20022,38.73729],[-9.20007,38.73786],[-9.20006,38.73792],[-9.20007,38.73794],[-9.20033,38.73855],[-9.20033,38.73918],[-9.20007,38.73975],[-9.19998,38.73981],[-9.1995,38.74044],[-9.19944,38.74056],[-9.19924,38.74107],[-9.19881,38.74143],[-9.19846,38.7417],[-9.19818,38.74203],[-9.19755,38.74203],[-9.19692,38.74216],[-9.19667,38.74234],[-9.19629,38.74258],[-9.19566,38.74257],[-9.19503,38.74257],[-9.1944,38.74257],[-9.19377,38.74268],[-9.19326,38.74297],[-9.19314,38.74303],[-9.19251,38.74318],[-9.19187,38.74318],[-9.19124,38.7433],[-9.19073,38.7436],[-9.19061,38.74372],[-9.19022,38.7436],[-9.18998,38.74354],[-9.18935,38.74354],[-9.18921,38.7436],[-9.18872,38.74392],[-9.18809,38.74383],[-9.18746,38.74383],[-9.18683,38.74368],[-9.1862,38.74368],[-9.18578,38.7436],[-9.18557,38.74356],[-9.18494,38.74346],[-9.18431,38.74313],[-9.18368,38.74311],[-9.18304,38.74311],[-9.18295,38.74297],[-9.18268,38.74234],[-9.18241,38.74191],[-9.18213,38.7417],[-9.18178,38.74138]],[[-9.18874,38.71521],[-9.18872,38.71519],[-9.18869,38.71521],[-9.18872,38.71523],[-9.18874,38.71521]],[[-9.21464,38.70449],[-9.21458,38.70446],[-9.21452,38.70449],[-9.21458,38.70451],[-9.21464,38.70449]],[[-9.22406,38.70323],[-9.22404,38.70313],[-9.22357,38.70323],[-9.22404,38.70336],[-9.22406,38.70323]],[[-9.22373,38.70197],[-9.22341,38.70175],[-9.22319,38.70197],[-9.22341,38.70226],[-9.22373,38.70197]],[[-9.2211,38.70638],[-9.22152,38.70599],[-9.22215,38.70599],[-9.22237,38.70575],[-9.22243,38.70512],[-9.22278,38.70461],[-9.22294,38.70449],[-9.22278,38.70436],[-9.22215,38.70418],[-9.22152,38.70418],[-9.22113,38.70386],[-9.22108,38.70323],[-9.2212,38.7026],[-9.22089,38.70241],[-9.22026,38.70234],[-9.21992,38.7026],[-9.21963,38.70297],[-9.219,38.70292],[-9.21837,38.70292],[-9.21802,38.7026],[-9.21773,38.70247],[-9.2171,38.70241],[-9.21647,38.70222],[-9.21584,38.70222],[-9.21565,38.70197],[-9.21559,38.70134],[-9.21521,38.7011],[-9.21458,38.70093],[-9.21421,38.70134],[-9.21458,38.7019],[-9.21468,38.70197],[-9.21505,38.7026],[-9.21501,38.70323],[-9.21521,38.70348],[-9.21545,38.70386],[-9.21565,38.70449],[-9.21521,38.70474],[-9.215,38.70512],[-9.21521,38.70529],[-9.21566,38.70575],[-9.21549,38.70638],[-9.21549,38.70701],[-9.21579,38.70765],[-9.21584,38.70773],[-9.21647,38.70773],[-9.21668,38.70765],[-9.2171,38.70731],[-9.21734,38.70765],[-9.21755,38.70828],[-9.21773,38.70854],[-9.21792,38.70891],[-9.21773,38.70922],[-9.21752,38.70954],[-9.21771,38.71017],[-9.21773,38.7103],[-9.21785,38.7108],[-9.21797,38.71143],[-9.21773,38.71196],[-9.21755,38.71206],[-9.2172,38.71269],[-9.21727,38.71332],[-9.21723,38.71395],[-9.21712,38.71458],[-9.21773,38.71498],[-9.21831,38.71521],[-9.21837,38.71524],[-9.219,38.71524],[-9.21963,38.71531],[-9.21977,38.71521],[-9.22026,38.71481],[-9.22038,38.71458],[-9.22064,38.71395],[-9.22089,38.71339],[-9.22092,38.71332],[-9.22093,38.71269],[-9.22121,38.71206],[-9.22152,38.71164],[-9.22215,38.71164],[-9.22228,38.71143],[-9.22215,38.71118],[-9.22152,38.71118],[-9.22128,38.7108],[-9.22132,38.71017],[-9.22106,38.70954],[-9.22105,38.70891],[-9.22124,38.70828],[-9.22118,38.70765],[-9.2211,38.70701],[-9.2211,38.70638]],[[-9.21206,38.71395],[-9.21143,38.71416],[-9.21126,38.71458],[-9.21122,38.71521],[-9.21125,38.71584],[-9.21143,38.71593],[-9.21156,38.71584],[-9.21206,38.71521],[-9.21269,38.71467],[-9.21332,38.71467],[-9.21333,38.71458],[-9.21332,38.71449],[-9.21269,38.71449],[-9.21206,38.71395]],[[-9.21083,38.71648],[-9.2108,38.7164],[-9.21071,38.71648],[-9.2108,38.71651],[-9.21083,38.71648]],[[-9.20007,38.73851],[-9.19991,38.73855],[-9.19991,38.73918],[-9.20007,38.73922],[-9.20009,38.73918],[-9.20009,38.73855],[-9.20007,38.73851]],[[-9.19944,38.73835],[-9.19964,38.73792],[-9.19964,38.73729],[-9.19965,38.73666],[-9.19982,38.73603],[-9.20007,38.7358],[-9.20037,38.7354],[-9.2007,38.73483],[-9.20134,38.73483],[-9.20143,38.73477],[-9.20194,38.73414],[-9.20197,38.73408],[-9.2026,38.73351],[-9.20274,38.73287],[-9.20286,38.73224],[-9.2032,38.73161],[-9.20323,38.73152],[-9.20333,38.73098],[-9.20386,38.73044],[-9.20449,38.73044],[-9.20456,38.73035],[-9.20493,38.72972],[-9.20512,38.72932],[-9.20533,38.72909],[-9.20575,38.72879],[-9.20626,38.72846],[-9.20638,38.72831],[-9.20701,38.72831],[-9.20759,38.72846],[-9.20764,38.72848],[-9.20766,38.72846],[-9.20764,38.72841],[-9.20748,38.72783],[-9.20764,38.72725],[-9.20766,38.7272],[-9.20764,38.72718],[-9.20708,38.72657],[-9.20708,38.72594],[-9.20708,38.72531],[-9.20701,38.72525],[-9.20664,38.72468],[-9.20692,38.72404],[-9.20701,38.72389],[-9.20764,38.72389],[-9.20797,38.72341],[-9.20827,38.72317],[-9.20873,38.72278],[-9.20855,38.72215],[-9.2089,38.72161],[-9.20894,38.72152],[-9.2089,38.72148],[-9.20827,38.72131],[-9.20764,38.72121],[-9.20701,38.72121],[-9.20672,38.72089],[-9.20701,38.72036],[-9.20764,38.72036],[-9.2077,38.72026],[-9.2077,38.71963],[-9.20827,38.719],[-9.20827,38.71899],[-9.20887,38.71837],[-9.2089,38.7183],[-9.20923,38.71774],[-9.20953,38.71719],[-9.21017,38.71719],[-9.21022,38.71711],[-9.21017,38.71697],[-9.20953,38.71697],[-9.2089,38.71659],[-9.20827,38.71676],[-9.20764,38.71655],[-9.20701,38.71655],[-9.20638,38.71658],[-9.20575,38.71662],[-9.20512,38.7165],[-9.20449,38.71649],[-9.20386,38.71649],[-9.20381,38.71648],[-9.20323,38.71598],[-9.20315,38.71584],[-9.20289,38.71521],[-9.2026,38.715],[-9.20224,38.71458],[-9.20197,38.71437],[-9.20134,38.71445],[-9.2007,38.71445],[-9.20047,38.71458],[-9.20007,38.71482],[-9.19971,38.71521],[-9.19961,38.71584],[-9.19944,38.71602],[-9.199,38.71648],[-9.19899,38.71711],[-9.19881,38.71741],[-9.19818,38.71741],[-9.19755,38.71745],[-9.19717,38.71711],[-9.19692,38.71707],[-9.19686,38.71711],[-9.19629,38.71751],[-9.19566,38.71726],[-9.19503,38.71726],[-9.19466,38.71711],[-9.1944,38.7169],[-9.19396,38.71711],[-9.19377,38.71726],[-9.19353,38.71774],[-9.19314,38.71809],[-9.19251,38.71809],[-9.19187,38.71802],[-9.19124,38.71812],[-9.19061,38.71806],[-9.18998,38.71825],[-9.18935,38.71825],[-9.18921,38.71837],[-9.18872,38.71859],[-9.18809,38.71866],[-9.18746,38.71853],[-9.18715,38.71837],[-9.18683,38.7182],[-9.1862,38.7182],[-9.18557,38.71797],[-9.18543,38.71774],[-9.18557,38.7173],[-9.18562,38.71711],[-9.18595,38.71648],[-9.1862,38.71598],[-9.18683,38.71598],[-9.18686,38.71584],[-9.18746,38.71527],[-9.18755,38.71521],[-9.18809,38.71489],[-9.18841,38.71458],[-9.18872,38.71428],[-9.18908,38.71395],[-9.18908,38.71332],[-9.18935,38.71298],[-9.18998,38.71298],[-9.19057,38.71269],[-9.19061,38.71265],[-9.19121,38.71206],[-9.19061,38.71179],[-9.19039,38.71143],[-9.18998,38.711],[-9.18935,38.711],[-9.18873,38.71143],[-9.18872,38.71144],[-9.18809,38.71174],[-9.18746,38.71196],[-9.18714,38.71206],[-9.18708,38.71269],[-9.18746,38.7132],[-9.18757,38.71332],[-9.18757,38.71395],[-9.18746,38.71416],[-9.18686,38.71458],[-9.18683,38.71461],[-9.1862,38.71461],[-9.18557,38.71472],[-9.18494,38.71475],[-9.18431,38.71481],[-9.18368,38.71481],[-9.18331,38.71521],[-9.18304,38.71539],[-9.18241,38.71579],[-9.18178,38.7157],[-9.18115,38.71571],[-9.18052,38.71571],[-9.17989,38.71572],[-9.17926,38.71578],[-9.17905,38.71584],[-9.17863,38.71603],[-9.17834,38.71648],[-9.17809,38.71711],[-9.178,38.71733],[-9.17737,38.71733],[-9.17693,38.71774],[-9.17698,38.71837],[-9.1771,38.719],[-9.17722,38.71963],[-9.17724,38.72026],[-9.17737,38.72068],[-9.178,38.72068],[-9.17804,38.72089],[-9.17863,38.72148],[-9.17926,38.72138],[-9.17942,38.72152],[-9.17926,38.72196],[-9.17908,38.72215],[-9.17908,38.72278],[-9.17873,38.72341],[-9.17867,38.72404],[-9.17863,38.72409],[-9.1782,38.72468],[-9.178,38.7249],[-9.17737,38.7249],[-9.17674,38.72496],[-9.17625,38.72531],[-9.17611,38.72568],[-9.17548,38.72563],[-9.17484,38.72563],[-9.17467,38.72594],[-9.17453,38.72657],[-9.17421,38.7272],[-9.17432,38.72783],[-9.17428,38.72846],[-9.17433,38.72909],[-9.17484,38.72938],[-9.17548,38.72938],[-9.17567,38.72972],[-9.17548,38.73035],[-9.17565,38.73098],[-9.17574,38.73161],[-9.17611,38.73218],[-9.17615,38.73224],[-9.17615,38.73287],[-9.17611,38.73294],[-9.17548,38.73325],[-9.17484,38.73325],[-9.17468,38.73351],[-9.17447,38.73414],[-9.17428,38.73477],[-9.17423,38.7354],[-9.17467,38.73603],[-9.17483,38.73666],[-9.17484,38.73669],[-9.17548,38.73669],[-9.17611,38.73713],[-9.1766,38.73729],[-9.17674,38.73732],[-9.17737,38.73776],[-9.178,38.73776],[-9.17829,38.73792],[-9.17863,38.73808],[-9.17926,38.73848],[-9.17941,38.73855],[-9.17956,38.73918],[-9.17989,38.7395],[-9.18052,38.7398],[-9.18115,38.7398],[-9.18121,38.73981],[-9.18178,38.74039],[-9.18179,38.74044],[-9.18215,38.74107],[-9.18241,38.74133],[-9.18261,38.7417],[-9.18304,38.7423],[-9.18368,38.7423],[-9.18372,38.74234],[-9.18431,38.74275],[-9.1849,38.74297],[-9.18494,38.74299],[-9.18557,38.74322],[-9.1862,38.74338],[-9.18683,38.74338],[-9.18746,38.74348],[-9.18809,38.74348],[-9.18872,38.74349],[-9.18935,38.7433],[-9.18998,38.7433],[-9.19061,38.74324],[-9.19124,38.74313],[-9.19179,38.74297],[-9.19187,38.7429],[-9.19251,38.7429],[-9.19314,38.74273],[-9.19377,38.74235],[-9.19386,38.74234],[-9.1944,38.74223],[-9.19503,38.74213],[-9.19566,38.74213],[-9.19629,38.74228],[-9.19692,38.74188],[-9.19755,38.74171],[-9.19818,38.74171],[-9.19819,38.7417],[-9.19881,38.74122],[-9.19898,38.74107],[-9.19921,38.74044],[-9.19937,38.73981],[-9.19938,38.73918],[-9.1994,38.73855],[-9.19944,38.73835]]],[[[-9.19647,38.72026],[-9.19692,38.72057],[-9.19718,38.72089],[-9.19715,38.72152],[-9.1971,38.72215],[-9.19692,38.72246],[-9.19678,38.72278],[-9.19669,38.72341],[-9.19629,38.7237],[-9.19575,38.72341],[-9.19566,38.72329],[-9.19503,38.72329],[-9.1944,38.72292],[-9.1943,38.72278],[-9.19412,38.72215],[-9.19406,38.72152],[-9.19423,38.72089],[-9.19426,38.72026],[-9.19427,38.71963],[-9.1944,38.71945],[-9.19503,38.7194],[-9.19566,38.7194],[-9.19629,38.7195],[-9.19647,38.71963],[-9.19647,38.72026]],[[-9.19637,38.72152],[-9.19629,38.72126],[-9.19566,38.72103],[-9.19503,38.72103],[-9.1944,38.72126],[-9.1943,38.72152],[-9.19432,38.72215],[-9.1944,38.72237],[-9.19503,38.72256],[-9.19566,38.72256],[-9.19602,38.72278],[-9.19629,38.72319],[-9.19641,38.72278],[-9.19663,38.72215],[-9.19637,38.72152]]],[[[-9.1847,38.73035],[-9.18494,38.72976],[-9.18497,38.72972],[-9.18523,38.72909],[-9.18557,38.72851],[-9.18571,38.72846],[-9.1862,38.72829],[-9.18683,38.72829],[-9.18746,38.72813],[-9.18809,38.72831],[-9.18847,38.72846],[-9.18872,38.72855],[-9.18935,38.72861],[-9.18998,38.72861],[-9.19061,38.72876],[-9.19124,38.72897],[-9.19138,38.72909],[-9.19187,38.7297],[-9.19251,38.7297],[-9.19253,38.72972],[-9.19257,38.73035],[-9.19299,38.73098],[-9.19314,38.73109],[-9.19358,38.73161],[-9.1936,38.73224],[-9.19363,38.73287],[-9.19362,38.73351],[-9.19365,38.73414],[-9.19339,38.73477],[-9.19314,38.73515],[-9.19251,38.73521],[-9.19187,38.73521],[-9.19172,38.7354],[-9.19124,38.73566],[-9.19063,38.73603],[-9.19061,38.73604],[-9.19058,38.73603],[-9.18998,38.73577],[-9.18935,38.73577],[-9.18872,38.7356],[-9.18809,38.73576],[-9.18746,38.73559],[-9.18715,38.7354],[-9.18683,38.73518],[-9.1862,38.73518],[-9.18557,38.73526],[-9.18506,38.73477],[-9.18494,38.73457],[-9.18451,38.73414],[-9.18462,38.73351],[-9.18472,38.73287],[-9.18472,38.73224],[-9.18455,38.73161],[-9.18456,38.73098],[-9.1847,38.73035]],[[-9.19061,38.72927],[-9.19043,38.72909],[-9.18998,38.72887],[-9.18935,38.72887],[-9.18872,38.72884],[-9.18809,38.72889],[-9.18746,38.72863],[-9.18683,38.72905],[-9.1862,38.72905],[-9.18557,38.72896],[-9.18549,38.72909],[-9.18534,38.72972],[-9.18494,38.7302],[-9.18488,38.73035],[-9.18475,38.73098],[-9.18482,38.73161],[-9.18494,38.73197],[-9.18502,38.73224],[-9.18502,38.73287],[-9.18516,38.73351],[-9.18494,38.73399],[-9.18488,38.73414],[-9.18494,38.7342],[-9.1853,38.73477],[-9.18557,38.73503],[-9.18613,38.73477],[-9.1862,38.73472],[-9.18683,38.73472],[-9.18691,38.73477],[-9.18746,38.73517],[-9.18809,38.73525],[-9.18872,38.73524],[-9.18928,38.7354],[-9.18935,38.73543],[-9.18998,38.73543],[-9.19005,38.7354],[-9.19061,38.73512],[-9.19116,38.7354],[-9.19124,38.73542],[-9.19128,38.7354],[-9.19149,38.73477],[-9.19187,38.73469],[-9.19251,38.73469],[-9.19294,38.73477],[-9.19314,38.7348],[-9.19316,38.73477],[-9.19343,38.73414],[-9.19327,38.73351],[-9.19339,38.73287],[-9.19338,38.73224],[-9.19333,38.73161],[-9.19314,38.73139],[-9.19259,38.73098],[-9.19251,38.73086],[-9.19187,38.73086],[-9.1916,38.73035],[-9.19124,38.72986],[-9.19107,38.72972],[-9.19061,38.72927]]],[[[-9.17484,38.73857],[-9.17483,38.73855],[-9.17484,38.73852],[-9.17548,38.73852],[-9.17551,38.73855],[-9.17548,38.73857],[-9.17484,38.73857]]],[[[-9.17863,38.75373],[-9.17831,38.75369],[-9.17863,38.75337],[-9.17926,38.75363],[-9.1793,38.75369],[-9.17926,38.75379],[-9.17863,38.75373]]],[[[-9.1771,38.75369],[-9.17674,38.75386],[-9.17632,38.75369],[-9.17674,38.75349],[-9.1771,38.75369]]],[[[-9.17589,38.78036],[-9.17568,38.78041],[-9.17523,38.78026],[-9.17523,38.78018],[-9.17506,38.77955],[-9.17548,38.77907],[-9.17611,38.77906],[-9.17655,38.77955],[-9.17655,38.77988],[-9.17645,38.77986],[-9.17589,38.78036]]],[[[-9.16472,38.69945],[-9.16472,38.70008],[-9.16412,38.70037],[-9.16349,38.70037],[-9.1632,38.70037],[-9.16349,38.70008],[-9.16412,38.69945],[-9.16472,38.69945]]],[[[-9.1616,38.70134],[-9.16223,38.70071],[-9.16242,38.70071],[-9.16286,38.70127],[-9.16293,38.70134],[-9.16286,38.70139],[-9.16223,38.70163],[-9.1616,38.70163],[-9.1616,38.70134]]],[[[-9.16349,38.70662],[-9.16336,38.70638],[-9.16349,38.70628],[-9.16412,38.70628],[-9.16425,38.70638],[-9.16412,38.7068],[-9.16349,38.70662]]],[[[-9.16286,38.70856],[-9.16263,38.70828],[-9.16286,38.70786],[-9.16349,38.70786],[-9.16384,38.70828],[-9.16349,38.70856],[-9.16286,38.70856]]],[[[-9.16453,38.70828],[-9.16448,38.70765],[-9.16448,38.70701],[-9.16475,38.70696],[-9.16484,38.70701],[-9.16484,38.70765],[-9.16494,38.70828],[-9.16477,38.70891],[-9.16477,38.70954],[-9.16475,38.70955],[-9.16473,38.70954],[-9.16412,38.70908],[-9.16398,38.70891],[-9.16412,38.70871],[-9.16453,38.70828]]],[[[-9.1698,38.70946],[-9.16983,38.70954],[-9.1698,38.7096],[-9.16917,38.7096],[-9.16857,38.71017],[-9.16854,38.71019],[-9.16843,38.71017],[-9.16791,38.71001],[-9.16774,38.70954],[-9.16791,38.70926],[-9.16854,38.70933],[-9.16917,38.70946],[-9.1698,38.70946]]],[[[-9.15718,38.71168],[-9.15712,38.71143],[-9.15718,38.71136],[-9.15782,38.71136],[-9.15813,38.71143],[-9.15782,38.71168],[-9.15718,38.71168]]],[[[-9.15794,38.71458],[-9.15782,38.71479],[-9.15718,38.71479],[-9.15704,38.71458],[-9.15655,38.71434],[-9.15592,38.71411],[-9.15578,38.71395],[-9.15578,38.71332],[-9.15592,38.7131],[-9.15655,38.71269],[-9.15592,38.7124],[-9.15541,38.71206],[-9.15592,38.71182],[-9.15655,38.71181],[-9.15705,38.71206],[-9.15718,38.71221],[-9.15782,38.71221],[-9.15806,38.71269],[-9.15804,38.71332],[-9.15824,38.71395],[-9.15794,38.71458]]],[[[-9.15866,38.71521],[-9.1587,38.71458],[-9.15908,38.71417],[-9.15971,38.71413],[-9.16032,38.71458],[-9.16034,38.71462],[-9.16097,38.71462],[-9.16134,38.71521],[-9.16128,38.71584],[-9.16097,38.71611],[-9.16034,38.71611],[-9.15981,38.71584],[-9.15971,38.71578],[-9.15908,38.71583],[-9.15866,38.71521]]],[[[-9.15025,38.71633],[-9.15039,38.71648],[-9.15025,38.71685],[-9.14962,38.71685],[-9.14945,38.71648],[-9.14962,38.71629],[-9.15025,38.71633]]],[[[-9.15277,38.72629],[-9.15297,38.72594],[-9.1532,38.72531],[-9.1534,38.72512],[-9.15358,38.72531],[-9.15403,38.72573],[-9.15466,38.72573],[-9.15529,38.72576],[-9.15574,38.72594],[-9.15529,38.72614],[-9.15466,38.72643],[-9.15403,38.72643],[-9.1534,38.72643],[-9.15313,38.72657],[-9.15294,38.7272],[-9.1534,38.72754],[-9.15403,38.72728],[-9.15466,38.72728],[-9.15529,38.72783],[-9.15592,38.72806],[-9.15654,38.72846],[-9.15621,38.72909],[-9.15614,38.72972],[-9.15592,38.73032],[-9.15589,38.73035],[-9.15556,38.73098],[-9.15541,38.73161],[-9.15529,38.73188],[-9.15508,38.73161],[-9.15466,38.73118],[-9.15403,38.73118],[-9.15351,38.73098],[-9.1534,38.73089],[-9.15317,38.73035],[-9.15291,38.72972],[-9.15277,38.72955],[-9.15214,38.72962],[-9.15151,38.72962],[-9.15098,38.72909],[-9.15088,38.72889],[-9.15043,38.72846],[-9.15046,38.72783],[-9.15051,38.7272],[-9.15051,38.72657],[-9.15088,38.72636],[-9.15151,38.72641],[-9.15214,38.72641],[-9.15277,38.72629]],[[-9.15329,38.72972],[-9.1534,38.72992],[-9.15403,38.73001],[-9.15466,38.73001],[-9.15493,38.72972],[-9.15529,38.72917],[-9.15538,38.72909],[-9.15529,38.72902],[-9.15466,38.72877],[-9.15403,38.72877],[-9.15392,38.72909],[-9.1534,38.72944],[-9.15329,38.72972]]],[[[-9.15088,38.73603],[-9.15025,38.73603],[-9.15016,38.7354],[-9.15025,38.73536],[-9.15029,38.7354],[-9.15088,38.73603]]],[[[-9.15347,38.73729],[-9.1534,38.73731],[-9.15321,38.73729],[-9.15277,38.73696],[-9.15214,38.73726],[-9.15151,38.73726],[-9.15113,38.73666],[-9.15151,38.73634],[-9.15214,38.73634],[-9.15277,38.73646],[-9.15334,38.73603],[-9.1534,38.736],[-9.15403,38.73592],[-9.15466,38.73592],[-9.15529,38.73596],[-9.15553,38.73603],[-9.15536,38.73666],[-9.15529,38.73672],[-9.15466,38.73697],[-9.15403,38.73697],[-9.15347,38.73729]]],[[[-9.14986,38.73666],[-9.14962,38.73678],[-9.14953,38.73666],[-9.14962,38.73654],[-9.14986,38.73666]]],[[[-9.1698,38.74521],[-9.16958,38.74486],[-9.16923,38.74423],[-9.16972,38.7436],[-9.1698,38.74356],[-9.17021,38.74297],[-9.17043,38.74267],[-9.17106,38.74266],[-9.17169,38.74283],[-9.17232,38.74283],[-9.17248,38.74297],[-9.17272,38.7436],[-9.17279,38.74423],[-9.17232,38.74484],[-9.17169,38.74484],[-9.17106,38.74484],[-9.17105,38.74486],[-9.17043,38.74528],[-9.1698,38.74521]],[[-9.17106,38.74413],[-9.17156,38.7436],[-9.17106,38.74319],[-9.17049,38.7436],[-9.17106,38.74413]]],[[[-9.17164,38.74549],[-9.17169,38.74507],[-9.17232,38.74507],[-9.17238,38.74549],[-9.17238,38.74612],[-9.17232,38.74615],[-9.17169,38.74615],[-9.17164,38.74612],[-9.17164,38.74549]]],[[[-9.15277,38.76983],[-9.15214,38.76949],[-9.15209,38.76946],[-9.15211,38.76883],[-9.15214,38.76877],[-9.15222,38.76883],[-9.15277,38.76915],[-9.15322,38.76883],[-9.15332,38.7682],[-9.1534,38.76817],[-9.15351,38.7682],[-9.15371,38.76883],[-9.15403,38.76902],[-9.15466,38.76902],[-9.15498,38.76883],[-9.15529,38.76856],[-9.15557,38.76883],[-9.15592,38.76902],[-9.15632,38.76883],[-9.15655,38.7687],[-9.15718,38.7687],[-9.15732,38.76883],[-9.15718,38.76946],[-9.15782,38.76971],[-9.15845,38.76949],[-9.15908,38.77002],[-9.15913,38.77009],[-9.15908,38.7702],[-9.15866,38.77072],[-9.15866,38.77135],[-9.15845,38.77174],[-9.15811,38.77135],[-9.15811,38.77072],[-9.15782,38.7706],[-9.1573,38.77072],[-9.1573,38.77135],[-9.15718,38.77137],[-9.15655,38.77137],[-9.15624,38.77135],[-9.15624,38.77072],[-9.15592,38.77066],[-9.15529,38.77069],[-9.15466,38.77027],[-9.15403,38.77027],[-9.15369,38.77009],[-9.1534,38.76993],[-9.15277,38.76983]],[[-9.15586,38.76946],[-9.15529,38.76924],[-9.15492,38.76946],[-9.15529,38.76971],[-9.15586,38.76946]],[[-9.15361,38.76946],[-9.1534,38.76936],[-9.15319,38.76946],[-9.1534,38.76951],[-9.15361,38.76946]]],[[[-9.15602,38.77198],[-9.15592,38.77205],[-9.15583,38.77198],[-9.15592,38.77146],[-9.15602,38.77198]]],[[[-9.17106,38.7747],[-9.171,38.7745],[-9.17106,38.77445],[-9.17169,38.77445],[-9.1719,38.7745],[-9.17169,38.7747],[-9.17106,38.7747]]],[[[-9.16918,38.77639],[-9.16917,38.7764],[-9.16854,38.7764],[-9.16843,38.77639],[-9.16791,38.77631],[-9.16762,38.77639],[-9.16728,38.7765],[-9.16665,38.77652],[-9.16655,38.77639],[-9.16635,38.77576],[-9.16616,38.77513],[-9.16665,38.77486],[-9.16728,38.77492],[-9.16791,38.77457],[-9.16854,38.77484],[-9.16917,38.77484],[-9.1698,38.77481],[-9.17032,38.77513],[-9.17033,38.77576],[-9.1698,38.77603],[-9.16918,38.77639]]],[[[-9.14101,38.70512],[-9.14101,38.70575],[-9.14079,38.70579],[-9.14015,38.70579],[-9.14012,38.70575],[-9.14015,38.70575],[-9.14079,38.70512],[-9.14101,38.70512]]],[[[-9.13836,38.70575],[-9.13836,38.70638],[-9.13826,38.70644],[-9.13763,38.70645],[-9.13757,38.70638],[-9.13763,38.70638],[-9.13826,38.70575],[-9.13836,38.70575]]],[[[-9.13027,38.70765],[-9.13022,38.70828],[-9.13006,38.7084],[-9.12943,38.7084],[-9.12921,38.70828],[-9.12943,38.70828],[-9.13006,38.70765],[-9.13027,38.70765]]],[[[-9.13448,38.7146],[-9.13385,38.7146],[-9.13378,38.71458],[-9.13378,38.71395],[-9.13385,38.71393],[-9.13448,38.71393],[-9.13451,38.71395],[-9.13451,38.71458],[-9.13448,38.7146]]],[[[-9.14423,38.719],[-9.14394,38.71917],[-9.14361,38.719],[-9.14394,38.71853],[-9.14423,38.719]]],[[[-9.14394,38.71822],[-9.14364,38.71774],[-9.14394,38.71746],[-9.14431,38.71711],[-9.14457,38.71692],[-9.14515,38.71711],[-9.1452,38.71714],[-9.14583,38.71721],[-9.14646,38.71721],[-9.14709,38.71729],[-9.14741,38.71711],[-9.14762,38.71648],[-9.14772,38.71644],[-9.1478,38.71648],[-9.14803,38.71711],[-9.14772,38.71765],[-9.14769,38.71774],[-9.14772,38.71778],[-9.14835,38.71775],[-9.14898,38.71775],[-9.14906,38.71774],[-9.14962,38.71744],[-9.14977,38.71774],[-9.15021,38.71837],[-9.15025,38.71847],[-9.15045,38.719],[-9.15025,38.7193],[-9.14988,38.71963],[-9.14962,38.71999],[-9.14898,38.71992],[-9.14835,38.71992],[-9.14786,38.72026],[-9.14786,38.72089],[-9.14775,38.72152],[-9.14772,38.72161],[-9.14709,38.72198],[-9.14661,38.72152],[-9.14709,38.72118],[-9.14756,38.72089],[-9.14756,38.72026],[-9.14709,38.71989],[-9.14697,38.71963],[-9.14646,38.71918],[-9.14583,38.71918],[-9.14547,38.719],[-9.14583,38.71854],[-9.14646,38.71854],[-9.14709,38.71854],[-9.14719,38.71837],[-9.14709,38.71828],[-9.14646,38.71816],[-9.14583,38.71816],[-9.1452,38.71837],[-9.14457,38.71824],[-9.14394,38.71822]],[[-9.14965,38.71837],[-9.14962,38.71833],[-9.14898,38.71837],[-9.14962,38.71858],[-9.14965,38.71837]]],[[[-9.14646,38.72089],[-9.14583,38.72089],[-9.14583,38.72026],[-9.14646,38.72026],[-9.14646,38.72089]]],[[[-9.10483,38.72909],[-9.10483,38.72846],[-9.10483,38.72812],[-9.10546,38.72812],[-9.10561,38.72783],[-9.10546,38.72764],[-9.10503,38.72764],[-9.10526,38.7274],[-9.10546,38.7274],[-9.10579,38.72783],[-9.10548,38.72846],[-9.10553,38.72909],[-9.10553,38.72972],[-9.10546,38.72991],[-9.10483,38.72991],[-9.10483,38.72972],[-9.10483,38.72909]]],[[[-9.10231,38.73563],[-9.1025,38.7354],[-9.10262,38.73477],[-9.10231,38.73448],[-9.10197,38.73448],[-9.10207,38.73437],[-9.10231,38.73437],[-9.10273,38.73477],[-9.10266,38.7354],[-9.10231,38.73584],[-9.10168,38.73584],[-9.10124,38.73584],[-9.10145,38.73563],[-9.10168,38.73563],[-9.10231,38.73563]]],[[[-9.14268,38.73798],[-9.14226,38.73792],[-9.14268,38.73783],[-9.14331,38.73783],[-9.14356,38.73792],[-9.14331,38.73798],[-9.14268,38.73798]]],[[[-9.10068,38.73855],[-9.10042,38.73914],[-9.09979,38.73914],[-9.09979,38.73867],[-9.10042,38.73867],[-9.10047,38.73855],[-9.10042,38.7385],[-9.09984,38.7385],[-9.10004,38.7383],[-9.10042,38.7383],[-9.10068,38.73855]]],[[[-9.09774,38.74186],[-9.0979,38.7417],[-9.09838,38.74123],[-9.09853,38.74123],[-9.09916,38.7411],[-9.09979,38.7411],[-9.09981,38.74107],[-9.09991,38.74044],[-9.09991,38.73981],[-9.09979,38.73968],[-9.09929,38.73968],[-9.09975,38.73922],[-9.09979,38.73922],[-9.10033,38.73981],[-9.10033,38.74044],[-9.10002,38.74107],[-9.09979,38.74132],[-9.09916,38.74132],[-9.09869,38.7417],[-9.09853,38.74196],[-9.09834,38.74234],[-9.09827,38.74297],[-9.09801,38.7436],[-9.0979,38.74374],[-9.09779,38.74423],[-9.09783,38.74486],[-9.09766,38.74549],[-9.09727,38.746],[-9.09717,38.74612],[-9.09717,38.74675],[-9.09713,38.74738],[-9.09663,38.74765],[-9.096,38.74765],[-9.096,38.74741],[-9.09663,38.74741],[-9.09668,38.74738],[-9.09698,38.74675],[-9.09699,38.74612],[-9.09727,38.74575],[-9.09747,38.74549],[-9.09757,38.74486],[-9.09764,38.74423],[-9.09727,38.74374],[-9.09712,38.74374],[-9.09727,38.7436],[-9.09727,38.74317],[-9.0979,38.74317],[-9.09799,38.74297],[-9.09813,38.74234],[-9.0979,38.74186],[-9.09774,38.74186]]],[[[-9.09663,38.74842],[-9.09678,38.74864],[-9.09663,38.74888],[-9.096,38.74888],[-9.09577,38.74888],[-9.096,38.74864],[-9.096,38.74842],[-9.09663,38.74842]]],[[[-9.09444,38.75621],[-9.09411,38.75558],[-9.09407,38.75495],[-9.09409,38.75432],[-9.09411,38.75427],[-9.09437,38.75369],[-9.09424,38.75306],[-9.09424,38.75293],[-9.09439,38.75278],[-9.09439,38.75306],[-9.09466,38.75369],[-9.09442,38.75432],[-9.09443,38.75495],[-9.09468,38.75558],[-9.09474,38.75577],[-9.09494,38.75621],[-9.09476,38.75684],[-9.09476,38.75747],[-9.09477,38.7581],[-9.09474,38.75818],[-9.0945,38.75873],[-9.09466,38.75937],[-9.09446,38.76],[-9.09441,38.76063],[-9.09474,38.76111],[-9.09491,38.76126],[-9.09479,38.76189],[-9.09497,38.76252],[-9.09537,38.76297],[-9.09551,38.76315],[-9.09537,38.7633],[-9.09474,38.7633],[-9.09452,38.76356],[-9.09433,38.76337],[-9.09453,38.76315],[-9.09457,38.76252],[-9.09411,38.76197],[-9.09402,38.76189],[-9.09372,38.76126],[-9.09387,38.76063],[-9.09388,38.76],[-9.09385,38.75937],[-9.09385,38.75873],[-9.09377,38.7581],[-9.09411,38.75762],[-9.09422,38.75747],[-9.09411,38.75725],[-9.09393,38.75684],[-9.09411,38.75665],[-9.09444,38.75621]]],[[[-9.09159,38.76764],[-9.09159,38.76756],[-9.09222,38.76693],[-9.09229,38.76693],[-9.09229,38.76756],[-9.09222,38.76764],[-9.09159,38.76764]]],[[[-9.09207,38.77766],[-9.09198,38.77703],[-9.092,38.77639],[-9.09199,38.77576],[-9.09216,38.77513],[-9.09214,38.7745],[-9.09159,38.77388],[-9.09158,38.77388],[-9.09159,38.77387],[-9.09158,38.77386],[-9.09159,38.77386],[-9.09222,38.77369],[-9.09237,38.77324],[-9.09285,38.773],[-9.09348,38.773],[-9.09401,38.77261],[-9.0938,38.77198],[-9.0938,38.77135],[-9.09357,38.77072],[-9.09348,38.7707],[-9.09285,38.7707],[-9.09222,38.77052],[-9.09159,38.77052],[-9.09159,38.77009],[-9.09159,38.76946],[-9.09159,38.76926],[-9.09222,38.76926],[-9.09249,38.76946],[-9.09238,38.77009],[-9.09285,38.77029],[-9.09348,38.77029],[-9.09411,38.7704],[-9.09457,38.77072],[-9.09454,38.77135],[-9.09454,38.77198],[-9.09473,38.77261],[-9.09474,38.77274],[-9.09488,38.77324],[-9.09474,38.77356],[-9.09465,38.77387],[-9.09411,38.77433],[-9.094,38.7745],[-9.09384,38.77513],[-9.09348,38.77551],[-9.09285,38.77551],[-9.09251,38.77576],[-9.09236,38.77639],[-9.09239,38.77703],[-9.09269,38.77766],[-9.09275,38.77829],[-9.09275,38.77892],[-9.09285,38.7791],[-9.09348,38.7791],[-9.09411,38.77906],[-9.09472,38.77955],[-9.09463,38.78018],[-9.09445,38.78081],[-9.09458,38.78144],[-9.09411,38.7817],[-9.0939,38.78207],[-9.09393,38.7827],[-9.09395,38.78333],[-9.09348,38.78346],[-9.09285,38.78346],[-9.09222,38.78378],[-9.09212,38.78396],[-9.0921,38.78459],[-9.09159,38.7851],[-9.09146,38.7851],[-9.0912,38.78483],[-9.09159,38.78483],[-9.09183,38.78459],[-9.09191,38.78396],[-9.09222,38.78339],[-9.09234,38.78333],[-9.09222,38.78318],[-9.09206,38.7827],[-9.0921,38.78207],[-9.09219,38.78144],[-9.09222,38.78136],[-9.09283,38.78081],[-9.09274,38.78018],[-9.09243,38.77955],[-9.09222,38.77923],[-9.09207,38.77892],[-9.09207,38.77829],[-9.09207,38.77766]]],[[[-9.09133,38.78611],[-9.09159,38.78586],[-9.09159,38.78578],[-9.09222,38.78578],[-9.09227,38.78586],[-9.0924,38.78649],[-9.09222,38.78712],[-9.09159,38.78753],[-9.09096,38.78753],[-9.09096,38.78712],[-9.09159,38.78712],[-9.09198,38.78649],[-9.09159,38.78611],[-9.09133,38.78611]]],[[[-9.09222,38.79516],[-9.09241,38.79532],[-9.09263,38.79595],[-9.09263,38.7963],[-9.09255,38.7963],[-9.09253,38.79621],[-9.09231,38.79618],[-9.0912,38.79619],[-9.09096,38.79595],[-9.09079,38.79578],[-9.09096,38.79578],[-9.09148,38.79532],[-9.09126,38.79469],[-9.09096,38.79432],[-9.09033,38.79432],[-9.09033,38.79406],[-9.09033,38.79342],[-9.09033,38.79279],[-9.09033,38.79254],[-9.09096,38.79254],[-9.09105,38.79279],[-9.09112,38.79342],[-9.09099,38.79406],[-9.0915,38.79469],[-9.09159,38.79492],[-9.09222,38.79516]]]]},"properties":{"class":2,"label":"−4 a −3","fill":"#4393c3"}},{"type":"Feature","geometry":{"type":"MultiPolygon","coordinates":[[[[-9.2089,38.69376],[-9.20827,38.69363],[-9.20764,38.69371],[-9.20707,38.69314],[-9.20742,38.69314],[-9.20764,38.69336],[-9.20827,38.69333],[-9.2089,38.69337],[-9.20953,38.69317],[-9.21017,38.69328],[-9.2108,38.69328],[-9.21143,38.69343],[-9.21206,38.6934],[-9.21242,38.69314],[-9.21269,38.69299],[-9.21332,38.69299],[-9.21395,38.69298],[-9.21458,38.69311],[-9.21481,38.69314],[-9.21521,38.69319],[-9.21527,38.69314],[-9.21584,38.69272],[-9.21647,38.69272],[-9.2171,38.69291],[-9.21773,38.69288],[-9.21822,38.69251],[-9.21822,38.69237],[-9.21837,38.69251],[-9.21863,38.69278],[-9.21863,38.69314],[-9.21837,38.69336],[-9.21776,38.69314],[-9.21773,38.69313],[-9.21768,38.69314],[-9.2171,38.69329],[-9.21683,38.69314],[-9.21647,38.69304],[-9.21584,38.69304],[-9.21571,38.69314],[-9.21521,38.69365],[-9.21458,38.69361],[-9.21395,38.69366],[-9.21332,38.69342],[-9.21269,38.69342],[-9.21206,38.69371],[-9.21165,38.69377],[-9.21165,38.6944],[-9.21143,38.6945],[-9.21128,38.6944],[-9.21128,38.69377],[-9.2108,38.69365],[-9.21017,38.69365],[-9.20953,38.69376],[-9.2089,38.69376]]],[[[-9.22227,38.69377],[-9.22215,38.69367],[-9.22152,38.69367],[-9.22109,38.69377],[-9.22109,38.6944],[-9.22089,38.6945],[-9.22059,38.6944],[-9.22059,38.69377],[-9.22026,38.69368],[-9.21963,38.69348],[-9.21928,38.69314],[-9.21963,38.69314],[-9.22026,38.69251],[-9.22071,38.69251],[-9.22071,38.69314],[-9.22089,38.69315],[-9.22152,38.69333],[-9.22215,38.69333],[-9.22267,38.69377],[-9.22267,38.6944],[-9.22278,38.69448],[-9.22341,38.69447],[-9.22404,38.69472],[-9.22467,38.69503],[-9.2253,38.69503],[-9.2253,38.6944],[-9.22572,38.69482],[-9.22572,38.69503],[-9.2253,38.69534],[-9.22467,38.69534],[-9.22413,38.69503],[-9.22404,38.69499],[-9.22341,38.69502],[-9.22278,38.6948],[-9.22227,38.6944],[-9.22227,38.69377]]],[[[-9.2266,38.69506],[-9.22684,38.6953],[-9.22684,38.69566],[-9.22656,38.69597],[-9.22613,38.69566],[-9.22613,38.69503],[-9.22651,38.69503],[-9.22651,38.69566],[-9.22656,38.6957],[-9.2266,38.69566],[-9.2266,38.69506]]],[[[-9.22909,38.69557],[-9.22921,38.69566],[-9.22955,38.69584],[-9.22947,38.69597],[-9.22909,38.69582],[-9.22846,38.69586],[-9.22829,38.69566],[-9.22801,38.69548],[-9.22813,38.69535],[-9.22846,38.69557],[-9.22909,38.69557]]],[[[-9.19162,38.69629],[-9.19162,38.69566],[-9.19187,38.69566],[-9.19227,38.69566],[-9.19227,38.69629],[-9.19187,38.69635],[-9.19124,38.6966],[-9.19061,38.69668],[-9.19016,38.69629],[-9.19037,38.69629],[-9.19061,38.6965],[-9.19124,38.69646],[-9.19162,38.69629]]],[[[-9.1877,38.69692],[-9.1877,38.69629],[-9.18809,38.69629],[-9.18834,38.69629],[-9.18834,38.69692],[-9.18809,38.69711],[-9.1877,38.69692]]],[[[-9.2007,38.69824],[-9.20067,38.69818],[-9.20029,38.69755],[-9.20007,38.69722],[-9.19966,38.69692],[-9.19951,38.69629],[-9.20007,38.69594],[-9.2007,38.69595],[-9.20134,38.69579],[-9.20197,38.69579],[-9.20215,38.69566],[-9.20221,38.69503],[-9.20197,38.69496],[-9.20134,38.69496],[-9.20113,38.69503],[-9.2007,38.69556],[-9.20007,38.69548],[-9.19944,38.69565],[-9.19881,38.69565],[-9.19818,38.69565],[-9.19755,38.69562],[-9.19692,38.69566],[-9.19692,38.69566],[-9.19629,38.69594],[-9.19566,38.69597],[-9.19503,38.69597],[-9.1944,38.69606],[-9.19377,38.69615],[-9.19318,38.69566],[-9.19351,38.69566],[-9.19377,38.69587],[-9.1944,38.69584],[-9.195,38.69566],[-9.195,38.69503],[-9.19503,38.69503],[-9.19566,38.69503],[-9.19629,38.69503],[-9.19692,38.69503],[-9.19717,38.69503],[-9.19755,38.69539],[-9.19818,38.6954],[-9.19881,38.6954],[-9.19944,38.69541],[-9.19995,38.69503],[-9.19995,38.6944],[-9.20007,38.6944],[-9.2007,38.6944],[-9.20082,38.6944],[-9.20134,38.69474],[-9.20197,38.69474],[-9.2026,38.69491],[-9.20307,38.69503],[-9.20323,38.69522],[-9.20386,38.69515],[-9.20449,38.69515],[-9.20487,38.69503],[-9.20512,38.69497],[-9.20575,38.69446],[-9.20583,38.6944],[-9.20583,38.69377],[-9.20583,38.69314],[-9.20634,38.69314],[-9.20634,38.69377],[-9.20634,38.6944],[-9.20575,38.6948],[-9.20546,38.69503],[-9.20512,38.69548],[-9.20449,38.69551],[-9.20386,38.69551],[-9.20359,38.69566],[-9.20386,38.69608],[-9.20449,38.69608],[-9.20512,38.69619],[-9.20544,38.69629],[-9.20512,38.69635],[-9.20449,38.69653],[-9.20386,38.69653],[-9.20351,38.69692],[-9.20323,38.69751],[-9.20321,38.69755],[-9.20323,38.69759],[-9.20386,38.69815],[-9.20449,38.69815],[-9.20452,38.69818],[-9.20449,38.69839],[-9.20386,38.69839],[-9.20323,38.69875],[-9.20319,38.69882],[-9.20323,38.69886],[-9.20348,38.69945],[-9.20323,38.69995],[-9.20307,38.70008],[-9.20307,38.70071],[-9.2026,38.70108],[-9.20217,38.70071],[-9.20217,38.70008],[-9.20223,38.69945],[-9.20199,38.69882],[-9.20197,38.69879],[-9.20134,38.69879],[-9.2007,38.69824]]],[[[-9.22152,38.69781],[-9.22114,38.69755],[-9.22152,38.69719],[-9.22215,38.69719],[-9.22251,38.69755],[-9.22215,38.69781],[-9.22152,38.69781]]],[[[-9.18368,38.70344],[-9.18348,38.70323],[-9.18368,38.70306],[-9.18431,38.70306],[-9.1845,38.70323],[-9.18431,38.70344],[-9.18368,38.70344]]],[[[-9.18304,38.70505],[-9.18257,38.70449],[-9.18241,38.70414],[-9.18178,38.70411],[-9.18165,38.70386],[-9.18178,38.70329],[-9.18241,38.70375],[-9.18304,38.70369],[-9.18323,38.70386],[-9.1836,38.70449],[-9.18368,38.70458],[-9.18431,38.70458],[-9.18494,38.70474],[-9.1852,38.70449],[-9.18557,38.70428],[-9.1862,38.70401],[-9.18683,38.70413],[-9.18746,38.70446],[-9.18809,38.70406],[-9.18817,38.70449],[-9.18809,38.70463],[-9.18746,38.70452],[-9.18683,38.70512],[-9.1862,38.70512],[-9.18557,38.70486],[-9.18531,38.70512],[-9.18494,38.70535],[-9.18431,38.70545],[-9.18368,38.70545],[-9.18313,38.70512],[-9.18304,38.70505]]],[[[-9.21083,38.70512],[-9.2108,38.70513],[-9.21077,38.70512],[-9.2108,38.70507],[-9.21083,38.70512]]],[[[-9.20897,38.70575],[-9.2089,38.70586],[-9.20886,38.70575],[-9.2089,38.70564],[-9.20897,38.70575]]],[[[-9.17926,38.70638],[-9.17923,38.70575],[-9.17926,38.70567],[-9.17933,38.70575],[-9.17926,38.70638]]],[[[-9.20826,38.70701],[-9.20826,38.70638],[-9.20827,38.70637],[-9.20831,38.70638],[-9.20829,38.70701],[-9.20827,38.70702],[-9.20826,38.70701]]],[[[-9.18211,38.70891],[-9.18178,38.70924],[-9.18147,38.70891],[-9.18178,38.70873],[-9.18211,38.70891]]],[[[-9.2007,38.71223],[-9.20007,38.71206],[-9.2007,38.71178],[-9.20134,38.71178],[-9.2015,38.71206],[-9.20134,38.71223],[-9.2007,38.71223]]],[[[-9.21066,38.71332],[-9.21017,38.71351],[-9.20953,38.71351],[-9.20942,38.71332],[-9.20939,38.71269],[-9.20953,38.71246],[-9.21017,38.71246],[-9.21066,38.71269],[-9.21066,38.71332]]],[[[-9.18494,38.74387],[-9.18443,38.7436],[-9.18431,38.74353],[-9.18368,38.7435],[-9.18304,38.7435],[-9.18267,38.74297],[-9.18241,38.7425],[-9.18212,38.74234],[-9.18178,38.7421],[-9.18139,38.7417],[-9.18115,38.74147],[-9.18052,38.74147],[-9.18002,38.74107],[-9.17989,38.74071],[-9.17942,38.74044],[-9.17926,38.74042],[-9.17863,38.74029],[-9.17827,38.73981],[-9.17827,38.73918],[-9.178,38.73885],[-9.17737,38.73885],[-9.17674,38.73894],[-9.17652,38.73918],[-9.1764,38.73981],[-9.17611,38.74],[-9.17586,38.73981],[-9.17586,38.73918],[-9.17548,38.73894],[-9.17484,38.73894],[-9.17438,38.73855],[-9.17421,38.73807],[-9.17415,38.73792],[-9.17392,38.73729],[-9.1737,38.73666],[-9.17358,38.73649],[-9.17323,38.73603],[-9.17299,38.7354],[-9.17295,38.73529],[-9.17274,38.73477],[-9.17294,38.73414],[-9.17295,38.73412],[-9.17358,38.73368],[-9.17401,38.73351],[-9.17367,38.73287],[-9.17389,38.73224],[-9.17387,38.73161],[-9.17386,38.73098],[-9.17358,38.73065],[-9.17339,38.73035],[-9.17336,38.72972],[-9.17304,38.72909],[-9.17295,38.72898],[-9.17279,38.72846],[-9.17281,38.72783],[-9.17283,38.7272],[-9.17295,38.727],[-9.17318,38.72657],[-9.17321,38.72594],[-9.1734,38.72531],[-9.17295,38.7249],[-9.17282,38.72468],[-9.17295,38.72445],[-9.17344,38.72404],[-9.17295,38.72376],[-9.17257,38.72341],[-9.17232,38.72308],[-9.17169,38.72308],[-9.17139,38.72278],[-9.17169,38.72232],[-9.17232,38.72232],[-9.17295,38.72221],[-9.173,38.72215],[-9.17295,38.72203],[-9.17247,38.72152],[-9.17295,38.72122],[-9.17325,38.72089],[-9.17349,38.72026],[-9.17295,38.71984],[-9.17279,38.72026],[-9.17232,38.72045],[-9.17169,38.72045],[-9.1712,38.72026],[-9.17106,38.72002],[-9.17098,38.72026],[-9.17043,38.72064],[-9.16998,38.72089],[-9.1698,38.72102],[-9.16917,38.72102],[-9.16854,38.72093],[-9.16848,38.72089],[-9.16847,38.72026],[-9.16847,38.71963],[-9.1684,38.719],[-9.16854,38.71862],[-9.16917,38.71837],[-9.1698,38.71837],[-9.17004,38.719],[-9.17043,38.71918],[-9.17067,38.719],[-9.17106,38.71861],[-9.17169,38.71886],[-9.17232,38.71886],[-9.17285,38.71837],[-9.17295,38.71803],[-9.17358,38.71797],[-9.17372,38.71774],[-9.17378,38.71711],[-9.17358,38.71658],[-9.1732,38.71648],[-9.17312,38.71584],[-9.17295,38.71562],[-9.17251,38.71584],[-9.17232,38.71591],[-9.17169,38.71591],[-9.1716,38.71584],[-9.17169,38.71561],[-9.17232,38.71561],[-9.1725,38.71521],[-9.17232,38.71497],[-9.17169,38.71497],[-9.17106,38.71483],[-9.17093,38.71458],[-9.17106,38.71449],[-9.17142,38.71395],[-9.17142,38.71332],[-9.17158,38.71269],[-9.17169,38.71264],[-9.17232,38.71264],[-9.1725,38.71269],[-9.17295,38.71292],[-9.17314,38.71269],[-9.17358,38.71242],[-9.17421,38.71262],[-9.17437,38.71269],[-9.17421,38.71295],[-9.17394,38.71332],[-9.17394,38.71395],[-9.17421,38.71403],[-9.17458,38.71395],[-9.17484,38.71369],[-9.17548,38.71369],[-9.17583,38.71395],[-9.17611,38.71401],[-9.17627,38.71395],[-9.17627,38.71332],[-9.17674,38.71286],[-9.17737,38.71273],[-9.17772,38.71332],[-9.178,38.7136],[-9.17835,38.71395],[-9.17863,38.71421],[-9.17926,38.71402],[-9.17989,38.71403],[-9.18,38.71395],[-9.18,38.71332],[-9.18021,38.71269],[-9.18052,38.71248],[-9.18115,38.71248],[-9.18149,38.71206],[-9.18178,38.71184],[-9.18241,38.71168],[-9.18304,38.71183],[-9.18344,38.71143],[-9.18368,38.71116],[-9.18431,38.71116],[-9.18494,38.7112],[-9.18557,38.71122],[-9.18616,38.7108],[-9.1862,38.71076],[-9.18683,38.71076],[-9.18746,38.71043],[-9.18801,38.7108],[-9.18809,38.71085],[-9.18817,38.7108],[-9.18872,38.71048],[-9.18923,38.71017],[-9.18935,38.71],[-9.18998,38.71],[-9.19061,38.71],[-9.19088,38.71017],[-9.19124,38.71024],[-9.19175,38.7108],[-9.19187,38.71097],[-9.19209,38.71143],[-9.19187,38.71196],[-9.19183,38.71206],[-9.19187,38.71222],[-9.19237,38.71269],[-9.19251,38.71288],[-9.19314,38.71288],[-9.19335,38.71332],[-9.19335,38.71395],[-9.19314,38.71454],[-9.19251,38.71454],[-9.19249,38.71458],[-9.19251,38.7146],[-9.19314,38.7146],[-9.19377,38.71521],[-9.19393,38.71584],[-9.1944,38.7161],[-9.19503,38.71611],[-9.19566,38.71611],[-9.19621,38.71584],[-9.19629,38.71581],[-9.19692,38.71567],[-9.19755,38.71555],[-9.19818,38.71533],[-9.19881,38.71533],[-9.19888,38.71521],[-9.19943,38.71458],[-9.19944,38.71456],[-9.19973,38.71395],[-9.19973,38.71332],[-9.20007,38.71274],[-9.2007,38.71295],[-9.20134,38.71295],[-9.20197,38.71279],[-9.20224,38.71269],[-9.2026,38.71241],[-9.20323,38.7123],[-9.20384,38.71269],[-9.20386,38.71272],[-9.20449,38.71272],[-9.20503,38.71332],[-9.20512,38.71349],[-9.20555,38.71395],[-9.20516,38.71458],[-9.20512,38.71462],[-9.20503,38.71521],[-9.20512,38.71537],[-9.20575,38.71553],[-9.20638,38.71558],[-9.20667,38.71584],[-9.20701,38.71602],[-9.20764,38.71602],[-9.20827,38.71613],[-9.2089,38.71607],[-9.20953,38.71591],[-9.21017,38.71591],[-9.21024,38.71584],[-9.21049,38.71521],[-9.21046,38.71458],[-9.21063,38.71395],[-9.2108,38.71348],[-9.21085,38.71332],[-9.21087,38.71269],[-9.2108,38.71241],[-9.21069,38.71206],[-9.21074,38.71143],[-9.2108,38.71141],[-9.21143,38.71143],[-9.21206,38.71148],[-9.21211,38.71143],[-9.21269,38.71111],[-9.21332,38.71111],[-9.21395,38.7113],[-9.21434,38.71143],[-9.21458,38.7116],[-9.21521,38.71159],[-9.21544,38.71143],[-9.21568,38.7108],[-9.21559,38.71017],[-9.21575,38.70954],[-9.21557,38.70891],[-9.21521,38.7087],[-9.21458,38.70839],[-9.21439,38.70828],[-9.21409,38.70765],[-9.21395,38.70751],[-9.21349,38.70701],[-9.21349,38.70638],[-9.21332,38.70624],[-9.21269,38.70624],[-9.21235,38.70575],[-9.21206,38.70531],[-9.21169,38.70512],[-9.21145,38.70449],[-9.21194,38.70386],[-9.21206,38.70379],[-9.21237,38.70323],[-9.21242,38.7026],[-9.21225,38.70197],[-9.21206,38.70176],[-9.21161,38.70134],[-9.21143,38.70115],[-9.21095,38.70071],[-9.21095,38.70008],[-9.2108,38.69971],[-9.21017,38.69971],[-9.21009,38.69945],[-9.21017,38.69891],[-9.2108,38.69891],[-9.21081,38.69882],[-9.21095,38.69818],[-9.21081,38.69755],[-9.2108,38.69753],[-9.21017,38.69753],[-9.20973,38.69692],[-9.21003,38.69629],[-9.21017,38.69621],[-9.2108,38.69621],[-9.21143,38.69568],[-9.21206,38.69568],[-9.21216,38.69566],[-9.21206,38.69563],[-9.2119,38.69503],[-9.21206,38.69471],[-9.21269,38.69499],[-9.21332,38.69499],[-9.21395,38.69503],[-9.21458,38.69527],[-9.21511,38.69503],[-9.21521,38.69493],[-9.21584,38.69503],[-9.21647,38.69503],[-9.2171,38.69556],[-9.21723,38.69566],[-9.21773,38.69589],[-9.21837,38.69598],[-9.219,38.69598],[-9.21963,38.69619],[-9.21975,38.69629],[-9.22026,38.69677],[-9.22038,38.69692],[-9.22053,38.69755],[-9.22089,38.69812],[-9.22092,38.69818],[-9.2211,38.69882],[-9.2212,38.69945],[-9.2212,38.70008],[-9.2214,38.70071],[-9.22152,38.70074],[-9.22215,38.70074],[-9.2222,38.70071],[-9.22257,38.70008],[-9.22278,38.69999],[-9.22326,38.70008],[-9.22341,38.7002],[-9.22349,38.70008],[-9.22404,38.69985],[-9.22467,38.69972],[-9.2253,38.69972],[-9.22587,38.70008],[-9.22593,38.70012],[-9.22615,38.70071],[-9.22624,38.70134],[-9.22629,38.70197],[-9.22644,38.70223],[-9.22607,38.70419],[-9.2257,38.7046],[-9.2257,38.70449],[-9.2253,38.70445],[-9.22467,38.70445],[-9.22464,38.70449],[-9.22467,38.70512],[-9.22467,38.70522],[-9.22391,38.70569],[-9.22246,38.7064],[-9.22224,38.70657],[-9.22215,38.70676],[-9.2222,38.70708],[-9.22308,38.70868],[-9.22314,38.70904],[-9.22278,38.70904],[-9.22263,38.70954],[-9.22278,38.7098],[-9.22328,38.7098],[-9.22333,38.71008],[-9.22325,38.71074],[-9.22301,38.71169],[-9.22278,38.71169],[-9.22253,38.71206],[-9.22238,38.71269],[-9.22215,38.71311],[-9.22152,38.71311],[-9.22145,38.71332],[-9.22131,38.71395],[-9.22089,38.71445],[-9.22083,38.71458],[-9.22063,38.71521],[-9.22026,38.71566],[-9.21987,38.71584],[-9.21963,38.71592],[-9.219,38.71636],[-9.21837,38.71636],[-9.21773,38.71625],[-9.21719,38.71648],[-9.2171,38.71654],[-9.21704,38.71648],[-9.21647,38.71598],[-9.21584,38.71609],[-9.21539,38.71584],[-9.21568,38.71521],[-9.21521,38.71513],[-9.21502,38.71521],[-9.21458,38.71547],[-9.21395,38.71584],[-9.21332,38.7163],[-9.21269,38.7163],[-9.21254,38.71648],[-9.21269,38.71676],[-9.21332,38.71676],[-9.2137,38.71711],[-9.21332,38.71754],[-9.21269,38.71754],[-9.21206,38.71758],[-9.212,38.71774],[-9.21206,38.71837],[-9.21269,38.71809],[-9.21332,38.71809],[-9.21395,38.71782],[-9.21458,38.71784],[-9.21477,38.71774],[-9.21521,38.71734],[-9.21584,38.71734],[-9.21619,38.71774],[-9.21584,38.71834],[-9.21521,38.71834],[-9.2152,38.71837],[-9.21479,38.719],[-9.21479,38.71963],[-9.21458,38.71987],[-9.21395,38.72004],[-9.21336,38.72026],[-9.21332,38.72027],[-9.21269,38.72027],[-9.21206,38.72058],[-9.21158,38.72089],[-9.21143,38.721],[-9.2108,38.72134],[-9.21061,38.72152],[-9.21044,38.72215],[-9.21044,38.72247],[-9.20866,38.72357],[-9.20866,38.72341],[-9.2089,38.7232],[-9.20921,38.72278],[-9.20935,38.72215],[-9.20928,38.72152],[-9.2089,38.72106],[-9.20853,38.72089],[-9.20827,38.72062],[-9.20812,38.72026],[-9.20812,38.71963],[-9.20827,38.71945],[-9.2086,38.719],[-9.2089,38.71868],[-9.20953,38.7185],[-9.21017,38.7185],[-9.21047,38.71837],[-9.21046,38.71774],[-9.21075,38.71711],[-9.2108,38.71706],[-9.2114,38.71648],[-9.21143,38.71645],[-9.21206,38.71615],[-9.21233,38.71584],[-9.21269,38.71561],[-9.21332,38.71561],[-9.21369,38.71521],[-9.21395,38.71466],[-9.21413,38.71458],[-9.21458,38.71401],[-9.21521,38.71411],[-9.2155,38.71458],[-9.21584,38.71485],[-9.21647,38.71485],[-9.2171,38.71493],[-9.21753,38.71521],[-9.21773,38.71546],[-9.21837,38.71569],[-9.219,38.71569],[-9.21963,38.71562],[-9.22025,38.71521],[-9.22026,38.71521],[-9.2206,38.71458],[-9.22089,38.71399],[-9.22092,38.71395],[-9.22119,38.71332],[-9.22132,38.71269],[-9.22152,38.71228],[-9.22215,38.71228],[-9.22223,38.71206],[-9.22264,38.71143],[-9.22258,38.7108],[-9.22252,38.71017],[-9.22221,38.70954],[-9.22215,38.70928],[-9.22152,38.70928],[-9.22144,38.70891],[-9.22152,38.70874],[-9.22215,38.70874],[-9.22243,38.70828],[-9.22225,38.70765],[-9.22215,38.70728],[-9.22152,38.70728],[-9.22148,38.70701],[-9.22148,38.70638],[-9.22152,38.70635],[-9.22215,38.70635],[-9.2227,38.70575],[-9.22278,38.70538],[-9.22341,38.70534],[-9.224,38.70512],[-9.22403,38.70449],[-9.22404,38.70448],[-9.22455,38.70386],[-9.22467,38.70346],[-9.2253,38.70346],[-9.22538,38.70323],[-9.22565,38.7026],[-9.22576,38.70197],[-9.22556,38.70134],[-9.2253,38.70109],[-9.22467,38.70109],[-9.22404,38.70105],[-9.22341,38.70108],[-9.22278,38.70095],[-9.22215,38.70128],[-9.22152,38.70128],[-9.22089,38.70132],[-9.22026,38.70126],[-9.21985,38.70071],[-9.21985,38.70008],[-9.21963,38.69945],[-9.219,38.69954],[-9.21837,38.69954],[-9.21833,38.69945],[-9.21803,38.69882],[-9.21773,38.69841],[-9.2171,38.69857],[-9.21674,38.69818],[-9.21651,38.69755],[-9.21647,38.69751],[-9.21584,38.69751],[-9.21521,38.69713],[-9.21476,38.69692],[-9.21458,38.69686],[-9.21395,38.69688],[-9.21388,38.69692],[-9.21332,38.6971],[-9.21269,38.6971],[-9.21206,38.69711],[-9.21156,38.69755],[-9.21158,38.69818],[-9.21143,38.69865],[-9.2114,38.69882],[-9.21133,38.69945],[-9.21143,38.69966],[-9.21194,38.70008],[-9.21194,38.70071],[-9.21206,38.70083],[-9.21246,38.70134],[-9.21269,38.70161],[-9.21332,38.70161],[-9.21345,38.70197],[-9.21363,38.7026],[-9.21368,38.70323],[-9.21332,38.70378],[-9.21269,38.70378],[-9.21265,38.70386],[-9.21269,38.70411],[-9.21332,38.70411],[-9.21338,38.70449],[-9.21371,38.70512],[-9.21395,38.70551],[-9.21439,38.70575],[-9.21458,38.70588],[-9.21485,38.70638],[-9.21485,38.70701],[-9.21521,38.70761],[-9.21523,38.70765],[-9.21528,38.70828],[-9.21584,38.70849],[-9.21647,38.70849],[-9.21679,38.70891],[-9.21695,38.70954],[-9.2171,38.70974],[-9.21733,38.71017],[-9.21712,38.7108],[-9.2171,38.71083],[-9.21686,38.71143],[-9.2167,38.71206],[-9.21647,38.71233],[-9.21584,38.71233],[-9.21546,38.71269],[-9.2155,38.71332],[-9.21521,38.71378],[-9.21458,38.71332],[-9.21458,38.71269],[-9.21395,38.71261],[-9.21332,38.71236],[-9.21269,38.71236],[-9.21206,38.71242],[-9.21181,38.71269],[-9.21164,38.71332],[-9.21143,38.7134],[-9.21109,38.71395],[-9.2108,38.7144],[-9.21072,38.71458],[-9.21068,38.71521],[-9.21059,38.71584],[-9.21017,38.71626],[-9.20953,38.71626],[-9.2089,38.71633],[-9.20833,38.71648],[-9.20827,38.71649],[-9.20823,38.71648],[-9.20764,38.71628],[-9.20701,38.71628],[-9.20638,38.71611],[-9.20575,38.71623],[-9.20512,38.71605],[-9.20485,38.71584],[-9.20456,38.71521],[-9.20449,38.71506],[-9.20386,38.71506],[-9.20333,38.71458],[-9.20323,38.71446],[-9.2026,38.71406],[-9.20237,38.71395],[-9.20237,38.71332],[-9.20197,38.71326],[-9.20176,38.71332],[-9.20176,38.71395],[-9.20134,38.71406],[-9.2007,38.71406],[-9.20007,38.71425],[-9.1999,38.71458],[-9.19944,38.71511],[-9.19935,38.71521],[-9.19922,38.71584],[-9.19881,38.71628],[-9.19818,38.71628],[-9.19809,38.71648],[-9.19755,38.71683],[-9.19692,38.71673],[-9.19631,38.71711],[-9.19629,38.71712],[-9.19624,38.71711],[-9.19566,38.71676],[-9.19503,38.71676],[-9.19463,38.71648],[-9.1944,38.7164],[-9.19377,38.71636],[-9.19367,38.71648],[-9.19314,38.71696],[-9.19251,38.71696],[-9.19238,38.71711],[-9.19187,38.71754],[-9.19124,38.71764],[-9.19109,38.71774],[-9.19061,38.71784],[-9.18998,38.71796],[-9.18935,38.71796],[-9.18885,38.71837],[-9.18872,38.71843],[-9.18809,38.71844],[-9.18772,38.71837],[-9.18746,38.71832],[-9.18683,38.71798],[-9.1862,38.71798],[-9.18576,38.71774],[-9.18586,38.71711],[-9.1862,38.71671],[-9.18683,38.71671],[-9.18705,38.71648],[-9.18746,38.71588],[-9.18776,38.71584],[-9.18809,38.71574],[-9.18824,38.71584],[-9.18872,38.71601],[-9.18922,38.71648],[-9.18935,38.71661],[-9.18998,38.71661],[-9.19017,38.71648],[-9.19061,38.71594],[-9.19072,38.71584],[-9.19124,38.71521],[-9.19187,38.71523],[-9.19193,38.71521],[-9.19197,38.71458],[-9.192,38.71395],[-9.19187,38.71371],[-9.19171,38.71332],[-9.19161,38.71269],[-9.19154,38.71206],[-9.19153,38.71143],[-9.19128,38.7108],[-9.19124,38.71076],[-9.19061,38.71058],[-9.18998,38.71052],[-9.18935,38.71052],[-9.18882,38.7108],[-9.18872,38.71087],[-9.18809,38.71123],[-9.18747,38.71143],[-9.18746,38.71144],[-9.18745,38.71143],[-9.18683,38.7111],[-9.1862,38.7111],[-9.18571,38.71143],[-9.18557,38.71159],[-9.18494,38.71144],[-9.18431,38.71161],[-9.18368,38.71161],[-9.18324,38.71206],[-9.18304,38.71237],[-9.18241,38.71236],[-9.18216,38.71269],[-9.18178,38.71328],[-9.18176,38.71332],[-9.18178,38.71344],[-9.18197,38.71395],[-9.18195,38.71458],[-9.18178,38.71479],[-9.18115,38.71515],[-9.18052,38.71515],[-9.18031,38.71521],[-9.17989,38.71528],[-9.1795,38.71521],[-9.17935,38.71458],[-9.17926,38.71451],[-9.17915,38.71458],[-9.17863,38.71486],[-9.178,38.71514],[-9.17737,38.71514],[-9.17717,38.71521],[-9.17737,38.71549],[-9.178,38.71549],[-9.17807,38.71584],[-9.178,38.71597],[-9.17737,38.71597],[-9.17674,38.71594],[-9.17611,38.71639],[-9.17548,38.71638],[-9.17484,38.71638],[-9.17481,38.71648],[-9.17484,38.71664],[-9.17548,38.71664],[-9.17611,38.7169],[-9.17615,38.71711],[-9.17626,38.71774],[-9.17611,38.71828],[-9.17548,38.71827],[-9.17484,38.71827],[-9.17463,38.71837],[-9.17484,38.71889],[-9.17548,38.71889],[-9.17554,38.719],[-9.17548,38.71931],[-9.17484,38.71931],[-9.17483,38.71963],[-9.17482,38.72026],[-9.17484,38.72031],[-9.17548,38.72031],[-9.17611,38.72042],[-9.17623,38.72089],[-9.17611,38.72096],[-9.17574,38.72152],[-9.17548,38.72201],[-9.17484,38.72201],[-9.17475,38.72215],[-9.1748,38.72278],[-9.17484,38.72282],[-9.17548,38.72282],[-9.17592,38.72341],[-9.17548,38.7237],[-9.17484,38.7237],[-9.17421,38.72373],[-9.17419,38.72404],[-9.17421,38.7242],[-9.17435,38.72468],[-9.17421,38.72487],[-9.17407,38.72531],[-9.17379,38.72594],[-9.17376,38.72657],[-9.17368,38.7272],[-9.17358,38.72753],[-9.17347,38.72783],[-9.17358,38.72794],[-9.17387,38.72846],[-9.17383,38.72909],[-9.17421,38.72961],[-9.17458,38.72972],[-9.17453,38.73035],[-9.17449,38.73098],[-9.17479,38.73161],[-9.17482,38.73224],[-9.17482,38.73287],[-9.17443,38.73351],[-9.17421,38.73385],[-9.17373,38.73414],[-9.17358,38.73433],[-9.17326,38.73477],[-9.17338,38.7354],[-9.17358,38.73572],[-9.17388,38.73603],[-9.17421,38.73647],[-9.17433,38.73666],[-9.17444,38.73729],[-9.17484,38.73742],[-9.17548,38.73742],[-9.17596,38.73792],[-9.17611,38.73807],[-9.17627,38.73792],[-9.17674,38.7377],[-9.17706,38.73792],[-9.17737,38.73824],[-9.178,38.73824],[-9.17863,38.73838],[-9.17888,38.73855],[-9.17887,38.73918],[-9.17926,38.73977],[-9.17931,38.73981],[-9.17989,38.74004],[-9.18051,38.74044],[-9.18052,38.74048],[-9.18115,38.74048],[-9.18147,38.74107],[-9.18178,38.74138],[-9.18213,38.7417],[-9.18241,38.74191],[-9.18268,38.74234],[-9.18295,38.74297],[-9.18304,38.74311],[-9.18368,38.74311],[-9.18431,38.74313],[-9.18494,38.74346],[-9.18557,38.74356],[-9.18578,38.7436],[-9.1862,38.74368],[-9.18683,38.74368],[-9.18746,38.74383],[-9.18809,38.74383],[-9.18872,38.74392],[-9.18921,38.7436],[-9.18935,38.74354],[-9.18998,38.74354],[-9.19022,38.7436],[-9.19061,38.74372],[-9.19073,38.7436],[-9.19124,38.7433],[-9.19187,38.74318],[-9.19251,38.74318],[-9.19314,38.74303],[-9.19326,38.74297],[-9.19377,38.74268],[-9.1944,38.74257],[-9.19503,38.74257],[-9.19566,38.74257],[-9.19629,38.74258],[-9.19667,38.74234],[-9.19692,38.74216],[-9.19755,38.74203],[-9.19818,38.74203],[-9.19846,38.7417],[-9.19881,38.74143],[-9.19924,38.74107],[-9.19944,38.74056],[-9.1995,38.74044],[-9.19998,38.73981],[-9.20007,38.73975],[-9.20033,38.73918],[-9.20033,38.73855],[-9.20007,38.73794],[-9.20006,38.73792],[-9.20007,38.73786],[-9.20022,38.73729],[-9.20017,38.73666],[-9.20031,38.73603],[-9.20066,38.7354],[-9.2007,38.73532],[-9.20134,38.73532],[-9.20197,38.73503],[-9.20205,38.73477],[-9.2026,38.73425],[-9.20268,38.73414],[-9.20315,38.73351],[-9.20307,38.73287],[-9.20319,38.73224],[-9.20323,38.73217],[-9.20376,38.73161],[-9.20364,38.73098],[-9.20386,38.73076],[-9.20449,38.73076],[-9.20482,38.73035],[-9.20512,38.72986],[-9.20531,38.72972],[-9.20575,38.72921],[-9.20638,38.72911],[-9.20701,38.72911],[-9.20764,38.7296],[-9.20827,38.72926],[-9.20848,38.72909],[-9.2084,38.72846],[-9.20867,38.72783],[-9.20831,38.7272],[-9.20827,38.727],[-9.208,38.72657],[-9.2079,38.72594],[-9.2079,38.72531],[-9.20786,38.72468],[-9.20808,38.72454],[-9.20872,38.72648],[-9.20864,38.72657],[-9.20869,38.7272],[-9.2089,38.72747],[-9.20905,38.72747],[-9.20929,38.72821],[-9.20896,38.72846],[-9.20895,38.72909],[-9.2089,38.72936],[-9.20827,38.72964],[-9.20815,38.72972],[-9.20764,38.72997],[-9.20723,38.72972],[-9.20701,38.72952],[-9.20638,38.72952],[-9.20596,38.72972],[-9.20575,38.72987],[-9.20512,38.73028],[-9.20507,38.73035],[-9.20463,38.73098],[-9.20472,38.73161],[-9.20449,38.732],[-9.20386,38.732],[-9.20363,38.73224],[-9.20355,38.73287],[-9.20364,38.73351],[-9.20323,38.7339],[-9.20305,38.73414],[-9.2026,38.73472],[-9.20255,38.73477],[-9.20231,38.7354],[-9.20197,38.73584],[-9.20165,38.73603],[-9.20159,38.73666],[-9.20136,38.73729],[-9.20134,38.7375],[-9.2007,38.7375],[-9.20063,38.73792],[-9.20057,38.73855],[-9.20057,38.73918],[-9.20029,38.73981],[-9.20007,38.74014],[-9.19982,38.74044],[-9.19952,38.74107],[-9.19944,38.74116],[-9.19881,38.74164],[-9.19873,38.7417],[-9.19822,38.74234],[-9.19818,38.74237],[-9.19755,38.74237],[-9.19692,38.74261],[-9.19629,38.74285],[-9.19583,38.74297],[-9.19566,38.74304],[-9.19503,38.74304],[-9.19469,38.74297],[-9.1944,38.74292],[-9.19403,38.74297],[-9.19377,38.74304],[-9.19314,38.7433],[-9.19251,38.74342],[-9.19187,38.74342],[-9.19124,38.74347],[-9.19102,38.7436],[-9.19061,38.74401],[-9.18998,38.74423],[-9.18935,38.74423],[-9.18872,38.74436],[-9.18842,38.74423],[-9.18809,38.74416],[-9.18746,38.74417],[-9.18683,38.74409],[-9.1862,38.74409],[-9.18557,38.74397],[-9.18494,38.74387]],[[-9.21132,38.71206],[-9.21143,38.71208],[-9.21145,38.71206],[-9.21143,38.71143],[-9.21132,38.71206]],[[-9.21143,38.71822],[-9.21138,38.71837],[-9.21143,38.71875],[-9.21206,38.71837],[-9.21143,38.71822]],[[-9.17484,38.73852],[-9.17483,38.73855],[-9.17484,38.73857],[-9.17548,38.73857],[-9.17551,38.73855],[-9.17548,38.73852],[-9.17484,38.73852]],[[-9.17299,38.71458],[-9.17295,38.71452],[-9.17288,38.71458],[-9.17295,38.71463],[-9.17299,38.71458]],[[-9.21395,38.71873],[-9.21367,38.719],[-9.21382,38.71963],[-9.21395,38.71969],[-9.21414,38.71963],[-9.21414,38.719],[-9.21395,38.71873]],[[-9.20953,38.71896],[-9.20917,38.719],[-9.20953,38.71908],[-9.21017,38.71908],[-9.21031,38.719],[-9.21017,38.71896],[-9.20953,38.71896]],[[-9.19759,38.71648],[-9.19755,38.71637],[-9.1974,38.71648],[-9.19755,38.7165],[-9.19759,38.71648]],[[-9.19187,38.7159],[-9.19136,38.71648],[-9.19183,38.71711],[-9.19187,38.71711],[-9.19188,38.71711],[-9.19245,38.71648],[-9.19187,38.7159]],[[-9.19065,38.71711],[-9.19061,38.71707],[-9.19059,38.71711],[-9.19061,38.71716],[-9.19065,38.71711]],[[-9.18809,38.71609],[-9.18746,38.71627],[-9.18731,38.71648],[-9.18683,38.71699],[-9.1862,38.71699],[-9.1861,38.71711],[-9.18614,38.71774],[-9.1862,38.71777],[-9.18683,38.71777],[-9.18746,38.7181],[-9.18809,38.71816],[-9.18872,38.71776],[-9.18877,38.71774],[-9.18935,38.71724],[-9.18998,38.71724],[-9.19002,38.71711],[-9.18998,38.71708],[-9.18935,38.71708],[-9.18874,38.71648],[-9.18872,38.71646],[-9.18809,38.71609]],[[-9.17431,38.71648],[-9.17421,38.71631],[-9.17373,38.71648],[-9.17421,38.71662],[-9.17431,38.71648]],[[-9.17422,38.73035],[-9.17421,38.73034],[-9.17418,38.73035],[-9.17421,38.73038],[-9.17422,38.73035]]],[[[-9.1944,38.72126],[-9.19503,38.72103],[-9.19566,38.72103],[-9.19629,38.72126],[-9.19637,38.72152],[-9.19663,38.72215],[-9.19641,38.72278],[-9.19629,38.72319],[-9.19602,38.72278],[-9.19566,38.72256],[-9.19503,38.72256],[-9.1944,38.72237],[-9.19432,38.72215],[-9.1943,38.72152],[-9.1944,38.72126]]],[[[-9.20847,38.73035],[-9.20827,38.73052],[-9.20824,38.73035],[-9.20827,38.73018],[-9.20847,38.73035]]],[[[-9.18872,38.73524],[-9.18809,38.73525],[-9.18746,38.73517],[-9.18691,38.73477],[-9.18683,38.73472],[-9.1862,38.73472],[-9.18613,38.73477],[-9.18557,38.73503],[-9.1853,38.73477],[-9.18494,38.7342],[-9.18488,38.73414],[-9.18494,38.73399],[-9.18516,38.73351],[-9.18502,38.73287],[-9.18502,38.73224],[-9.18494,38.73197],[-9.18482,38.73161],[-9.18475,38.73098],[-9.18488,38.73035],[-9.18494,38.7302],[-9.18534,38.72972],[-9.18549,38.72909],[-9.18557,38.72896],[-9.1862,38.72905],[-9.18683,38.72905],[-9.18746,38.72863],[-9.18809,38.72889],[-9.18872,38.72884],[-9.18935,38.72887],[-9.18998,38.72887],[-9.19043,38.72909],[-9.19061,38.72927],[-9.19107,38.72972],[-9.19124,38.72986],[-9.1916,38.73035],[-9.19187,38.73086],[-9.19251,38.73086],[-9.19259,38.73098],[-9.19314,38.73139],[-9.19333,38.73161],[-9.19338,38.73224],[-9.19339,38.73287],[-9.19327,38.73351],[-9.19343,38.73414],[-9.19316,38.73477],[-9.19314,38.7348],[-9.19294,38.73477],[-9.19251,38.73469],[-9.19187,38.73469],[-9.19149,38.73477],[-9.19128,38.7354],[-9.19124,38.73542],[-9.19116,38.7354],[-9.19061,38.73512],[-9.19005,38.7354],[-9.18998,38.73543],[-9.18935,38.73543],[-9.18928,38.7354],[-9.18872,38.73524]],[[-9.19187,38.73436],[-9.19251,38.73436],[-9.19314,38.73429],[-9.1932,38.73414],[-9.19314,38.73393],[-9.19277,38.73351],[-9.19314,38.73295],[-9.19315,38.73287],[-9.19315,38.73224],[-9.19314,38.73208],[-9.19251,38.73161],[-9.19187,38.73161],[-9.19124,38.731],[-9.19123,38.73098],[-9.19124,38.73092],[-9.1913,38.73035],[-9.19124,38.73028],[-9.19073,38.73035],[-9.19061,38.73038],[-9.19058,38.73035],[-9.18998,38.72979],[-9.18935,38.72979],[-9.18931,38.72972],[-9.18872,38.72916],[-9.18809,38.72928],[-9.18771,38.72909],[-9.18746,38.72894],[-9.18724,38.72909],[-9.18683,38.72939],[-9.1862,38.72939],[-9.18573,38.72972],[-9.18557,38.72999],[-9.18529,38.73035],[-9.18503,38.73098],[-9.18544,38.73161],[-9.18529,38.73224],[-9.18529,38.73287],[-9.18557,38.73351],[-9.18582,38.73414],[-9.1862,38.73441],[-9.18683,38.73441],[-9.18746,38.73473],[-9.18809,38.73444],[-9.18835,38.73477],[-9.18872,38.73499],[-9.18924,38.73477],[-9.18935,38.73437],[-9.18998,38.73437],[-9.19061,38.73462],[-9.19117,38.73414],[-9.19124,38.73408],[-9.19133,38.73414],[-9.19187,38.73436]],[[-9.18557,38.7348],[-9.18564,38.73477],[-9.18557,38.73463],[-9.18553,38.73477],[-9.18557,38.7348]]],[[[-9.20217,38.74738],[-9.20221,38.74675],[-9.20239,38.74612],[-9.2026,38.74609],[-9.20264,38.74612],[-9.20273,38.74675],[-9.20285,38.74738],[-9.2026,38.74768],[-9.2022,38.74801],[-9.2026,38.74835],[-9.20293,38.74801],[-9.20323,38.74776],[-9.20386,38.74777],[-9.20449,38.74777],[-9.20494,38.74738],[-9.20512,38.7472],[-9.20545,38.74738],[-9.20575,38.74752],[-9.20603,38.74801],[-9.20575,38.7484],[-9.20544,38.74864],[-9.20512,38.749],[-9.20495,38.74927],[-9.20449,38.74969],[-9.20386,38.74936],[-9.20323,38.74936],[-9.20288,38.7499],[-9.2026,38.75011],[-9.2022,38.7499],[-9.20197,38.74967],[-9.20189,38.74927],[-9.20191,38.74864],[-9.20179,38.74801],[-9.20197,38.74765],[-9.20217,38.74738]]],[[[-9.18746,38.74866],[-9.18745,38.74864],[-9.18746,38.74863],[-9.18793,38.74801],[-9.18809,38.74743],[-9.18817,38.74738],[-9.18872,38.74722],[-9.18935,38.74722],[-9.18998,38.74738],[-9.19061,38.74764],[-9.1911,38.74801],[-9.19124,38.74819],[-9.19158,38.74864],[-9.19156,38.74927],[-9.19124,38.74942],[-9.19061,38.74958],[-9.18998,38.74953],[-9.18949,38.74927],[-9.18935,38.74916],[-9.18872,38.74916],[-9.18809,38.74927],[-9.18746,38.74866]],[[-9.18998,38.74866],[-9.19001,38.74864],[-9.18998,38.74843],[-9.18997,38.74864],[-9.18998,38.74866]]],[[[-9.19315,38.75054],[-9.19314,38.75055],[-9.19311,38.75054],[-9.19314,38.75047],[-9.19315,38.75054]]],[[[-9.20167,38.75117],[-9.20164,38.7518],[-9.2015,38.75243],[-9.20134,38.75264],[-9.2007,38.75264],[-9.20031,38.75243],[-9.20053,38.7518],[-9.20052,38.75117],[-9.2007,38.75079],[-9.20134,38.75079],[-9.20167,38.75117]]],[[[-9.19696,38.7518],[-9.19692,38.75183],[-9.1969,38.7518],[-9.19692,38.75177],[-9.19696,38.7518]]],[[[-9.18494,38.75327],[-9.18487,38.75306],[-9.18494,38.75288],[-9.18557,38.75278],[-9.18568,38.75306],[-9.18557,38.75321],[-9.18494,38.75327]]],[[[-9.17611,38.75469],[-9.17548,38.75447],[-9.17521,38.75432],[-9.17484,38.75389],[-9.17421,38.75389],[-9.17408,38.75369],[-9.17421,38.75316],[-9.17484,38.75316],[-9.17495,38.75306],[-9.17548,38.75286],[-9.17591,38.75243],[-9.17611,38.75211],[-9.17622,38.75243],[-9.17674,38.75266],[-9.17708,38.75243],[-9.17708,38.7518],[-9.17737,38.75166],[-9.178,38.75166],[-9.17863,38.75159],[-9.17926,38.7516],[-9.17949,38.7518],[-9.17953,38.75243],[-9.17989,38.753],[-9.17996,38.75306],[-9.18002,38.75369],[-9.17989,38.75374],[-9.17958,38.75432],[-9.17926,38.75468],[-9.17885,38.75495],[-9.17863,38.75513],[-9.17814,38.75495],[-9.178,38.7549],[-9.17737,38.7549],[-9.17729,38.75495],[-9.17674,38.75528],[-9.17637,38.75495],[-9.17611,38.75469]],[[-9.17674,38.75386],[-9.1771,38.75369],[-9.17674,38.75349],[-9.17632,38.75369],[-9.17674,38.75386]],[[-9.17926,38.75363],[-9.17863,38.75337],[-9.17831,38.75369],[-9.17863,38.75373],[-9.17926,38.75379],[-9.1793,38.75369],[-9.17926,38.75363]]],[[[-9.19616,38.75495],[-9.19629,38.7549],[-9.19692,38.75434],[-9.19694,38.75432],[-9.19725,38.75369],[-9.19755,38.75352],[-9.19818,38.75352],[-9.19859,38.75306],[-9.19881,38.75262],[-9.19944,38.75306],[-9.20007,38.7527],[-9.20025,38.75306],[-9.20007,38.75332],[-9.19989,38.75369],[-9.20007,38.75427],[-9.2007,38.75427],[-9.20134,38.75427],[-9.20141,38.75432],[-9.20197,38.75488],[-9.202,38.75495],[-9.20197,38.755],[-9.20134,38.75495],[-9.2007,38.75495],[-9.20007,38.75558],[-9.19944,38.7558],[-9.19881,38.75588],[-9.19818,38.75588],[-9.19755,38.75588],[-9.19692,38.75583],[-9.19656,38.75558],[-9.19629,38.75513],[-9.19616,38.75495]]],[[[-9.17667,38.76126],[-9.17611,38.76163],[-9.17577,38.76126],[-9.17611,38.7608],[-9.17629,38.76063],[-9.17674,38.76038],[-9.17713,38.76063],[-9.17737,38.76091],[-9.178,38.76091],[-9.17847,38.76126],[-9.17863,38.76165],[-9.17926,38.76185],[-9.17931,38.76189],[-9.17926,38.76201],[-9.17883,38.76252],[-9.17863,38.76263],[-9.178,38.76283],[-9.17737,38.76283],[-9.17702,38.76252],[-9.17689,38.76189],[-9.17683,38.76126],[-9.17674,38.76119],[-9.17667,38.76126]]],[[[-9.19432,38.77072],[-9.1944,38.7706],[-9.19451,38.77072],[-9.19451,38.77077],[-9.19442,38.77087],[-9.19432,38.77093],[-9.19432,38.77072]]],[[[-9.17043,38.69882],[-9.17106,38.69818],[-9.17169,38.69818],[-9.17232,38.69818],[-9.17289,38.69818],[-9.17289,38.69882],[-9.17232,38.69918],[-9.17169,38.69918],[-9.17106,38.69935],[-9.17043,38.69912],[-9.16989,38.69945],[-9.1698,38.69961],[-9.16917,38.69961],[-9.16895,38.69945],[-9.16895,38.69882],[-9.16917,38.69882],[-9.1698,38.69882],[-9.17043,38.69882]]],[[[-9.17484,38.69956],[-9.17462,38.69945],[-9.17425,38.69882],[-9.17421,38.6988],[-9.1736,38.69818],[-9.17375,38.69818],[-9.17421,38.69864],[-9.17467,38.69882],[-9.17484,38.69903],[-9.17548,38.69903],[-9.17582,38.69945],[-9.17611,38.69973],[-9.17674,38.69976],[-9.17732,38.69945],[-9.17713,38.69882],[-9.17737,38.69882],[-9.178,38.69818],[-9.17863,38.69818],[-9.17926,38.69818],[-9.17931,38.69818],[-9.17927,38.69882],[-9.17926,38.69883],[-9.17863,38.69897],[-9.178,38.69897],[-9.17767,38.69945],[-9.1774,38.70008],[-9.17737,38.70011],[-9.1771,38.70008],[-9.17674,38.70004],[-9.1765,38.70008],[-9.17611,38.70017],[-9.17599,38.70008],[-9.17548,38.69956],[-9.17484,38.69956]]],[[[-9.1616,38.70163],[-9.16223,38.70163],[-9.16286,38.70139],[-9.16293,38.70134],[-9.16286,38.70127],[-9.16242,38.70071],[-9.16286,38.70071],[-9.1632,38.70037],[-9.16349,38.70037],[-9.16412,38.70037],[-9.16472,38.70008],[-9.16472,38.69945],[-9.16475,38.69945],[-9.16538,38.69945],[-9.16601,38.69945],[-9.16665,38.69945],[-9.16728,38.69945],[-9.16791,38.69882],[-9.16836,38.69882],[-9.16836,38.69945],[-9.16791,38.69973],[-9.16728,38.69983],[-9.16695,38.70008],[-9.16682,38.70071],[-9.16682,38.70134],[-9.16665,38.70163],[-9.16601,38.70163],[-9.16575,38.70197],[-9.16601,38.70219],[-9.16665,38.70219],[-9.16693,38.7026],[-9.16665,38.7027],[-9.16601,38.7027],[-9.16538,38.70261],[-9.16475,38.70273],[-9.16412,38.70304],[-9.16349,38.70304],[-9.1631,38.70323],[-9.16286,38.70331],[-9.16223,38.70332],[-9.16218,38.70323],[-9.1616,38.70271],[-9.16138,38.7026],[-9.16135,38.70222],[-9.1616,38.70197],[-9.1616,38.70163]],[[-9.16286,38.70253],[-9.16337,38.70197],[-9.16286,38.70189],[-9.16272,38.70197],[-9.16286,38.70253]],[[-9.16571,38.70071],[-9.16538,38.70049],[-9.16499,38.70071],[-9.16499,38.70134],[-9.16538,38.70159],[-9.16571,38.70134],[-9.16571,38.70071]]],[[[-9.16801,38.70197],[-9.16791,38.702],[-9.16784,38.70197],[-9.16791,38.70186],[-9.16801,38.70197]]],[[[-9.15832,38.70891],[-9.15834,38.70828],[-9.15845,38.7082],[-9.15869,38.70828],[-9.15879,38.70891],[-9.15845,38.70918],[-9.15832,38.70891]]],[[[-9.15151,38.7111],[-9.15129,38.7108],[-9.15151,38.71056],[-9.15214,38.71056],[-9.15232,38.7108],[-9.15214,38.7111],[-9.15151,38.7111]]],[[[-9.16255,38.71648],[-9.16223,38.71614],[-9.16212,38.71648],[-9.16223,38.71692],[-9.16247,38.71711],[-9.16223,38.71742],[-9.16204,38.71774],[-9.1616,38.71788],[-9.16097,38.7178],[-9.16034,38.7178],[-9.15971,38.71774],[-9.16034,38.71768],[-9.16097,38.71768],[-9.16149,38.71711],[-9.16097,38.71682],[-9.16034,38.71682],[-9.16002,38.71648],[-9.15971,38.71627],[-9.15927,38.71648],[-9.15908,38.71662],[-9.15845,38.71679],[-9.15782,38.7167],[-9.15718,38.7167],[-9.15692,38.71648],[-9.15655,38.71606],[-9.15633,38.71584],[-9.15592,38.71544],[-9.15529,38.71584],[-9.15466,38.71584],[-9.15403,38.71555],[-9.15347,38.71521],[-9.1534,38.71507],[-9.15312,38.71458],[-9.1534,38.71409],[-9.15344,38.71395],[-9.15344,38.71332],[-9.1534,38.71318],[-9.15311,38.71269],[-9.15288,38.71206],[-9.1534,38.71159],[-9.15368,38.71143],[-9.15365,38.7108],[-9.15403,38.71051],[-9.15435,38.7108],[-9.15466,38.71121],[-9.15529,38.71121],[-9.15556,38.7108],[-9.15529,38.71041],[-9.15466,38.71041],[-9.15445,38.71017],[-9.15403,38.70972],[-9.1534,38.7098],[-9.15307,38.70954],[-9.15334,38.70891],[-9.1534,38.70884],[-9.15351,38.70891],[-9.15403,38.70934],[-9.15456,38.70891],[-9.15466,38.70885],[-9.15529,38.70885],[-9.15592,38.70886],[-9.15604,38.70891],[-9.15592,38.7091],[-9.15565,38.70954],[-9.15592,38.70978],[-9.15621,38.71017],[-9.15655,38.71031],[-9.15678,38.71017],[-9.15718,38.70987],[-9.15782,38.70987],[-9.15845,38.7098],[-9.15884,38.71017],[-9.15908,38.71038],[-9.15926,38.71017],[-9.15971,38.70954],[-9.15923,38.70891],[-9.15923,38.70828],[-9.15908,38.70774],[-9.15905,38.70765],[-9.15906,38.70701],[-9.15908,38.707],[-9.15914,38.70701],[-9.15914,38.70765],[-9.15971,38.70785],[-9.16022,38.70765],[-9.16022,38.70701],[-9.16023,38.70638],[-9.16034,38.70625],[-9.16097,38.70625],[-9.16118,38.70638],[-9.16113,38.70701],[-9.16113,38.70765],[-9.1616,38.70793],[-9.16177,38.70765],[-9.16177,38.70701],[-9.16182,38.70638],[-9.1616,38.70591],[-9.1615,38.70575],[-9.1616,38.70572],[-9.16223,38.70563],[-9.16286,38.70563],[-9.16349,38.70564],[-9.16412,38.70564],[-9.16475,38.70556],[-9.16538,38.70573],[-9.16547,38.70575],[-9.16601,38.70625],[-9.16665,38.70625],[-9.16701,38.70638],[-9.16728,38.7065],[-9.16785,38.70701],[-9.16783,38.70765],[-9.16785,38.70828],[-9.16791,38.70835],[-9.1681,38.70828],[-9.16806,38.70765],[-9.16798,38.70701],[-9.16854,38.70638],[-9.16901,38.70701],[-9.16897,38.70765],[-9.16917,38.70772],[-9.1698,38.70772],[-9.1703,38.70765],[-9.17032,38.70701],[-9.17043,38.70686],[-9.17106,38.7069],[-9.17121,38.70701],[-9.17121,38.70765],[-9.17143,38.70828],[-9.1715,38.70891],[-9.17106,38.70948],[-9.1709,38.70954],[-9.17106,38.70993],[-9.1711,38.71017],[-9.17106,38.71021],[-9.17079,38.71017],[-9.17043,38.71004],[-9.17036,38.71017],[-9.1698,38.71068],[-9.16917,38.71068],[-9.169,38.7108],[-9.16854,38.71119],[-9.16791,38.71134],[-9.1674,38.7108],[-9.16728,38.71055],[-9.16665,38.71038],[-9.16601,38.71038],[-9.16538,38.71056],[-9.16475,38.71045],[-9.16412,38.71061],[-9.16349,38.71054],[-9.16286,38.71054],[-9.16257,38.7108],[-9.16223,38.71134],[-9.16219,38.71143],[-9.16223,38.71157],[-9.1626,38.71206],[-9.16228,38.71269],[-9.16223,38.71276],[-9.162,38.71332],[-9.162,38.71395],[-9.16223,38.71455],[-9.16286,38.71458],[-9.16246,38.71521],[-9.16261,38.71584],[-9.16286,38.71607],[-9.16349,38.71607],[-9.16412,38.71615],[-9.16475,38.71648],[-9.16503,38.71711],[-9.16538,38.71731],[-9.16601,38.71764],[-9.16665,38.71764],[-9.1669,38.71774],[-9.16665,38.71799],[-9.16601,38.71799],[-9.16558,38.71837],[-9.16538,38.71842],[-9.16531,38.71837],[-9.16475,38.71783],[-9.16412,38.71796],[-9.16393,38.71774],[-9.16381,38.71711],[-9.16349,38.71684],[-9.16286,38.71684],[-9.16255,38.71648]],[[-9.16034,38.70992],[-9.16097,38.70992],[-9.16124,38.70954],[-9.16097,38.70945],[-9.16034,38.70945],[-9.15971,38.70954],[-9.16034,38.70992]],[[-9.15866,38.71521],[-9.15908,38.71583],[-9.15971,38.71578],[-9.15981,38.71584],[-9.16034,38.71611],[-9.16097,38.71611],[-9.16128,38.71584],[-9.16134,38.71521],[-9.16097,38.71462],[-9.16034,38.71462],[-9.16032,38.71458],[-9.15971,38.71413],[-9.15908,38.71417],[-9.1587,38.71458],[-9.15866,38.71521]],[[-9.15592,38.71182],[-9.15541,38.71206],[-9.15592,38.7124],[-9.15655,38.71269],[-9.15592,38.7131],[-9.15578,38.71332],[-9.15578,38.71395],[-9.15592,38.71411],[-9.15655,38.71434],[-9.15704,38.71458],[-9.15718,38.71479],[-9.15782,38.71479],[-9.15794,38.71458],[-9.15824,38.71395],[-9.15804,38.71332],[-9.15806,38.71269],[-9.15782,38.71221],[-9.15718,38.71221],[-9.15705,38.71206],[-9.15655,38.71181],[-9.15592,38.71182]],[[-9.16774,38.70954],[-9.16791,38.71001],[-9.16843,38.71017],[-9.16854,38.71019],[-9.16857,38.71017],[-9.16917,38.7096],[-9.1698,38.7096],[-9.16983,38.70954],[-9.1698,38.70946],[-9.16917,38.70946],[-9.16854,38.70933],[-9.16791,38.70926],[-9.16774,38.70954]],[[-9.16453,38.70828],[-9.16412,38.70871],[-9.16398,38.70891],[-9.16412,38.70908],[-9.16473,38.70954],[-9.16475,38.70955],[-9.16477,38.70954],[-9.16477,38.70891],[-9.16494,38.70828],[-9.16484,38.70765],[-9.16484,38.70701],[-9.16475,38.70696],[-9.16448,38.70701],[-9.16448,38.70765],[-9.16453,38.70828]],[[-9.16286,38.70786],[-9.16263,38.70828],[-9.16286,38.70856],[-9.16349,38.70856],[-9.16384,38.70828],[-9.16349,38.70786],[-9.16286,38.70786]],[[-9.15718,38.71136],[-9.15712,38.71143],[-9.15718,38.71168],[-9.15782,38.71168],[-9.15813,38.71143],[-9.15782,38.71136],[-9.15718,38.71136]],[[-9.16349,38.70628],[-9.16336,38.70638],[-9.16349,38.70662],[-9.16412,38.7068],[-9.16425,38.70638],[-9.16412,38.70628],[-9.16349,38.70628]]],[[[-9.16917,38.7154],[-9.16909,38.71521],[-9.16917,38.71511],[-9.1698,38.71511],[-9.17022,38.71521],[-9.1698,38.7154],[-9.16917,38.7154]]],[[[-9.17303,38.71711],[-9.17295,38.71726],[-9.17284,38.71711],[-9.17295,38.71679],[-9.17303,38.71711]]],[[[-9.15407,38.71711],[-9.15403,38.71718],[-9.15398,38.71711],[-9.15403,38.71701],[-9.15407,38.71711]]],[[[-9.15718,38.71868],[-9.15694,38.71837],[-9.15718,38.71797],[-9.15782,38.71797],[-9.15794,38.71837],[-9.15782,38.71868],[-9.15718,38.71868]]],[[[-9.15403,38.71841],[-9.15385,38.71837],[-9.15403,38.7183],[-9.15466,38.71832],[-9.15498,38.71837],[-9.15466,38.71841],[-9.15403,38.71841]]],[[[-9.15674,38.719],[-9.15655,38.71908],[-9.15651,38.719],[-9.15655,38.71886],[-9.15674,38.719]]],[[[-9.15718,38.72104],[-9.15714,38.72089],[-9.15718,38.72081],[-9.15782,38.72081],[-9.15793,38.72089],[-9.15782,38.72104],[-9.15718,38.72104]]],[[[-9.16286,38.72228],[-9.1628,38.72215],[-9.16286,38.72215],[-9.16349,38.72215],[-9.1635,38.72215],[-9.16349,38.72228],[-9.16286,38.72228]]],[[[-9.14205,38.74211],[-9.14186,38.7417],[-9.14169,38.74107],[-9.14187,38.74044],[-9.14142,38.7401],[-9.14079,38.74013],[-9.14052,38.73981],[-9.14052,38.73918],[-9.14059,38.73855],[-9.14043,38.73792],[-9.14067,38.73729],[-9.14063,38.73666],[-9.14052,38.73603],[-9.14015,38.73563],[-9.13952,38.73563],[-9.13938,38.7354],[-9.13938,38.73477],[-9.13952,38.73457],[-9.14015,38.73457],[-9.14058,38.73477],[-9.14068,38.7354],[-9.14079,38.73549],[-9.14142,38.73549],[-9.14148,38.7354],[-9.14142,38.73525],[-9.14093,38.73477],[-9.14111,38.73414],[-9.14079,38.73388],[-9.14015,38.73368],[-9.13952,38.73368],[-9.13939,38.73351],[-9.13939,38.73287],[-9.13952,38.73272],[-9.14015,38.73272],[-9.14046,38.73224],[-9.14079,38.73201],[-9.14142,38.7322],[-9.14205,38.73217],[-9.14268,38.73194],[-9.14331,38.73194],[-9.14381,38.73161],[-9.14394,38.73154],[-9.14422,38.73161],[-9.14457,38.73176],[-9.14474,38.73161],[-9.14457,38.73126],[-9.1445,38.73098],[-9.14457,38.73067],[-9.1452,38.73035],[-9.14507,38.72972],[-9.1452,38.72909],[-9.14478,38.72846],[-9.1452,38.7281],[-9.14541,38.72783],[-9.14522,38.7272],[-9.14522,38.72657],[-9.1452,38.72625],[-9.14457,38.72649],[-9.14435,38.72594],[-9.14457,38.7258],[-9.1452,38.72588],[-9.14526,38.72594],[-9.14583,38.7261],[-9.14646,38.7261],[-9.1467,38.72594],[-9.147,38.72531],[-9.14709,38.72525],[-9.14756,38.72468],[-9.14772,38.72419],[-9.1478,38.72404],[-9.14772,38.72394],[-9.14724,38.72341],[-9.14709,38.72328],[-9.14646,38.72301],[-9.14583,38.72301],[-9.14564,38.72278],[-9.1452,38.72217],[-9.14517,38.72215],[-9.14468,38.72152],[-9.14457,38.72127],[-9.14415,38.72089],[-9.14415,38.72026],[-9.14394,38.72017],[-9.14331,38.71993],[-9.14268,38.71993],[-9.14205,38.71968],[-9.14142,38.71979],[-9.14115,38.71963],[-9.14108,38.719],[-9.14105,38.71837],[-9.14142,38.71783],[-9.14156,38.71774],[-9.1416,38.71711],[-9.14142,38.71674],[-9.14129,38.71648],[-9.14142,38.71633],[-9.14158,38.71648],[-9.14205,38.71677],[-9.14262,38.71648],[-9.14268,38.7164],[-9.14331,38.7164],[-9.14365,38.71584],[-9.14394,38.71561],[-9.1442,38.71584],[-9.14457,38.71619],[-9.1452,38.71631],[-9.1457,38.71584],[-9.14575,38.71521],[-9.14583,38.71506],[-9.14646,38.71506],[-9.1466,38.71521],[-9.14674,38.71584],[-9.14709,38.71601],[-9.14772,38.71603],[-9.14811,38.71584],[-9.14772,38.71548],[-9.14744,38.71521],[-9.14709,38.71468],[-9.14698,38.71458],[-9.14698,38.71395],[-9.14709,38.71388],[-9.14754,38.71332],[-9.14772,38.71315],[-9.14835,38.71299],[-9.14898,38.71299],[-9.14962,38.71301],[-9.14985,38.71332],[-9.14985,38.71395],[-9.15017,38.71458],[-9.15025,38.71465],[-9.1504,38.71458],[-9.15088,38.71435],[-9.15133,38.71395],[-9.15133,38.71332],[-9.15151,38.71327],[-9.15214,38.71327],[-9.15256,38.71332],[-9.15256,38.71395],[-9.15244,38.71458],[-9.15226,38.71521],[-9.15242,38.71584],[-9.15214,38.71616],[-9.15151,38.71616],[-9.15133,38.71648],[-9.15134,38.71711],[-9.15126,38.71774],[-9.15151,38.71812],[-9.15214,38.71812],[-9.15234,38.71837],[-9.15214,38.71879],[-9.15151,38.71879],[-9.15141,38.719],[-9.15151,38.71911],[-9.15214,38.71911],[-9.15233,38.719],[-9.15277,38.71878],[-9.15317,38.719],[-9.15303,38.71963],[-9.1529,38.72026],[-9.1529,38.72089],[-9.15277,38.72121],[-9.15238,38.72152],[-9.15277,38.72205],[-9.15298,38.72215],[-9.1534,38.72228],[-9.15403,38.72227],[-9.15466,38.72227],[-9.15478,38.72215],[-9.15529,38.72178],[-9.15551,38.72215],[-9.15529,38.72278],[-9.15592,38.72282],[-9.15598,38.72278],[-9.15625,38.72215],[-9.15655,38.72183],[-9.15718,38.72171],[-9.15782,38.72171],[-9.15845,38.72164],[-9.15887,38.72152],[-9.15908,38.72144],[-9.15913,38.72152],[-9.15908,38.72164],[-9.15886,38.72215],[-9.15908,38.72267],[-9.15971,38.72275],[-9.16034,38.72265],[-9.16097,38.72265],[-9.1616,38.72271],[-9.16223,38.7226],[-9.16255,38.72278],[-9.16267,38.72341],[-9.16223,38.72377],[-9.16209,38.72404],[-9.16223,38.72468],[-9.16227,38.72531],[-9.16243,38.72594],[-9.16223,38.72604],[-9.1616,38.72604],[-9.16125,38.72594],[-9.16097,38.72584],[-9.16034,38.72584],[-9.16006,38.72594],[-9.15971,38.72646],[-9.15931,38.72594],[-9.15939,38.72531],[-9.15908,38.72514],[-9.15876,38.72531],[-9.15845,38.72579],[-9.15797,38.72594],[-9.15845,38.72621],[-9.15895,38.72657],[-9.15895,38.7272],[-9.15898,38.72783],[-9.15883,38.72846],[-9.1587,38.72909],[-9.15845,38.72922],[-9.15782,38.72966],[-9.15718,38.72966],[-9.15707,38.72972],[-9.15655,38.72988],[-9.15633,38.73035],[-9.15611,38.73098],[-9.15592,38.73142],[-9.15581,38.73161],[-9.15579,38.73224],[-9.15529,38.73262],[-9.15498,38.73287],[-9.15498,38.73351],[-9.15529,38.73405],[-9.15592,38.73393],[-9.15655,38.73391],[-9.1568,38.73414],[-9.15655,38.73472],[-9.15654,38.73477],[-9.15655,38.73492],[-9.15718,38.7354],[-9.15675,38.73603],[-9.15655,38.73638],[-9.15592,38.7366],[-9.15588,38.73666],[-9.15529,38.73726],[-9.15519,38.73729],[-9.15466,38.7375],[-9.15403,38.7375],[-9.1534,38.73762],[-9.15277,38.73765],[-9.15223,38.73792],[-9.15214,38.73798],[-9.15151,38.73798],[-9.15088,38.73796],[-9.15035,38.73855],[-9.15025,38.73875],[-9.14962,38.73872],[-9.14928,38.73855],[-9.14898,38.73819],[-9.14835,38.73819],[-9.14772,38.73816],[-9.14709,38.73801],[-9.14646,38.73828],[-9.14583,38.73838],[-9.1452,38.73838],[-9.14515,38.73855],[-9.1452,38.73871],[-9.14583,38.73871],[-9.1461,38.73918],[-9.1461,38.73981],[-9.14583,38.74016],[-9.1452,38.74016],[-9.14489,38.74044],[-9.14477,38.74107],[-9.14461,38.7417],[-9.14457,38.74173],[-9.14453,38.7417],[-9.14407,38.74107],[-9.14394,38.74098],[-9.14375,38.74107],[-9.14358,38.7417],[-9.14331,38.74221],[-9.14268,38.74221],[-9.14205,38.74211]],[[-9.14553,38.73098],[-9.14583,38.73132],[-9.14646,38.73154],[-9.14709,38.7312],[-9.14772,38.73143],[-9.14803,38.73161],[-9.14817,38.73224],[-9.14835,38.7327],[-9.14898,38.7327],[-9.1492,38.73224],[-9.14939,38.73161],[-9.14962,38.73134],[-9.14986,38.73161],[-9.15025,38.73184],[-9.15088,38.73188],[-9.15102,38.73161],[-9.15088,38.73138],[-9.15048,38.73098],[-9.15046,38.73035],[-9.15033,38.72972],[-9.15025,38.72953],[-9.14985,38.72909],[-9.14962,38.72903],[-9.14898,38.72862],[-9.14835,38.72862],[-9.14804,38.72909],[-9.14772,38.72917],[-9.14709,38.72961],[-9.14646,38.72945],[-9.14583,38.72945],[-9.14529,38.72972],[-9.1452,38.73035],[-9.14553,38.73098]],[[-9.1441,38.73414],[-9.14394,38.73407],[-9.14383,38.73414],[-9.14394,38.73421],[-9.1441,38.73414]],[[-9.14268,38.73783],[-9.14226,38.73792],[-9.14268,38.73798],[-9.14331,38.73798],[-9.14356,38.73792],[-9.14331,38.73783],[-9.14268,38.73783]],[[-9.15045,38.719],[-9.15025,38.71847],[-9.15021,38.71837],[-9.14977,38.71774],[-9.14962,38.71744],[-9.14906,38.71774],[-9.14898,38.71775],[-9.14835,38.71775],[-9.14772,38.71778],[-9.14769,38.71774],[-9.14772,38.71765],[-9.14803,38.71711],[-9.1478,38.71648],[-9.14772,38.71644],[-9.14762,38.71648],[-9.14741,38.71711],[-9.14709,38.71729],[-9.14646,38.71721],[-9.14583,38.71721],[-9.1452,38.71714],[-9.14515,38.71711],[-9.14457,38.71692],[-9.14431,38.71711],[-9.14394,38.71746],[-9.14364,38.71774],[-9.14394,38.71822],[-9.14457,38.71824],[-9.1452,38.71837],[-9.14583,38.71816],[-9.14646,38.71816],[-9.14709,38.71828],[-9.14719,38.71837],[-9.14709,38.71854],[-9.14646,38.71854],[-9.14583,38.71854],[-9.14547,38.719],[-9.14583,38.71918],[-9.14646,38.71918],[-9.14697,38.71963],[-9.14709,38.71989],[-9.14756,38.72026],[-9.14756,38.72089],[-9.14709,38.72118],[-9.14661,38.72152],[-9.14709,38.72198],[-9.14772,38.72161],[-9.14775,38.72152],[-9.14786,38.72089],[-9.14786,38.72026],[-9.14835,38.71992],[-9.14898,38.71992],[-9.14962,38.71999],[-9.14988,38.71963],[-9.15025,38.7193],[-9.15045,38.719]],[[-9.14646,38.72026],[-9.14583,38.72026],[-9.14583,38.72089],[-9.14646,38.72089],[-9.14646,38.72026]],[[-9.14423,38.719],[-9.14394,38.71853],[-9.14361,38.719],[-9.14394,38.71917],[-9.14423,38.719]],[[-9.16009,38.72341],[-9.15971,38.72287],[-9.15961,38.72341],[-9.15971,38.72353],[-9.16009,38.72341]],[[-9.15718,38.7277],[-9.15712,38.72783],[-9.15718,38.72788],[-9.15782,38.72788],[-9.15794,38.72783],[-9.15782,38.7277],[-9.15718,38.7277]],[[-9.15671,38.7272],[-9.15671,38.72657],[-9.15715,38.72594],[-9.15655,38.72551],[-9.15639,38.72594],[-9.15649,38.72657],[-9.15649,38.7272],[-9.15655,38.72727],[-9.15671,38.7272]],[[-9.15529,38.72783],[-9.15466,38.72728],[-9.15403,38.72728],[-9.1534,38.72754],[-9.15294,38.7272],[-9.15313,38.72657],[-9.1534,38.72643],[-9.15403,38.72643],[-9.15466,38.72643],[-9.15529,38.72614],[-9.15574,38.72594],[-9.15529,38.72576],[-9.15466,38.72573],[-9.15403,38.72573],[-9.15358,38.72531],[-9.1534,38.72512],[-9.1532,38.72531],[-9.15297,38.72594],[-9.15277,38.72629],[-9.15214,38.72641],[-9.15151,38.72641],[-9.15088,38.72636],[-9.15051,38.72657],[-9.15051,38.7272],[-9.15046,38.72783],[-9.15043,38.72846],[-9.15088,38.72889],[-9.15098,38.72909],[-9.15151,38.72962],[-9.15214,38.72962],[-9.15277,38.72955],[-9.15291,38.72972],[-9.15317,38.73035],[-9.1534,38.73089],[-9.15351,38.73098],[-9.15403,38.73118],[-9.15466,38.73118],[-9.15508,38.73161],[-9.15529,38.73188],[-9.15541,38.73161],[-9.15556,38.73098],[-9.15589,38.73035],[-9.15592,38.73032],[-9.15614,38.72972],[-9.15621,38.72909],[-9.15654,38.72846],[-9.15592,38.72806],[-9.15529,38.72783]],[[-9.15403,38.73592],[-9.1534,38.736],[-9.15334,38.73603],[-9.15277,38.73646],[-9.15214,38.73634],[-9.15151,38.73634],[-9.15113,38.73666],[-9.15151,38.73726],[-9.15214,38.73726],[-9.15277,38.73696],[-9.15321,38.73729],[-9.1534,38.73731],[-9.15347,38.73729],[-9.15403,38.73697],[-9.15466,38.73697],[-9.15529,38.73672],[-9.15536,38.73666],[-9.15553,38.73603],[-9.15529,38.73596],[-9.15466,38.73592],[-9.15403,38.73592]],[[-9.15025,38.73603],[-9.15088,38.73603],[-9.15029,38.7354],[-9.15025,38.73536],[-9.15016,38.7354],[-9.15025,38.73603]],[[-9.14986,38.73666],[-9.14962,38.73654],[-9.14953,38.73666],[-9.14962,38.73678],[-9.14986,38.73666]],[[-9.14717,38.7354],[-9.14709,38.73535],[-9.147,38.7354],[-9.14709,38.73543],[-9.14717,38.7354]],[[-9.1452,38.73217],[-9.14513,38.73224],[-9.1452,38.73227],[-9.14583,38.73227],[-9.14608,38.73224],[-9.14583,38.73217],[-9.1452,38.73217]],[[-9.14334,38.73477],[-9.14331,38.73472],[-9.14268,38.73472],[-9.14205,38.73447],[-9.14177,38.73477],[-9.14205,38.73491],[-9.14268,38.7348],[-9.14331,38.7348],[-9.14334,38.73477]],[[-9.14962,38.71629],[-9.14945,38.71648],[-9.14962,38.71685],[-9.15025,38.71685],[-9.15039,38.71648],[-9.15025,38.71633],[-9.14962,38.71629]],[[-9.15529,38.72454],[-9.15522,38.72468],[-9.15529,38.72493],[-9.15592,38.72507],[-9.15623,38.72468],[-9.15592,38.72445],[-9.15529,38.72454]],[[-9.15096,38.72404],[-9.15088,38.72398],[-9.15082,38.72404],[-9.15088,38.72428],[-9.15096,38.72404]],[[-9.15466,38.73484],[-9.15529,38.73515],[-9.15538,38.73477],[-9.15529,38.73435],[-9.15491,38.73414],[-9.15466,38.73408],[-9.15403,38.73408],[-9.15372,38.73414],[-9.15397,38.73477],[-9.15403,38.73484],[-9.15466,38.73484]],[[-9.15331,38.73414],[-9.15277,38.73369],[-9.15256,38.73414],[-9.15277,38.73433],[-9.15331,38.73414]],[[-9.14835,38.7258],[-9.14788,38.72594],[-9.14835,38.72616],[-9.14898,38.72616],[-9.14921,38.72594],[-9.14898,38.7258],[-9.14835,38.7258]],[[-9.14205,38.73231],[-9.14142,38.73287],[-9.14142,38.73351],[-9.14205,38.73391],[-9.1423,38.73351],[-9.1423,38.73287],[-9.14205,38.73231]]],[[[-9.17106,38.74667],[-9.17043,38.74654],[-9.1698,38.74672],[-9.1693,38.74612],[-9.1693,38.74549],[-9.16917,38.74527],[-9.16854,38.74527],[-9.16791,38.74496],[-9.16782,38.74486],[-9.16791,38.74465],[-9.16793,38.74423],[-9.16821,38.7436],[-9.16854,38.74331],[-9.16917,38.74331],[-9.1698,38.74309],[-9.16988,38.74297],[-9.17032,38.74234],[-9.17043,38.74227],[-9.17106,38.7422],[-9.17169,38.74227],[-9.17232,38.74227],[-9.17248,38.74234],[-9.17295,38.74269],[-9.17314,38.74297],[-9.17358,38.74356],[-9.17365,38.7436],[-9.17358,38.74363],[-9.17327,38.74423],[-9.17358,38.74473],[-9.17421,38.74481],[-9.17484,38.74481],[-9.17506,38.74486],[-9.17498,38.74549],[-9.17498,38.74612],[-9.17544,38.74675],[-9.17548,38.74738],[-9.17484,38.74726],[-9.17421,38.74726],[-9.17358,38.74675],[-9.17295,38.74683],[-9.17232,38.74695],[-9.17169,38.74695],[-9.17119,38.74675],[-9.17106,38.74667]],[[-9.17232,38.74615],[-9.17238,38.74612],[-9.17238,38.74549],[-9.17232,38.74507],[-9.17169,38.74507],[-9.17164,38.74549],[-9.17164,38.74612],[-9.17169,38.74615],[-9.17232,38.74615]],[[-9.17232,38.74283],[-9.17169,38.74283],[-9.17106,38.74266],[-9.17043,38.74267],[-9.17021,38.74297],[-9.1698,38.74356],[-9.16972,38.7436],[-9.16923,38.74423],[-9.16958,38.74486],[-9.1698,38.74521],[-9.17043,38.74528],[-9.17105,38.74486],[-9.17106,38.74484],[-9.17169,38.74484],[-9.17232,38.74484],[-9.17279,38.74423],[-9.17272,38.7436],[-9.17248,38.74297],[-9.17232,38.74283]]],[[[-9.1675,38.74675],[-9.16728,38.74683],[-9.16715,38.74675],[-9.16725,38.74612],[-9.16725,38.74549],[-9.16728,38.74528],[-9.16751,38.74549],[-9.16751,38.74612],[-9.1675,38.74675]]],[[[-9.17623,38.74801],[-9.17611,38.74812],[-9.17566,38.74801],[-9.17611,38.74787],[-9.17623,38.74801]]],[[[-9.16825,38.76],[-9.16854,38.76036],[-9.16917,38.76036],[-9.1698,38.76028],[-9.16988,38.76063],[-9.1698,38.76074],[-9.16917,38.76077],[-9.16854,38.76077],[-9.16791,38.7608],[-9.16728,38.76077],[-9.16684,38.76126],[-9.16665,38.76144],[-9.16635,38.76126],[-9.16645,38.76063],[-9.16665,38.76038],[-9.16721,38.76],[-9.16728,38.75985],[-9.16791,38.75967],[-9.16825,38.76]]],[[[-9.17558,38.76063],[-9.17548,38.76067],[-9.17543,38.76063],[-9.17548,38.76057],[-9.17558,38.76063]]],[[[-9.15541,38.76567],[-9.15529,38.76588],[-9.15498,38.76567],[-9.15529,38.7655],[-9.15541,38.76567]]],[[[-9.15355,38.7663],[-9.1534,38.76635],[-9.15337,38.7663],[-9.1534,38.76623],[-9.15355,38.7663]]],[[[-9.1581,38.77198],[-9.15782,38.77168],[-9.15722,38.77198],[-9.15718,38.77199],[-9.15655,38.77199],[-9.15592,38.77241],[-9.15529,38.77204],[-9.15466,38.77201],[-9.15403,38.77201],[-9.15401,38.77198],[-9.15403,38.77182],[-9.15466,38.77182],[-9.15473,38.77135],[-9.15473,38.77072],[-9.15466,38.77067],[-9.15403,38.77067],[-9.1534,38.77056],[-9.15277,38.77022],[-9.15248,38.77009],[-9.15214,38.76988],[-9.15152,38.76946],[-9.15187,38.76883],[-9.15214,38.76832],[-9.15231,38.7682],[-9.15277,38.7677],[-9.15314,38.76756],[-9.1534,38.76746],[-9.15385,38.76693],[-9.15403,38.76657],[-9.15466,38.76657],[-9.15529,38.76664],[-9.15558,38.76693],[-9.15592,38.76737],[-9.15609,38.76756],[-9.15655,38.76815],[-9.15718,38.76815],[-9.15732,38.7682],[-9.15782,38.76851],[-9.15794,38.7682],[-9.15845,38.76794],[-9.15889,38.7682],[-9.15894,38.76883],[-9.15908,38.76889],[-9.15913,38.76883],[-9.15971,38.76854],[-9.16034,38.76854],[-9.16056,38.76883],[-9.16034,38.76917],[-9.15971,38.76917],[-9.15939,38.76946],[-9.15971,38.76987],[-9.16034,38.76987],[-9.16046,38.77009],[-9.16034,38.77033],[-9.15971,38.77033],[-9.15949,38.77072],[-9.15949,38.77135],[-9.15971,38.77188],[-9.16034,38.77188],[-9.16097,38.77192],[-9.16114,38.77198],[-9.16097,38.77209],[-9.16034,38.77202],[-9.15971,38.77202],[-9.15947,38.77198],[-9.15908,38.77189],[-9.15901,38.77198],[-9.15845,38.77219],[-9.1581,38.77198]],[[-9.15718,38.76946],[-9.15732,38.76883],[-9.15718,38.7687],[-9.15655,38.7687],[-9.15632,38.76883],[-9.15592,38.76902],[-9.15557,38.76883],[-9.15529,38.76856],[-9.15498,38.76883],[-9.15466,38.76902],[-9.15403,38.76902],[-9.15371,38.76883],[-9.15351,38.7682],[-9.1534,38.76817],[-9.15332,38.7682],[-9.15322,38.76883],[-9.15277,38.76915],[-9.15222,38.76883],[-9.15214,38.76877],[-9.15211,38.76883],[-9.15209,38.76946],[-9.15214,38.76949],[-9.15277,38.76983],[-9.1534,38.76993],[-9.15369,38.77009],[-9.15403,38.77027],[-9.15466,38.77027],[-9.15529,38.77069],[-9.15592,38.77066],[-9.15624,38.77072],[-9.15624,38.77135],[-9.15655,38.77137],[-9.15718,38.77137],[-9.1573,38.77135],[-9.1573,38.77072],[-9.15782,38.7706],[-9.15811,38.77072],[-9.15811,38.77135],[-9.15845,38.77174],[-9.15866,38.77135],[-9.15866,38.77072],[-9.15908,38.7702],[-9.15913,38.77009],[-9.15908,38.77002],[-9.15845,38.76949],[-9.15782,38.76971],[-9.15718,38.76946]],[[-9.15592,38.77205],[-9.15602,38.77198],[-9.15592,38.77146],[-9.15583,38.77198],[-9.15592,38.77205]]],[[[-9.17308,38.77198],[-9.17295,38.77173],[-9.17232,38.7717],[-9.17207,38.77135],[-9.17207,38.77072],[-9.17182,38.77009],[-9.17232,38.7697],[-9.17295,38.76946],[-9.17358,38.76925],[-9.17393,38.76946],[-9.17421,38.76959],[-9.17484,38.76959],[-9.17521,38.77009],[-9.1754,38.77072],[-9.1754,38.77135],[-9.17548,38.7714],[-9.17611,38.77151],[-9.17614,38.77198],[-9.17612,38.77261],[-9.17611,38.77265],[-9.17569,38.77324],[-9.17552,38.77387],[-9.17548,38.77394],[-9.1754,38.77387],[-9.17507,38.77324],[-9.17484,38.77296],[-9.17421,38.77296],[-9.17399,38.77261],[-9.17358,38.77249],[-9.17308,38.77198]]],[[[-9.16286,38.77825],[-9.16223,38.77768],[-9.1622,38.77766],[-9.1622,38.77703],[-9.16223,38.777],[-9.16286,38.77685],[-9.16349,38.77685],[-9.16402,38.77639],[-9.16412,38.7763],[-9.16447,38.77576],[-9.16475,38.77543],[-9.165,38.77513],[-9.16538,38.77482],[-9.16601,38.77482],[-9.1664,38.7745],[-9.16665,38.77419],[-9.16728,38.7745],[-9.16777,38.77387],[-9.16791,38.77366],[-9.16854,38.77344],[-9.16917,38.77344],[-9.16976,38.77387],[-9.1698,38.77391],[-9.17043,38.77411],[-9.17077,38.77387],[-9.17106,38.77369],[-9.17169,38.77369],[-9.17232,38.77354],[-9.17291,38.77324],[-9.17295,38.77321],[-9.17303,38.77324],[-9.17318,38.77387],[-9.17355,38.7745],[-9.17358,38.77492],[-9.17359,38.77513],[-9.17358,38.77514],[-9.17295,38.77549],[-9.17232,38.77543],[-9.1721,38.77576],[-9.17202,38.77639],[-9.17194,38.77703],[-9.17195,38.77766],[-9.17169,38.77812],[-9.17106,38.77812],[-9.17043,38.77793],[-9.16992,38.77766],[-9.1698,38.77703],[-9.16917,38.77689],[-9.16854,38.77689],[-9.16791,38.7769],[-9.16768,38.77703],[-9.16752,38.77766],[-9.16728,38.77785],[-9.16665,38.77805],[-9.16631,38.77829],[-9.16613,38.77892],[-9.16601,38.77934],[-9.16538,38.77934],[-9.16528,38.77892],[-9.16513,38.77829],[-9.16475,38.77807],[-9.16412,38.77821],[-9.16349,38.77825],[-9.16286,38.77825]],[[-9.17169,38.77445],[-9.17106,38.77445],[-9.171,38.7745],[-9.17106,38.7747],[-9.17169,38.7747],[-9.1719,38.7745],[-9.17169,38.77445]],[[-9.16791,38.77457],[-9.16728,38.77492],[-9.16665,38.77486],[-9.16616,38.77513],[-9.16635,38.77576],[-9.16655,38.77639],[-9.16665,38.77652],[-9.16728,38.7765],[-9.16762,38.77639],[-9.16791,38.77631],[-9.16843,38.77639],[-9.16854,38.7764],[-9.16917,38.7764],[-9.16918,38.77639],[-9.1698,38.77603],[-9.17033,38.77576],[-9.17032,38.77513],[-9.1698,38.77481],[-9.16917,38.77484],[-9.16854,38.77484],[-9.16791,38.77457]]],[[[-9.17421,38.77857],[-9.17484,38.77857],[-9.17548,38.7785],[-9.17611,38.77839],[-9.17655,38.77892],[-9.17674,38.77912],[-9.17715,38.77955],[-9.17737,38.77996],[-9.178,38.77996],[-9.17809,38.78018],[-9.17809,38.78021],[-9.17804,38.78023],[-9.17655,38.77988],[-9.17655,38.77955],[-9.17611,38.77906],[-9.17548,38.77907],[-9.17506,38.77955],[-9.17523,38.78018],[-9.17523,38.78026],[-9.17513,38.78023],[-9.17393,38.78056],[-9.17378,38.78018],[-9.17358,38.78011],[-9.17323,38.77955],[-9.17358,38.77909],[-9.17375,38.77892],[-9.17421,38.77857]]],[[[-9.16223,38.78009],[-9.16252,38.78018],[-9.16286,38.78056],[-9.16349,38.78056],[-9.16369,38.78081],[-9.16349,38.78094],[-9.16286,38.78094],[-9.16223,38.78115],[-9.16186,38.78144],[-9.1616,38.78199],[-9.16097,38.78153],[-9.16088,38.78144],[-9.16097,38.78135],[-9.1613,38.78081],[-9.16135,38.78018],[-9.1616,38.77998],[-9.16223,38.78009]]],[[[-9.17234,38.78144],[-9.17232,38.7815],[-9.17231,38.78144],[-9.17232,38.78139],[-9.17234,38.78144]]],[[[-9.16791,38.7827],[-9.16854,38.78259],[-9.16917,38.78259],[-9.16937,38.7827],[-9.1698,38.78298],[-9.17032,38.78333],[-9.17032,38.78367],[-9.17023,38.78367],[-9.16958,38.785],[-9.16959,38.78506],[-9.16917,38.78502],[-9.16854,38.78502],[-9.16823,38.78459],[-9.16791,38.78406],[-9.16777,38.78396],[-9.16771,38.78333],[-9.16791,38.7827]]],[[[-9.15111,38.7957],[-9.15016,38.79582],[-9.15016,38.79532],[-9.15025,38.79514],[-9.15088,38.79509],[-9.15111,38.79532],[-9.15111,38.7957]]],[[[-9.1452,38.70516],[-9.14457,38.70514],[-9.14394,38.70513],[-9.14393,38.70512],[-9.14394,38.70512],[-9.14457,38.70449],[-9.1452,38.70449],[-9.14583,38.70449],[-9.14646,38.70449],[-9.14709,38.70512],[-9.14772,38.70512],[-9.14835,38.70512],[-9.14852,38.70529],[-9.14852,38.70575],[-9.14835,38.70592],[-9.14772,38.70583],[-9.14709,38.7058],[-9.14702,38.70575],[-9.14646,38.70525],[-9.14583,38.70525],[-9.1452,38.70516]]],[[[-9.14079,38.70579],[-9.14101,38.70575],[-9.14101,38.70512],[-9.14142,38.70512],[-9.14205,38.70512],[-9.14211,38.70512],[-9.14211,38.70575],[-9.14205,38.70581],[-9.14142,38.70609],[-9.14079,38.70613],[-9.14015,38.70613],[-9.13983,38.70575],[-9.14012,38.70575],[-9.14015,38.70579],[-9.14079,38.70579]]],[[[-9.13836,38.70575],[-9.13887,38.70575],[-9.13887,38.70638],[-9.13826,38.70677],[-9.13763,38.70681],[-9.13721,38.70638],[-9.13757,38.70638],[-9.13763,38.70645],[-9.13826,38.70644],[-9.13836,38.70638],[-9.13836,38.70575]]],[[[-9.13462,38.70701],[-9.13462,38.70638],[-9.13511,38.70638],[-9.13531,38.70638],[-9.13531,38.70701],[-9.13511,38.70727],[-9.13462,38.70701]]],[[[-9.13259,38.70725],[-9.13196,38.70732],[-9.13165,38.70701],[-9.13196,38.70701],[-9.13259,38.70638],[-9.13291,38.70638],[-9.13291,38.70701],[-9.13259,38.70725]]],[[[-9.14463,38.71017],[-9.14457,38.71021],[-9.14455,38.71017],[-9.14457,38.71012],[-9.14463,38.71017]]],[[[-9.14209,38.7108],[-9.14205,38.71093],[-9.14193,38.7108],[-9.14205,38.71074],[-9.14209,38.7108]]],[[[-9.13952,38.71159],[-9.13915,38.71143],[-9.13952,38.7112],[-9.14015,38.7112],[-9.14037,38.71143],[-9.14015,38.71159],[-9.13952,38.71159]]],[[[-9.14086,38.71206],[-9.14079,38.71213],[-9.14073,38.71206],[-9.14079,38.71199],[-9.14086,38.71206]]],[[[-9.14778,38.71206],[-9.14772,38.71215],[-9.14764,38.71206],[-9.14772,38.71198],[-9.14778,38.71206]]],[[[-9.1324,38.71584],[-9.13196,38.7153],[-9.13132,38.7153],[-9.13111,38.71521],[-9.13092,38.71458],[-9.13084,38.71395],[-9.13069,38.71368],[-9.13041,38.71332],[-9.13069,38.71317],[-9.13115,38.71269],[-9.13132,38.7125],[-9.13196,38.7125],[-9.13259,38.71251],[-9.13322,38.71222],[-9.13344,38.71269],[-9.13385,38.71293],[-9.13448,38.71293],[-9.13473,38.71269],[-9.13511,38.71217],[-9.13556,38.71206],[-9.13538,38.71143],[-9.13574,38.7113],[-9.13637,38.7108],[-9.13637,38.71143],[-9.1365,38.71206],[-9.13637,38.7123],[-9.13591,38.71269],[-9.13637,38.71311],[-9.13642,38.71332],[-9.13637,38.7134],[-9.13574,38.7136],[-9.13554,38.71395],[-9.13554,38.71458],[-9.13517,38.71521],[-9.13511,38.71536],[-9.13448,38.71545],[-9.13385,38.71545],[-9.13331,38.71584],[-9.13322,38.71592],[-9.13276,38.71648],[-9.13275,38.71711],[-9.13259,38.71725],[-9.13216,38.71774],[-9.13196,38.71794],[-9.13132,38.71794],[-9.13115,38.71774],[-9.1311,38.71711],[-9.13109,38.71648],[-9.13132,38.71632],[-9.13196,38.71632],[-9.1324,38.71584]],[[-9.13448,38.7146],[-9.13451,38.71458],[-9.13451,38.71395],[-9.13448,38.71393],[-9.13385,38.71393],[-9.13378,38.71395],[-9.13378,38.71458],[-9.13385,38.7146],[-9.13448,38.7146]]],[[[-9.13906,38.72026],[-9.13889,38.72006],[-9.13859,38.71963],[-9.13889,38.71944],[-9.13952,38.71957],[-9.14015,38.71957],[-9.14033,38.71963],[-9.14079,38.71985],[-9.14108,38.72026],[-9.14108,38.72089],[-9.14079,38.7212],[-9.14055,38.72152],[-9.14041,38.72215],[-9.14015,38.72236],[-9.13952,38.72236],[-9.13904,38.72215],[-9.13889,38.72177],[-9.13886,38.72152],[-9.13889,38.72138],[-9.13906,38.72089],[-9.13906,38.72026]]],[[[-9.14339,38.72468],[-9.14331,38.72487],[-9.14268,38.72487],[-9.14205,38.72474],[-9.14192,38.72468],[-9.14205,38.72445],[-9.14268,38.72461],[-9.14331,38.72461],[-9.14339,38.72468]]],[[[-9.13385,38.72898],[-9.13448,38.72898],[-9.13479,38.72909],[-9.13511,38.72926],[-9.13547,38.72972],[-9.13511,38.72989],[-9.13448,38.72992],[-9.13385,38.72992],[-9.13322,38.73004],[-9.13312,38.72972],[-9.13322,38.72968],[-9.13379,38.72909],[-9.13385,38.72898]]],[[[-9.13637,38.72922],[-9.137,38.72947],[-9.13763,38.72947],[-9.13766,38.72972],[-9.13763,38.72977],[-9.137,38.72977],[-9.13637,38.73035],[-9.13595,38.72972],[-9.13637,38.72922]]],[[[-9.14716,38.73035],[-9.14709,38.73041],[-9.14688,38.73035],[-9.14709,38.73014],[-9.14716,38.73035]]],[[[-9.14338,38.73098],[-9.14331,38.73112],[-9.14268,38.73112],[-9.14253,38.73098],[-9.14254,38.73035],[-9.14268,38.73027],[-9.14331,38.73027],[-9.14345,38.73035],[-9.14338,38.73098]]],[[[-9.13604,38.73098],[-9.13637,38.73035],[-9.13675,38.73098],[-9.13637,38.73132],[-9.13604,38.73098]]],[[[-9.13514,38.73098],[-9.13511,38.731],[-9.13504,38.73098],[-9.13511,38.73095],[-9.13514,38.73098]]],[[[-9.13893,38.73098],[-9.13889,38.73109],[-9.13878,38.73098],[-9.13889,38.73091],[-9.13893,38.73098]]],[[[-9.137,38.7323],[-9.13694,38.73224],[-9.137,38.73188],[-9.13763,38.73188],[-9.13772,38.73224],[-9.13763,38.7323],[-9.137,38.7323]]],[[[-9.13449,38.73666],[-9.1347,38.73729],[-9.13463,38.73792],[-9.13448,38.73819],[-9.13385,38.73819],[-9.13349,38.73792],[-9.1336,38.73729],[-9.13382,38.73666],[-9.13385,38.73665],[-9.13448,38.73665],[-9.13449,38.73666]]],[[[-9.14812,38.73918],[-9.14812,38.73981],[-9.14835,38.74002],[-9.14898,38.74002],[-9.14916,38.74044],[-9.14898,38.74063],[-9.14835,38.74063],[-9.14803,38.74044],[-9.14772,38.74011],[-9.14727,38.73981],[-9.14727,38.73918],[-9.14772,38.739],[-9.14812,38.73918]]],[[[-9.14086,38.74107],[-9.14079,38.74111],[-9.14076,38.74107],[-9.14079,38.741],[-9.14086,38.74107]]],[[[-9.13532,38.74234],[-9.13511,38.7419],[-9.135,38.7417],[-9.13511,38.74134],[-9.1352,38.74107],[-9.13511,38.74094],[-9.1349,38.74044],[-9.13486,38.73981],[-9.13486,38.73918],[-9.13497,38.73855],[-9.13511,38.73848],[-9.13574,38.73836],[-9.13591,38.73855],[-9.13602,38.73918],[-9.13602,38.73981],[-9.13637,38.74019],[-9.13672,38.74044],[-9.137,38.74101],[-9.13763,38.74101],[-9.13768,38.74107],[-9.13763,38.74133],[-9.137,38.74133],[-9.13696,38.7417],[-9.137,38.74178],[-9.13763,38.74178],[-9.13805,38.74234],[-9.13826,38.74247],[-9.13879,38.74297],[-9.13885,38.7436],[-9.1386,38.74423],[-9.13826,38.74482],[-9.13824,38.74486],[-9.13763,38.74524],[-9.137,38.74526],[-9.13637,38.74516],[-9.13574,38.74525],[-9.13558,38.74486],[-9.13565,38.74423],[-9.13511,38.7436],[-9.1356,38.74297],[-9.13532,38.74234]]],[[[-9.14102,38.74234],[-9.14079,38.74256],[-9.14048,38.74234],[-9.14079,38.74205],[-9.14102,38.74234]]],[[[-9.14666,38.74297],[-9.14646,38.7432],[-9.14583,38.74318],[-9.1452,38.74318],[-9.14499,38.74297],[-9.1452,38.74273],[-9.14583,38.74273],[-9.14646,38.74264],[-9.14666,38.74297]]],[[[-9.13637,38.74741],[-9.13635,38.74738],[-9.13637,38.74736],[-9.137,38.74736],[-9.13703,38.74738],[-9.137,38.74741],[-9.13637,38.74741]]],[[[-9.1358,38.7499],[-9.13574,38.75001],[-9.13569,38.7499],[-9.13574,38.74975],[-9.1358,38.7499]]],[[[-9.15281,38.75558],[-9.15277,38.75527],[-9.15214,38.75505],[-9.15151,38.755],[-9.15088,38.755],[-9.15081,38.75495],[-9.15088,38.75486],[-9.15151,38.75486],[-9.15174,38.75432],[-9.15151,38.75419],[-9.15088,38.75419],[-9.15025,38.75421],[-9.14962,38.754],[-9.14898,38.7541],[-9.14835,38.7541],[-9.14786,38.75432],[-9.14772,38.75438],[-9.14768,38.75432],[-9.14731,38.75369],[-9.14709,38.7534],[-9.14671,38.75306],[-9.14669,38.75243],[-9.14669,38.7518],[-9.14646,38.75162],[-9.14626,38.7518],[-9.14626,38.75243],[-9.14583,38.75266],[-9.1452,38.75266],[-9.145,38.75243],[-9.145,38.7518],[-9.14473,38.75117],[-9.14457,38.75087],[-9.14413,38.75054],[-9.14457,38.75036],[-9.14495,38.7499],[-9.14477,38.74927],[-9.1452,38.74895],[-9.14583,38.74895],[-9.14636,38.74927],[-9.14646,38.74938],[-9.14688,38.74927],[-9.14709,38.7492],[-9.14723,38.74927],[-9.14772,38.74956],[-9.14835,38.74931],[-9.14898,38.74931],[-9.14906,38.74927],[-9.14962,38.74911],[-9.15021,38.74927],[-9.15025,38.74929],[-9.15037,38.74927],[-9.15088,38.74923],[-9.15097,38.74927],[-9.15151,38.7499],[-9.15161,38.75054],[-9.15151,38.75071],[-9.15088,38.75071],[-9.15062,38.75117],[-9.15082,38.7518],[-9.15086,38.75243],[-9.15088,38.75246],[-9.15151,38.75246],[-9.15214,38.75282],[-9.15236,38.75306],[-9.15251,38.75369],[-9.15277,38.75398],[-9.15289,38.75432],[-9.15284,38.75495],[-9.1534,38.7552],[-9.15384,38.75558],[-9.15403,38.7559],[-9.15466,38.7559],[-9.15505,38.75621],[-9.15529,38.75649],[-9.15538,38.75684],[-9.15546,38.75747],[-9.15529,38.75779],[-9.15479,38.75747],[-9.15466,38.75733],[-9.15403,38.75733],[-9.15379,38.75684],[-9.15354,38.75621],[-9.1534,38.75615],[-9.15281,38.75558]]],[[[-9.13181,38.75495],[-9.13168,38.75432],[-9.13132,38.75393],[-9.13069,38.75393],[-9.13054,38.75369],[-9.13006,38.75307],[-9.13005,38.75306],[-9.13006,38.75292],[-9.13022,38.75243],[-9.13044,38.7518],[-9.13069,38.75123],[-9.13132,38.75123],[-9.13196,38.75166],[-9.1322,38.7518],[-9.13217,38.75243],[-9.13259,38.7526],[-9.13317,38.75306],[-9.13322,38.75309],[-9.13385,38.75357],[-9.13448,38.75357],[-9.13456,38.75369],[-9.13511,38.75405],[-9.13574,38.75385],[-9.13637,38.75422],[-9.137,38.75422],[-9.13763,38.75414],[-9.13801,38.75432],[-9.13763,38.75489],[-9.13752,38.75495],[-9.137,38.75547],[-9.13637,38.75547],[-9.13627,38.75558],[-9.13574,38.75572],[-9.13541,38.75558],[-9.13511,38.75538],[-9.13486,38.75558],[-9.13477,38.75621],[-9.13448,38.75636],[-9.13385,38.75636],[-9.13357,38.75621],[-9.13322,38.7559],[-9.13259,38.75586],[-9.13238,38.75558],[-9.13196,38.75525],[-9.13181,38.75495]]],[[[-9.13022,38.70828],[-9.13027,38.70765],[-9.13057,38.70765],[-9.13044,38.70828],[-9.13006,38.70857],[-9.12943,38.70858],[-9.12889,38.70828],[-9.12921,38.70828],[-9.12943,38.7084],[-9.13006,38.7084],[-9.13022,38.70828]]],[[[-9.11997,38.71478],[-9.11997,38.71458],[-9.12005,38.7145],[-9.1206,38.7145],[-9.12068,38.71458],[-9.1206,38.71478],[-9.11997,38.71478]]],[[[-9.12754,38.71582],[-9.12775,38.71584],[-9.12811,38.71648],[-9.12754,38.71669],[-9.12736,38.71648],[-9.12691,38.716],[-9.12628,38.71597],[-9.1261,38.71584],[-9.12628,38.71551],[-9.12691,38.71567],[-9.12754,38.71582]]],[[[-9.11871,38.71655],[-9.11808,38.7166],[-9.11795,38.7166],[-9.11808,38.71648],[-9.11871,38.71584],[-9.11882,38.71584],[-9.11879,38.71648],[-9.11871,38.71655]]],[[[-9.13025,38.71648],[-9.13006,38.71667],[-9.12977,38.71648],[-9.13006,38.7163],[-9.13025,38.71648]]],[[[-9.12817,38.71791],[-9.12779,38.71774],[-9.12817,38.71716],[-9.1288,38.71716],[-9.1291,38.71774],[-9.1288,38.71791],[-9.12817,38.71791]]],[[[-9.13281,38.72089],[-9.13259,38.72108],[-9.13196,38.72089],[-9.13132,38.72089],[-9.13132,38.72026],[-9.13196,38.72026],[-9.13259,38.72003],[-9.13281,38.72026],[-9.13281,38.72089]]],[[[-9.1124,38.72202],[-9.11247,38.72215],[-9.1124,38.72219],[-9.11182,38.72278],[-9.11177,38.72283],[-9.11124,38.72341],[-9.11114,38.72352],[-9.11051,38.72352],[-9.1104,38.72352],[-9.11051,38.72341],[-9.11114,38.72278],[-9.11177,38.72215],[-9.11191,38.72202],[-9.1124,38.72202]]],[[[-9.13215,38.72468],[-9.13196,38.72478],[-9.13185,38.72468],[-9.13196,38.72459],[-9.13215,38.72468]]],[[[-9.10553,38.72909],[-9.10548,38.72846],[-9.10579,38.72783],[-9.10546,38.7274],[-9.10526,38.7274],[-9.10546,38.7272],[-9.10555,38.72711],[-9.1061,38.72711],[-9.10619,38.7272],[-9.1061,38.72729],[-9.10596,38.72783],[-9.10577,38.72846],[-9.10574,38.72909],[-9.10574,38.72972],[-9.10553,38.73035],[-9.10546,38.73046],[-9.10483,38.73046],[-9.10473,38.73046],[-9.10483,38.73035],[-9.10483,38.72991],[-9.10546,38.72991],[-9.10553,38.72972],[-9.10553,38.72909]]],[[[-9.13017,38.72972],[-9.13006,38.72992],[-9.12996,38.72972],[-9.13006,38.72961],[-9.13017,38.72972]]],[[[-9.12956,38.73035],[-9.13006,38.73093],[-9.13038,38.73098],[-9.13069,38.73103],[-9.13132,38.73103],[-9.13136,38.73098],[-9.13193,38.73035],[-9.13196,38.73033],[-9.13259,38.73013],[-9.13306,38.73035],[-9.13322,38.73048],[-9.13353,38.73098],[-9.13322,38.73128],[-9.13259,38.7315],[-9.13196,38.73148],[-9.13176,38.73161],[-9.13132,38.73192],[-9.13069,38.73192],[-9.13024,38.73224],[-9.13006,38.73239],[-9.12981,38.73224],[-9.13001,38.73161],[-9.12943,38.73116],[-9.12931,38.73098],[-9.12912,38.73035],[-9.12943,38.73029],[-9.12956,38.73035]]],[[[-9.10357,38.73177],[-9.10357,38.73161],[-9.10381,38.73138],[-9.1042,38.73138],[-9.10435,38.73161],[-9.1042,38.73177],[-9.10357,38.73177]]],[[[-9.10266,38.7354],[-9.10273,38.73477],[-9.10231,38.73437],[-9.10207,38.73437],[-9.10218,38.73427],[-9.10231,38.73427],[-9.10284,38.73477],[-9.10283,38.7354],[-9.10234,38.73603],[-9.10231,38.73608],[-9.10168,38.73608],[-9.10105,38.73608],[-9.10105,38.73603],[-9.10124,38.73584],[-9.10168,38.73584],[-9.10231,38.73584],[-9.10266,38.7354]]],[[[-9.12817,38.73608],[-9.12813,38.73603],[-9.12817,38.73599],[-9.1288,38.73599],[-9.12887,38.73603],[-9.1288,38.73608],[-9.12817,38.73608]]],[[[-9.12943,38.73697],[-9.13006,38.73692],[-9.13069,38.73722],[-9.13132,38.73722],[-9.13153,38.73729],[-9.13196,38.7375],[-9.13259,38.73762],[-9.13295,38.73792],[-9.13259,38.73803],[-9.13196,38.73816],[-9.13132,38.73796],[-9.13069,38.73796],[-9.13006,38.73808],[-9.12943,38.73792],[-9.12914,38.73729],[-9.12943,38.73697]]],[[[-9.12817,38.74215],[-9.1288,38.74215],[-9.1289,38.74234],[-9.1288,38.74269],[-9.12817,38.74269],[-9.12754,38.74249],[-9.12691,38.74255],[-9.12686,38.74234],[-9.12691,38.7423],[-9.12754,38.74202],[-9.12817,38.74215]]],[[[-9.09717,38.74612],[-9.09727,38.746],[-9.09766,38.74549],[-9.09783,38.74486],[-9.09779,38.74423],[-9.0979,38.74374],[-9.09801,38.7436],[-9.09827,38.74297],[-9.09834,38.74234],[-9.09853,38.74196],[-9.09869,38.7417],[-9.09916,38.74132],[-9.09979,38.74132],[-9.10002,38.74107],[-9.10033,38.74044],[-9.10033,38.73981],[-9.09979,38.73922],[-9.09975,38.73922],[-9.09979,38.73918],[-9.09979,38.73914],[-9.10042,38.73914],[-9.10068,38.73855],[-9.10042,38.7383],[-9.10004,38.7383],[-9.10024,38.7381],[-9.10042,38.7381],[-9.10088,38.73855],[-9.10079,38.73918],[-9.10071,38.73981],[-9.10071,38.74044],[-9.10042,38.74073],[-9.10022,38.74107],[-9.09979,38.74153],[-9.09916,38.74153],[-9.09895,38.7417],[-9.09866,38.74234],[-9.09858,38.74297],[-9.09853,38.7436],[-9.09871,38.74423],[-9.09853,38.74457],[-9.09838,38.74486],[-9.0979,38.74535],[-9.09785,38.74549],[-9.09745,38.74612],[-9.09747,38.74675],[-9.09747,38.74738],[-9.09727,38.74768],[-9.09663,38.7479],[-9.096,38.7479],[-9.096,38.74765],[-9.09663,38.74765],[-9.09713,38.74738],[-9.09717,38.74675],[-9.09717,38.74612]]],[[[-9.12951,38.74423],[-9.12943,38.74459],[-9.12901,38.74423],[-9.12943,38.74417],[-9.12951,38.74423]]],[[[-9.09663,38.74842],[-9.096,38.74842],[-9.096,38.74814],[-9.09663,38.74814],[-9.09695,38.74864],[-9.09663,38.74916],[-9.096,38.74916],[-9.09548,38.74916],[-9.09577,38.74888],[-9.096,38.74888],[-9.09663,38.74888],[-9.09678,38.74864],[-9.09663,38.74842]]],[[[-9.09537,38.75199],[-9.09474,38.75199],[-9.09474,38.7518],[-9.09474,38.75117],[-9.09537,38.75054],[-9.096,38.75054],[-9.09538,38.75117],[-9.09551,38.7518],[-9.09537,38.75199]]],[[[-9.09537,38.76297],[-9.09497,38.76252],[-9.09479,38.76189],[-9.09491,38.76126],[-9.09474,38.76111],[-9.09441,38.76063],[-9.09446,38.76],[-9.09466,38.75937],[-9.0945,38.75873],[-9.09474,38.75818],[-9.09477,38.7581],[-9.09476,38.75747],[-9.09476,38.75684],[-9.09494,38.75621],[-9.09474,38.75577],[-9.09468,38.75558],[-9.09443,38.75495],[-9.09442,38.75432],[-9.09466,38.75369],[-9.09439,38.75306],[-9.09439,38.75278],[-9.09454,38.75263],[-9.09454,38.75306],[-9.09474,38.75347],[-9.0951,38.75369],[-9.09477,38.75432],[-9.09498,38.75495],[-9.09537,38.75541],[-9.09556,38.75558],[-9.096,38.756],[-9.09663,38.756],[-9.09677,38.75621],[-9.09663,38.75642],[-9.096,38.75642],[-9.09576,38.75684],[-9.096,38.75722],[-9.09663,38.75722],[-9.09673,38.75747],[-9.09663,38.75757],[-9.096,38.75757],[-9.09547,38.7581],[-9.09537,38.7584],[-9.09524,38.75873],[-9.09527,38.75937],[-9.09515,38.76],[-9.09537,38.76059],[-9.09541,38.76063],[-9.096,38.7611],[-9.09663,38.7611],[-9.0967,38.76126],[-9.09672,38.76189],[-9.09663,38.76203],[-9.096,38.76203],[-9.09542,38.76252],[-9.09589,38.76315],[-9.09537,38.7637],[-9.09474,38.7637],[-9.0947,38.76374],[-9.09452,38.76356],[-9.09474,38.7633],[-9.09537,38.7633],[-9.09551,38.76315],[-9.09537,38.76297]]],[[[-9.13061,38.75873],[-9.13069,38.75847],[-9.13132,38.75847],[-9.13156,38.7581],[-9.13146,38.75747],[-9.13132,38.75729],[-9.13069,38.75729],[-9.13059,38.75684],[-9.13069,38.75672],[-9.13132,38.75672],[-9.13196,38.75657],[-9.13215,38.75684],[-9.13231,38.75747],[-9.13259,38.75768],[-9.13322,38.75796],[-9.13342,38.7581],[-9.13329,38.75873],[-9.13322,38.759],[-9.13289,38.75937],[-9.13259,38.75988],[-9.1323,38.75937],[-9.13196,38.7591],[-9.13157,38.75937],[-9.13132,38.75947],[-9.13069,38.75947],[-9.13062,38.75937],[-9.13061,38.75873]]],[[[-9.11257,38.76315],[-9.1124,38.76325],[-9.11198,38.76315],[-9.1124,38.76291],[-9.11257,38.76315]]],[[[-9.11544,38.76946],[-9.11493,38.76906],[-9.11444,38.76883],[-9.11493,38.76857],[-9.11519,38.7682],[-9.11556,38.76758],[-9.11557,38.76756],[-9.11556,38.76751],[-9.11536,38.76693],[-9.11514,38.7663],[-9.11556,38.76618],[-9.11566,38.7663],[-9.11619,38.7667],[-9.11682,38.7667],[-9.11707,38.7663],[-9.11704,38.76567],[-9.11704,38.76504],[-9.11682,38.76463],[-9.11619,38.76463],[-9.11606,38.76441],[-9.11619,38.76433],[-9.11682,38.76433],[-9.11745,38.76441],[-9.11751,38.76441],[-9.11777,38.76504],[-9.11808,38.76536],[-9.11822,38.76567],[-9.1183,38.7663],[-9.11871,38.76653],[-9.11907,38.76693],[-9.11931,38.76756],[-9.11894,38.7682],[-9.11906,38.76883],[-9.11871,38.76924],[-9.11853,38.76946],[-9.11808,38.76982],[-9.11775,38.76946],[-9.11745,38.76923],[-9.11698,38.76946],[-9.11682,38.76963],[-9.11619,38.76963],[-9.11556,38.76957],[-9.11544,38.76946]]],[[[-9.11934,38.76956],[-9.11915,38.76946],[-9.11934,38.76932],[-9.11997,38.76932],[-9.12012,38.76946],[-9.11997,38.76956],[-9.11934,38.76956]]],[[[-9.11008,38.77324],[-9.10988,38.7734],[-9.10964,38.77324],[-9.10988,38.77293],[-9.11008,38.77324]]],[[[-9.09222,38.78578],[-9.09159,38.78578],[-9.09159,38.78523],[-9.09146,38.7851],[-9.09159,38.7851],[-9.0921,38.78459],[-9.09212,38.78396],[-9.09222,38.78378],[-9.09285,38.78346],[-9.09348,38.78346],[-9.09395,38.78333],[-9.09393,38.7827],[-9.0939,38.78207],[-9.09411,38.7817],[-9.09458,38.78144],[-9.09445,38.78081],[-9.09463,38.78018],[-9.09472,38.77955],[-9.09411,38.77906],[-9.09348,38.7791],[-9.09285,38.7791],[-9.09275,38.77892],[-9.09275,38.77829],[-9.09269,38.77766],[-9.09239,38.77703],[-9.09236,38.77639],[-9.09251,38.77576],[-9.09285,38.77551],[-9.09348,38.77551],[-9.09384,38.77513],[-9.094,38.7745],[-9.09411,38.77433],[-9.09465,38.77387],[-9.09474,38.77356],[-9.09488,38.77324],[-9.09474,38.77274],[-9.09473,38.77261],[-9.09454,38.77198],[-9.09454,38.77135],[-9.09457,38.77072],[-9.09411,38.7704],[-9.09348,38.77029],[-9.09285,38.77029],[-9.09238,38.77009],[-9.09249,38.76946],[-9.09222,38.76926],[-9.09159,38.76926],[-9.09159,38.76883],[-9.09159,38.7682],[-9.09159,38.76764],[-9.09222,38.76764],[-9.09229,38.76756],[-9.09229,38.76693],[-9.09285,38.76693],[-9.09348,38.76693],[-9.09353,38.76693],[-9.0935,38.76756],[-9.09348,38.76762],[-9.09285,38.76762],[-9.09232,38.7682],[-9.09232,38.76883],[-9.09285,38.76926],[-9.09348,38.76926],[-9.09371,38.76946],[-9.09411,38.76996],[-9.09446,38.77009],[-9.09474,38.77022],[-9.09519,38.77009],[-9.09489,38.76946],[-9.09537,38.76934],[-9.0958,38.76946],[-9.09544,38.77009],[-9.09577,38.77072],[-9.09537,38.77135],[-9.09569,38.77198],[-9.096,38.7722],[-9.09663,38.7722],[-9.09727,38.77244],[-9.09736,38.77261],[-9.0973,38.77324],[-9.09727,38.77327],[-9.09663,38.7736],[-9.096,38.7736],[-9.09577,38.77387],[-9.096,38.7741],[-9.09663,38.7741],[-9.09727,38.77443],[-9.09733,38.7745],[-9.09727,38.7746],[-9.0967,38.77513],[-9.09663,38.77525],[-9.096,38.77525],[-9.09569,38.77576],[-9.09558,38.77639],[-9.09537,38.77682],[-9.09474,38.77673],[-9.09452,38.77703],[-9.09474,38.77725],[-9.09537,38.77729],[-9.09558,38.77766],[-9.096,38.77829],[-9.09578,38.77892],[-9.096,38.77911],[-9.09663,38.77911],[-9.09697,38.77955],[-9.097,38.78018],[-9.09692,38.78081],[-9.09719,38.78144],[-9.09663,38.78184],[-9.096,38.78184],[-9.09558,38.78207],[-9.09537,38.78215],[-9.09522,38.7827],[-9.09537,38.78314],[-9.096,38.78295],[-9.09663,38.78295],[-9.09671,38.78333],[-9.09663,38.78348],[-9.096,38.78348],[-9.09537,38.78346],[-9.09474,38.78396],[-9.09411,38.78432],[-9.09388,38.78396],[-9.09348,38.7839],[-9.09285,38.7839],[-9.09272,38.78396],[-9.09281,38.78459],[-9.09281,38.78523],[-9.09285,38.78529],[-9.09348,38.78529],[-9.09411,38.78544],[-9.09474,38.78566],[-9.09485,38.78586],[-9.09474,38.78622],[-9.09463,38.78649],[-9.09411,38.78672],[-9.09348,38.78691],[-9.09285,38.78691],[-9.0927,38.78712],[-9.09222,38.78748],[-9.09183,38.78775],[-9.09159,38.78823],[-9.09096,38.78823],[-9.09096,38.78775],[-9.09096,38.78753],[-9.09159,38.78753],[-9.09222,38.78712],[-9.0924,38.78649],[-9.09227,38.78586],[-9.09222,38.78578]],[[-9.09558,38.77513],[-9.09537,38.7751],[-9.09531,38.77513],[-9.09537,38.7752],[-9.09558,38.77513]]],[[[-9.09774,38.77892],[-9.09727,38.77907],[-9.09701,38.77892],[-9.09727,38.77879],[-9.09774,38.77892]]],[[[-9.09793,38.78018],[-9.0979,38.78023],[-9.09783,38.78018],[-9.0979,38.78012],[-9.09793,38.78018]]],[[[-9.09159,38.79492],[-9.0915,38.79469],[-9.09099,38.79406],[-9.09112,38.79342],[-9.09105,38.79279],[-9.09096,38.79254],[-9.09033,38.79254],[-9.09033,38.79216],[-9.09033,38.79153],[-9.09033,38.7909],[-9.09033,38.79068],[-9.09096,38.79068],[-9.09106,38.7909],[-9.09105,38.79153],[-9.09107,38.79216],[-9.09128,38.79279],[-9.09129,38.79342],[-9.09133,38.79406],[-9.09159,38.7944],[-9.09205,38.79469],[-9.09222,38.79477],[-9.09285,38.79522],[-9.09348,38.79522],[-9.09369,38.79532],[-9.09411,38.79557],[-9.09437,38.79595],[-9.09437,38.79653],[-9.09322,38.79633],[-9.09263,38.7963],[-9.09263,38.79595],[-9.09241,38.79532],[-9.09222,38.79516],[-9.09159,38.79492]]]]},"properties":{"class":3,"label":"−3 a −2","fill":"#92c5de"}},{"type":"Feature","geometry":{"type":"MultiPolygon","coordinates":[[[[-9.22846,38.69586],[-9.22909,38.69582],[-9.22947,38.69597],[-9.22937,38.69615],[-9.22909,38.69611],[-9.22846,38.69624],[-9.22798,38.69566],[-9.22789,38.6956],[-9.22801,38.69548],[-9.22829,38.69566],[-9.22846,38.69586]]],[[[-9.1877,38.69692],[-9.18809,38.69711],[-9.18834,38.69692],[-9.18834,38.69629],[-9.18866,38.69629],[-9.18866,38.69692],[-9.18809,38.69734],[-9.18755,38.69755],[-9.18746,38.69765],[-9.18683,38.69765],[-9.18671,38.69755],[-9.18657,38.69692],[-9.18683,38.69692],[-9.18746,38.69629],[-9.1877,38.69629],[-9.1877,38.69692]]],[[[-9.17989,38.70134],[-9.17976,38.70197],[-9.17926,38.70218],[-9.17904,38.70197],[-9.17926,38.70156],[-9.17989,38.70134]]],[[[-9.20134,38.7046],[-9.20127,38.70449],[-9.20134,38.70426],[-9.20197,38.70426],[-9.20212,38.70449],[-9.20197,38.7046],[-9.20134,38.7046]]],[[[-9.22467,38.70512],[-9.22464,38.70449],[-9.22467,38.70445],[-9.2253,38.70445],[-9.2257,38.70449],[-9.2257,38.7046],[-9.22569,38.70461],[-9.22467,38.70522],[-9.22467,38.70512]]],[[[-9.20286,38.70575],[-9.2026,38.70587],[-9.20242,38.70575],[-9.2026,38.70561],[-9.20286,38.70575]]],[[[-9.18852,38.70765],[-9.18852,38.70701],[-9.18872,38.70645],[-9.18895,38.70701],[-9.18895,38.70765],[-9.18872,38.70792],[-9.18852,38.70765]]],[[[-9.18523,38.70891],[-9.18505,38.70828],[-9.18557,38.70799],[-9.18575,38.70828],[-9.18576,38.70891],[-9.18557,38.70907],[-9.18523,38.70891]]],[[[-9.22278,38.7098],[-9.22263,38.70954],[-9.22278,38.70904],[-9.22314,38.70904],[-9.22328,38.7098],[-9.22278,38.7098]]],[[[-9.21145,38.71206],[-9.21143,38.71208],[-9.21132,38.71206],[-9.21143,38.71143],[-9.21145,38.71206]]],[[[-9.19759,38.71648],[-9.19755,38.7165],[-9.1974,38.71648],[-9.19755,38.71637],[-9.19759,38.71648]]],[[[-9.17431,38.71648],[-9.17421,38.71662],[-9.17373,38.71648],[-9.17421,38.71631],[-9.17431,38.71648]]],[[[-9.19183,38.71711],[-9.19136,38.71648],[-9.19187,38.7159],[-9.19245,38.71648],[-9.19188,38.71711],[-9.19187,38.71711],[-9.19183,38.71711]],[[-9.19187,38.71657],[-9.19196,38.71648],[-9.19187,38.71639],[-9.1918,38.71648],[-9.19187,38.71657]]],[[[-9.1862,38.71699],[-9.18683,38.71699],[-9.18731,38.71648],[-9.18746,38.71627],[-9.18809,38.71609],[-9.18872,38.71646],[-9.18874,38.71648],[-9.18935,38.71708],[-9.18998,38.71708],[-9.19002,38.71711],[-9.18998,38.71724],[-9.18935,38.71724],[-9.18877,38.71774],[-9.18872,38.71776],[-9.18809,38.71816],[-9.18746,38.7181],[-9.18683,38.71777],[-9.1862,38.71777],[-9.18614,38.71774],[-9.1861,38.71711],[-9.1862,38.71699]],[[-9.18746,38.71669],[-9.18708,38.71711],[-9.1872,38.71774],[-9.18746,38.71787],[-9.18809,38.71787],[-9.18829,38.71774],[-9.18872,38.71719],[-9.1888,38.71711],[-9.18872,38.71703],[-9.18828,38.71648],[-9.18809,38.71637],[-9.18779,38.71648],[-9.18746,38.71669]]],[[[-9.21269,38.72027],[-9.21332,38.72027],[-9.21336,38.72026],[-9.21395,38.72004],[-9.21458,38.71987],[-9.21479,38.71963],[-9.21479,38.719],[-9.2152,38.71837],[-9.21521,38.71834],[-9.21584,38.71834],[-9.21619,38.71774],[-9.21584,38.71734],[-9.21521,38.71734],[-9.21477,38.71774],[-9.21458,38.71784],[-9.21395,38.71782],[-9.21332,38.71809],[-9.21269,38.71809],[-9.21206,38.71837],[-9.212,38.71774],[-9.21206,38.71758],[-9.21269,38.71754],[-9.21332,38.71754],[-9.2137,38.71711],[-9.21332,38.71676],[-9.21269,38.71676],[-9.21254,38.71648],[-9.21269,38.7163],[-9.21332,38.7163],[-9.21395,38.71584],[-9.21458,38.71547],[-9.21502,38.71521],[-9.21521,38.71513],[-9.21568,38.71521],[-9.21539,38.71584],[-9.21584,38.71609],[-9.21647,38.71598],[-9.21704,38.71648],[-9.2171,38.71654],[-9.21719,38.71648],[-9.21773,38.71625],[-9.21837,38.71636],[-9.219,38.71636],[-9.21963,38.71592],[-9.21987,38.71584],[-9.22026,38.71566],[-9.22063,38.71521],[-9.22083,38.71458],[-9.22089,38.71445],[-9.22131,38.71395],[-9.22145,38.71332],[-9.22152,38.71311],[-9.22215,38.71311],[-9.22238,38.71269],[-9.22253,38.71206],[-9.22278,38.71169],[-9.22301,38.71169],[-9.22262,38.71329],[-9.22228,38.71401],[-9.22011,38.71661],[-9.22001,38.71648],[-9.21963,38.71621],[-9.2193,38.71648],[-9.219,38.71691],[-9.21837,38.71691],[-9.21811,38.71711],[-9.21778,38.71774],[-9.21773,38.71778],[-9.21715,38.71837],[-9.2171,38.7184],[-9.21647,38.71861],[-9.21584,38.71887],[-9.21521,38.71887],[-9.21513,38.719],[-9.21513,38.71963],[-9.21458,38.72024],[-9.21449,38.72026],[-9.21395,38.72038],[-9.21332,38.72061],[-9.21269,38.72061],[-9.21213,38.72089],[-9.21206,38.72093],[-9.21143,38.72141],[-9.21128,38.72152],[-9.2108,38.72212],[-9.21078,38.72215],[-9.21078,38.72226],[-9.21044,38.72247],[-9.21044,38.72215],[-9.21061,38.72152],[-9.2108,38.72134],[-9.21143,38.721],[-9.21158,38.72089],[-9.21206,38.72058],[-9.21269,38.72027]]],[[[-9.21206,38.71837],[-9.21143,38.71875],[-9.21138,38.71837],[-9.21143,38.71822],[-9.21206,38.71837]]],[[[-9.20953,38.71908],[-9.20917,38.719],[-9.20953,38.71896],[-9.21017,38.71896],[-9.21031,38.719],[-9.21017,38.71908],[-9.20953,38.71908]]],[[[-9.2089,38.72747],[-9.20869,38.7272],[-9.20864,38.72657],[-9.20872,38.72648],[-9.20905,38.72747],[-9.2089,38.72747]]],[[[-9.12972,38.75873],[-9.12963,38.7581],[-9.12978,38.75747],[-9.12978,38.75684],[-9.12979,38.75621],[-9.13006,38.75592],[-9.13039,38.75558],[-9.13025,38.75495],[-9.13006,38.75489],[-9.12971,38.75432],[-9.1298,38.75369],[-9.12947,38.75306],[-9.12968,38.75243],[-9.1296,38.7518],[-9.12943,38.75154],[-9.12921,38.75117],[-9.12911,38.75054],[-9.12943,38.75023],[-9.12978,38.7499],[-9.13006,38.74965],[-9.13052,38.7499],[-9.13069,38.75],[-9.13132,38.75],[-9.13196,38.75003],[-9.13259,38.75016],[-9.13298,38.7499],[-9.13262,38.74927],[-9.13279,38.74864],[-9.13259,38.74839],[-9.13196,38.74825],[-9.13178,38.74801],[-9.13132,38.7476],[-9.13069,38.7476],[-9.13055,38.74738],[-9.13033,38.74675],[-9.13046,38.74612],[-9.13047,38.74549],[-9.13069,38.74516],[-9.13132,38.74516],[-9.13196,38.7452],[-9.13235,38.74486],[-9.13259,38.74449],[-9.13284,38.74423],[-9.13259,38.74403],[-9.13203,38.74423],[-9.13196,38.74426],[-9.13132,38.74441],[-9.13069,38.74441],[-9.13032,38.74486],[-9.13006,38.74503],[-9.1296,38.74549],[-9.12979,38.74612],[-9.12943,38.74652],[-9.1288,38.7462],[-9.12817,38.7462],[-9.12808,38.74612],[-9.12805,38.74549],[-9.12817,38.7451],[-9.1288,38.7451],[-9.12886,38.74486],[-9.1288,38.7448],[-9.12817,38.7448],[-9.12771,38.74423],[-9.12754,38.74383],[-9.12691,38.744],[-9.12648,38.7436],[-9.12628,38.7431],[-9.12608,38.74297],[-9.12565,38.74278],[-9.12502,38.74278],[-9.12439,38.74297],[-9.12502,38.74334],[-9.12565,38.74334],[-9.12583,38.7436],[-9.12565,38.7439],[-9.12502,38.7439],[-9.12439,38.74372],[-9.12426,38.7436],[-9.12376,38.74313],[-9.12313,38.7433],[-9.12249,38.74314],[-9.12186,38.74314],[-9.12149,38.74297],[-9.12154,38.74234],[-9.12186,38.74181],[-9.12249,38.74181],[-9.12313,38.74181],[-9.12322,38.7417],[-9.12331,38.74107],[-9.12327,38.74044],[-9.12347,38.73981],[-9.12347,38.73918],[-9.12376,38.73876],[-9.12439,38.73891],[-9.1247,38.73855],[-9.12502,38.73798],[-9.12565,38.73798],[-9.1257,38.73792],[-9.12596,38.73729],[-9.12628,38.73725],[-9.12691,38.73666],[-9.12722,38.73603],[-9.1272,38.7354],[-9.12754,38.73511],[-9.12817,38.73492],[-9.1288,38.73492],[-9.12883,38.73477],[-9.12905,38.73414],[-9.12897,38.73351],[-9.12897,38.73287],[-9.1289,38.73224],[-9.1288,38.73197],[-9.12817,38.73197],[-9.12754,38.73166],[-9.12752,38.73161],[-9.12698,38.73098],[-9.12691,38.73092],[-9.12678,38.73098],[-9.12628,38.7311],[-9.12592,38.73098],[-9.12565,38.73088],[-9.12502,38.73088],[-9.12439,38.73063],[-9.12396,38.73098],[-9.12376,38.73106],[-9.12367,38.73098],[-9.12376,38.73044],[-9.12381,38.73035],[-9.12376,38.73019],[-9.12355,38.72972],[-9.12367,38.72909],[-9.12376,38.72905],[-9.12393,38.72909],[-9.12403,38.72972],[-9.12439,38.7299],[-9.12451,38.72972],[-9.12459,38.72909],[-9.12502,38.72877],[-9.12565,38.72877],[-9.12628,38.72876],[-9.12691,38.72868],[-9.12719,38.72846],[-9.12715,38.72783],[-9.1275,38.7272],[-9.1275,38.72657],[-9.12754,38.72636],[-9.12796,38.72594],[-9.12754,38.72584],[-9.12696,38.72531],[-9.12707,38.72468],[-9.12691,38.72449],[-9.12628,38.7242],[-9.12565,38.7243],[-9.12502,38.7243],[-9.12439,38.72428],[-9.12398,38.72404],[-9.12394,38.72341],[-9.12379,38.72278],[-9.12376,38.72275],[-9.12338,38.72215],[-9.12313,38.72163],[-9.12249,38.72163],[-9.12239,38.72152],[-9.12186,38.72123],[-9.12125,38.72089],[-9.12148,38.72026],[-9.12123,38.7199],[-9.12098,38.71963],[-9.12123,38.71934],[-9.12186,38.71942],[-9.12249,38.7194],[-9.12313,38.7194],[-9.12376,38.71916],[-9.12391,38.719],[-9.12389,38.71837],[-9.12376,38.71799],[-9.12372,38.71774],[-9.12344,38.71711],[-9.12325,38.71648],[-9.12313,38.71624],[-9.12249,38.71624],[-9.12186,38.71619],[-9.12165,38.71584],[-9.12186,38.71569],[-9.12249,38.71524],[-9.12313,38.71524],[-9.12376,38.71552],[-9.1239,38.71521],[-9.12439,38.71464],[-9.12491,38.71458],[-9.12491,38.71395],[-9.1249,38.71332],[-9.12502,38.71327],[-9.12565,38.71327],[-9.1261,38.71332],[-9.12628,38.71342],[-9.12646,38.71332],[-9.12691,38.71321],[-9.12712,38.71332],[-9.12731,38.71395],[-9.12731,38.71458],[-9.12754,38.7148],[-9.12787,38.71458],[-9.12787,38.71395],[-9.1277,38.71332],[-9.12817,38.7129],[-9.1288,38.7129],[-9.12943,38.71271],[-9.12945,38.71269],[-9.12959,38.71206],[-9.13004,38.71143],[-9.13006,38.7114],[-9.13038,38.71143],[-9.13069,38.71148],[-9.1309,38.71143],[-9.13094,38.7108],[-9.13132,38.71038],[-9.13196,38.71038],[-9.13259,38.71017],[-9.13233,38.70954],[-9.13227,38.70891],[-9.13196,38.70864],[-9.13132,38.70864],[-9.13081,38.70828],[-9.13069,38.70816],[-9.13066,38.70828],[-9.13006,38.70874],[-9.12943,38.70877],[-9.12911,38.70891],[-9.1288,38.70915],[-9.12817,38.70915],[-9.12754,38.70921],[-9.12707,38.70954],[-9.12691,38.70965],[-9.12628,38.70978],[-9.12565,38.70989],[-9.1253,38.70989],[-9.12565,38.70954],[-9.12628,38.70891],[-9.12691,38.70891],[-9.12754,38.70828],[-9.12817,38.70828],[-9.1288,38.70828],[-9.12889,38.70828],[-9.12943,38.70858],[-9.13006,38.70857],[-9.13044,38.70828],[-9.13057,38.70765],[-9.13069,38.70765],[-9.13132,38.70701],[-9.13165,38.70701],[-9.13196,38.70732],[-9.13259,38.70725],[-9.13291,38.70701],[-9.13291,38.70638],[-9.13322,38.70638],[-9.13385,38.70638],[-9.13448,38.70638],[-9.13462,38.70638],[-9.13462,38.70701],[-9.13511,38.70727],[-9.13531,38.70701],[-9.13531,38.70638],[-9.13574,38.70638],[-9.13637,38.70638],[-9.137,38.70638],[-9.13721,38.70638],[-9.13763,38.70681],[-9.13826,38.70677],[-9.13887,38.70638],[-9.13887,38.70575],[-9.13889,38.70575],[-9.13949,38.70575],[-9.13949,38.70638],[-9.13952,38.70647],[-9.13963,38.70638],[-9.13954,38.70575],[-9.13983,38.70575],[-9.14015,38.70613],[-9.14079,38.70613],[-9.14142,38.70609],[-9.14205,38.70581],[-9.14211,38.70575],[-9.14211,38.70512],[-9.14268,38.70512],[-9.14331,38.70512],[-9.14393,38.70512],[-9.14394,38.70513],[-9.14457,38.70514],[-9.1452,38.70516],[-9.14583,38.70525],[-9.14646,38.70525],[-9.14702,38.70575],[-9.14709,38.7058],[-9.14772,38.70583],[-9.14835,38.70592],[-9.14852,38.70575],[-9.14852,38.70529],[-9.14898,38.70575],[-9.14962,38.70575],[-9.15025,38.70512],[-9.1508,38.70512],[-9.1508,38.70575],[-9.15056,38.70638],[-9.15068,38.70701],[-9.15068,38.70765],[-9.15088,38.70799],[-9.15151,38.70802],[-9.15214,38.70802],[-9.15256,38.70828],[-9.15277,38.70858],[-9.15306,38.70828],[-9.1534,38.70805],[-9.15403,38.7081],[-9.15466,38.7082],[-9.15529,38.7082],[-9.15578,38.70765],[-9.15578,38.70701],[-9.15592,38.7069],[-9.15655,38.70682],[-9.15718,38.70688],[-9.15782,38.70688],[-9.15824,38.70701],[-9.15845,38.70765],[-9.15855,38.70701],[-9.15908,38.70661],[-9.15945,38.70638],[-9.15971,38.70621],[-9.16012,38.70575],[-9.16034,38.70558],[-9.16097,38.70558],[-9.1616,38.70535],[-9.16185,38.70512],[-9.16223,38.70483],[-9.16279,38.70512],[-9.16286,38.70518],[-9.16349,38.70513],[-9.16412,38.70513],[-9.16415,38.70512],[-9.16475,38.70498],[-9.16497,38.70512],[-9.16538,38.7054],[-9.16584,38.70512],[-9.16601,38.705],[-9.16665,38.705],[-9.16679,38.70512],[-9.16728,38.7056],[-9.16791,38.70552],[-9.16854,38.70563],[-9.16917,38.70557],[-9.1698,38.70557],[-9.17043,38.70558],[-9.17101,38.70575],[-9.17106,38.70581],[-9.17169,38.70625],[-9.17232,38.70625],[-9.17252,38.70638],[-9.1726,38.70701],[-9.1726,38.70765],[-9.17263,38.70828],[-9.17258,38.70891],[-9.17266,38.70954],[-9.17243,38.71017],[-9.17287,38.7108],[-9.17295,38.71096],[-9.17358,38.71108],[-9.17421,38.7111],[-9.17469,38.71143],[-9.17484,38.71153],[-9.17548,38.71153],[-9.17593,38.71143],[-9.1759,38.7108],[-9.17611,38.71075],[-9.17616,38.7108],[-9.17674,38.71106],[-9.17737,38.71099],[-9.17756,38.7108],[-9.178,38.71021],[-9.17863,38.71021],[-9.17872,38.71017],[-9.17863,38.71014],[-9.178,38.71014],[-9.17763,38.70954],[-9.17737,38.70891],[-9.17674,38.70909],[-9.17655,38.70891],[-9.17674,38.70864],[-9.17713,38.70828],[-9.17723,38.70765],[-9.17723,38.70701],[-9.17737,38.7065],[-9.17746,38.70638],[-9.178,38.70615],[-9.17863,38.70615],[-9.17881,38.70575],[-9.17885,38.70512],[-9.17926,38.70464],[-9.17947,38.70449],[-9.17989,38.70402],[-9.18011,38.70386],[-9.17989,38.70373],[-9.17961,38.70323],[-9.17982,38.7026],[-9.17989,38.70228],[-9.18052,38.70233],[-9.18115,38.70233],[-9.18163,38.7026],[-9.18178,38.70261],[-9.18241,38.70262],[-9.18304,38.70277],[-9.18323,38.7026],[-9.18338,38.70197],[-9.18368,38.7017],[-9.18431,38.7017],[-9.18494,38.70177],[-9.18555,38.70134],[-9.18557,38.70123],[-9.18583,38.70071],[-9.1862,38.7006],[-9.18649,38.70071],[-9.18649,38.70134],[-9.18662,38.70197],[-9.1862,38.7026],[-9.18609,38.70323],[-9.1862,38.7033],[-9.18683,38.70325],[-9.18746,38.70325],[-9.18809,38.70353],[-9.18872,38.7036],[-9.18922,38.70386],[-9.18872,38.70414],[-9.1886,38.70449],[-9.18872,38.70508],[-9.18874,38.70512],[-9.18872,38.70575],[-9.18809,38.70596],[-9.18788,38.70575],[-9.18746,38.70564],[-9.18683,38.70572],[-9.1862,38.70572],[-9.18557,38.70575],[-9.18494,38.70627],[-9.18446,38.70638],[-9.18494,38.70686],[-9.185,38.70701],[-9.18494,38.70765],[-9.18431,38.70787],[-9.18368,38.70787],[-9.18329,38.70765],[-9.18339,38.70701],[-9.18336,38.70638],[-9.18304,38.70636],[-9.18295,38.70638],[-9.18241,38.70674],[-9.18211,38.70701],[-9.18241,38.70753],[-9.18259,38.70765],[-9.18294,38.70828],[-9.18299,38.70891],[-9.18272,38.70954],[-9.18241,38.70979],[-9.18197,38.71017],[-9.18178,38.71062],[-9.18136,38.7108],[-9.18178,38.71093],[-9.18241,38.71097],[-9.18288,38.71143],[-9.18304,38.71149],[-9.18311,38.71143],[-9.18366,38.7108],[-9.18368,38.71079],[-9.18431,38.71079],[-9.18432,38.7108],[-9.18494,38.71096],[-9.18557,38.71093],[-9.18575,38.7108],[-9.1862,38.71037],[-9.18683,38.71037],[-9.18718,38.71017],[-9.18746,38.70991],[-9.18809,38.70988],[-9.18872,38.70979],[-9.18884,38.70954],[-9.18902,38.70891],[-9.18904,38.70828],[-9.18935,38.70801],[-9.18998,38.70801],[-9.19023,38.70828],[-9.19061,38.70853],[-9.19109,38.70891],[-9.19124,38.70915],[-9.19187,38.70926],[-9.19204,38.70954],[-9.19234,38.71017],[-9.19246,38.7108],[-9.1924,38.71143],[-9.19251,38.71167],[-9.19314,38.71167],[-9.19348,38.71206],[-9.19377,38.7125],[-9.19388,38.71269],[-9.19408,38.71332],[-9.19408,38.71395],[-9.19398,38.71458],[-9.19428,38.71521],[-9.1944,38.71558],[-9.19503,38.71548],[-9.19566,38.71548],[-9.19629,38.71524],[-9.19636,38.71521],[-9.19629,38.71515],[-9.19608,38.71458],[-9.19629,38.7144],[-9.19658,38.71458],[-9.19692,38.71492],[-9.19755,38.71473],[-9.19818,38.7146],[-9.19881,38.7146],[-9.19882,38.71458],[-9.19881,38.71455],[-9.19818,38.71455],[-9.19799,38.71395],[-9.19799,38.71332],[-9.19818,38.71316],[-9.19881,38.71316],[-9.19944,38.71281],[-9.1995,38.71269],[-9.19959,38.71206],[-9.19951,38.71143],[-9.20007,38.71097],[-9.2007,38.71101],[-9.20134,38.71101],[-9.20197,38.71095],[-9.2026,38.71105],[-9.20323,38.71084],[-9.2035,38.71143],[-9.20386,38.71166],[-9.20449,38.71166],[-9.20476,38.71143],[-9.20512,38.71114],[-9.20549,38.7108],[-9.20512,38.71017],[-9.20517,38.70954],[-9.20512,38.70929],[-9.20509,38.70891],[-9.20512,38.70843],[-9.20575,38.70846],[-9.20607,38.70828],[-9.20575,38.7079],[-9.20512,38.70823],[-9.20498,38.70765],[-9.20494,38.70701],[-9.20465,38.70638],[-9.20512,38.70606],[-9.20553,38.70575],[-9.20575,38.70548],[-9.20638,38.70552],[-9.20701,38.70548],[-9.20764,38.70548],[-9.20817,38.70512],[-9.20827,38.70469],[-9.2089,38.70475],[-9.20933,38.70449],[-9.20953,38.70443],[-9.21017,38.70443],[-9.2108,38.70412],[-9.21109,38.70386],[-9.21143,38.70358],[-9.21185,38.70323],[-9.21195,38.7026],[-9.21167,38.70197],[-9.21143,38.70173],[-9.21087,38.70134],[-9.2108,38.70127],[-9.21017,38.70127],[-9.20994,38.70071],[-9.20994,38.70008],[-9.20961,38.69945],[-9.2097,38.69882],[-9.20973,38.69818],[-9.20953,38.6979],[-9.2089,38.69763],[-9.20871,38.69755],[-9.20836,38.69692],[-9.20827,38.69686],[-9.20764,38.69653],[-9.20701,38.69653],[-9.20638,38.69668],[-9.20575,38.69681],[-9.20553,38.69692],[-9.20512,38.69721],[-9.20449,38.69732],[-9.20386,38.69732],[-9.20368,38.69755],[-9.20386,38.69772],[-9.20449,38.69772],[-9.20496,38.69818],[-9.20512,38.69868],[-9.20517,38.69882],[-9.20512,38.699],[-9.20472,38.69945],[-9.20449,38.70008],[-9.20449,38.70071],[-9.20386,38.70071],[-9.20338,38.70134],[-9.20323,38.70147],[-9.2026,38.70195],[-9.20197,38.70192],[-9.20134,38.70192],[-9.20116,38.70134],[-9.2007,38.70087],[-9.20058,38.70071],[-9.20058,38.70008],[-9.2004,38.69945],[-9.20017,38.69882],[-9.20007,38.6987],[-9.19953,38.69818],[-9.19944,38.69796],[-9.19914,38.69755],[-9.19881,38.69725],[-9.19818,38.69725],[-9.19755,38.69721],[-9.1971,38.69692],[-9.19692,38.69676],[-9.19629,38.69659],[-9.19566,38.69629],[-9.19503,38.69629],[-9.1944,38.69629],[-9.19377,38.69648],[-9.19314,38.69656],[-9.19251,38.69656],[-9.19187,38.6966],[-9.19124,38.69674],[-9.19061,38.69686],[-9.1902,38.69692],[-9.18998,38.69704],[-9.18935,38.69704],[-9.18904,38.69692],[-9.18904,38.69629],[-9.18935,38.69629],[-9.18998,38.69629],[-9.19016,38.69629],[-9.19061,38.69668],[-9.19124,38.6966],[-9.19187,38.69635],[-9.19227,38.69629],[-9.19227,38.69566],[-9.19251,38.69566],[-9.19314,38.69566],[-9.19318,38.69566],[-9.19377,38.69615],[-9.1944,38.69606],[-9.19503,38.69597],[-9.19566,38.69597],[-9.19629,38.69594],[-9.19692,38.69566],[-9.19692,38.69566],[-9.19755,38.69562],[-9.19818,38.69565],[-9.19881,38.69565],[-9.19944,38.69565],[-9.20007,38.69548],[-9.2007,38.69556],[-9.20113,38.69503],[-9.20134,38.69496],[-9.20197,38.69496],[-9.20221,38.69503],[-9.20215,38.69566],[-9.20197,38.69579],[-9.20134,38.69579],[-9.2007,38.69595],[-9.20007,38.69594],[-9.19951,38.69629],[-9.19966,38.69692],[-9.20007,38.69722],[-9.20029,38.69755],[-9.20067,38.69818],[-9.2007,38.69824],[-9.20134,38.69879],[-9.20197,38.69879],[-9.20199,38.69882],[-9.20223,38.69945],[-9.20217,38.70008],[-9.20217,38.70071],[-9.2026,38.70108],[-9.20307,38.70071],[-9.20307,38.70008],[-9.20323,38.69995],[-9.20348,38.69945],[-9.20323,38.69886],[-9.20319,38.69882],[-9.20323,38.69875],[-9.20386,38.69839],[-9.20449,38.69839],[-9.20452,38.69818],[-9.20449,38.69815],[-9.20386,38.69815],[-9.20323,38.69759],[-9.20321,38.69755],[-9.20323,38.69751],[-9.20351,38.69692],[-9.20386,38.69653],[-9.20449,38.69653],[-9.20512,38.69635],[-9.20544,38.69629],[-9.20512,38.69619],[-9.20449,38.69608],[-9.20386,38.69608],[-9.20359,38.69566],[-9.20386,38.69551],[-9.20449,38.69551],[-9.20512,38.69548],[-9.20546,38.69503],[-9.20575,38.6948],[-9.20634,38.6944],[-9.20634,38.69377],[-9.20634,38.69314],[-9.20638,38.69314],[-9.20701,38.69314],[-9.20707,38.69314],[-9.20764,38.69371],[-9.20827,38.69363],[-9.2089,38.69376],[-9.20953,38.69376],[-9.21017,38.69365],[-9.2108,38.69365],[-9.21128,38.69377],[-9.21128,38.6944],[-9.21143,38.6945],[-9.21165,38.6944],[-9.21165,38.69377],[-9.21206,38.69371],[-9.21269,38.69342],[-9.21332,38.69342],[-9.21395,38.69366],[-9.21458,38.69361],[-9.21521,38.69365],[-9.21571,38.69314],[-9.21584,38.69304],[-9.21647,38.69304],[-9.21683,38.69314],[-9.2171,38.69329],[-9.21768,38.69314],[-9.21773,38.69313],[-9.21776,38.69314],[-9.21837,38.69336],[-9.21863,38.69314],[-9.21863,38.69278],[-9.219,38.69314],[-9.21928,38.69314],[-9.21963,38.69348],[-9.22026,38.69368],[-9.22059,38.69377],[-9.22059,38.6944],[-9.22089,38.6945],[-9.22109,38.6944],[-9.22109,38.69377],[-9.22152,38.69367],[-9.22215,38.69367],[-9.22227,38.69377],[-9.22227,38.6944],[-9.22278,38.6948],[-9.22341,38.69502],[-9.22404,38.69499],[-9.22413,38.69503],[-9.22467,38.69534],[-9.2253,38.69534],[-9.22572,38.69503],[-9.22572,38.69482],[-9.22593,38.69503],[-9.22613,38.69503],[-9.22613,38.69566],[-9.22656,38.69597],[-9.22684,38.69566],[-9.22684,38.6953],[-9.22708,38.69554],[-9.22708,38.69566],[-9.22656,38.69623],[-9.22593,38.69598],[-9.22535,38.69566],[-9.2253,38.69565],[-9.22467,38.69565],[-9.22404,38.69559],[-9.22366,38.69566],[-9.22351,38.69629],[-9.22378,38.69692],[-9.22404,38.69727],[-9.22427,38.69755],[-9.22425,38.69818],[-9.22467,38.69856],[-9.2253,38.69856],[-9.22569,38.69882],[-9.22593,38.69913],[-9.22624,38.69945],[-9.22648,38.70008],[-9.22651,38.70071],[-9.22656,38.70089],[-9.2267,38.70089],[-9.22644,38.70223],[-9.22629,38.70197],[-9.22624,38.70134],[-9.22615,38.70071],[-9.22593,38.70012],[-9.22587,38.70008],[-9.2253,38.69972],[-9.22467,38.69972],[-9.22404,38.69985],[-9.22349,38.70008],[-9.22341,38.7002],[-9.22326,38.70008],[-9.22278,38.69999],[-9.22257,38.70008],[-9.2222,38.70071],[-9.22215,38.70074],[-9.22152,38.70074],[-9.2214,38.70071],[-9.2212,38.70008],[-9.2212,38.69945],[-9.2211,38.69882],[-9.22092,38.69818],[-9.22089,38.69812],[-9.22053,38.69755],[-9.22038,38.69692],[-9.22026,38.69677],[-9.21975,38.69629],[-9.21963,38.69619],[-9.219,38.69598],[-9.21837,38.69598],[-9.21773,38.69589],[-9.21723,38.69566],[-9.2171,38.69556],[-9.21647,38.69503],[-9.21584,38.69503],[-9.21521,38.69493],[-9.21511,38.69503],[-9.21458,38.69527],[-9.21395,38.69503],[-9.21332,38.69499],[-9.21269,38.69499],[-9.21206,38.69471],[-9.2119,38.69503],[-9.21206,38.69563],[-9.21216,38.69566],[-9.21206,38.69568],[-9.21143,38.69568],[-9.2108,38.69621],[-9.21017,38.69621],[-9.21003,38.69629],[-9.20973,38.69692],[-9.21017,38.69753],[-9.2108,38.69753],[-9.21081,38.69755],[-9.21095,38.69818],[-9.21081,38.69882],[-9.2108,38.69891],[-9.21017,38.69891],[-9.21009,38.69945],[-9.21017,38.69971],[-9.2108,38.69971],[-9.21095,38.70008],[-9.21095,38.70071],[-9.21143,38.70115],[-9.21161,38.70134],[-9.21206,38.70176],[-9.21225,38.70197],[-9.21242,38.7026],[-9.21237,38.70323],[-9.21206,38.70379],[-9.21194,38.70386],[-9.21145,38.70449],[-9.21169,38.70512],[-9.21206,38.70531],[-9.21235,38.70575],[-9.21269,38.70624],[-9.21332,38.70624],[-9.21349,38.70638],[-9.21349,38.70701],[-9.21395,38.70751],[-9.21409,38.70765],[-9.21439,38.70828],[-9.21458,38.70839],[-9.21521,38.7087],[-9.21557,38.70891],[-9.21575,38.70954],[-9.21559,38.71017],[-9.21568,38.7108],[-9.21544,38.71143],[-9.21521,38.71159],[-9.21458,38.7116],[-9.21434,38.71143],[-9.21395,38.7113],[-9.21332,38.71111],[-9.21269,38.71111],[-9.21211,38.71143],[-9.21206,38.71148],[-9.21143,38.71143],[-9.2108,38.71141],[-9.21074,38.71143],[-9.21069,38.71206],[-9.2108,38.71241],[-9.21087,38.71269],[-9.21085,38.71332],[-9.2108,38.71348],[-9.21063,38.71395],[-9.21046,38.71458],[-9.21049,38.71521],[-9.21024,38.71584],[-9.21017,38.71591],[-9.20953,38.71591],[-9.2089,38.71607],[-9.20827,38.71613],[-9.20764,38.71602],[-9.20701,38.71602],[-9.20667,38.71584],[-9.20638,38.71558],[-9.20575,38.71553],[-9.20512,38.71537],[-9.20503,38.71521],[-9.20512,38.71462],[-9.20516,38.71458],[-9.20555,38.71395],[-9.20512,38.71349],[-9.20503,38.71332],[-9.20449,38.71272],[-9.20386,38.71272],[-9.20384,38.71269],[-9.20323,38.7123],[-9.2026,38.71241],[-9.20224,38.71269],[-9.20197,38.71279],[-9.20134,38.71295],[-9.2007,38.71295],[-9.20007,38.71274],[-9.19973,38.71332],[-9.19973,38.71395],[-9.19944,38.71456],[-9.19943,38.71458],[-9.19888,38.71521],[-9.19881,38.71533],[-9.19818,38.71533],[-9.19755,38.71555],[-9.19692,38.71567],[-9.19629,38.71581],[-9.19621,38.71584],[-9.19566,38.71611],[-9.19503,38.71611],[-9.1944,38.7161],[-9.19393,38.71584],[-9.19377,38.71521],[-9.19314,38.7146],[-9.19251,38.7146],[-9.19249,38.71458],[-9.19251,38.71454],[-9.19314,38.71454],[-9.19335,38.71395],[-9.19335,38.71332],[-9.19314,38.71288],[-9.19251,38.71288],[-9.19237,38.71269],[-9.19187,38.71222],[-9.19183,38.71206],[-9.19187,38.71196],[-9.19209,38.71143],[-9.19187,38.71097],[-9.19175,38.7108],[-9.19124,38.71024],[-9.19088,38.71017],[-9.19061,38.71],[-9.18998,38.71],[-9.18935,38.71],[-9.18923,38.71017],[-9.18872,38.71048],[-9.18817,38.7108],[-9.18809,38.71085],[-9.18801,38.7108],[-9.18746,38.71043],[-9.18683,38.71076],[-9.1862,38.71076],[-9.18616,38.7108],[-9.18557,38.71122],[-9.18494,38.7112],[-9.18431,38.71116],[-9.18368,38.71116],[-9.18344,38.71143],[-9.18304,38.71183],[-9.18241,38.71168],[-9.18178,38.71184],[-9.18149,38.71206],[-9.18115,38.71248],[-9.18052,38.71248],[-9.18021,38.71269],[-9.18,38.71332],[-9.18,38.71395],[-9.17989,38.71403],[-9.17926,38.71402],[-9.17863,38.71421],[-9.17835,38.71395],[-9.178,38.7136],[-9.17772,38.71332],[-9.17737,38.71273],[-9.17674,38.71286],[-9.17627,38.71332],[-9.17627,38.71395],[-9.17611,38.71401],[-9.17583,38.71395],[-9.17548,38.71369],[-9.17484,38.71369],[-9.17458,38.71395],[-9.17421,38.71403],[-9.17394,38.71395],[-9.17394,38.71332],[-9.17421,38.71295],[-9.17437,38.71269],[-9.17421,38.71262],[-9.17358,38.71242],[-9.17314,38.71269],[-9.17295,38.71292],[-9.1725,38.71269],[-9.17232,38.71264],[-9.17169,38.71264],[-9.17158,38.71269],[-9.17142,38.71332],[-9.17142,38.71395],[-9.17106,38.71449],[-9.17093,38.71458],[-9.17106,38.71483],[-9.17169,38.71497],[-9.17232,38.71497],[-9.1725,38.71521],[-9.17232,38.71561],[-9.17169,38.71561],[-9.1716,38.71584],[-9.17169,38.71591],[-9.17232,38.71591],[-9.17251,38.71584],[-9.17295,38.71562],[-9.17312,38.71584],[-9.1732,38.71648],[-9.17358,38.71658],[-9.17378,38.71711],[-9.17372,38.71774],[-9.17358,38.71797],[-9.17295,38.71803],[-9.17285,38.71837],[-9.17232,38.71886],[-9.17169,38.71886],[-9.17106,38.71861],[-9.17067,38.719],[-9.17043,38.71918],[-9.17004,38.719],[-9.1698,38.71837],[-9.16917,38.71837],[-9.16854,38.71862],[-9.1684,38.719],[-9.16847,38.71963],[-9.16847,38.72026],[-9.16848,38.72089],[-9.16854,38.72093],[-9.16917,38.72102],[-9.1698,38.72102],[-9.16998,38.72089],[-9.17043,38.72064],[-9.17098,38.72026],[-9.17106,38.72002],[-9.1712,38.72026],[-9.17169,38.72045],[-9.17232,38.72045],[-9.17279,38.72026],[-9.17295,38.71984],[-9.17349,38.72026],[-9.17325,38.72089],[-9.17295,38.72122],[-9.17247,38.72152],[-9.17295,38.72203],[-9.173,38.72215],[-9.17295,38.72221],[-9.17232,38.72232],[-9.17169,38.72232],[-9.17139,38.72278],[-9.17169,38.72308],[-9.17232,38.72308],[-9.17257,38.72341],[-9.17295,38.72376],[-9.17344,38.72404],[-9.17295,38.72445],[-9.17282,38.72468],[-9.17295,38.7249],[-9.1734,38.72531],[-9.17321,38.72594],[-9.17318,38.72657],[-9.17295,38.727],[-9.17283,38.7272],[-9.17281,38.72783],[-9.17279,38.72846],[-9.17295,38.72898],[-9.17304,38.72909],[-9.17336,38.72972],[-9.17339,38.73035],[-9.17358,38.73065],[-9.17386,38.73098],[-9.17387,38.73161],[-9.17389,38.73224],[-9.17367,38.73287],[-9.17401,38.73351],[-9.17358,38.73368],[-9.17295,38.73412],[-9.17294,38.73414],[-9.17274,38.73477],[-9.17295,38.73529],[-9.17299,38.7354],[-9.17323,38.73603],[-9.17358,38.73649],[-9.1737,38.73666],[-9.17392,38.73729],[-9.17415,38.73792],[-9.17421,38.73807],[-9.17438,38.73855],[-9.17484,38.73894],[-9.17548,38.73894],[-9.17586,38.73918],[-9.17586,38.73981],[-9.17611,38.74],[-9.1764,38.73981],[-9.17652,38.73918],[-9.17674,38.73894],[-9.17737,38.73885],[-9.178,38.73885],[-9.17827,38.73918],[-9.17827,38.73981],[-9.17863,38.74029],[-9.17926,38.74042],[-9.17942,38.74044],[-9.17989,38.74071],[-9.18002,38.74107],[-9.18052,38.74147],[-9.18115,38.74147],[-9.18139,38.7417],[-9.18178,38.7421],[-9.18212,38.74234],[-9.18241,38.7425],[-9.18267,38.74297],[-9.18304,38.7435],[-9.18368,38.7435],[-9.18431,38.74353],[-9.18443,38.7436],[-9.18494,38.74387],[-9.18557,38.74397],[-9.1862,38.74409],[-9.18683,38.74409],[-9.18746,38.74417],[-9.18809,38.74416],[-9.18842,38.74423],[-9.18872,38.74436],[-9.18935,38.74423],[-9.18998,38.74423],[-9.19061,38.74401],[-9.19102,38.7436],[-9.19124,38.74347],[-9.19187,38.74342],[-9.19251,38.74342],[-9.19314,38.7433],[-9.19377,38.74304],[-9.19403,38.74297],[-9.1944,38.74292],[-9.19469,38.74297],[-9.19503,38.74304],[-9.19566,38.74304],[-9.19583,38.74297],[-9.19629,38.74285],[-9.19692,38.74261],[-9.19755,38.74237],[-9.19818,38.74237],[-9.19822,38.74234],[-9.19873,38.7417],[-9.19881,38.74164],[-9.19944,38.74116],[-9.19952,38.74107],[-9.19982,38.74044],[-9.20007,38.74014],[-9.20029,38.73981],[-9.20057,38.73918],[-9.20057,38.73855],[-9.20063,38.73792],[-9.2007,38.7375],[-9.20134,38.7375],[-9.20136,38.73729],[-9.20159,38.73666],[-9.20165,38.73603],[-9.20197,38.73584],[-9.20231,38.7354],[-9.20255,38.73477],[-9.2026,38.73472],[-9.20305,38.73414],[-9.20323,38.7339],[-9.20364,38.73351],[-9.20355,38.73287],[-9.20363,38.73224],[-9.20386,38.732],[-9.20449,38.732],[-9.20472,38.73161],[-9.20463,38.73098],[-9.20507,38.73035],[-9.20512,38.73028],[-9.20575,38.72987],[-9.20596,38.72972],[-9.20638,38.72952],[-9.20701,38.72952],[-9.20723,38.72972],[-9.20764,38.72997],[-9.20815,38.72972],[-9.20827,38.72964],[-9.2089,38.72936],[-9.20895,38.72909],[-9.20896,38.72846],[-9.20929,38.72821],[-9.20936,38.72842],[-9.2093,38.72846],[-9.2093,38.72909],[-9.20953,38.7297],[-9.20978,38.7297],[-9.20991,38.73009],[-9.20842,38.73246],[-9.20842,38.73224],[-9.20827,38.73195],[-9.20799,38.73161],[-9.20783,38.73098],[-9.2078,38.73035],[-9.20764,38.73025],[-9.20734,38.73035],[-9.20701,38.73053],[-9.20638,38.73053],[-9.20575,38.73043],[-9.20512,38.73095],[-9.2051,38.73098],[-9.205,38.73161],[-9.20497,38.73224],[-9.20489,38.73287],[-9.20512,38.7333],[-9.20571,38.73287],[-9.20568,38.73224],[-9.20575,38.73223],[-9.20577,38.73224],[-9.20577,38.73287],[-9.20638,38.73344],[-9.20701,38.73344],[-9.20764,38.7333],[-9.20788,38.73331],[-9.2059,38.73643],[-9.20575,38.73642],[-9.20539,38.73603],[-9.20575,38.73557],[-9.20588,38.7354],[-9.20575,38.73523],[-9.20512,38.73523],[-9.20449,38.73508],[-9.20386,38.73508],[-9.20331,38.7354],[-9.20323,38.73546],[-9.2026,38.73579],[-9.20244,38.73603],[-9.20233,38.73666],[-9.20197,38.73683],[-9.20167,38.73729],[-9.20197,38.73788],[-9.20199,38.73792],[-9.202,38.73855],[-9.202,38.73918],[-9.20197,38.73923],[-9.20134,38.73944],[-9.2007,38.73944],[-9.20054,38.73981],[-9.20021,38.74044],[-9.20007,38.74066],[-9.19992,38.74107],[-9.19944,38.74161],[-9.19929,38.7417],[-9.19944,38.74194],[-9.20007,38.74222],[-9.2007,38.7417],[-9.20134,38.7417],[-9.20158,38.74234],[-9.2018,38.74297],[-9.20197,38.74307],[-9.20216,38.74297],[-9.20236,38.74234],[-9.2026,38.74217],[-9.20275,38.74234],[-9.20293,38.74297],[-9.20285,38.7436],[-9.20323,38.74387],[-9.20386,38.74404],[-9.20449,38.74404],[-9.20492,38.7436],[-9.20512,38.7434],[-9.20532,38.7436],[-9.20575,38.74415],[-9.20624,38.74368],[-9.20754,38.74545],[-9.20972,38.74828],[-9.20972,38.74864],[-9.20953,38.74883],[-9.20943,38.74864],[-9.2089,38.74834],[-9.20858,38.74801],[-9.20827,38.74759],[-9.20764,38.74738],[-9.20728,38.74801],[-9.20701,38.74816],[-9.20638,38.74816],[-9.20607,38.74864],[-9.20575,38.74898],[-9.20548,38.74927],[-9.20512,38.74967],[-9.20484,38.7499],[-9.20449,38.75045],[-9.20443,38.75054],[-9.20449,38.75079],[-9.20466,38.75117],[-9.20512,38.7517],[-9.20568,38.75117],[-9.20575,38.75075],[-9.20591,38.75054],[-9.20638,38.75044],[-9.20701,38.75044],[-9.20713,38.75054],[-9.20764,38.75074],[-9.20805,38.75054],[-9.20827,38.75034],[-9.20855,38.75054],[-9.20845,38.75117],[-9.20827,38.75124],[-9.208,38.7518],[-9.20764,38.75224],[-9.20733,38.75243],[-9.20701,38.75271],[-9.20638,38.75271],[-9.20588,38.75306],[-9.20575,38.75329],[-9.20547,38.75306],[-9.20512,38.75261],[-9.20505,38.75243],[-9.20449,38.75197],[-9.2042,38.75243],[-9.20449,38.75275],[-9.20496,38.75306],[-9.20512,38.7533],[-9.20546,38.75369],[-9.20512,38.75397],[-9.2048,38.75432],[-9.20449,38.75495],[-9.20435,38.75558],[-9.20445,38.75621],[-9.20386,38.7567],[-9.20323,38.7567],[-9.2026,38.7566],[-9.20197,38.75665],[-9.20134,38.75668],[-9.2007,38.75668],[-9.20032,38.75621],[-9.20007,38.75608],[-9.19982,38.75621],[-9.19944,38.75648],[-9.19881,38.75668],[-9.19854,38.75684],[-9.19836,38.75747],[-9.19818,38.75763],[-9.19755,38.75763],[-9.1973,38.75747],[-9.19692,38.75711],[-9.19629,38.75701],[-9.19596,38.75684],[-9.19566,38.75666],[-9.19503,38.75666],[-9.19471,38.75621],[-9.1944,38.75593],[-9.19388,38.75558],[-9.19377,38.75519],[-9.19362,38.75495],[-9.19354,38.75432],[-9.19377,38.75408],[-9.19419,38.75432],[-9.19422,38.75495],[-9.1944,38.75498],[-9.19443,38.75495],[-9.1946,38.75432],[-9.1944,38.75411],[-9.19416,38.75369],[-9.1944,38.75347],[-9.19503,38.75346],[-9.19566,38.75346],[-9.19578,38.75306],[-9.19583,38.75243],[-9.19566,38.75226],[-9.19503,38.75226],[-9.1944,38.75234],[-9.19387,38.7518],[-9.19377,38.75138],[-9.19363,38.75117],[-9.19314,38.75105],[-9.19294,38.75117],[-9.19251,38.75169],[-9.19187,38.75169],[-9.19124,38.75168],[-9.19105,38.75117],[-9.19064,38.75054],[-9.19061,38.75052],[-9.18998,38.75041],[-9.18984,38.7499],[-9.18935,38.74974],[-9.18872,38.74974],[-9.18826,38.7499],[-9.18809,38.74998],[-9.18746,38.75042],[-9.18735,38.75054],[-9.18683,38.75097],[-9.1862,38.75097],[-9.1859,38.75117],[-9.18607,38.7518],[-9.18607,38.75243],[-9.1861,38.75306],[-9.18573,38.75369],[-9.18557,38.75376],[-9.18494,38.75391],[-9.18452,38.75369],[-9.18462,38.75306],[-9.18439,38.75243],[-9.18476,38.7518],[-9.18478,38.75117],[-9.18494,38.75081],[-9.18557,38.75085],[-9.18578,38.75054],[-9.18601,38.7499],[-9.186,38.74927],[-9.18613,38.74864],[-9.1862,38.74854],[-9.18683,38.74854],[-9.18725,38.74801],[-9.18702,38.74738],[-9.18746,38.74688],[-9.18759,38.74675],[-9.18746,38.74663],[-9.18683,38.74654],[-9.1862,38.74654],[-9.18578,38.74612],[-9.18573,38.74549],[-9.18606,38.74486],[-9.18557,38.7444],[-9.18494,38.74427],[-9.18431,38.74457],[-9.18381,38.74486],[-9.18368,38.74498],[-9.18304,38.74498],[-9.18268,38.74549],[-9.18267,38.74612],[-9.18252,38.74675],[-9.18241,38.74691],[-9.18197,38.74675],[-9.18178,38.74637],[-9.18165,38.74675],[-9.18115,38.74708],[-9.18052,38.74708],[-9.18026,38.74738],[-9.18052,38.74801],[-9.17989,38.74854],[-9.17958,38.74864],[-9.17926,38.74869],[-9.17913,38.74864],[-9.17863,38.74814],[-9.17834,38.74864],[-9.178,38.74888],[-9.17737,38.74888],[-9.17708,38.74927],[-9.17674,38.74979],[-9.17613,38.74927],[-9.17611,38.74925],[-9.17548,38.74924],[-9.17542,38.74927],[-9.17548,38.7499],[-9.1758,38.75054],[-9.17611,38.75082],[-9.17674,38.75108],[-9.17685,38.75117],[-9.17737,38.75132],[-9.178,38.75132],[-9.17839,38.75117],[-9.17863,38.75101],[-9.17889,38.75117],[-9.17926,38.75129],[-9.17986,38.7518],[-9.17989,38.75199],[-9.18011,38.75243],[-9.18052,38.75275],[-9.18115,38.75275],[-9.18168,38.75306],[-9.18164,38.75369],[-9.18142,38.75432],[-9.18115,38.75463],[-9.18052,38.75463],[-9.18012,38.75495],[-9.17989,38.75509],[-9.17926,38.75516],[-9.17877,38.75558],[-9.17863,38.75602],[-9.178,38.75617],[-9.17737,38.75617],[-9.17705,38.75621],[-9.17674,38.75631],[-9.17665,38.75621],[-9.17611,38.75597],[-9.17561,38.75558],[-9.17548,38.75543],[-9.17484,38.75506],[-9.17421,38.75506],[-9.17362,38.75495],[-9.17358,38.75494],[-9.17312,38.75432],[-9.17299,38.75369],[-9.17305,38.75306],[-9.17295,38.75294],[-9.17232,38.75278],[-9.17169,38.75278],[-9.17112,38.75306],[-9.17106,38.75311],[-9.17068,38.75306],[-9.17043,38.75299],[-9.17011,38.75306],[-9.1698,38.75309],[-9.16972,38.75306],[-9.1698,38.75297],[-9.17007,38.75243],[-9.17019,38.7518],[-9.16998,38.75117],[-9.17043,38.75085],[-9.17091,38.75054],[-9.17106,38.74999],[-9.17117,38.7499],[-9.17169,38.74957],[-9.17232,38.74957],[-9.17295,38.74946],[-9.17341,38.74927],[-9.17346,38.74864],[-9.17295,38.74814],[-9.17241,38.74864],[-9.17232,38.74884],[-9.17169,38.74884],[-9.17165,38.74864],[-9.17169,38.74801],[-9.17106,38.7478],[-9.17043,38.74752],[-9.16986,38.74801],[-9.1698,38.74806],[-9.16973,38.74801],[-9.16975,38.74738],[-9.16917,38.74708],[-9.16854,38.74708],[-9.16791,38.74711],[-9.16728,38.74727],[-9.16665,38.74717],[-9.16601,38.74717],[-9.16546,38.74675],[-9.16601,38.74647],[-9.16665,38.74647],[-9.16681,38.74612],[-9.16681,38.74549],[-9.16682,38.74486],[-9.16687,38.74423],[-9.16684,38.7436],[-9.16728,38.74332],[-9.16782,38.74297],[-9.16791,38.7429],[-9.16854,38.74253],[-9.16917,38.74253],[-9.1698,38.7425],[-9.16991,38.74234],[-9.17043,38.74201],[-9.17106,38.74174],[-9.17169,38.74173],[-9.17232,38.74173],[-9.17295,38.74182],[-9.1731,38.7417],[-9.17358,38.7414],[-9.17398,38.7417],[-9.17403,38.74234],[-9.17418,38.74297],[-9.17421,38.74298],[-9.17484,38.74298],[-9.17548,38.74301],[-9.17611,38.74348],[-9.17674,38.74335],[-9.17685,38.7436],[-9.17674,38.74409],[-9.17668,38.74423],[-9.17674,38.74429],[-9.17684,38.74423],[-9.17737,38.74408],[-9.178,38.74408],[-9.17842,38.7436],[-9.17863,38.74327],[-9.17902,38.7436],[-9.17926,38.74395],[-9.17989,38.74379],[-9.18022,38.74423],[-9.18052,38.74456],[-9.18115,38.74456],[-9.18151,38.74423],[-9.18138,38.7436],[-9.18178,38.74297],[-9.18115,38.74259],[-9.18052,38.74259],[-9.18022,38.74234],[-9.17989,38.74181],[-9.17982,38.7417],[-9.17926,38.7414],[-9.17863,38.74137],[-9.17823,38.74107],[-9.178,38.74088],[-9.17737,38.74088],[-9.17674,38.74079],[-9.17611,38.74049],[-9.17548,38.74062],[-9.17484,38.74062],[-9.17477,38.74044],[-9.17421,38.73994],[-9.17404,38.73981],[-9.17404,38.73918],[-9.17358,38.73889],[-9.17327,38.73855],[-9.17358,38.73804],[-9.17365,38.73792],[-9.17359,38.73729],[-9.17358,38.73727],[-9.1735,38.73729],[-9.17295,38.73739],[-9.17287,38.73729],[-9.17267,38.73666],[-9.17268,38.73603],[-9.17257,38.7354],[-9.17232,38.73479],[-9.17169,38.73479],[-9.17167,38.73477],[-9.17146,38.73414],[-9.17169,38.73358],[-9.17232,38.73358],[-9.17238,38.73351],[-9.17258,38.73287],[-9.17295,38.73247],[-9.17308,38.73224],[-9.17295,38.73191],[-9.17266,38.73161],[-9.17232,38.73137],[-9.17169,38.73137],[-9.17153,38.73098],[-9.17169,38.73055],[-9.17232,38.73055],[-9.17255,38.73035],[-9.17243,38.72972],[-9.17232,38.72934],[-9.17169,38.72934],[-9.17144,38.72909],[-9.17106,38.72896],[-9.17043,38.72884],[-9.1698,38.729],[-9.16959,38.72909],[-9.16917,38.72926],[-9.16854,38.72926],[-9.16828,38.72909],[-9.16791,38.72879],[-9.16752,38.72846],[-9.16728,38.72811],[-9.1668,38.72846],[-9.16665,38.72863],[-9.16601,38.72863],[-9.16538,38.72882],[-9.16484,38.72909],[-9.16475,38.72912],[-9.16412,38.72947],[-9.16354,38.72972],[-9.16349,38.72988],[-9.16286,38.72988],[-9.16223,38.72993],[-9.1621,38.72972],[-9.16223,38.72961],[-9.16256,38.72909],[-9.16235,38.72846],[-9.16223,38.7284],[-9.1616,38.72846],[-9.16097,38.72814],[-9.16034,38.72814],[-9.16005,38.72846],[-9.16034,38.72903],[-9.16097,38.72903],[-9.16107,38.72909],[-9.16097,38.7292],[-9.16034,38.7292],[-9.16011,38.72972],[-9.16034,38.72998],[-9.16097,38.72998],[-9.1616,38.73005],[-9.16201,38.73035],[-9.16168,38.73098],[-9.1616,38.73111],[-9.16124,38.73098],[-9.16097,38.73086],[-9.16034,38.73086],[-9.15971,38.73098],[-9.15908,38.73098],[-9.15845,38.73102],[-9.15833,38.73098],[-9.15824,38.73035],[-9.15782,38.73021],[-9.15718,38.73021],[-9.15695,38.73035],[-9.15655,38.73066],[-9.15641,38.73098],[-9.15655,38.73134],[-9.15692,38.73161],[-9.15718,38.7321],[-9.15782,38.7321],[-9.15791,38.73224],[-9.15845,38.73271],[-9.15881,38.73287],[-9.15881,38.73351],[-9.15888,38.73414],[-9.15861,38.73477],[-9.1586,38.7354],[-9.15845,38.73571],[-9.15823,38.73603],[-9.15845,38.73654],[-9.15849,38.73666],[-9.15845,38.73691],[-9.15824,38.73666],[-9.15782,38.73654],[-9.15718,38.73654],[-9.15712,38.73666],[-9.15655,38.73703],[-9.15632,38.73729],[-9.15592,38.73782],[-9.1558,38.73792],[-9.15529,38.73843],[-9.15466,38.73832],[-9.15403,38.73832],[-9.1534,38.73803],[-9.15277,38.73838],[-9.15214,38.73855],[-9.15151,38.73855],[-9.15088,38.73918],[-9.15088,38.73981],[-9.15025,38.74032],[-9.15007,38.74044],[-9.1502,38.74107],[-9.14962,38.74158],[-9.14926,38.7417],[-9.14962,38.7419],[-9.14996,38.74234],[-9.14971,38.74297],[-9.14962,38.74302],[-9.14922,38.7436],[-9.14962,38.74399],[-9.14984,38.74423],[-9.14962,38.74432],[-9.14898,38.74426],[-9.14835,38.74426],[-9.14834,38.74423],[-9.14772,38.74373],[-9.14737,38.7436],[-9.14709,38.74336],[-9.14693,38.7436],[-9.14646,38.74398],[-9.14583,38.74402],[-9.1452,38.74402],[-9.14457,38.74378],[-9.14394,38.7438],[-9.14331,38.74386],[-9.14268,38.74386],[-9.14205,38.74423],[-9.14142,38.74408],[-9.14133,38.74423],[-9.14138,38.74486],[-9.14142,38.74492],[-9.14161,38.74549],[-9.14161,38.74612],[-9.14142,38.74669],[-9.14079,38.74646],[-9.14037,38.74675],[-9.14066,38.74738],[-9.14079,38.74756],[-9.14089,38.74738],[-9.14142,38.74681],[-9.14154,38.74675],[-9.14205,38.74665],[-9.14255,38.74675],[-9.14268,38.74677],[-9.14331,38.74677],[-9.14362,38.74675],[-9.14394,38.74673],[-9.14399,38.74675],[-9.14457,38.74695],[-9.14507,38.74675],[-9.1452,38.74628],[-9.14583,38.74628],[-9.14598,38.74675],[-9.14646,38.74701],[-9.14709,38.74704],[-9.14729,38.74738],[-9.14709,38.74801],[-9.14772,38.74822],[-9.14835,38.74824],[-9.14898,38.74824],[-9.14956,38.74801],[-9.1496,38.74738],[-9.14962,38.74736],[-9.15025,38.74675],[-9.15088,38.74675],[-9.15136,38.74612],[-9.15133,38.74549],[-9.15151,38.74534],[-9.15214,38.74534],[-9.15277,38.74502],[-9.15329,38.74486],[-9.1534,38.74482],[-9.15345,38.74486],[-9.1534,38.745],[-9.15327,38.74549],[-9.1534,38.74589],[-9.15363,38.74612],[-9.1534,38.74626],[-9.15277,38.74661],[-9.15258,38.74675],[-9.15248,38.74738],[-9.15277,38.74781],[-9.15297,38.74801],[-9.15288,38.74864],[-9.15283,38.74927],[-9.15301,38.7499],[-9.15277,38.75018],[-9.15234,38.75054],[-9.15214,38.75072],[-9.15188,38.75117],[-9.15214,38.75138],[-9.15269,38.7518],[-9.15277,38.75207],[-9.15307,38.75243],[-9.1534,38.75265],[-9.15368,38.75306],[-9.15403,38.75361],[-9.15466,38.75361],[-9.15472,38.75369],[-9.15492,38.75432],[-9.15466,38.75456],[-9.15403,38.75456],[-9.15387,38.75495],[-9.15403,38.75509],[-9.15466,38.75509],[-9.15529,38.75525],[-9.15557,38.75558],[-9.15592,38.75601],[-9.15618,38.75621],[-9.15592,38.75663],[-9.15587,38.75684],[-9.15592,38.75719],[-9.15604,38.75747],[-9.15592,38.75798],[-9.1559,38.7581],[-9.1559,38.75873],[-9.15529,38.7591],[-9.15479,38.75937],[-9.15466,38.7595],[-9.15403,38.7595],[-9.15376,38.75937],[-9.1534,38.75905],[-9.1531,38.75873],[-9.1531,38.7581],[-9.15277,38.75775],[-9.15264,38.75747],[-9.15214,38.75691],[-9.1521,38.75684],[-9.15198,38.75621],[-9.15214,38.75572],[-9.1522,38.75558],[-9.15214,38.75553],[-9.15203,38.75558],[-9.15151,38.75579],[-9.15088,38.75579],[-9.15025,38.75577],[-9.14974,38.75621],[-9.14962,38.75641],[-9.14925,38.75684],[-9.14898,38.7572],[-9.14835,38.7572],[-9.14778,38.75747],[-9.14772,38.75753],[-9.14715,38.7581],[-9.14715,38.75873],[-9.14709,38.75879],[-9.14646,38.75915],[-9.14583,38.75929],[-9.1452,38.75929],[-9.1447,38.75873],[-9.14464,38.7581],[-9.14457,38.75783],[-9.14429,38.75747],[-9.14457,38.75741],[-9.14478,38.75747],[-9.1452,38.75764],[-9.14583,38.75764],[-9.14646,38.75761],[-9.14692,38.75747],[-9.14687,38.75684],[-9.14646,38.75663],[-9.14597,38.75621],[-9.14583,38.75599],[-9.1452,38.75599],[-9.14489,38.75558],[-9.14495,38.75495],[-9.14457,38.75439],[-9.14453,38.75432],[-9.14394,38.75375],[-9.14384,38.75369],[-9.14331,38.75328],[-9.14268,38.75328],[-9.14205,38.7531],[-9.14203,38.75306],[-9.14182,38.75243],[-9.14182,38.7518],[-9.14176,38.75117],[-9.14142,38.75054],[-9.14172,38.7499],[-9.14142,38.74936],[-9.1413,38.74927],[-9.14142,38.74914],[-9.14178,38.74864],[-9.14142,38.74839],[-9.14079,38.74846],[-9.1407,38.74864],[-9.14015,38.74899],[-9.13952,38.74899],[-9.139,38.74927],[-9.13889,38.74929],[-9.13885,38.74927],[-9.13826,38.74872],[-9.13791,38.74927],[-9.13774,38.7499],[-9.13763,38.75005],[-9.137,38.75054],[-9.13637,38.75054],[-9.13593,38.75117],[-9.13578,38.7518],[-9.13574,38.75189],[-9.13544,38.75243],[-9.13574,38.75266],[-9.13637,38.75303],[-9.137,38.75303],[-9.13702,38.75306],[-9.13763,38.75359],[-9.13786,38.75369],[-9.13826,38.75381],[-9.13889,38.75378],[-9.1393,38.75432],[-9.13942,38.75495],[-9.13889,38.75533],[-9.13857,38.75558],[-9.13889,38.75593],[-9.13923,38.75621],[-9.13889,38.75658],[-9.13866,38.75684],[-9.13889,38.75747],[-9.13826,38.75731],[-9.13763,38.75691],[-9.13718,38.75684],[-9.13713,38.75621],[-9.137,38.75619],[-9.13637,38.75619],[-9.1363,38.75621],[-9.13574,38.75658],[-9.13533,38.75684],[-9.13511,38.757],[-9.13471,38.75747],[-9.13492,38.7581],[-9.13478,38.75873],[-9.13478,38.75937],[-9.13511,38.75984],[-9.1353,38.76],[-9.13511,38.76002],[-9.13448,38.76025],[-9.13385,38.76025],[-9.13327,38.76063],[-9.13337,38.76126],[-9.13322,38.76141],[-9.13293,38.76126],[-9.13259,38.76104],[-9.13196,38.76111],[-9.13132,38.76109],[-9.13069,38.76109],[-9.13037,38.76063],[-9.13006,38.76004],[-9.13004,38.76],[-9.12995,38.75937],[-9.12972,38.75873]],[[-9.13246,38.7108],[-9.13259,38.71119],[-9.13274,38.7108],[-9.13322,38.71048],[-9.13374,38.7108],[-9.13385,38.71085],[-9.13448,38.71085],[-9.13457,38.7108],[-9.13481,38.71017],[-9.13448,38.7096],[-9.13385,38.7096],[-9.13381,38.70954],[-9.13322,38.70913],[-9.13289,38.70954],[-9.13259,38.71017],[-9.13246,38.7108]],[[-9.17484,38.74978],[-9.17421,38.74978],[-9.17358,38.7499],[-9.17421,38.75022],[-9.17484,38.75022],[-9.17548,38.7499],[-9.17484,38.74978]],[[-9.14646,38.7479],[-9.14599,38.74801],[-9.14646,38.74807],[-9.14709,38.74801],[-9.14646,38.7479]],[[-9.13069,38.75672],[-9.13059,38.75684],[-9.13069,38.75729],[-9.13132,38.75729],[-9.13146,38.75747],[-9.13156,38.7581],[-9.13132,38.75847],[-9.13069,38.75847],[-9.13061,38.75873],[-9.13062,38.75937],[-9.13069,38.75947],[-9.13132,38.75947],[-9.13157,38.75937],[-9.13196,38.7591],[-9.1323,38.75937],[-9.13259,38.75988],[-9.13289,38.75937],[-9.13322,38.759],[-9.13329,38.75873],[-9.13342,38.7581],[-9.13322,38.75796],[-9.13259,38.75768],[-9.13231,38.75747],[-9.13215,38.75684],[-9.13196,38.75657],[-9.13132,38.75672],[-9.13069,38.75672]],[[-9.12901,38.74423],[-9.12943,38.74459],[-9.12951,38.74423],[-9.12943,38.74417],[-9.12901,38.74423]],[[-9.1289,38.74234],[-9.1288,38.74215],[-9.12817,38.74215],[-9.12754,38.74202],[-9.12691,38.7423],[-9.12686,38.74234],[-9.12691,38.74255],[-9.12754,38.74249],[-9.12817,38.74269],[-9.1288,38.74269],[-9.1289,38.74234]],[[-9.12691,38.72017],[-9.12676,38.72026],[-9.12676,38.72089],[-9.12666,38.72152],[-9.12628,38.72204],[-9.12613,38.72215],[-9.12628,38.7222],[-9.12691,38.7222],[-9.12708,38.72215],[-9.12754,38.72197],[-9.12817,38.72215],[-9.1288,38.72215],[-9.12884,38.72152],[-9.1288,38.7215],[-9.12817,38.7215],[-9.12754,38.72102],[-9.12719,38.72089],[-9.12719,38.72026],[-9.12691,38.72017]],[[-9.18431,38.70458],[-9.18368,38.70458],[-9.1836,38.70449],[-9.18323,38.70386],[-9.18304,38.70369],[-9.18241,38.70375],[-9.18178,38.70329],[-9.18165,38.70386],[-9.18178,38.70411],[-9.18241,38.70414],[-9.18257,38.70449],[-9.18304,38.70505],[-9.18313,38.70512],[-9.18368,38.70545],[-9.18431,38.70545],[-9.18494,38.70535],[-9.18531,38.70512],[-9.18557,38.70486],[-9.1862,38.70512],[-9.18683,38.70512],[-9.18746,38.70452],[-9.18809,38.70463],[-9.18817,38.70449],[-9.18809,38.70406],[-9.18746,38.70446],[-9.18683,38.70413],[-9.1862,38.70401],[-9.18557,38.70428],[-9.1852,38.70449],[-9.18494,38.70474],[-9.18431,38.70458]],[[-9.18147,38.70891],[-9.18178,38.70924],[-9.18211,38.70891],[-9.18178,38.70873],[-9.18147,38.70891]],[[-9.20701,38.69518],[-9.20764,38.69518],[-9.20787,38.69503],[-9.20764,38.69492],[-9.20701,38.69492],[-9.20671,38.69503],[-9.20701,38.69518]],[[-9.22152,38.69781],[-9.22215,38.69781],[-9.22251,38.69755],[-9.22215,38.69719],[-9.22152,38.69719],[-9.22114,38.69755],[-9.22152,38.69781]],[[-9.21854,38.69377],[-9.21837,38.69374],[-9.21824,38.69377],[-9.21824,38.6944],[-9.21837,38.69447],[-9.219,38.69447],[-9.21917,38.6944],[-9.219,38.69423],[-9.21854,38.69377]],[[-9.21269,38.70895],[-9.21257,38.70891],[-9.21206,38.70864],[-9.21143,38.70883],[-9.2108,38.70843],[-9.21057,38.70828],[-9.21017,38.70784],[-9.20953,38.70784],[-9.2089,38.70808],[-9.20835,38.70828],[-9.20827,38.70843],[-9.2078,38.70891],[-9.20776,38.70954],[-9.20827,38.71002],[-9.2089,38.71006],[-9.20915,38.71017],[-9.20953,38.71043],[-9.21017,38.71043],[-9.2108,38.71051],[-9.21137,38.71017],[-9.21143,38.71011],[-9.21158,38.71017],[-9.21194,38.7108],[-9.21206,38.71089],[-9.21225,38.7108],[-9.21269,38.71054],[-9.21332,38.71054],[-9.21395,38.7102],[-9.21404,38.71017],[-9.21458,38.70982],[-9.21484,38.70954],[-9.21458,38.7094],[-9.21395,38.70902],[-9.21332,38.70895],[-9.21269,38.70895]],[[-9.20827,38.71545],[-9.2089,38.71573],[-9.20953,38.71552],[-9.21017,38.71552],[-9.21031,38.71521],[-9.21021,38.71458],[-9.21017,38.71437],[-9.20953,38.71437],[-9.20923,38.71458],[-9.2089,38.71476],[-9.20872,38.71458],[-9.20827,38.7142],[-9.20793,38.71458],[-9.20784,38.71521],[-9.20827,38.71545]],[[-9.205,38.71206],[-9.20512,38.71217],[-9.20534,38.71206],[-9.20512,38.71191],[-9.205,38.71206]],[[-9.2007,38.71223],[-9.20134,38.71223],[-9.2015,38.71206],[-9.20134,38.71178],[-9.2007,38.71178],[-9.20007,38.71206],[-9.2007,38.71223]],[[-9.17863,38.71117],[-9.178,38.71117],[-9.17774,38.71143],[-9.17791,38.71206],[-9.178,38.71216],[-9.17863,38.71216],[-9.17926,38.71232],[-9.17989,38.7122],[-9.18007,38.71206],[-9.18052,38.71154],[-9.18115,38.71154],[-9.18133,38.71143],[-9.18115,38.71096],[-9.18052,38.71096],[-9.18046,38.7108],[-9.17989,38.71023],[-9.17926,38.71046],[-9.17905,38.7108],[-9.17863,38.71117]],[[-9.17284,38.71711],[-9.17295,38.71726],[-9.17303,38.71711],[-9.17295,38.71679],[-9.17284,38.71711]],[[-9.17089,38.71774],[-9.17106,38.71781],[-9.17114,38.71774],[-9.17106,38.71756],[-9.17089,38.71774]],[[-9.17013,38.71206],[-9.17043,38.71225],[-9.17054,38.71206],[-9.17043,38.71164],[-9.17013,38.71206]],[[-9.16917,38.7154],[-9.1698,38.7154],[-9.17022,38.71521],[-9.1698,38.71511],[-9.16917,38.71511],[-9.16909,38.71521],[-9.16917,38.7154]],[[-9.20824,38.73035],[-9.20827,38.73052],[-9.20847,38.73035],[-9.20827,38.73018],[-9.20824,38.73035]],[[-9.20258,38.7518],[-9.2026,38.75183],[-9.20267,38.7518],[-9.20267,38.75117],[-9.2026,38.75115],[-9.20258,38.75117],[-9.20258,38.7518]],[[-9.20007,38.75332],[-9.20025,38.75306],[-9.20007,38.7527],[-9.19944,38.75306],[-9.19881,38.75262],[-9.19859,38.75306],[-9.19818,38.75352],[-9.19755,38.75352],[-9.19725,38.75369],[-9.19694,38.75432],[-9.19692,38.75434],[-9.19629,38.7549],[-9.19616,38.75495],[-9.19629,38.75513],[-9.19656,38.75558],[-9.19692,38.75583],[-9.19755,38.75588],[-9.19818,38.75588],[-9.19881,38.75588],[-9.19944,38.7558],[-9.20007,38.75558],[-9.2007,38.75495],[-9.20134,38.75495],[-9.20197,38.755],[-9.202,38.75495],[-9.20197,38.75488],[-9.20141,38.75432],[-9.20134,38.75427],[-9.2007,38.75427],[-9.20007,38.75427],[-9.19989,38.75369],[-9.20007,38.75332]],[[-9.19404,38.75117],[-9.1944,38.75124],[-9.19456,38.75117],[-9.19503,38.75096],[-9.19566,38.75096],[-9.19611,38.75054],[-9.19581,38.7499],[-9.19566,38.74963],[-9.19503,38.74963],[-9.19484,38.7499],[-9.1944,38.75039],[-9.19419,38.75054],[-9.19404,38.75117]],[[-9.19311,38.75054],[-9.19314,38.75055],[-9.19315,38.75054],[-9.19314,38.75047],[-9.19311,38.75054]],[[-9.18793,38.74801],[-9.18746,38.74863],[-9.18745,38.74864],[-9.18746,38.74866],[-9.18809,38.74927],[-9.18872,38.74916],[-9.18935,38.74916],[-9.18949,38.74927],[-9.18998,38.74953],[-9.19061,38.74958],[-9.19124,38.74942],[-9.19156,38.74927],[-9.19158,38.74864],[-9.19124,38.74819],[-9.1911,38.74801],[-9.19061,38.74764],[-9.18998,38.74738],[-9.18935,38.74722],[-9.18872,38.74722],[-9.18817,38.74738],[-9.18809,38.74743],[-9.18793,38.74801]],[[-9.18494,38.75327],[-9.18557,38.75321],[-9.18568,38.75306],[-9.18557,38.75278],[-9.18494,38.75288],[-9.18487,38.75306],[-9.18494,38.75327]],[[-9.18743,38.74549],[-9.18746,38.74552],[-9.18748,38.74549],[-9.18746,38.74528],[-9.18743,38.74549]],[[-9.18304,38.74441],[-9.18368,38.74441],[-9.18373,38.74423],[-9.18368,38.7442],[-9.18304,38.7442],[-9.18283,38.74423],[-9.18304,38.74441]],[[-9.18222,38.7436],[-9.18241,38.74387],[-9.18246,38.7436],[-9.18241,38.74322],[-9.18222,38.7436]],[[-9.17566,38.74801],[-9.17611,38.74812],[-9.17623,38.74801],[-9.17611,38.74787],[-9.17566,38.74801]],[[-9.17358,38.74356],[-9.17314,38.74297],[-9.17295,38.74269],[-9.17248,38.74234],[-9.17232,38.74227],[-9.17169,38.74227],[-9.17106,38.7422],[-9.17043,38.74227],[-9.17032,38.74234],[-9.16988,38.74297],[-9.1698,38.74309],[-9.16917,38.74331],[-9.16854,38.74331],[-9.16821,38.7436],[-9.16793,38.74423],[-9.16791,38.74465],[-9.16782,38.74486],[-9.16791,38.74496],[-9.16854,38.74527],[-9.16917,38.74527],[-9.1693,38.74549],[-9.1693,38.74612],[-9.1698,38.74672],[-9.17043,38.74654],[-9.17106,38.74667],[-9.17119,38.74675],[-9.17169,38.74695],[-9.17232,38.74695],[-9.17295,38.74683],[-9.17358,38.74675],[-9.17421,38.74726],[-9.17484,38.74726],[-9.17548,38.74738],[-9.17544,38.74675],[-9.17498,38.74612],[-9.17498,38.74549],[-9.17506,38.74486],[-9.17484,38.74481],[-9.17421,38.74481],[-9.17358,38.74473],[-9.17327,38.74423],[-9.17358,38.74363],[-9.17365,38.7436],[-9.17358,38.74356]],[[-9.17863,38.75159],[-9.178,38.75166],[-9.17737,38.75166],[-9.17708,38.7518],[-9.17708,38.75243],[-9.17674,38.75266],[-9.17622,38.75243],[-9.17611,38.75211],[-9.17591,38.75243],[-9.17548,38.75286],[-9.17495,38.75306],[-9.17484,38.75316],[-9.17421,38.75316],[-9.17408,38.75369],[-9.17421,38.75389],[-9.17484,38.75389],[-9.17521,38.75432],[-9.17548,38.75447],[-9.17611,38.75469],[-9.17637,38.75495],[-9.17674,38.75528],[-9.17729,38.75495],[-9.17737,38.7549],[-9.178,38.7549],[-9.17814,38.75495],[-9.17863,38.75513],[-9.17885,38.75495],[-9.17926,38.75468],[-9.17958,38.75432],[-9.17989,38.75374],[-9.18002,38.75369],[-9.17996,38.75306],[-9.17989,38.753],[-9.17953,38.75243],[-9.17949,38.7518],[-9.17926,38.7516],[-9.17863,38.75159]],[[-9.17292,38.74738],[-9.17295,38.74747],[-9.17297,38.74738],[-9.17295,38.74737],[-9.17292,38.74738]],[[-9.16751,38.74549],[-9.16728,38.74528],[-9.16725,38.74549],[-9.16725,38.74612],[-9.16715,38.74675],[-9.16728,38.74683],[-9.1675,38.74675],[-9.16751,38.74612],[-9.16751,38.74549]],[[-9.17169,38.72884],[-9.17232,38.72884],[-9.17235,38.72846],[-9.17232,38.72827],[-9.17169,38.72827],[-9.17156,38.72846],[-9.17169,38.72884]],[[-9.17043,38.72376],[-9.16998,38.72341],[-9.16994,38.72278],[-9.1698,38.72252],[-9.16917,38.72252],[-9.16854,38.7222],[-9.16838,38.72215],[-9.16791,38.7219],[-9.16737,38.72152],[-9.16728,38.72146],[-9.16665,38.72145],[-9.16601,38.72145],[-9.16594,38.72152],[-9.16544,38.72215],[-9.16538,38.72219],[-9.16491,38.72278],[-9.16475,38.72306],[-9.16436,38.72341],[-9.16412,38.7238],[-9.16401,38.72404],[-9.16412,38.72421],[-9.16475,38.7244],[-9.16538,38.72462],[-9.16601,38.72468],[-9.16665,38.72468],[-9.16728,38.72505],[-9.1675,38.72531],[-9.16783,38.72594],[-9.16783,38.72657],[-9.16791,38.7266],[-9.16796,38.72657],[-9.16796,38.72594],[-9.16838,38.72531],[-9.16854,38.72468],[-9.16854,38.72404],[-9.16917,38.72468],[-9.16952,38.72531],[-9.1698,38.72567],[-9.17043,38.7255],[-9.17078,38.72594],[-9.17078,38.72657],[-9.17106,38.72693],[-9.17154,38.72657],[-9.17154,38.72594],[-9.17169,38.72564],[-9.17232,38.72564],[-9.17247,38.72531],[-9.17232,38.72497],[-9.17169,38.72497],[-9.17113,38.72468],[-9.17106,38.72459],[-9.17079,38.72404],[-9.17043,38.72376]],[[-9.16286,38.72228],[-9.16349,38.72228],[-9.1635,38.72215],[-9.16349,38.72215],[-9.16286,38.72215],[-9.1628,38.72215],[-9.16286,38.72228]],[[-9.14835,38.74063],[-9.14898,38.74063],[-9.14916,38.74044],[-9.14898,38.74002],[-9.14835,38.74002],[-9.14812,38.73981],[-9.14812,38.73918],[-9.14772,38.739],[-9.14727,38.73918],[-9.14727,38.73981],[-9.14772,38.74011],[-9.14803,38.74044],[-9.14835,38.74063]],[[-9.14583,38.74273],[-9.1452,38.74273],[-9.14499,38.74297],[-9.1452,38.74318],[-9.14583,38.74318],[-9.14646,38.7432],[-9.14666,38.74297],[-9.14646,38.74264],[-9.14583,38.74273]],[[-9.1452,38.73838],[-9.14583,38.73838],[-9.14646,38.73828],[-9.14709,38.73801],[-9.14772,38.73816],[-9.14835,38.73819],[-9.14898,38.73819],[-9.14928,38.73855],[-9.14962,38.73872],[-9.15025,38.73875],[-9.15035,38.73855],[-9.15088,38.73796],[-9.15151,38.73798],[-9.15214,38.73798],[-9.15223,38.73792],[-9.15277,38.73765],[-9.1534,38.73762],[-9.15403,38.7375],[-9.15466,38.7375],[-9.15519,38.73729],[-9.15529,38.73726],[-9.15588,38.73666],[-9.15592,38.7366],[-9.15655,38.73638],[-9.15675,38.73603],[-9.15718,38.7354],[-9.15655,38.73492],[-9.15654,38.73477],[-9.15655,38.73472],[-9.1568,38.73414],[-9.15655,38.73391],[-9.15592,38.73393],[-9.15529,38.73405],[-9.15498,38.73351],[-9.15498,38.73287],[-9.15529,38.73262],[-9.15579,38.73224],[-9.15581,38.73161],[-9.15592,38.73142],[-9.15611,38.73098],[-9.15633,38.73035],[-9.15655,38.72988],[-9.15707,38.72972],[-9.15718,38.72966],[-9.15782,38.72966],[-9.15845,38.72922],[-9.1587,38.72909],[-9.15883,38.72846],[-9.15898,38.72783],[-9.15895,38.7272],[-9.15895,38.72657],[-9.15845,38.72621],[-9.15797,38.72594],[-9.15845,38.72579],[-9.15876,38.72531],[-9.15908,38.72514],[-9.15939,38.72531],[-9.15931,38.72594],[-9.15971,38.72646],[-9.16006,38.72594],[-9.16034,38.72584],[-9.16097,38.72584],[-9.16125,38.72594],[-9.1616,38.72604],[-9.16223,38.72604],[-9.16243,38.72594],[-9.16227,38.72531],[-9.16223,38.72468],[-9.16209,38.72404],[-9.16223,38.72377],[-9.16267,38.72341],[-9.16255,38.72278],[-9.16223,38.7226],[-9.1616,38.72271],[-9.16097,38.72265],[-9.16034,38.72265],[-9.15971,38.72275],[-9.15908,38.72267],[-9.15886,38.72215],[-9.15908,38.72164],[-9.15913,38.72152],[-9.15908,38.72144],[-9.15887,38.72152],[-9.15845,38.72164],[-9.15782,38.72171],[-9.15718,38.72171],[-9.15655,38.72183],[-9.15625,38.72215],[-9.15598,38.72278],[-9.15592,38.72282],[-9.15529,38.72278],[-9.15551,38.72215],[-9.15529,38.72178],[-9.15478,38.72215],[-9.15466,38.72227],[-9.15403,38.72227],[-9.1534,38.72228],[-9.15298,38.72215],[-9.15277,38.72205],[-9.15238,38.72152],[-9.15277,38.72121],[-9.1529,38.72089],[-9.1529,38.72026],[-9.15303,38.71963],[-9.15317,38.719],[-9.15277,38.71878],[-9.15233,38.719],[-9.15214,38.71911],[-9.15151,38.71911],[-9.15141,38.719],[-9.15151,38.71879],[-9.15214,38.71879],[-9.15234,38.71837],[-9.15214,38.71812],[-9.15151,38.71812],[-9.15126,38.71774],[-9.15134,38.71711],[-9.15133,38.71648],[-9.15151,38.71616],[-9.15214,38.71616],[-9.15242,38.71584],[-9.15226,38.71521],[-9.15244,38.71458],[-9.15256,38.71395],[-9.15256,38.71332],[-9.15214,38.71327],[-9.15151,38.71327],[-9.15133,38.71332],[-9.15133,38.71395],[-9.15088,38.71435],[-9.1504,38.71458],[-9.15025,38.71465],[-9.15017,38.71458],[-9.14985,38.71395],[-9.14985,38.71332],[-9.14962,38.71301],[-9.14898,38.71299],[-9.14835,38.71299],[-9.14772,38.71315],[-9.14754,38.71332],[-9.14709,38.71388],[-9.14698,38.71395],[-9.14698,38.71458],[-9.14709,38.71468],[-9.14744,38.71521],[-9.14772,38.71548],[-9.14811,38.71584],[-9.14772,38.71603],[-9.14709,38.71601],[-9.14674,38.71584],[-9.1466,38.71521],[-9.14646,38.71506],[-9.14583,38.71506],[-9.14575,38.71521],[-9.1457,38.71584],[-9.1452,38.71631],[-9.14457,38.71619],[-9.1442,38.71584],[-9.14394,38.71561],[-9.14365,38.71584],[-9.14331,38.7164],[-9.14268,38.7164],[-9.14262,38.71648],[-9.14205,38.71677],[-9.14158,38.71648],[-9.14142,38.71633],[-9.14129,38.71648],[-9.14142,38.71674],[-9.1416,38.71711],[-9.14156,38.71774],[-9.14142,38.71783],[-9.14105,38.71837],[-9.14108,38.719],[-9.14115,38.71963],[-9.14142,38.71979],[-9.14205,38.71968],[-9.14268,38.71993],[-9.14331,38.71993],[-9.14394,38.72017],[-9.14415,38.72026],[-9.14415,38.72089],[-9.14457,38.72127],[-9.14468,38.72152],[-9.14517,38.72215],[-9.1452,38.72217],[-9.14564,38.72278],[-9.14583,38.72301],[-9.14646,38.72301],[-9.14709,38.72328],[-9.14724,38.72341],[-9.14772,38.72394],[-9.1478,38.72404],[-9.14772,38.72419],[-9.14756,38.72468],[-9.14709,38.72525],[-9.147,38.72531],[-9.1467,38.72594],[-9.14646,38.7261],[-9.14583,38.7261],[-9.14526,38.72594],[-9.1452,38.72588],[-9.14457,38.7258],[-9.14435,38.72594],[-9.14457,38.72649],[-9.1452,38.72625],[-9.14522,38.72657],[-9.14522,38.7272],[-9.14541,38.72783],[-9.1452,38.7281],[-9.14478,38.72846],[-9.1452,38.72909],[-9.14507,38.72972],[-9.1452,38.73035],[-9.14457,38.73067],[-9.1445,38.73098],[-9.14457,38.73126],[-9.14474,38.73161],[-9.14457,38.73176],[-9.14422,38.73161],[-9.14394,38.73154],[-9.14381,38.73161],[-9.14331,38.73194],[-9.14268,38.73194],[-9.14205,38.73217],[-9.14142,38.7322],[-9.14079,38.73201],[-9.14046,38.73224],[-9.14015,38.73272],[-9.13952,38.73272],[-9.13939,38.73287],[-9.13939,38.73351],[-9.13952,38.73368],[-9.14015,38.73368],[-9.14079,38.73388],[-9.14111,38.73414],[-9.14093,38.73477],[-9.14142,38.73525],[-9.14148,38.7354],[-9.14142,38.73549],[-9.14079,38.73549],[-9.14068,38.7354],[-9.14058,38.73477],[-9.14015,38.73457],[-9.13952,38.73457],[-9.13938,38.73477],[-9.13938,38.7354],[-9.13952,38.73563],[-9.14015,38.73563],[-9.14052,38.73603],[-9.14063,38.73666],[-9.14067,38.73729],[-9.14043,38.73792],[-9.14059,38.73855],[-9.14052,38.73918],[-9.14052,38.73981],[-9.14079,38.74013],[-9.14142,38.7401],[-9.14187,38.74044],[-9.14169,38.74107],[-9.14186,38.7417],[-9.14205,38.74211],[-9.14268,38.74221],[-9.14331,38.74221],[-9.14358,38.7417],[-9.14375,38.74107],[-9.14394,38.74098],[-9.14407,38.74107],[-9.14453,38.7417],[-9.14457,38.74173],[-9.14461,38.7417],[-9.14477,38.74107],[-9.14489,38.74044],[-9.1452,38.74016],[-9.14583,38.74016],[-9.1461,38.73981],[-9.1461,38.73918],[-9.14583,38.73871],[-9.1452,38.73871],[-9.14515,38.73855],[-9.1452,38.73838]],[[-9.14136,38.7417],[-9.14142,38.74177],[-9.14144,38.7417],[-9.14142,38.74166],[-9.14136,38.7417]],[[-9.14048,38.74234],[-9.14079,38.74256],[-9.14102,38.74234],[-9.14079,38.74205],[-9.14048,38.74234]],[[-9.15249,38.74864],[-9.15245,38.74801],[-9.15214,38.74783],[-9.15151,38.74783],[-9.15139,38.74801],[-9.15088,38.74854],[-9.15073,38.74864],[-9.15088,38.7487],[-9.15151,38.7488],[-9.15214,38.7488],[-9.15249,38.74864]],[[-9.15277,38.75398],[-9.15251,38.75369],[-9.15236,38.75306],[-9.15214,38.75282],[-9.15151,38.75246],[-9.15088,38.75246],[-9.15086,38.75243],[-9.15082,38.7518],[-9.15062,38.75117],[-9.15088,38.75071],[-9.15151,38.75071],[-9.15161,38.75054],[-9.15151,38.7499],[-9.15097,38.74927],[-9.15088,38.74923],[-9.15037,38.74927],[-9.15025,38.74929],[-9.15021,38.74927],[-9.14962,38.74911],[-9.14906,38.74927],[-9.14898,38.74931],[-9.14835,38.74931],[-9.14772,38.74956],[-9.14723,38.74927],[-9.14709,38.7492],[-9.14688,38.74927],[-9.14646,38.74938],[-9.14636,38.74927],[-9.14583,38.74895],[-9.1452,38.74895],[-9.14477,38.74927],[-9.14495,38.7499],[-9.14457,38.75036],[-9.14413,38.75054],[-9.14457,38.75087],[-9.14473,38.75117],[-9.145,38.7518],[-9.145,38.75243],[-9.1452,38.75266],[-9.14583,38.75266],[-9.14626,38.75243],[-9.14626,38.7518],[-9.14646,38.75162],[-9.14669,38.7518],[-9.14669,38.75243],[-9.14671,38.75306],[-9.14709,38.7534],[-9.14731,38.75369],[-9.14768,38.75432],[-9.14772,38.75438],[-9.14786,38.75432],[-9.14835,38.7541],[-9.14898,38.7541],[-9.14962,38.754],[-9.15025,38.75421],[-9.15088,38.75419],[-9.15151,38.75419],[-9.15174,38.75432],[-9.15151,38.75486],[-9.15088,38.75486],[-9.15081,38.75495],[-9.15088,38.755],[-9.15151,38.755],[-9.15214,38.75505],[-9.15277,38.75527],[-9.15281,38.75558],[-9.1534,38.75615],[-9.15354,38.75621],[-9.15379,38.75684],[-9.15403,38.75733],[-9.15466,38.75733],[-9.15479,38.75747],[-9.15529,38.75779],[-9.15546,38.75747],[-9.15538,38.75684],[-9.15529,38.75649],[-9.15505,38.75621],[-9.15466,38.7559],[-9.15403,38.7559],[-9.15384,38.75558],[-9.1534,38.7552],[-9.15284,38.75495],[-9.15289,38.75432],[-9.15277,38.75398]],[[-9.14268,38.74998],[-9.14331,38.74998],[-9.14342,38.7499],[-9.14331,38.74977],[-9.14268,38.74977],[-9.14252,38.7499],[-9.14268,38.74998]],[[-9.13878,38.73098],[-9.13889,38.73109],[-9.13893,38.73098],[-9.13889,38.73091],[-9.13878,38.73098]],[[-9.137,38.74133],[-9.13763,38.74133],[-9.13768,38.74107],[-9.13763,38.74101],[-9.137,38.74101],[-9.13672,38.74044],[-9.13637,38.74019],[-9.13602,38.73981],[-9.13602,38.73918],[-9.13591,38.73855],[-9.13574,38.73836],[-9.13511,38.73848],[-9.13497,38.73855],[-9.13486,38.73918],[-9.13486,38.73981],[-9.1349,38.74044],[-9.13511,38.74094],[-9.1352,38.74107],[-9.13511,38.74134],[-9.135,38.7417],[-9.13511,38.7419],[-9.13532,38.74234],[-9.1356,38.74297],[-9.13511,38.7436],[-9.13565,38.74423],[-9.13558,38.74486],[-9.13574,38.74525],[-9.13637,38.74516],[-9.137,38.74526],[-9.13763,38.74524],[-9.13824,38.74486],[-9.13826,38.74482],[-9.1386,38.74423],[-9.13885,38.7436],[-9.13879,38.74297],[-9.13826,38.74247],[-9.13805,38.74234],[-9.13763,38.74178],[-9.137,38.74178],[-9.13696,38.7417],[-9.137,38.74133]],[[-9.13637,38.74741],[-9.137,38.74741],[-9.13703,38.74738],[-9.137,38.74736],[-9.13637,38.74736],[-9.13635,38.74738],[-9.13637,38.74741]],[[-9.13569,38.7499],[-9.13574,38.75001],[-9.1358,38.7499],[-9.13574,38.74975],[-9.13569,38.7499]],[[-9.13801,38.75432],[-9.13763,38.75414],[-9.137,38.75422],[-9.13637,38.75422],[-9.13574,38.75385],[-9.13511,38.75405],[-9.13456,38.75369],[-9.13448,38.75357],[-9.13385,38.75357],[-9.13322,38.75309],[-9.13317,38.75306],[-9.13259,38.7526],[-9.13217,38.75243],[-9.1322,38.7518],[-9.13196,38.75166],[-9.13132,38.75123],[-9.13069,38.75123],[-9.13044,38.7518],[-9.13022,38.75243],[-9.13006,38.75292],[-9.13005,38.75306],[-9.13006,38.75307],[-9.13054,38.75369],[-9.13069,38.75393],[-9.13132,38.75393],[-9.13168,38.75432],[-9.13181,38.75495],[-9.13196,38.75525],[-9.13238,38.75558],[-9.13259,38.75586],[-9.13322,38.7559],[-9.13357,38.75621],[-9.13385,38.75636],[-9.13448,38.75636],[-9.13477,38.75621],[-9.13486,38.75558],[-9.13511,38.75538],[-9.13541,38.75558],[-9.13574,38.75572],[-9.13627,38.75558],[-9.13637,38.75547],[-9.137,38.75547],[-9.13752,38.75495],[-9.13763,38.75489],[-9.13801,38.75432]],[[-9.12817,38.73608],[-9.1288,38.73608],[-9.12887,38.73603],[-9.1288,38.73599],[-9.12817,38.73599],[-9.12813,38.73603],[-9.12817,38.73608]],[[-9.1274,38.73729],[-9.12754,38.73735],[-9.12761,38.73729],[-9.12754,38.73725],[-9.1274,38.73729]],[[-9.12817,38.71791],[-9.1288,38.71791],[-9.1291,38.71774],[-9.1288,38.71716],[-9.12817,38.71716],[-9.12779,38.71774],[-9.12817,38.71791]],[[-9.12811,38.71648],[-9.12775,38.71584],[-9.12754,38.71582],[-9.12691,38.71567],[-9.12628,38.71551],[-9.1261,38.71584],[-9.12628,38.71597],[-9.12691,38.716],[-9.12736,38.71648],[-9.12754,38.71669],[-9.12811,38.71648]],[[-9.12565,38.71884],[-9.12502,38.71884],[-9.12478,38.719],[-9.12502,38.71926],[-9.12565,38.71926],[-9.12628,38.71941],[-9.12658,38.719],[-9.12628,38.7187],[-9.12565,38.71884]],[[-9.18368,38.70344],[-9.18431,38.70344],[-9.1845,38.70323],[-9.18431,38.70306],[-9.18368,38.70306],[-9.18348,38.70323],[-9.18368,38.70344]],[[-9.21119,38.70701],[-9.21143,38.70713],[-9.21162,38.70701],[-9.21162,38.70638],[-9.21143,38.70624],[-9.21119,38.70638],[-9.21119,38.70701]],[[-9.21077,38.70512],[-9.2108,38.70513],[-9.21083,38.70512],[-9.2108,38.70507],[-9.21077,38.70512]],[[-9.20886,38.70575],[-9.2089,38.70586],[-9.20897,38.70575],[-9.2089,38.70564],[-9.20886,38.70575]],[[-9.20826,38.70701],[-9.20827,38.70702],[-9.20829,38.70701],[-9.20831,38.70638],[-9.20827,38.70637],[-9.20826,38.70638],[-9.20826,38.70701]],[[-9.21017,38.71246],[-9.20953,38.71246],[-9.20939,38.71269],[-9.20942,38.71332],[-9.20953,38.71351],[-9.21017,38.71351],[-9.21066,38.71332],[-9.21066,38.71269],[-9.21017,38.71246]],[[-9.20873,38.71332],[-9.2089,38.71371],[-9.20901,38.71332],[-9.2089,38.71276],[-9.20873,38.71332]],[[-9.20824,38.71269],[-9.20827,38.71271],[-9.20853,38.71269],[-9.20827,38.71263],[-9.20824,38.71269]],[[-9.17912,38.70891],[-9.17926,38.70954],[-9.17948,38.70891],[-9.17926,38.70873],[-9.17912,38.70891]],[[-9.20545,38.74738],[-9.20512,38.7472],[-9.20494,38.74738],[-9.20449,38.74777],[-9.20386,38.74777],[-9.20323,38.74776],[-9.20293,38.74801],[-9.2026,38.74835],[-9.2022,38.74801],[-9.2026,38.74768],[-9.20285,38.74738],[-9.20273,38.74675],[-9.20264,38.74612],[-9.2026,38.74609],[-9.20239,38.74612],[-9.20221,38.74675],[-9.20217,38.74738],[-9.20197,38.74765],[-9.20179,38.74801],[-9.20191,38.74864],[-9.20189,38.74927],[-9.20197,38.74967],[-9.2022,38.7499],[-9.2026,38.75011],[-9.20288,38.7499],[-9.20323,38.74936],[-9.20386,38.74936],[-9.20449,38.74969],[-9.20495,38.74927],[-9.20512,38.749],[-9.20544,38.74864],[-9.20575,38.7484],[-9.20603,38.74801],[-9.20575,38.74752],[-9.20545,38.74738]],[[-9.2015,38.75243],[-9.20164,38.7518],[-9.20167,38.75117],[-9.20134,38.75079],[-9.2007,38.75079],[-9.20052,38.75117],[-9.20053,38.7518],[-9.20031,38.75243],[-9.2007,38.75264],[-9.20134,38.75264],[-9.2015,38.75243]],[[-9.20028,38.7499],[-9.2003,38.74927],[-9.20007,38.74916],[-9.19952,38.74864],[-9.19944,38.74856],[-9.19933,38.74864],[-9.19936,38.74927],[-9.19933,38.7499],[-9.19944,38.75001],[-9.20007,38.75015],[-9.20028,38.7499]],[[-9.19865,38.75054],[-9.19881,38.75063],[-9.19899,38.75054],[-9.19881,38.75035],[-9.19865,38.75054]],[[-9.1969,38.7518],[-9.19692,38.75183],[-9.19696,38.7518],[-9.19692,38.75177],[-9.1969,38.7518]],[[-9.16349,38.71607],[-9.16286,38.71607],[-9.16261,38.71584],[-9.16246,38.71521],[-9.16286,38.71458],[-9.16223,38.71455],[-9.162,38.71395],[-9.162,38.71332],[-9.16223,38.71276],[-9.16228,38.71269],[-9.1626,38.71206],[-9.16223,38.71157],[-9.16219,38.71143],[-9.16223,38.71134],[-9.16257,38.7108],[-9.16286,38.71054],[-9.16349,38.71054],[-9.16412,38.71061],[-9.16475,38.71045],[-9.16538,38.71056],[-9.16601,38.71038],[-9.16665,38.71038],[-9.16728,38.71055],[-9.1674,38.7108],[-9.16791,38.71134],[-9.16854,38.71119],[-9.169,38.7108],[-9.16917,38.71068],[-9.1698,38.71068],[-9.17036,38.71017],[-9.17043,38.71004],[-9.17079,38.71017],[-9.17106,38.71021],[-9.1711,38.71017],[-9.17106,38.70993],[-9.1709,38.70954],[-9.17106,38.70948],[-9.1715,38.70891],[-9.17143,38.70828],[-9.17121,38.70765],[-9.17121,38.70701],[-9.17106,38.7069],[-9.17043,38.70686],[-9.17032,38.70701],[-9.1703,38.70765],[-9.1698,38.70772],[-9.16917,38.70772],[-9.16897,38.70765],[-9.16901,38.70701],[-9.16854,38.70638],[-9.16798,38.70701],[-9.16806,38.70765],[-9.1681,38.70828],[-9.16791,38.70835],[-9.16785,38.70828],[-9.16783,38.70765],[-9.16785,38.70701],[-9.16728,38.7065],[-9.16701,38.70638],[-9.16665,38.70625],[-9.16601,38.70625],[-9.16547,38.70575],[-9.16538,38.70573],[-9.16475,38.70556],[-9.16412,38.70564],[-9.16349,38.70564],[-9.16286,38.70563],[-9.16223,38.70563],[-9.1616,38.70572],[-9.1615,38.70575],[-9.1616,38.70591],[-9.16182,38.70638],[-9.16177,38.70701],[-9.16177,38.70765],[-9.1616,38.70793],[-9.16113,38.70765],[-9.16113,38.70701],[-9.16118,38.70638],[-9.16097,38.70625],[-9.16034,38.70625],[-9.16023,38.70638],[-9.16022,38.70701],[-9.16022,38.70765],[-9.15971,38.70785],[-9.15914,38.70765],[-9.15914,38.70701],[-9.15908,38.707],[-9.15906,38.70701],[-9.15905,38.70765],[-9.15908,38.70774],[-9.15923,38.70828],[-9.15923,38.70891],[-9.15971,38.70954],[-9.15926,38.71017],[-9.15908,38.71038],[-9.15884,38.71017],[-9.15845,38.7098],[-9.15782,38.70987],[-9.15718,38.70987],[-9.15678,38.71017],[-9.15655,38.71031],[-9.15621,38.71017],[-9.15592,38.70978],[-9.15565,38.70954],[-9.15592,38.7091],[-9.15604,38.70891],[-9.15592,38.70886],[-9.15529,38.70885],[-9.15466,38.70885],[-9.15456,38.70891],[-9.15403,38.70934],[-9.15351,38.70891],[-9.1534,38.70884],[-9.15334,38.70891],[-9.15307,38.70954],[-9.1534,38.7098],[-9.15403,38.70972],[-9.15445,38.71017],[-9.15466,38.71041],[-9.15529,38.71041],[-9.15556,38.7108],[-9.15529,38.71121],[-9.15466,38.71121],[-9.15435,38.7108],[-9.15403,38.71051],[-9.15365,38.7108],[-9.15368,38.71143],[-9.1534,38.71159],[-9.15288,38.71206],[-9.15311,38.71269],[-9.1534,38.71318],[-9.15344,38.71332],[-9.15344,38.71395],[-9.1534,38.71409],[-9.15312,38.71458],[-9.1534,38.71507],[-9.15347,38.71521],[-9.15403,38.71555],[-9.15466,38.71584],[-9.15529,38.71584],[-9.15592,38.71544],[-9.15633,38.71584],[-9.15655,38.71606],[-9.15692,38.71648],[-9.15718,38.7167],[-9.15782,38.7167],[-9.15845,38.71679],[-9.15908,38.71662],[-9.15927,38.71648],[-9.15971,38.71627],[-9.16002,38.71648],[-9.16034,38.71682],[-9.16097,38.71682],[-9.16149,38.71711],[-9.16097,38.71768],[-9.16034,38.71768],[-9.15971,38.71774],[-9.16034,38.7178],[-9.16097,38.7178],[-9.1616,38.71788],[-9.16204,38.71774],[-9.16223,38.71742],[-9.16247,38.71711],[-9.16223,38.71692],[-9.16212,38.71648],[-9.16223,38.71614],[-9.16255,38.71648],[-9.16286,38.71684],[-9.16349,38.71684],[-9.16381,38.71711],[-9.16393,38.71774],[-9.16412,38.71796],[-9.16475,38.71783],[-9.16531,38.71837],[-9.16538,38.71842],[-9.16558,38.71837],[-9.16601,38.71799],[-9.16665,38.71799],[-9.1669,38.71774],[-9.16665,38.71764],[-9.16601,38.71764],[-9.16538,38.71731],[-9.16503,38.71711],[-9.16475,38.71648],[-9.16412,38.71615],[-9.16349,38.71607]],[[-9.164,38.72215],[-9.16412,38.72244],[-9.16457,38.72215],[-9.16412,38.7219],[-9.164,38.72215]],[[-9.16286,38.72179],[-9.16349,38.72179],[-9.16392,38.72152],[-9.16349,38.72119],[-9.16286,38.72119],[-9.16253,38.72152],[-9.16286,38.72179]],[[-9.16213,38.72089],[-9.16223,38.72102],[-9.16236,38.72089],[-9.16286,38.72032],[-9.16349,38.72032],[-9.16359,38.72026],[-9.16359,38.71963],[-9.16349,38.71953],[-9.16286,38.71953],[-9.16236,38.71963],[-9.16223,38.71966],[-9.16193,38.72026],[-9.16213,38.72089]],[[-9.15718,38.72104],[-9.15782,38.72104],[-9.15793,38.72089],[-9.15782,38.72081],[-9.15718,38.72081],[-9.15714,38.72089],[-9.15718,38.72104]],[[-9.15651,38.719],[-9.15655,38.71908],[-9.15674,38.719],[-9.15655,38.71886],[-9.15651,38.719]],[[-9.15403,38.71841],[-9.15466,38.71841],[-9.15498,38.71837],[-9.15466,38.71832],[-9.15403,38.7183],[-9.15385,38.71837],[-9.15403,38.71841]],[[-9.15151,38.7111],[-9.15214,38.7111],[-9.15232,38.7108],[-9.15214,38.71056],[-9.15151,38.71056],[-9.15129,38.7108],[-9.15151,38.7111]],[[-9.14835,38.71208],[-9.14898,38.71208],[-9.14901,38.71206],[-9.14898,38.71203],[-9.14835,38.71203],[-9.14834,38.71206],[-9.14835,38.71208]],[[-9.14764,38.71206],[-9.14772,38.71215],[-9.14778,38.71206],[-9.14772,38.71198],[-9.14764,38.71206]],[[-9.14646,38.71265],[-9.14583,38.71265],[-9.14571,38.71269],[-9.14559,38.71332],[-9.14583,38.71349],[-9.14646,38.71349],[-9.1467,38.71332],[-9.14651,38.71269],[-9.14646,38.71265]],[[-9.14455,38.71017],[-9.14457,38.71021],[-9.14463,38.71017],[-9.14457,38.71012],[-9.14455,38.71017]],[[-9.14392,38.71017],[-9.14394,38.71018],[-9.14395,38.71017],[-9.14394,38.71012],[-9.14392,38.71017]],[[-9.1435,38.71458],[-9.1435,38.71395],[-9.1435,38.71332],[-9.14331,38.71321],[-9.14268,38.71321],[-9.1426,38.71332],[-9.14245,38.71395],[-9.14245,38.71458],[-9.14268,38.71463],[-9.14331,38.71463],[-9.1435,38.71458]],[[-9.14193,38.7108],[-9.14205,38.71093],[-9.14209,38.7108],[-9.14205,38.71074],[-9.14193,38.7108]],[[-9.14368,38.72278],[-9.14394,38.72306],[-9.14438,38.72278],[-9.14394,38.72242],[-9.14368,38.72278]],[[-9.14331,38.73027],[-9.14268,38.73027],[-9.14254,38.73035],[-9.14253,38.73098],[-9.14268,38.73112],[-9.14331,38.73112],[-9.14338,38.73098],[-9.14345,38.73035],[-9.14331,38.73027]],[[-9.14123,38.73098],[-9.14142,38.73119],[-9.14156,38.73098],[-9.14142,38.73055],[-9.14123,38.73098]],[[-9.14142,38.72584],[-9.14106,38.72594],[-9.14095,38.72657],[-9.14095,38.7272],[-9.14079,38.72727],[-9.14061,38.7272],[-9.14061,38.72657],[-9.14047,38.72594],[-9.14015,38.72576],[-9.13952,38.72576],[-9.13939,38.72594],[-9.13889,38.72615],[-9.13863,38.72594],[-9.13889,38.72553],[-9.13916,38.72531],[-9.13952,38.72508],[-9.14015,38.72508],[-9.1404,38.72468],[-9.14015,38.72425],[-9.13952,38.72425],[-9.13916,38.72404],[-9.13889,38.72395],[-9.13826,38.72395],[-9.13774,38.72404],[-9.13763,38.72407],[-9.137,38.72407],[-9.13684,38.72404],[-9.13664,38.72341],[-9.13637,38.7231],[-9.13574,38.72341],[-9.13561,38.72404],[-9.13574,38.72414],[-9.13601,38.72468],[-9.13637,38.72519],[-9.13651,38.72531],[-9.13637,38.72548],[-9.13574,38.72565],[-9.13511,38.72531],[-9.13481,38.72594],[-9.13511,38.72612],[-9.13574,38.72611],[-9.13637,38.72631],[-9.137,38.72619],[-9.13763,38.72619],[-9.13781,38.72657],[-9.13781,38.7272],[-9.13826,38.72756],[-9.13889,38.72775],[-9.13897,38.72783],[-9.13921,38.72846],[-9.13889,38.72856],[-9.13856,38.72909],[-9.13889,38.72954],[-9.13952,38.72966],[-9.14015,38.72966],[-9.14046,38.72909],[-9.14079,38.72851],[-9.14142,38.72861],[-9.14169,38.72846],[-9.14142,38.72821],[-9.14119,38.72783],[-9.14142,38.72745],[-9.14163,38.7272],[-9.14163,38.72657],[-9.14157,38.72594],[-9.14142,38.72584]],[[-9.14076,38.74107],[-9.14079,38.74111],[-9.14086,38.74107],[-9.14079,38.741],[-9.14076,38.74107]],[[-9.14964,38.74801],[-9.15025,38.74839],[-9.15057,38.74801],[-9.15025,38.7474],[-9.14964,38.74801]],[[-9.137,38.7323],[-9.13763,38.7323],[-9.13772,38.73224],[-9.13763,38.73188],[-9.137,38.73188],[-9.13694,38.73224],[-9.137,38.7323]],[[-9.13604,38.73098],[-9.13637,38.73132],[-9.13675,38.73098],[-9.13637,38.73035],[-9.13604,38.73098]],[[-9.137,38.72977],[-9.13763,38.72977],[-9.13766,38.72972],[-9.13763,38.72947],[-9.137,38.72947],[-9.13637,38.72922],[-9.13595,38.72972],[-9.13637,38.73035],[-9.137,38.72977]],[[-9.13538,38.73351],[-9.13574,38.73368],[-9.1359,38.73351],[-9.1359,38.73287],[-9.13574,38.73281],[-9.13538,38.73287],[-9.13538,38.73351]],[[-9.13496,38.73603],[-9.13511,38.73615],[-9.13524,38.73603],[-9.13515,38.7354],[-9.13511,38.73538],[-9.13505,38.7354],[-9.13496,38.73603]],[[-9.13508,38.75117],[-9.13511,38.75124],[-9.13518,38.75117],[-9.13511,38.75113],[-9.13508,38.75117]],[[-9.13463,38.73792],[-9.1347,38.73729],[-9.13449,38.73666],[-9.13448,38.73665],[-9.13385,38.73665],[-9.13382,38.73666],[-9.1336,38.73729],[-9.13349,38.73792],[-9.13385,38.73819],[-9.13448,38.73819],[-9.13463,38.73792]],[[-9.13196,38.74313],[-9.13259,38.74312],[-9.1331,38.7436],[-9.13322,38.74375],[-9.13333,38.7436],[-9.13333,38.74297],[-9.13322,38.74261],[-9.13259,38.74268],[-9.13196,38.74288],[-9.13132,38.74295],[-9.13069,38.74295],[-9.13068,38.74297],[-9.13069,38.74298],[-9.13132,38.74298],[-9.13196,38.74313]],[[-9.20812,38.7108],[-9.20827,38.71106],[-9.2085,38.7108],[-9.20827,38.71032],[-9.20812,38.7108]],[[-9.17923,38.70575],[-9.17926,38.70638],[-9.17933,38.70575],[-9.17926,38.70567],[-9.17923,38.70575]],[[-9.20386,38.74505],[-9.20449,38.74505],[-9.20485,38.74486],[-9.20449,38.7445],[-9.20386,38.7445],[-9.20359,38.74486],[-9.20386,38.74505]],[[-9.19755,38.74742],[-9.19818,38.74742],[-9.19834,38.74738],[-9.19881,38.74733],[-9.199,38.74738],[-9.19944,38.74751],[-9.19956,38.74738],[-9.19944,38.74709],[-9.19931,38.74675],[-9.19881,38.74633],[-9.19857,38.74612],[-9.19881,38.74562],[-9.19902,38.74549],[-9.19902,38.74486],[-9.19922,38.74423],[-9.19944,38.74391],[-9.19971,38.7436],[-9.19944,38.74316],[-9.19913,38.74297],[-9.19881,38.74268],[-9.19834,38.74297],[-9.19818,38.74301],[-9.19755,38.74301],[-9.19692,38.74355],[-9.19629,38.74323],[-9.19566,38.7435],[-9.19503,38.7435],[-9.1944,38.74339],[-9.19401,38.7436],[-9.19377,38.74386],[-9.19325,38.7436],[-9.19314,38.74358],[-9.19303,38.7436],[-9.19251,38.74395],[-9.19187,38.74395],[-9.19124,38.74413],[-9.19116,38.74423],[-9.19076,38.74486],[-9.19083,38.74549],[-9.19124,38.7461],[-9.19127,38.74612],[-9.19124,38.74614],[-9.19087,38.74675],[-9.19114,38.74738],[-9.19124,38.74747],[-9.19158,38.74738],[-9.19187,38.74731],[-9.19251,38.74731],[-9.19267,38.74738],[-9.19314,38.74782],[-9.19329,38.74801],[-9.1936,38.74864],[-9.19362,38.74927],[-9.19377,38.74955],[-9.1944,38.74955],[-9.19476,38.74927],[-9.19503,38.74909],[-9.19566,38.74909],[-9.19629,38.74926],[-9.19632,38.74927],[-9.19664,38.7499],[-9.19692,38.75017],[-9.19712,38.7499],[-9.19719,38.74927],[-9.19755,38.74891],[-9.19818,38.74891],[-9.19853,38.74864],[-9.19818,38.74828],[-9.19755,38.74828],[-9.19692,38.74812],[-9.19687,38.74801],[-9.19692,38.74797],[-9.19755,38.74742]],[[-9.16835,38.71332],[-9.16803,38.71269],[-9.16791,38.71257],[-9.16754,38.71206],[-9.16728,38.71182],[-9.16665,38.71192],[-9.16601,38.71192],[-9.16573,38.71206],[-9.16538,38.71264],[-9.16535,38.71269],[-9.16538,38.71277],[-9.16548,38.71332],[-9.16548,38.71395],[-9.16538,38.71458],[-9.16585,38.71521],[-9.166,38.71584],[-9.16601,38.71589],[-9.16665,38.71589],[-9.16667,38.71584],[-9.16728,38.71567],[-9.16781,38.71521],[-9.16791,38.7151],[-9.16836,38.71521],[-9.16854,38.71526],[-9.16858,38.71521],[-9.16893,38.71458],[-9.16854,38.71419],[-9.16835,38.71395],[-9.16835,38.71332]],[[-9.15832,38.70891],[-9.15845,38.70918],[-9.15879,38.70891],[-9.15869,38.70828],[-9.15845,38.7082],[-9.15834,38.70828],[-9.15832,38.70891]],[[-9.15718,38.71868],[-9.15782,38.71868],[-9.15794,38.71837],[-9.15782,38.71797],[-9.15718,38.71797],[-9.15694,38.71837],[-9.15718,38.71868]],[[-9.15398,38.71711],[-9.15403,38.71718],[-9.15407,38.71711],[-9.15403,38.71701],[-9.15398,38.71711]],[[-9.14991,38.70891],[-9.15025,38.70913],[-9.15042,38.70891],[-9.15048,38.70828],[-9.15025,38.70816],[-9.15008,38.70765],[-9.15008,38.70701],[-9.14962,38.70656],[-9.14898,38.70679],[-9.14835,38.70679],[-9.14821,38.70638],[-9.14772,38.70611],[-9.14709,38.70631],[-9.14646,38.70602],[-9.14583,38.70602],[-9.1452,38.70598],[-9.14477,38.70638],[-9.1452,38.70685],[-9.14583,38.70683],[-9.14646,38.70683],[-9.14659,38.70701],[-9.14659,38.70765],[-9.14646,38.70794],[-9.14583,38.70794],[-9.14567,38.70828],[-9.14541,38.70891],[-9.14561,38.70954],[-9.1456,38.71017],[-9.14583,38.7105],[-9.14646,38.7105],[-9.14673,38.71017],[-9.14698,38.70954],[-9.14709,38.70937],[-9.14772,38.70942],[-9.14804,38.70954],[-9.14772,38.70962],[-9.1474,38.71017],[-9.14772,38.71056],[-9.14835,38.71035],[-9.14898,38.71035],[-9.14918,38.71017],[-9.14918,38.70954],[-9.14898,38.70931],[-9.14835,38.70931],[-9.14817,38.70891],[-9.14835,38.70875],[-9.14898,38.70875],[-9.14959,38.70828],[-9.14962,38.70826],[-9.14977,38.70828],[-9.14991,38.70891]],[[-9.14583,38.71153],[-9.14646,38.71153],[-9.14667,38.71143],[-9.14646,38.71123],[-9.14583,38.71123],[-9.14559,38.71143],[-9.14583,38.71153]],[[-9.14205,38.70631],[-9.14185,38.70638],[-9.14167,38.70701],[-9.14157,38.70765],[-9.14205,38.70805],[-9.14245,38.70765],[-9.14245,38.70701],[-9.14268,38.70654],[-9.14331,38.70654],[-9.14394,38.70682],[-9.14451,38.70638],[-9.14407,38.70575],[-9.14394,38.70574],[-9.14331,38.70575],[-9.14268,38.70575],[-9.14205,38.70631]],[[-9.13859,38.71963],[-9.13889,38.72006],[-9.13906,38.72026],[-9.13906,38.72089],[-9.13889,38.72138],[-9.13886,38.72152],[-9.13889,38.72177],[-9.13904,38.72215],[-9.13952,38.72236],[-9.14015,38.72236],[-9.14041,38.72215],[-9.14055,38.72152],[-9.14079,38.7212],[-9.14108,38.72089],[-9.14108,38.72026],[-9.14079,38.71985],[-9.14033,38.71963],[-9.14015,38.71957],[-9.13952,38.71957],[-9.13889,38.71944],[-9.13859,38.71963]],[[-9.13653,38.71648],[-9.13637,38.71611],[-9.13574,38.71618],[-9.13564,38.71648],[-9.13554,38.71711],[-9.13511,38.71757],[-9.13493,38.71774],[-9.13511,38.71805],[-9.13574,38.71837],[-9.13529,38.719],[-9.13574,38.71927],[-9.13613,38.719],[-9.13637,38.71862],[-9.13678,38.719],[-9.137,38.71939],[-9.13763,38.71939],[-9.1378,38.719],[-9.13809,38.71837],[-9.13826,38.71813],[-9.13889,38.71799],[-9.13921,38.71774],[-9.13889,38.71731],[-9.13853,38.71711],[-9.13826,38.71679],[-9.13763,38.71697],[-9.137,38.71697],[-9.13653,38.71648]],[[-9.13574,38.72184],[-9.13511,38.72152],[-9.13484,38.72215],[-9.13511,38.72253],[-9.13574,38.72225],[-9.13637,38.72245],[-9.13693,38.72215],[-9.13689,38.72152],[-9.13647,38.72089],[-9.13647,38.72026],[-9.13637,38.72018],[-9.13574,38.71999],[-9.13539,38.72026],[-9.13544,38.72089],[-9.13574,38.72142],[-9.13585,38.72152],[-9.13574,38.72184]],[[-9.13801,38.73729],[-9.13826,38.73752],[-9.13858,38.73729],[-9.13826,38.73711],[-9.13801,38.73729]],[[-9.13504,38.73098],[-9.13511,38.731],[-9.13514,38.73098],[-9.13511,38.73095],[-9.13504,38.73098]],[[-9.13006,38.73808],[-9.13069,38.73796],[-9.13132,38.73796],[-9.13196,38.73816],[-9.13259,38.73803],[-9.13295,38.73792],[-9.13259,38.73762],[-9.13196,38.7375],[-9.13153,38.73729],[-9.13132,38.73722],[-9.13069,38.73722],[-9.13006,38.73692],[-9.12943,38.73697],[-9.12914,38.73729],[-9.12943,38.73792],[-9.13006,38.73808]],[[-9.13184,38.74107],[-9.13196,38.74114],[-9.13217,38.74107],[-9.13196,38.74086],[-9.13184,38.74107]],[[-9.13069,38.74139],[-9.13006,38.74115],[-9.12977,38.7417],[-9.13006,38.74199],[-9.13069,38.74188],[-9.13132,38.74188],[-9.13153,38.7417],[-9.13132,38.74139],[-9.13069,38.74139]],[[-9.14268,38.72461],[-9.14205,38.72445],[-9.14192,38.72468],[-9.14205,38.72474],[-9.14268,38.72487],[-9.14331,38.72487],[-9.14339,38.72468],[-9.14331,38.72461],[-9.14268,38.72461]],[[-9.14073,38.71206],[-9.14079,38.71213],[-9.14086,38.71206],[-9.14079,38.71199],[-9.14073,38.71206]],[[-9.13952,38.71714],[-9.14015,38.71714],[-9.14017,38.71711],[-9.14015,38.71709],[-9.13952,38.71709],[-9.13945,38.71711],[-9.13952,38.71714]],[[-9.13878,38.71332],[-9.13889,38.71345],[-9.13897,38.71332],[-9.13889,38.71327],[-9.13878,38.71332]],[[-9.13814,38.73414],[-9.13826,38.73423],[-9.13833,38.73414],[-9.13826,38.73386],[-9.13814,38.73414]],[[-9.13448,38.72992],[-9.13511,38.72989],[-9.13547,38.72972],[-9.13511,38.72926],[-9.13479,38.72909],[-9.13448,38.72898],[-9.13385,38.72898],[-9.13379,38.72909],[-9.13322,38.72968],[-9.13312,38.72972],[-9.13322,38.73004],[-9.13385,38.72992],[-9.13448,38.72992]],[[-9.13251,38.7354],[-9.13259,38.73575],[-9.13276,38.7354],[-9.13322,38.73523],[-9.13385,38.73512],[-9.13448,38.73512],[-9.13466,38.73477],[-9.13448,38.73433],[-9.13385,38.73433],[-9.13322,38.73432],[-9.1326,38.73477],[-9.13259,38.73487],[-9.13251,38.7354]],[[-9.13168,38.73477],[-9.13196,38.73491],[-9.13253,38.73477],[-9.13196,38.73428],[-9.13168,38.73477]],[[-9.13259,38.73013],[-9.13196,38.73033],[-9.13193,38.73035],[-9.13136,38.73098],[-9.13132,38.73103],[-9.13069,38.73103],[-9.13038,38.73098],[-9.13006,38.73093],[-9.12956,38.73035],[-9.12943,38.73029],[-9.12912,38.73035],[-9.12931,38.73098],[-9.12943,38.73116],[-9.13001,38.73161],[-9.12981,38.73224],[-9.13006,38.73239],[-9.13024,38.73224],[-9.13069,38.73192],[-9.13132,38.73192],[-9.13176,38.73161],[-9.13196,38.73148],[-9.13259,38.7315],[-9.13322,38.73128],[-9.13353,38.73098],[-9.13322,38.73048],[-9.13306,38.73035],[-9.13259,38.73013]],[[-9.13826,38.70837],[-9.13889,38.70886],[-9.13895,38.70891],[-9.13952,38.70915],[-9.14015,38.70931],[-9.14079,38.70931],[-9.14116,38.70891],[-9.14079,38.7084],[-9.14015,38.7084],[-9.14004,38.70828],[-9.14004,38.70765],[-9.13952,38.70735],[-9.13889,38.70701],[-9.13826,38.70753],[-9.13818,38.70765],[-9.13818,38.70828],[-9.13826,38.70837]],[[-9.13952,38.71159],[-9.14015,38.71159],[-9.14037,38.71143],[-9.14015,38.7112],[-9.13952,38.7112],[-9.13915,38.71143],[-9.13952,38.71159]],[[-9.13385,38.71811],[-9.13322,38.71815],[-9.13299,38.71837],[-9.13322,38.7185],[-9.13385,38.71858],[-9.13448,38.71858],[-9.13489,38.71837],[-9.13448,38.71811],[-9.13385,38.71811]],[[-9.13196,38.72254],[-9.13132,38.72254],[-9.1311,38.72278],[-9.13132,38.72287],[-9.13196,38.72287],[-9.13259,38.72287],[-9.13322,38.72278],[-9.13259,38.72265],[-9.13196,38.72254]],[[-9.13185,38.72468],[-9.13196,38.72478],[-9.13215,38.72468],[-9.13196,38.72459],[-9.13185,38.72468]],[[-9.12996,38.72972],[-9.13006,38.72992],[-9.13017,38.72972],[-9.13006,38.72961],[-9.12996,38.72972]],[[-9.12893,38.7272],[-9.12943,38.72749],[-9.12954,38.7272],[-9.12952,38.72657],[-9.12943,38.72619],[-9.12896,38.72657],[-9.12893,38.7272]],[[-9.13259,38.72003],[-9.13196,38.72026],[-9.13132,38.72026],[-9.13132,38.72089],[-9.13196,38.72089],[-9.13259,38.72108],[-9.13281,38.72089],[-9.13281,38.72026],[-9.13259,38.72003]],[[-9.13003,38.72468],[-9.13006,38.7247],[-9.13008,38.72468],[-9.13006,38.72465],[-9.13003,38.72468]],[[-9.12901,38.72341],[-9.12943,38.72382],[-9.12979,38.72341],[-9.12958,38.72278],[-9.12943,38.72215],[-9.12898,38.72278],[-9.12901,38.72341]],[[-9.13265,38.719],[-9.13259,38.71887],[-9.13196,38.71878],[-9.13132,38.71878],[-9.13069,38.71897],[-9.13055,38.719],[-9.13069,38.71902],[-9.13132,38.71919],[-9.13196,38.71919],[-9.13259,38.71908],[-9.13265,38.719]],[[-9.12977,38.71648],[-9.13006,38.71667],[-9.13025,38.71648],[-9.13006,38.7163],[-9.12977,38.71648]],[[-9.13554,38.71458],[-9.13554,38.71395],[-9.13574,38.7136],[-9.13637,38.7134],[-9.13642,38.71332],[-9.13637,38.71311],[-9.13591,38.71269],[-9.13637,38.7123],[-9.1365,38.71206],[-9.13637,38.71143],[-9.13637,38.7108],[-9.13574,38.7113],[-9.13538,38.71143],[-9.13556,38.71206],[-9.13511,38.71217],[-9.13473,38.71269],[-9.13448,38.71293],[-9.13385,38.71293],[-9.13344,38.71269],[-9.13322,38.71222],[-9.13259,38.71251],[-9.13196,38.7125],[-9.13132,38.7125],[-9.13115,38.71269],[-9.13069,38.71317],[-9.13041,38.71332],[-9.13069,38.71368],[-9.13084,38.71395],[-9.13092,38.71458],[-9.13111,38.71521],[-9.13132,38.7153],[-9.13196,38.7153],[-9.1324,38.71584],[-9.13196,38.71632],[-9.13132,38.71632],[-9.13109,38.71648],[-9.1311,38.71711],[-9.13115,38.71774],[-9.13132,38.71794],[-9.13196,38.71794],[-9.13216,38.71774],[-9.13259,38.71725],[-9.13275,38.71711],[-9.13276,38.71648],[-9.13322,38.71592],[-9.13331,38.71584],[-9.13385,38.71545],[-9.13448,38.71545],[-9.13511,38.71536],[-9.13517,38.71521],[-9.13554,38.71458]],[[-9.13623,38.70954],[-9.13637,38.70959],[-9.13643,38.70954],[-9.13637,38.70944],[-9.13623,38.70954]],[[-9.13494,38.70891],[-9.13511,38.70906],[-9.13539,38.70891],[-9.13511,38.70881],[-9.13494,38.70891]],[[-9.13448,38.70762],[-9.13385,38.70762],[-9.13378,38.70765],[-9.13378,38.70828],[-9.13385,38.70837],[-9.13448,38.70837],[-9.13453,38.70828],[-9.13453,38.70765],[-9.13448,38.70762]]],[[[-9.17422,38.73035],[-9.17421,38.73038],[-9.17418,38.73035],[-9.17421,38.73034],[-9.17422,38.73035]]],[[[-9.18557,38.73351],[-9.18529,38.73287],[-9.18529,38.73224],[-9.18544,38.73161],[-9.18503,38.73098],[-9.18529,38.73035],[-9.18557,38.72999],[-9.18573,38.72972],[-9.1862,38.72939],[-9.18683,38.72939],[-9.18724,38.72909],[-9.18746,38.72894],[-9.18771,38.72909],[-9.18809,38.72928],[-9.18872,38.72916],[-9.18931,38.72972],[-9.18935,38.72979],[-9.18998,38.72979],[-9.19058,38.73035],[-9.19061,38.73038],[-9.19073,38.73035],[-9.19124,38.73028],[-9.1913,38.73035],[-9.19124,38.73092],[-9.19123,38.73098],[-9.19124,38.731],[-9.19187,38.73161],[-9.19251,38.73161],[-9.19314,38.73208],[-9.19315,38.73224],[-9.19315,38.73287],[-9.19314,38.73295],[-9.19277,38.73351],[-9.19314,38.73393],[-9.1932,38.73414],[-9.19314,38.73429],[-9.19251,38.73436],[-9.19187,38.73436],[-9.19133,38.73414],[-9.19124,38.73408],[-9.19117,38.73414],[-9.19061,38.73462],[-9.18998,38.73437],[-9.18935,38.73437],[-9.18924,38.73477],[-9.18872,38.73499],[-9.18835,38.73477],[-9.18809,38.73444],[-9.18746,38.73473],[-9.18683,38.73441],[-9.1862,38.73441],[-9.18582,38.73414],[-9.18557,38.73351]],[[-9.18872,38.73392],[-9.18887,38.73351],[-9.18872,38.73329],[-9.18823,38.73351],[-9.18872,38.73392]],[[-9.18575,38.73224],[-9.18557,38.73222],[-9.18556,38.73224],[-9.18556,38.73287],[-9.18557,38.7329],[-9.18569,38.73287],[-9.18575,38.73224]],[[-9.19061,38.73314],[-9.19049,38.73351],[-9.19061,38.73376],[-9.19112,38.73351],[-9.19124,38.73305],[-9.19127,38.73287],[-9.1914,38.73224],[-9.19124,38.73209],[-9.19094,38.73224],[-9.19117,38.73287],[-9.19061,38.73314]],[[-9.18875,38.72972],[-9.18872,38.72969],[-9.18809,38.72954],[-9.18746,38.72941],[-9.18683,38.7297],[-9.1862,38.7297],[-9.18617,38.72972],[-9.18582,38.73035],[-9.18583,38.73098],[-9.18606,38.73161],[-9.1862,38.73206],[-9.18683,38.73206],[-9.18746,38.73172],[-9.18805,38.73224],[-9.18806,38.73287],[-9.18809,38.73308],[-9.18814,38.73287],[-9.18816,38.73224],[-9.18829,38.73161],[-9.18872,38.73131],[-9.18904,38.73161],[-9.18896,38.73224],[-9.18916,38.73287],[-9.18935,38.73301],[-9.18998,38.73301],[-9.19036,38.73287],[-9.19047,38.73224],[-9.19045,38.73161],[-9.19012,38.73098],[-9.18998,38.73086],[-9.18935,38.73086],[-9.18901,38.73035],[-9.18875,38.72972]]],[[[-9.18564,38.73477],[-9.18557,38.7348],[-9.18553,38.73477],[-9.18557,38.73463],[-9.18564,38.73477]]],[[[-9.17548,38.74255],[-9.17544,38.74234],[-9.17548,38.74232],[-9.17611,38.74192],[-9.17615,38.74234],[-9.17611,38.74242],[-9.17548,38.74255]]],[[[-9.17737,38.743],[-9.17727,38.74297],[-9.17737,38.74285],[-9.178,38.74285],[-9.17807,38.74297],[-9.178,38.743],[-9.17737,38.743]]],[[[-9.19001,38.74864],[-9.18998,38.74866],[-9.18997,38.74864],[-9.18998,38.74843],[-9.19001,38.74864]]],[[[-9.20902,38.7499],[-9.2089,38.75018],[-9.20871,38.7499],[-9.2089,38.74982],[-9.20902,38.7499]]],[[[-9.19326,38.75243],[-9.19314,38.75256],[-9.19288,38.75243],[-9.19314,38.75229],[-9.19326,38.75243]]],[[[-9.19255,38.75306],[-9.19251,38.75311],[-9.19187,38.75311],[-9.19124,38.75309],[-9.19112,38.75306],[-9.19124,38.75288],[-9.19187,38.75295],[-9.19251,38.75295],[-9.19255,38.75306]]],[[[-9.19343,38.75558],[-9.19314,38.75586],[-9.19302,38.75558],[-9.19314,38.7554],[-9.19343,38.75558]]],[[[-9.18534,38.7581],[-9.18557,38.75788],[-9.18587,38.75747],[-9.1862,38.75729],[-9.18683,38.75729],[-9.18746,38.75727],[-9.18804,38.75684],[-9.18809,38.7568],[-9.18816,38.75684],[-9.18872,38.75731],[-9.18935,38.75731],[-9.18994,38.75684],[-9.18998,38.75679],[-9.19061,38.75682],[-9.19075,38.75684],[-9.19061,38.75689],[-9.19005,38.75747],[-9.18998,38.75756],[-9.1897,38.7581],[-9.1897,38.75873],[-9.18935,38.75911],[-9.18872,38.75911],[-9.18837,38.75937],[-9.18809,38.75958],[-9.18774,38.76],[-9.18746,38.76032],[-9.18699,38.76],[-9.18683,38.75944],[-9.1862,38.75944],[-9.18557,38.75959],[-9.1853,38.75937],[-9.18534,38.75873],[-9.18534,38.7581]],[[-9.18746,38.75885],[-9.18759,38.75873],[-9.18746,38.75837],[-9.18683,38.75848],[-9.1862,38.75848],[-9.18586,38.75873],[-9.1862,38.75932],[-9.18683,38.75932],[-9.18746,38.75885]]],[[[-9.17611,38.76279],[-9.17548,38.76258],[-9.17484,38.7626],[-9.17421,38.7626],[-9.1741,38.76252],[-9.17358,38.76195],[-9.17295,38.76207],[-9.17232,38.76214],[-9.17169,38.76214],[-9.17141,38.76252],[-9.17106,38.76293],[-9.17043,38.76283],[-9.17006,38.76252],[-9.1698,38.76227],[-9.16917,38.76189],[-9.16854,38.76189],[-9.16791,38.76163],[-9.16728,38.76162],[-9.16699,38.76189],[-9.16689,38.76252],[-9.16665,38.76305],[-9.16601,38.76261],[-9.16538,38.76261],[-9.16533,38.76252],[-9.16497,38.76189],[-9.16475,38.76148],[-9.16466,38.76126],[-9.16462,38.76063],[-9.16475,38.76012],[-9.16488,38.76],[-9.16538,38.75984],[-9.16601,38.75984],[-9.16665,38.75971],[-9.16687,38.75937],[-9.16699,38.75873],[-9.16704,38.7581],[-9.16701,38.75747],[-9.16728,38.75686],[-9.1673,38.75684],[-9.16754,38.75621],[-9.16753,38.75558],[-9.1675,38.75495],[-9.16728,38.75458],[-9.16716,38.75432],[-9.16728,38.75412],[-9.16765,38.75369],[-9.16791,38.75325],[-9.16854,38.75323],[-9.16917,38.75323],[-9.16948,38.75369],[-9.1698,38.754],[-9.1701,38.75432],[-9.1698,38.75475],[-9.16917,38.7547],[-9.16854,38.7547],[-9.16825,38.75495],[-9.16838,38.75558],[-9.16827,38.75621],[-9.16829,38.75684],[-9.16836,38.75747],[-9.16854,38.7577],[-9.16917,38.7577],[-9.1698,38.75805],[-9.16986,38.7581],[-9.1698,38.75832],[-9.16939,38.75873],[-9.1698,38.75897],[-9.17043,38.75927],[-9.17055,38.75937],[-9.17043,38.75982],[-9.17039,38.76],[-9.17043,38.76009],[-9.17106,38.76021],[-9.17169,38.76061],[-9.17232,38.76061],[-9.17295,38.7605],[-9.17358,38.76033],[-9.17413,38.76],[-9.17421,38.75989],[-9.17484,38.75989],[-9.17548,38.75969],[-9.17611,38.75982],[-9.17674,38.75982],[-9.17737,38.75986],[-9.178,38.75986],[-9.17825,38.76],[-9.17863,38.76039],[-9.17926,38.76048],[-9.17989,38.76055],[-9.18052,38.76055],[-9.18084,38.76063],[-9.18115,38.76083],[-9.18131,38.76063],[-9.18178,38.7603],[-9.18208,38.76063],[-9.18241,38.76094],[-9.18274,38.76063],[-9.18241,38.76026],[-9.18212,38.76],[-9.18241,38.75983],[-9.18304,38.75995],[-9.18368,38.75995],[-9.1842,38.76],[-9.18431,38.76002],[-9.18437,38.76],[-9.18494,38.75976],[-9.18513,38.76],[-9.18494,38.76051],[-9.18489,38.76063],[-9.18494,38.76081],[-9.18557,38.7612],[-9.18559,38.76126],[-9.18557,38.76129],[-9.18513,38.76189],[-9.18536,38.76252],[-9.18494,38.76261],[-9.18431,38.76255],[-9.18368,38.76284],[-9.18304,38.76284],[-9.18244,38.76252],[-9.18253,38.76189],[-9.18241,38.7618],[-9.182,38.76126],[-9.18178,38.76102],[-9.18149,38.76126],[-9.18145,38.76189],[-9.18115,38.76206],[-9.18084,38.76252],[-9.18115,38.76283],[-9.18139,38.76315],[-9.18115,38.7637],[-9.18076,38.76315],[-9.18052,38.76291],[-9.17989,38.76291],[-9.17972,38.76315],[-9.17956,38.76378],[-9.17926,38.76413],[-9.17885,38.76378],[-9.17863,38.76364],[-9.178,38.7636],[-9.17737,38.7636],[-9.17693,38.76315],[-9.17674,38.76298],[-9.17611,38.76279]],[[-9.17737,38.76091],[-9.17713,38.76063],[-9.17674,38.76038],[-9.17629,38.76063],[-9.17611,38.7608],[-9.17577,38.76126],[-9.17611,38.76163],[-9.17667,38.76126],[-9.17674,38.76119],[-9.17683,38.76126],[-9.17689,38.76189],[-9.17702,38.76252],[-9.17737,38.76283],[-9.178,38.76283],[-9.17863,38.76263],[-9.17883,38.76252],[-9.17926,38.76201],[-9.17931,38.76189],[-9.17926,38.76185],[-9.17863,38.76165],[-9.17847,38.76126],[-9.178,38.76091],[-9.17737,38.76091]],[[-9.17548,38.76067],[-9.17558,38.76063],[-9.17548,38.76057],[-9.17543,38.76063],[-9.17548,38.76067]],[[-9.1698,38.76028],[-9.16917,38.76036],[-9.16854,38.76036],[-9.16825,38.76],[-9.16791,38.75967],[-9.16728,38.75985],[-9.16721,38.76],[-9.16665,38.76038],[-9.16645,38.76063],[-9.16635,38.76126],[-9.16665,38.76144],[-9.16684,38.76126],[-9.16728,38.76077],[-9.16791,38.7608],[-9.16854,38.76077],[-9.16917,38.76077],[-9.1698,38.76074],[-9.16988,38.76063],[-9.1698,38.76028]]],[[[-9.1903,38.75937],[-9.19061,38.75908],[-9.19081,38.75937],[-9.19066,38.76],[-9.19061,38.76003],[-9.1903,38.76],[-9.1903,38.75937]]],[[[-9.18052,38.7651],[-9.17989,38.7651],[-9.17973,38.76504],[-9.17973,38.76441],[-9.17989,38.76428],[-9.18052,38.76428],[-9.18063,38.76441],[-9.18063,38.76504],[-9.18052,38.7651]]],[[[-9.19251,38.76959],[-9.19187,38.76959],[-9.19175,38.76946],[-9.19187,38.7693],[-9.19251,38.7693],[-9.19314,38.76946],[-9.19377,38.76906],[-9.19408,38.76883],[-9.1944,38.76855],[-9.19503,38.76855],[-9.19517,38.76883],[-9.19566,38.76918],[-9.19587,38.76946],[-9.19587,38.76963],[-9.19524,38.76995],[-9.19451,38.77077],[-9.19451,38.77072],[-9.1944,38.7706],[-9.19432,38.77072],[-9.19432,38.77093],[-9.19298,38.77172],[-9.1931,38.77202],[-9.19285,38.77226],[-9.19285,38.77198],[-9.19293,38.77135],[-9.19314,38.77091],[-9.19342,38.77072],[-9.19314,38.77051],[-9.19288,38.77009],[-9.19251,38.76959]]],[[[-9.16104,38.70323],[-9.16097,38.70329],[-9.16034,38.70329],[-9.15971,38.7035],[-9.15908,38.70349],[-9.15858,38.70323],[-9.15908,38.70323],[-9.15971,38.7026],[-9.16034,38.7026],[-9.16097,38.7026],[-9.16135,38.70222],[-9.16138,38.7026],[-9.1616,38.70271],[-9.16218,38.70323],[-9.16223,38.70332],[-9.16286,38.70331],[-9.1631,38.70323],[-9.16349,38.70304],[-9.16412,38.70304],[-9.16475,38.70273],[-9.16538,38.70261],[-9.16601,38.7027],[-9.16665,38.7027],[-9.16693,38.7026],[-9.16665,38.70219],[-9.16601,38.70219],[-9.16575,38.70197],[-9.16601,38.70163],[-9.16665,38.70163],[-9.16682,38.70134],[-9.16682,38.70071],[-9.16695,38.70008],[-9.16728,38.69983],[-9.16791,38.69973],[-9.16836,38.69945],[-9.16836,38.69882],[-9.16854,38.69882],[-9.16895,38.69882],[-9.16895,38.69945],[-9.16917,38.69961],[-9.1698,38.69961],[-9.16989,38.69945],[-9.17043,38.69912],[-9.17106,38.69935],[-9.17169,38.69918],[-9.17232,38.69918],[-9.17289,38.69882],[-9.17289,38.69818],[-9.17295,38.69818],[-9.17358,38.69818],[-9.1736,38.69818],[-9.17421,38.6988],[-9.17425,38.69882],[-9.17462,38.69945],[-9.17484,38.69956],[-9.17548,38.69956],[-9.17599,38.70008],[-9.17611,38.70017],[-9.1765,38.70008],[-9.17674,38.70004],[-9.1771,38.70008],[-9.17737,38.70011],[-9.1774,38.70008],[-9.17767,38.69945],[-9.178,38.69897],[-9.17863,38.69897],[-9.17926,38.69883],[-9.17927,38.69882],[-9.17931,38.69818],[-9.17989,38.69818],[-9.18052,38.69755],[-9.18115,38.69755],[-9.18167,38.69755],[-9.18167,38.69818],[-9.18115,38.69835],[-9.18052,38.69835],[-9.17989,38.69846],[-9.17963,38.69882],[-9.17926,38.69924],[-9.17867,38.69945],[-9.17863,38.69949],[-9.178,38.69949],[-9.17778,38.70008],[-9.17737,38.70043],[-9.17674,38.70043],[-9.17611,38.70054],[-9.17551,38.70008],[-9.17548,38.70004],[-9.17484,38.70004],[-9.17421,38.69975],[-9.17385,38.69945],[-9.17358,38.69925],[-9.17325,38.69945],[-9.17295,38.69974],[-9.1724,38.70008],[-9.17232,38.70011],[-9.17169,38.70011],[-9.17106,38.70037],[-9.17068,38.70071],[-9.17068,38.70134],[-9.17106,38.70181],[-9.17119,38.70197],[-9.17106,38.70204],[-9.17043,38.70207],[-9.1698,38.70205],[-9.16917,38.70205],[-9.16854,38.70218],[-9.16791,38.70239],[-9.16753,38.7026],[-9.16728,38.70271],[-9.16665,38.7029],[-9.16601,38.7029],[-9.16538,38.70315],[-9.16509,38.70323],[-9.16475,38.70328],[-9.16412,38.70342],[-9.16349,38.70342],[-9.16286,38.70367],[-9.16223,38.70375],[-9.1619,38.70323],[-9.1616,38.70296],[-9.16104,38.70323]],[[-9.1698,38.70151],[-9.16988,38.70134],[-9.16988,38.70071],[-9.1698,38.70063],[-9.16917,38.70063],[-9.16909,38.70071],[-9.16909,38.70134],[-9.16917,38.70151],[-9.1698,38.70151]],[[-9.16791,38.702],[-9.16801,38.70197],[-9.16791,38.70186],[-9.16784,38.70197],[-9.16791,38.702]]],[[[-9.16499,38.70134],[-9.16499,38.70071],[-9.16538,38.70049],[-9.16571,38.70071],[-9.16571,38.70134],[-9.16538,38.70159],[-9.16499,38.70134]]],[[[-9.16337,38.70197],[-9.16286,38.70253],[-9.16272,38.70197],[-9.16286,38.70189],[-9.16337,38.70197]]],[[[-9.16034,38.70992],[-9.15971,38.70954],[-9.16034,38.70945],[-9.16097,38.70945],[-9.16124,38.70954],[-9.16097,38.70992],[-9.16034,38.70992]]],[[[-9.17299,38.71458],[-9.17295,38.71463],[-9.17288,38.71458],[-9.17295,38.71452],[-9.17299,38.71458]]],[[[-9.16009,38.72341],[-9.15971,38.72353],[-9.15961,38.72341],[-9.15971,38.72287],[-9.16009,38.72341]]],[[[-9.15671,38.7272],[-9.15655,38.72727],[-9.15649,38.7272],[-9.15649,38.72657],[-9.15639,38.72594],[-9.15655,38.72551],[-9.15715,38.72594],[-9.15671,38.72657],[-9.15671,38.7272]]],[[[-9.15718,38.72788],[-9.15712,38.72783],[-9.15718,38.7277],[-9.15782,38.7277],[-9.15794,38.72783],[-9.15782,38.72788],[-9.15718,38.72788]]],[[[-9.17113,38.73035],[-9.17106,38.73036],[-9.17103,38.73035],[-9.17106,38.73025],[-9.17113,38.73035]]],[[[-9.15977,38.73414],[-9.15971,38.73419],[-9.15963,38.73414],[-9.15971,38.73409],[-9.15977,38.73414]]],[[[-9.16012,38.73603],[-9.15971,38.73621],[-9.15953,38.73603],[-9.15971,38.73582],[-9.16012,38.73603]]],[[[-9.16454,38.73603],[-9.16412,38.73653],[-9.16408,38.73603],[-9.16412,38.736],[-9.16454,38.73603]]],[[[-9.16412,38.7385],[-9.16398,38.73855],[-9.16403,38.73918],[-9.16403,38.73981],[-9.16349,38.73995],[-9.16286,38.73995],[-9.16223,38.74023],[-9.16178,38.73981],[-9.16178,38.73918],[-9.1616,38.7389],[-9.16151,38.73855],[-9.1616,38.73824],[-9.16181,38.73792],[-9.1616,38.73777],[-9.16134,38.73729],[-9.1616,38.73696],[-9.16223,38.73695],[-9.16286,38.73697],[-9.16349,38.73697],[-9.16412,38.73667],[-9.16475,38.73673],[-9.16538,38.73696],[-9.1656,38.73729],[-9.16601,38.7377],[-9.16665,38.7377],[-9.16728,38.73785],[-9.16752,38.73792],[-9.16753,38.73855],[-9.16728,38.73866],[-9.16675,38.73918],[-9.16675,38.73981],[-9.16665,38.74006],[-9.16601,38.74006],[-9.16569,38.73981],[-9.16569,38.73918],[-9.16538,38.73863],[-9.16475,38.73892],[-9.16423,38.73855],[-9.16412,38.7385]]],[[[-9.16286,38.74325],[-9.16349,38.74325],[-9.16412,38.7433],[-9.16475,38.74337],[-9.16493,38.7436],[-9.16475,38.74373],[-9.16412,38.74384],[-9.16349,38.74391],[-9.16286,38.74391],[-9.16223,38.74371],[-9.16206,38.7436],[-9.16223,38.74346],[-9.16286,38.74325]]],[[[-9.16412,38.74633],[-9.16447,38.74612],[-9.16447,38.74549],[-9.16475,38.74544],[-9.16538,38.74543],[-9.1655,38.74549],[-9.1655,38.74612],[-9.16538,38.74654],[-9.16529,38.74675],[-9.16475,38.74688],[-9.16412,38.74712],[-9.16391,38.74738],[-9.16349,38.74752],[-9.16286,38.74752],[-9.16223,38.7476],[-9.16195,38.74738],[-9.16223,38.74723],[-9.16286,38.74686],[-9.16349,38.74686],[-9.16364,38.74675],[-9.16412,38.74633]]],[[[-9.15845,38.74678],[-9.15841,38.74675],[-9.15845,38.74671],[-9.15849,38.74675],[-9.15845,38.74678]]],[[[-9.15971,38.74853],[-9.15949,38.74801],[-9.15971,38.74785],[-9.16034,38.74785],[-9.16047,38.74801],[-9.16034,38.74853],[-9.15971,38.74853]]],[[[-9.15868,38.74864],[-9.15845,38.74883],[-9.15833,38.74864],[-9.15845,38.74853],[-9.15868,38.74864]]],[[[-9.15971,38.74941],[-9.15937,38.74927],[-9.15971,38.74878],[-9.16034,38.74878],[-9.16089,38.74927],[-9.16034,38.74941],[-9.15971,38.74941]]],[[[-9.15864,38.7499],[-9.15845,38.74996],[-9.15837,38.7499],[-9.15845,38.74976],[-9.15864,38.7499]]],[[[-9.16764,38.75306],[-9.16728,38.75324],[-9.16722,38.75306],[-9.16728,38.75297],[-9.16764,38.75306]]],[[[-9.17055,38.75495],[-9.17043,38.75502],[-9.17016,38.75495],[-9.17043,38.7548],[-9.17055,38.75495]]],[[[-9.15718,38.75748],[-9.15715,38.75747],[-9.15718,38.75745],[-9.15782,38.75745],[-9.15784,38.75747],[-9.15782,38.75748],[-9.15718,38.75748]]],[[[-9.15597,38.75873],[-9.15597,38.7581],[-9.15655,38.75784],[-9.15665,38.7581],[-9.15665,38.75873],[-9.15655,38.75885],[-9.15597,38.75873]]],[[[-9.16426,38.76],[-9.16412,38.76001],[-9.16412,38.76],[-9.16412,38.75999],[-9.16426,38.76]]],[[[-9.16286,38.76903],[-9.16259,38.76883],[-9.16286,38.76853],[-9.16349,38.76853],[-9.16384,38.76883],[-9.16349,38.76903],[-9.16286,38.76903]]],[[[-9.15321,38.77324],[-9.1534,38.77314],[-9.15398,38.77261],[-9.15347,38.77198],[-9.1534,38.7719],[-9.15314,38.77135],[-9.15308,38.77072],[-9.15277,38.7705],[-9.15214,38.77023],[-9.15192,38.77009],[-9.15151,38.76979],[-9.15088,38.76979],[-9.15056,38.76946],[-9.15088,38.76903],[-9.15151,38.76903],[-9.15162,38.76883],[-9.15178,38.7682],[-9.152,38.76756],[-9.15199,38.76693],[-9.15214,38.76678],[-9.15277,38.76669],[-9.15288,38.7663],[-9.15283,38.76567],[-9.153,38.76504],[-9.15303,38.76441],[-9.15308,38.76378],[-9.15304,38.76315],[-9.15309,38.76252],[-9.1534,38.76232],[-9.15403,38.76232],[-9.15466,38.76232],[-9.15529,38.76244],[-9.15542,38.76252],[-9.1556,38.76315],[-9.15575,38.76378],[-9.15592,38.76424],[-9.15621,38.76441],[-9.15621,38.76504],[-9.15611,38.76567],[-9.15608,38.7663],[-9.15655,38.76637],[-9.15667,38.7663],[-9.15718,38.76596],[-9.15782,38.76596],[-9.15845,38.7663],[-9.15869,38.76567],[-9.15908,38.76551],[-9.15938,38.76567],[-9.15971,38.76593],[-9.16034,38.76593],[-9.16097,38.76577],[-9.16109,38.76567],[-9.1616,38.76523],[-9.16191,38.76504],[-9.16191,38.76441],[-9.1616,38.76422],[-9.16146,38.76378],[-9.1616,38.76346],[-9.16223,38.76325],[-9.16258,38.76378],[-9.16286,38.76418],[-9.16349,38.76418],[-9.16377,38.76441],[-9.16377,38.76504],[-9.16371,38.76567],[-9.16349,38.76589],[-9.16286,38.76589],[-9.16223,38.7659],[-9.16193,38.7663],[-9.16223,38.76674],[-9.16233,38.76693],[-9.16244,38.76756],[-9.16248,38.7682],[-9.16223,38.76842],[-9.16176,38.7682],[-9.1616,38.76812],[-9.16124,38.7682],[-9.1612,38.76883],[-9.16127,38.76946],[-9.16149,38.77009],[-9.1616,38.77017],[-9.16188,38.77072],[-9.16188,38.77135],[-9.16223,38.77167],[-9.16247,38.77198],[-9.16223,38.77228],[-9.16201,38.77261],[-9.1616,38.77315],[-9.16153,38.77324],[-9.16097,38.7735],[-9.16061,38.77324],[-9.16034,38.77276],[-9.15971,38.77276],[-9.15958,38.77261],[-9.15908,38.77233],[-9.15845,38.77242],[-9.15796,38.77261],[-9.15782,38.77272],[-9.15764,38.77261],[-9.15718,38.77237],[-9.15655,38.77237],[-9.15618,38.77261],[-9.15592,38.77288],[-9.15569,38.77324],[-9.15529,38.77371],[-9.1551,38.77387],[-9.15502,38.7745],[-9.15466,38.77462],[-9.15403,38.77462],[-9.15363,38.77513],[-9.1534,38.77566],[-9.15277,38.77525],[-9.15238,38.77513],[-9.15214,38.77499],[-9.15183,38.7745],[-9.15205,38.77387],[-9.15214,38.77377],[-9.15277,38.77363],[-9.15321,38.77324]],[[-9.15908,38.76662],[-9.15914,38.7663],[-9.15908,38.76621],[-9.15845,38.7663],[-9.15908,38.76662]],[[-9.16046,38.77009],[-9.16034,38.76987],[-9.15971,38.76987],[-9.15939,38.76946],[-9.15971,38.76917],[-9.16034,38.76917],[-9.16056,38.76883],[-9.16034,38.76854],[-9.15971,38.76854],[-9.15913,38.76883],[-9.15908,38.76889],[-9.15894,38.76883],[-9.15889,38.7682],[-9.15845,38.76794],[-9.15794,38.7682],[-9.15782,38.76851],[-9.15732,38.7682],[-9.15718,38.76815],[-9.15655,38.76815],[-9.15609,38.76756],[-9.15592,38.76737],[-9.15558,38.76693],[-9.15529,38.76664],[-9.15466,38.76657],[-9.15403,38.76657],[-9.15385,38.76693],[-9.1534,38.76746],[-9.15314,38.76756],[-9.15277,38.7677],[-9.15231,38.7682],[-9.15214,38.76832],[-9.15187,38.76883],[-9.15152,38.76946],[-9.15214,38.76988],[-9.15248,38.77009],[-9.15277,38.77022],[-9.1534,38.77056],[-9.15403,38.77067],[-9.15466,38.77067],[-9.15473,38.77072],[-9.15473,38.77135],[-9.15466,38.77182],[-9.15403,38.77182],[-9.15401,38.77198],[-9.15403,38.77201],[-9.15466,38.77201],[-9.15529,38.77204],[-9.15592,38.77241],[-9.15655,38.77199],[-9.15718,38.77199],[-9.15722,38.77198],[-9.15782,38.77168],[-9.1581,38.77198],[-9.15845,38.77219],[-9.15901,38.77198],[-9.15908,38.77189],[-9.15947,38.77198],[-9.15971,38.77202],[-9.16034,38.77202],[-9.16097,38.77209],[-9.16114,38.77198],[-9.16097,38.77192],[-9.16034,38.77188],[-9.15971,38.77188],[-9.15949,38.77135],[-9.15949,38.77072],[-9.15971,38.77033],[-9.16034,38.77033],[-9.16046,38.77009]],[[-9.15971,38.76676],[-9.15922,38.76693],[-9.15971,38.7673],[-9.16034,38.7673],[-9.16071,38.76693],[-9.16034,38.76676],[-9.15971,38.76676]],[[-9.15541,38.76567],[-9.15529,38.7655],[-9.15498,38.76567],[-9.15529,38.76588],[-9.15541,38.76567]],[[-9.15355,38.7663],[-9.1534,38.76623],[-9.15337,38.7663],[-9.1534,38.76635],[-9.15355,38.7663]]],[[[-9.16705,38.7827],[-9.16728,38.78248],[-9.16782,38.78207],[-9.16791,38.78202],[-9.168,38.78207],[-9.16854,38.78226],[-9.16917,38.78226],[-9.1698,38.78252],[-9.17043,38.78207],[-9.17106,38.78149],[-9.17169,38.78149],[-9.17171,38.78144],[-9.17169,38.78141],[-9.17106,38.78141],[-9.17043,38.78122],[-9.16994,38.78081],[-9.1698,38.78057],[-9.16954,38.78018],[-9.16917,38.77985],[-9.16854,38.77985],[-9.16825,38.77955],[-9.16791,38.77895],[-9.16728,38.77896],[-9.16665,38.77916],[-9.16637,38.77955],[-9.16631,38.78018],[-9.16601,38.78078],[-9.16538,38.78078],[-9.16531,38.78081],[-9.16475,38.78144],[-9.165,38.78207],[-9.16475,38.78217],[-9.16412,38.78242],[-9.16349,38.7827],[-9.16367,38.78333],[-9.16349,38.78396],[-9.16357,38.78459],[-9.16349,38.78507],[-9.16286,38.7849],[-9.16223,38.7849],[-9.1616,38.78501],[-9.16138,38.78459],[-9.16147,38.78396],[-9.16097,38.78364],[-9.16034,38.78372],[-9.15971,38.78372],[-9.15908,38.78339],[-9.15904,38.78333],[-9.15845,38.78274],[-9.15816,38.78333],[-9.15845,38.7838],[-9.15867,38.78396],[-9.1586,38.78459],[-9.15845,38.78469],[-9.15782,38.7848],[-9.15718,38.78462],[-9.15655,38.78462],[-9.15651,38.78459],[-9.15655,38.78455],[-9.15718,38.78455],[-9.15748,38.78396],[-9.15757,38.78333],[-9.15768,38.7827],[-9.15782,38.78259],[-9.15829,38.78207],[-9.15845,38.78168],[-9.15863,38.78144],[-9.15908,38.78101],[-9.15951,38.78081],[-9.15953,38.78018],[-9.15971,38.77994],[-9.16034,38.77994],[-9.16048,38.77955],[-9.16097,38.7793],[-9.1614,38.77892],[-9.16112,38.77829],[-9.16127,38.77766],[-9.16155,38.77703],[-9.1616,38.77685],[-9.16206,38.77639],[-9.16223,38.77635],[-9.16272,38.77576],[-9.16286,38.7753],[-9.16349,38.7753],[-9.16355,38.77513],[-9.16349,38.77485],[-9.16286,38.77485],[-9.16266,38.7745],[-9.16286,38.77411],[-9.16349,38.77411],[-9.1636,38.77387],[-9.16412,38.77376],[-9.16431,38.77387],[-9.16475,38.77442],[-9.16531,38.77387],[-9.16538,38.7737],[-9.16601,38.7737],[-9.16665,38.77332],[-9.16728,38.7735],[-9.16749,38.77324],[-9.16728,38.77261],[-9.16791,38.772],[-9.16793,38.77198],[-9.16848,38.77135],[-9.16854,38.77129],[-9.16917,38.77129],[-9.16968,38.77072],[-9.16917,38.77033],[-9.16854,38.77033],[-9.16791,38.77021],[-9.16776,38.77009],[-9.16787,38.76946],[-9.16759,38.76883],[-9.16791,38.76854],[-9.1684,38.76883],[-9.16854,38.76893],[-9.16917,38.76893],[-9.16928,38.76883],[-9.1698,38.7682],[-9.17043,38.76802],[-9.17106,38.76818],[-9.17115,38.7682],[-9.17147,38.76883],[-9.17169,38.76898],[-9.17232,38.76898],[-9.17269,38.76883],[-9.17295,38.76841],[-9.17358,38.76828],[-9.17367,38.7682],[-9.17421,38.76765],[-9.17484,38.76765],[-9.17548,38.76794],[-9.17577,38.7682],[-9.17575,38.76883],[-9.17598,38.76946],[-9.17606,38.77009],[-9.17611,38.77011],[-9.17614,38.77009],[-9.17674,38.76975],[-9.17696,38.77009],[-9.17674,38.77056],[-9.17662,38.77072],[-9.17662,38.77135],[-9.17674,38.77184],[-9.17678,38.77198],[-9.1769,38.77261],[-9.17674,38.77284],[-9.17646,38.77324],[-9.17638,38.77387],[-9.17623,38.7745],[-9.17611,38.77463],[-9.17548,38.77481],[-9.17484,38.77485],[-9.17421,38.77485],[-9.17404,38.77513],[-9.17358,38.77562],[-9.17338,38.77576],[-9.17295,38.77607],[-9.17252,38.77639],[-9.17295,38.7769],[-9.17358,38.77665],[-9.17421,38.77671],[-9.17484,38.77671],[-9.17515,38.77639],[-9.17548,38.77612],[-9.17594,38.77639],[-9.17611,38.77658],[-9.17636,38.77703],[-9.17646,38.77766],[-9.17641,38.77829],[-9.17674,38.77865],[-9.17705,38.77892],[-9.17737,38.77925],[-9.178,38.77925],[-9.17848,38.77955],[-9.17852,38.78003],[-9.17809,38.78021],[-9.17809,38.78018],[-9.178,38.77996],[-9.17737,38.77996],[-9.17715,38.77955],[-9.17674,38.77912],[-9.17655,38.77892],[-9.17611,38.77839],[-9.17548,38.7785],[-9.17484,38.77857],[-9.17421,38.77857],[-9.17375,38.77892],[-9.17358,38.77909],[-9.17323,38.77955],[-9.17358,38.78011],[-9.17378,38.78018],[-9.17393,38.78056],[-9.17391,38.78057],[-9.17373,38.78119],[-9.1735,38.78128],[-9.17358,38.782],[-9.17325,38.78207],[-9.17323,38.78193],[-9.17281,38.78215],[-9.1722,38.78273],[-9.17119,38.78288],[-9.1711,38.78321],[-9.17086,38.7835],[-9.17047,38.78367],[-9.17032,38.78367],[-9.17032,38.78333],[-9.1698,38.78298],[-9.16937,38.7827],[-9.16917,38.78259],[-9.16854,38.78259],[-9.16791,38.7827],[-9.16771,38.78333],[-9.16777,38.78396],[-9.16791,38.78406],[-9.16823,38.78459],[-9.16854,38.78502],[-9.16917,38.78502],[-9.16959,38.78506],[-9.16965,38.78527],[-9.16939,38.78553],[-9.16903,38.78577],[-9.16885,38.78577],[-9.16876,38.78585],[-9.16854,38.78563],[-9.16791,38.78523],[-9.16728,38.78523],[-9.16686,38.78459],[-9.16681,38.78396],[-9.16665,38.78333],[-9.16705,38.7827]],[[-9.16286,38.78354],[-9.16223,38.78362],[-9.16185,38.78396],[-9.16223,38.78422],[-9.16286,38.78422],[-9.16349,38.78396],[-9.16286,38.78354]],[[-9.1698,38.7788],[-9.16959,38.77892],[-9.16968,38.77955],[-9.1698,38.77969],[-9.17004,38.77955],[-9.17011,38.77892],[-9.1698,38.7788]],[[-9.16917,38.77689],[-9.1698,38.77703],[-9.16992,38.77766],[-9.17043,38.77793],[-9.17106,38.77812],[-9.17169,38.77812],[-9.17195,38.77766],[-9.17194,38.77703],[-9.17202,38.77639],[-9.1721,38.77576],[-9.17232,38.77543],[-9.17295,38.77549],[-9.17358,38.77514],[-9.17359,38.77513],[-9.17358,38.77492],[-9.17355,38.7745],[-9.17318,38.77387],[-9.17303,38.77324],[-9.17295,38.77321],[-9.17291,38.77324],[-9.17232,38.77354],[-9.17169,38.77369],[-9.17106,38.77369],[-9.17077,38.77387],[-9.17043,38.77411],[-9.1698,38.77391],[-9.16976,38.77387],[-9.16917,38.77344],[-9.16854,38.77344],[-9.16791,38.77366],[-9.16777,38.77387],[-9.16728,38.7745],[-9.16665,38.77419],[-9.1664,38.7745],[-9.16601,38.77482],[-9.16538,38.77482],[-9.165,38.77513],[-9.16475,38.77543],[-9.16447,38.77576],[-9.16412,38.7763],[-9.16402,38.77639],[-9.16349,38.77685],[-9.16286,38.77685],[-9.16223,38.777],[-9.1622,38.77703],[-9.1622,38.77766],[-9.16223,38.77768],[-9.16286,38.77825],[-9.16349,38.77825],[-9.16412,38.77821],[-9.16475,38.77807],[-9.16513,38.77829],[-9.16528,38.77892],[-9.16538,38.77934],[-9.16601,38.77934],[-9.16613,38.77892],[-9.16631,38.77829],[-9.16665,38.77805],[-9.16728,38.77785],[-9.16752,38.77766],[-9.16768,38.77703],[-9.16791,38.7769],[-9.16854,38.77689],[-9.16917,38.77689]],[[-9.16223,38.78009],[-9.1616,38.77998],[-9.16135,38.78018],[-9.1613,38.78081],[-9.16097,38.78135],[-9.16088,38.78144],[-9.16097,38.78153],[-9.1616,38.78199],[-9.16186,38.78144],[-9.16223,38.78115],[-9.16286,38.78094],[-9.16349,38.78094],[-9.16369,38.78081],[-9.16349,38.78056],[-9.16286,38.78056],[-9.16252,38.78018],[-9.16223,38.78009]],[[-9.16038,38.78207],[-9.16034,38.78202],[-9.15971,38.78202],[-9.15908,38.78199],[-9.15896,38.78207],[-9.15908,38.78215],[-9.15971,38.78214],[-9.16034,38.78214],[-9.16038,38.78207]],[[-9.1754,38.77072],[-9.17521,38.77009],[-9.17484,38.76959],[-9.17421,38.76959],[-9.17393,38.76946],[-9.17358,38.76925],[-9.17295,38.76946],[-9.17232,38.7697],[-9.17182,38.77009],[-9.17207,38.77072],[-9.17207,38.77135],[-9.17232,38.7717],[-9.17295,38.77173],[-9.17308,38.77198],[-9.17358,38.77249],[-9.17399,38.77261],[-9.17421,38.77296],[-9.17484,38.77296],[-9.17507,38.77324],[-9.1754,38.77387],[-9.17548,38.77394],[-9.17552,38.77387],[-9.17569,38.77324],[-9.17611,38.77265],[-9.17612,38.77261],[-9.17614,38.77198],[-9.17611,38.77151],[-9.17548,38.7714],[-9.1754,38.77135],[-9.1754,38.77072]],[[-9.17234,38.78144],[-9.17232,38.78139],[-9.17231,38.78144],[-9.17232,38.7815],[-9.17234,38.78144]],[[-9.17048,38.76883],[-9.17043,38.76877],[-9.17037,38.76883],[-9.17043,38.76925],[-9.17048,38.76883]],[[-9.16227,38.77829],[-9.16223,38.77825],[-9.16215,38.77829],[-9.16223,38.77834],[-9.16227,38.77829]]],[[[-9.16412,38.78586],[-9.16349,38.78599],[-9.16323,38.78586],[-9.16349,38.78528],[-9.16412,38.78586]]],[[[-9.16101,38.78649],[-9.16097,38.78654],[-9.16093,38.78649],[-9.16097,38.78644],[-9.16101,38.78649]]],[[[-9.16412,38.78664],[-9.16445,38.78706],[-9.16385,38.78748],[-9.16392,38.78787],[-9.16368,38.7881],[-9.16312,38.78809],[-9.1624,38.78864],[-9.16223,38.78867],[-9.16223,38.78838],[-9.16208,38.78775],[-9.16223,38.78743],[-9.16286,38.78743],[-9.16309,38.78712],[-9.16349,38.78701],[-9.16412,38.78664]]],[[[-9.15845,38.78913],[-9.15792,38.78901],[-9.15845,38.78856],[-9.15873,38.78901],[-9.15845,38.78913]]],[[[-9.15634,38.78964],[-9.15655,38.78945],[-9.15718,38.78945],[-9.15732,38.78964],[-9.15718,38.78981],[-9.15655,38.78981],[-9.15634,38.78964]]],[[[-9.15962,38.79027],[-9.15971,38.79023],[-9.16034,38.79023],[-9.16045,38.79023],[-9.16012,38.79051],[-9.15966,38.79069],[-9.15962,38.79078],[-9.15962,38.79027]]],[[[-9.12313,38.71278],[-9.12249,38.71278],[-9.12212,38.71269],[-9.12249,38.71269],[-9.1226,38.71258],[-9.12313,38.71258],[-9.12319,38.71269],[-9.12313,38.71278]]],[[[-9.15096,38.72404],[-9.15088,38.72428],[-9.15082,38.72404],[-9.15088,38.72398],[-9.15096,38.72404]]],[[[-9.15529,38.72493],[-9.15522,38.72468],[-9.15529,38.72454],[-9.15592,38.72445],[-9.15623,38.72468],[-9.15592,38.72507],[-9.15529,38.72493]]],[[[-9.13835,38.72531],[-9.13826,38.72535],[-9.13823,38.72531],[-9.13826,38.72528],[-9.13835,38.72531]]],[[[-9.14835,38.72616],[-9.14788,38.72594],[-9.14835,38.7258],[-9.14898,38.7258],[-9.14921,38.72594],[-9.14898,38.72616],[-9.14835,38.72616]]],[[[-9.14583,38.73132],[-9.14553,38.73098],[-9.1452,38.73035],[-9.14529,38.72972],[-9.14583,38.72945],[-9.14646,38.72945],[-9.14709,38.72961],[-9.14772,38.72917],[-9.14804,38.72909],[-9.14835,38.72862],[-9.14898,38.72862],[-9.14962,38.72903],[-9.14985,38.72909],[-9.15025,38.72953],[-9.15033,38.72972],[-9.15046,38.73035],[-9.15048,38.73098],[-9.15088,38.73138],[-9.15102,38.73161],[-9.15088,38.73188],[-9.15025,38.73184],[-9.14986,38.73161],[-9.14962,38.73134],[-9.14939,38.73161],[-9.1492,38.73224],[-9.14898,38.7327],[-9.14835,38.7327],[-9.14817,38.73224],[-9.14803,38.73161],[-9.14772,38.73143],[-9.14709,38.7312],[-9.14646,38.73154],[-9.14583,38.73132]],[[-9.14709,38.73041],[-9.14716,38.73035],[-9.14709,38.73014],[-9.14688,38.73035],[-9.14709,38.73041]]],[[[-9.1452,38.73227],[-9.14513,38.73224],[-9.1452,38.73217],[-9.14583,38.73217],[-9.14608,38.73224],[-9.14583,38.73227],[-9.1452,38.73227]]],[[[-9.14142,38.73351],[-9.14142,38.73287],[-9.14205,38.73231],[-9.1423,38.73287],[-9.1423,38.73351],[-9.14205,38.73391],[-9.14142,38.73351]]],[[[-9.15331,38.73414],[-9.15277,38.73433],[-9.15256,38.73414],[-9.15277,38.73369],[-9.15331,38.73414]]],[[[-9.1441,38.73414],[-9.14394,38.73421],[-9.14383,38.73414],[-9.14394,38.73407],[-9.1441,38.73414]]],[[[-9.15491,38.73414],[-9.15529,38.73435],[-9.15538,38.73477],[-9.15529,38.73515],[-9.15466,38.73484],[-9.15403,38.73484],[-9.15397,38.73477],[-9.15372,38.73414],[-9.15403,38.73408],[-9.15466,38.73408],[-9.15491,38.73414]]],[[[-9.14334,38.73477],[-9.14331,38.7348],[-9.14268,38.7348],[-9.14205,38.73491],[-9.14177,38.73477],[-9.14205,38.73447],[-9.14268,38.73472],[-9.14331,38.73472],[-9.14334,38.73477]]],[[[-9.14717,38.7354],[-9.14709,38.73543],[-9.147,38.7354],[-9.14709,38.73535],[-9.14717,38.7354]]],[[[-9.15548,38.74423],[-9.15529,38.74434],[-9.1551,38.74423],[-9.15529,38.74398],[-9.15548,38.74423]]],[[[-9.14205,38.74423],[-9.14251,38.74486],[-9.14205,38.74508],[-9.14147,38.74486],[-9.14205,38.74423]]],[[[-9.1226,38.75369],[-9.12256,38.75432],[-9.12249,38.75463],[-9.12186,38.75463],[-9.12176,38.75432],[-9.12123,38.75406],[-9.12105,38.75369],[-9.12123,38.75351],[-9.12186,38.75361],[-9.12249,38.75361],[-9.1226,38.75369]]],[[[-9.12377,38.75558],[-9.12376,38.75559],[-9.12375,38.75558],[-9.12313,38.75513],[-9.12262,38.75495],[-9.12313,38.75475],[-9.12376,38.75491],[-9.12385,38.75495],[-9.12377,38.75558]]],[[[-9.13714,38.7581],[-9.137,38.7582],[-9.13637,38.7582],[-9.13629,38.7581],[-9.13628,38.75747],[-9.13637,38.75705],[-9.137,38.75705],[-9.13706,38.75747],[-9.13714,38.7581]]],[[[-9.14369,38.75873],[-9.14369,38.7581],[-9.14394,38.75782],[-9.1443,38.7581],[-9.14419,38.75873],[-9.14394,38.75887],[-9.14369,38.75873]]],[[[-9.13952,38.75939],[-9.13945,38.75937],[-9.13952,38.75933],[-9.14015,38.75933],[-9.14018,38.75937],[-9.14015,38.75939],[-9.13952,38.75939]]],[[[-9.13867,38.75937],[-9.13826,38.75991],[-9.13798,38.75937],[-9.13826,38.75897],[-9.13867,38.75937]]],[[[-9.12386,38.7663],[-9.12376,38.76651],[-9.12363,38.7663],[-9.12376,38.76606],[-9.12386,38.7663]]],[[[-9.12314,38.7745],[-9.12313,38.77454],[-9.1231,38.7745],[-9.12313,38.77447],[-9.12314,38.7745]]],[[[-9.15151,38.77993],[-9.15088,38.77993],[-9.15037,38.78018],[-9.15025,38.7803],[-9.15019,38.78018],[-9.15002,38.77955],[-9.14996,38.77892],[-9.15025,38.77869],[-9.1507,38.77829],[-9.15054,38.77766],[-9.15088,38.77749],[-9.15151,38.77749],[-9.15202,38.77703],[-9.15214,38.77686],[-9.15265,38.77639],[-9.15277,38.7763],[-9.1534,38.77588],[-9.15358,38.77576],[-9.15403,38.77563],[-9.15466,38.77563],[-9.15475,38.77576],[-9.15529,38.77617],[-9.15549,38.77639],[-9.15534,38.77703],[-9.15592,38.7775],[-9.15605,38.77766],[-9.15605,38.77829],[-9.15592,38.77851],[-9.15557,38.77892],[-9.15592,38.7794],[-9.15599,38.77955],[-9.1562,38.78018],[-9.15592,38.78039],[-9.15538,38.78081],[-9.15529,38.7809],[-9.15516,38.78081],[-9.15466,38.78059],[-9.15403,38.78059],[-9.15362,38.78018],[-9.1534,38.77992],[-9.15277,38.77968],[-9.15214,38.77992],[-9.15151,38.77993]]],[[[-9.14799,38.78207],[-9.14772,38.78216],[-9.14764,38.78207],[-9.14772,38.78197],[-9.14799,38.78207]]],[[[-9.14331,38.78149],[-9.14394,38.78188],[-9.14442,38.78144],[-9.14457,38.78108],[-9.14477,38.78144],[-9.14471,38.78207],[-9.14457,38.7826],[-9.14394,38.78267],[-9.14389,38.7827],[-9.14331,38.78316],[-9.14268,38.78283],[-9.14205,38.78283],[-9.14142,38.7827],[-9.14182,38.78207],[-9.14205,38.78181],[-9.14268,38.78181],[-9.14331,38.78149]]],[[[-9.14042,38.78333],[-9.14079,38.78288],[-9.14111,38.78333],[-9.14133,38.78396],[-9.14133,38.78459],[-9.14079,38.78474],[-9.14015,38.78486],[-9.13952,38.78486],[-9.13943,38.78459],[-9.13943,38.78396],[-9.13952,38.78362],[-9.14015,38.78362],[-9.14042,38.78333]]],[[[-9.14143,38.78523],[-9.14142,38.78524],[-9.14139,38.78523],[-9.14142,38.78491],[-9.14143,38.78523]]],[[[-9.15543,38.78523],[-9.15529,38.78552],[-9.15495,38.78523],[-9.15529,38.78501],[-9.15543,38.78523]]],[[[-9.1534,38.78605],[-9.15333,38.78586],[-9.1534,38.78569],[-9.15403,38.78586],[-9.1534,38.78605]]],[[[-9.15539,38.78649],[-9.15529,38.78665],[-9.15505,38.78649],[-9.15529,38.78624],[-9.15539,38.78649]]],[[[-9.15655,38.7883],[-9.15718,38.7883],[-9.15736,38.78838],[-9.15718,38.78864],[-9.15655,38.78864],[-9.15624,38.78901],[-9.15592,38.78935],[-9.15568,38.78901],[-9.15529,38.78848],[-9.15487,38.78838],[-9.15472,38.78775],[-9.15529,38.78749],[-9.15566,38.78775],[-9.15592,38.7883],[-9.15655,38.7883]]],[[[-9.14865,38.79469],[-9.1487,38.79406],[-9.1488,38.79342],[-9.14898,38.79322],[-9.14936,38.79279],[-9.14944,38.79216],[-9.14962,38.79208],[-9.15025,38.79201],[-9.15088,38.79202],[-9.15151,38.79202],[-9.15159,38.79216],[-9.15214,38.79252],[-9.1527,38.79279],[-9.15214,38.79323],[-9.15201,38.79342],[-9.15214,38.79366],[-9.15277,38.79377],[-9.15313,38.79342],[-9.1534,38.79326],[-9.15376,38.79279],[-9.15403,38.79239],[-9.15466,38.79239],[-9.15501,38.79216],[-9.15508,38.79153],[-9.15466,38.79139],[-9.15403,38.79139],[-9.1534,38.79105],[-9.15331,38.7909],[-9.15331,38.79027],[-9.1534,38.79023],[-9.15403,38.78978],[-9.15466,38.78978],[-9.15529,38.79027],[-9.15529,38.7909],[-9.15532,38.79153],[-9.15592,38.79216],[-9.15596,38.79279],[-9.15655,38.7931],[-9.15687,38.79342],[-9.15649,38.79387],[-9.15638,38.7939],[-9.15573,38.79367],[-9.15516,38.7937],[-9.15482,38.79429],[-9.15481,38.79429],[-9.15481,38.79406],[-9.15466,38.79383],[-9.15403,38.79383],[-9.15393,38.79406],[-9.15393,38.79459],[-9.15385,38.79459],[-9.15373,38.79444],[-9.15291,38.79447],[-9.1528,38.7943],[-9.15243,38.79445],[-9.15233,38.79484],[-9.15145,38.7953],[-9.15144,38.79538],[-9.15113,38.79569],[-9.15111,38.7957],[-9.15111,38.79532],[-9.15088,38.79509],[-9.15025,38.79514],[-9.15016,38.79532],[-9.15016,38.79582],[-9.14989,38.79585],[-9.14934,38.79515],[-9.14867,38.79481],[-9.14865,38.79469]],[[-9.15586,38.79279],[-9.15529,38.7925],[-9.15511,38.79279],[-9.15529,38.79305],[-9.15586,38.79279]]],[[[-9.14646,38.79365],[-9.14709,38.79406],[-9.14709,38.79446],[-9.1461,38.79411],[-9.14589,38.7936],[-9.14646,38.79365]]],[[[-9.1206,38.7145],[-9.12005,38.7145],[-9.12054,38.71401],[-9.1206,38.71401],[-9.12117,38.71458],[-9.12096,38.71521],[-9.1206,38.71546],[-9.11997,38.71558],[-9.1196,38.71558],[-9.11997,38.71521],[-9.11997,38.71478],[-9.1206,38.71478],[-9.12068,38.71458],[-9.1206,38.7145]]],[[[-9.11882,38.71584],[-9.11918,38.71584],[-9.11906,38.71648],[-9.11871,38.71678],[-9.11808,38.71702],[-9.11753,38.71702],[-9.11795,38.7166],[-9.11808,38.7166],[-9.11871,38.71655],[-9.11879,38.71648],[-9.11882,38.71584]]],[[[-9.11177,38.72283],[-9.11182,38.72278],[-9.1124,38.72219],[-9.11247,38.72215],[-9.1124,38.72202],[-9.11191,38.72202],[-9.1124,38.72152],[-9.11262,38.7213],[-9.11303,38.7213],[-9.11317,38.72152],[-9.11303,38.72215],[-9.1124,38.72248],[-9.1121,38.72278],[-9.11177,38.72312],[-9.1115,38.72341],[-9.11114,38.7238],[-9.11051,38.7238],[-9.11012,38.7238],[-9.1104,38.72352],[-9.11051,38.72352],[-9.11114,38.72352],[-9.11124,38.72341],[-9.11177,38.72283]]],[[[-9.12109,38.7272],[-9.12109,38.72657],[-9.12123,38.72652],[-9.12129,38.72657],[-9.12129,38.7272],[-9.12123,38.72731],[-9.12109,38.7272]]],[[[-9.10574,38.72972],[-9.10574,38.72909],[-9.10577,38.72846],[-9.10596,38.72783],[-9.1061,38.72729],[-9.10619,38.7272],[-9.1061,38.72711],[-9.10555,38.72711],[-9.1061,38.72657],[-9.10648,38.72618],[-9.10673,38.72618],[-9.1068,38.72657],[-9.1068,38.7272],[-9.10673,38.72728],[-9.10618,38.72783],[-9.1061,38.72821],[-9.10605,38.72846],[-9.10595,38.72909],[-9.10595,38.72972],[-9.1058,38.73035],[-9.10546,38.73087],[-9.10483,38.73087],[-9.10431,38.73087],[-9.10473,38.73046],[-9.10483,38.73046],[-9.10546,38.73046],[-9.10553,38.73035],[-9.10574,38.72972]]],[[[-9.12196,38.73035],[-9.12186,38.73044],[-9.12165,38.73035],[-9.12186,38.72981],[-9.12196,38.73035]]],[[[-9.11934,38.73085],[-9.11997,38.73085],[-9.1206,38.73088],[-9.12076,38.73098],[-9.12064,38.73161],[-9.1206,38.73164],[-9.12026,38.73224],[-9.11997,38.73237],[-9.11934,38.73237],[-9.11913,38.73224],[-9.11871,38.73186],[-9.11836,38.73161],[-9.11852,38.73098],[-9.11871,38.73067],[-9.11934,38.73085]]],[[[-9.10412,38.73106],[-9.1042,38.73106],[-9.10456,38.73161],[-9.1042,38.73199],[-9.10357,38.73199],[-9.10357,38.73177],[-9.1042,38.73177],[-9.10435,38.73161],[-9.1042,38.73138],[-9.10381,38.73138],[-9.10412,38.73106]]],[[[-9.11123,38.73351],[-9.11123,38.73287],[-9.11177,38.7325],[-9.11203,38.73287],[-9.11203,38.73351],[-9.11177,38.73364],[-9.11123,38.73351]]],[[[-9.11709,38.73287],[-9.11709,38.73351],[-9.11682,38.73414],[-9.11619,38.73414],[-9.11556,38.73352],[-9.11551,38.73351],[-9.11551,38.73287],[-9.11556,38.73283],[-9.11619,38.73247],[-9.11682,38.73247],[-9.11709,38.73287]]],[[[-9.10357,38.73302],[-9.10322,38.73351],[-9.10294,38.73395],[-9.10231,38.73395],[-9.10231,38.73351],[-9.10294,38.73287],[-9.10306,38.73275],[-9.10357,38.73275],[-9.10365,38.73287],[-9.10357,38.73302]]],[[[-9.11557,38.73477],[-9.11556,38.73481],[-9.11549,38.73477],[-9.11556,38.73475],[-9.11557,38.73477]]],[[[-9.11871,38.73913],[-9.11934,38.73903],[-9.11997,38.73903],[-9.1203,38.73918],[-9.1203,38.73981],[-9.1206,38.74021],[-9.12084,38.74044],[-9.1206,38.7406],[-9.11997,38.74057],[-9.11934,38.74057],[-9.11924,38.74044],[-9.11871,38.73986],[-9.11867,38.73981],[-9.11867,38.73918],[-9.11871,38.73913]]],[[[-9.12159,38.74107],[-9.12123,38.74128],[-9.12108,38.74107],[-9.12123,38.74083],[-9.12159,38.74107]]],[[[-9.1206,38.74173],[-9.12059,38.7417],[-9.1206,38.74168],[-9.12064,38.7417],[-9.1206,38.74173]]],[[[-9.09663,38.74814],[-9.096,38.74814],[-9.096,38.74801],[-9.096,38.7479],[-9.09663,38.7479],[-9.09727,38.74768],[-9.09747,38.74738],[-9.09747,38.74675],[-9.09745,38.74612],[-9.09785,38.74549],[-9.0979,38.74535],[-9.09838,38.74486],[-9.09853,38.74457],[-9.09871,38.74423],[-9.09853,38.7436],[-9.09858,38.74297],[-9.09866,38.74234],[-9.09895,38.7417],[-9.09916,38.74153],[-9.09979,38.74153],[-9.10022,38.74107],[-9.10042,38.74073],[-9.10071,38.74044],[-9.10071,38.73981],[-9.10079,38.73918],[-9.10088,38.73855],[-9.10042,38.7381],[-9.10024,38.7381],[-9.10042,38.73792],[-9.10042,38.73729],[-9.10105,38.73666],[-9.10105,38.73608],[-9.10168,38.73608],[-9.10231,38.73608],[-9.10234,38.73603],[-9.10283,38.7354],[-9.10284,38.73477],[-9.10231,38.73427],[-9.10218,38.73427],[-9.10228,38.73417],[-9.10231,38.73417],[-9.10294,38.73469],[-9.10301,38.73477],[-9.10319,38.7354],[-9.10294,38.73559],[-9.10267,38.73603],[-9.10233,38.73666],[-9.10247,38.73729],[-9.10231,38.73745],[-9.10168,38.73745],[-9.10109,38.73792],[-9.10117,38.73855],[-9.10123,38.73918],[-9.10107,38.73981],[-9.10107,38.74044],[-9.10105,38.74047],[-9.10043,38.74107],[-9.10042,38.7411],[-9.09996,38.7417],[-9.10003,38.74234],[-9.09997,38.74297],[-9.10004,38.7436],[-9.10042,38.74419],[-9.10105,38.74393],[-9.10127,38.74423],[-9.10105,38.74462],[-9.10042,38.74486],[-9.09979,38.74517],[-9.09916,38.74517],[-9.09859,38.74549],[-9.09853,38.74554],[-9.0979,38.74598],[-9.09782,38.74612],[-9.09787,38.74675],[-9.09776,38.74738],[-9.09735,38.74801],[-9.09727,38.74814],[-9.09712,38.74864],[-9.097,38.74927],[-9.09663,38.74953],[-9.096,38.74953],[-9.09537,38.74953],[-9.09537,38.74927],[-9.09548,38.74916],[-9.096,38.74916],[-9.09663,38.74916],[-9.09695,38.74864],[-9.09663,38.74814]]],[[[-9.1042,38.74473],[-9.10483,38.74439],[-9.10546,38.74439],[-9.10569,38.74423],[-9.1061,38.74407],[-9.10628,38.74423],[-9.10673,38.74455],[-9.10708,38.74486],[-9.10679,38.74549],[-9.10673,38.74558],[-9.10659,38.74549],[-9.1061,38.74522],[-9.10546,38.74519],[-9.10483,38.74519],[-9.1042,38.74501],[-9.10409,38.74486],[-9.1042,38.74473]]],[[[-9.09537,38.75021],[-9.096,38.75021],[-9.09663,38.75021],[-9.09696,38.75054],[-9.09663,38.75087],[-9.096,38.75087],[-9.09571,38.75117],[-9.09576,38.7518],[-9.09537,38.75231],[-9.09474,38.75231],[-9.09474,38.75199],[-9.09537,38.75199],[-9.09551,38.7518],[-9.09538,38.75117],[-9.096,38.75054],[-9.09537,38.75054],[-9.09537,38.75021]]],[[[-9.10814,38.75937],[-9.10799,38.75949],[-9.10736,38.75949],[-9.10727,38.75937],[-9.10729,38.75873],[-9.10736,38.75867],[-9.10799,38.75867],[-9.10814,38.75873],[-9.10814,38.75937]]],[[[-9.10875,38.76126],[-9.10862,38.76139],[-9.10856,38.76126],[-9.10862,38.76097],[-9.10875,38.76126]]],[[[-9.10051,38.76315],[-9.10042,38.76322],[-9.10037,38.76315],[-9.10042,38.76309],[-9.10051,38.76315]]],[[[-9.10917,38.76315],[-9.10862,38.7633],[-9.10857,38.76315],[-9.10862,38.76311],[-9.10917,38.76315]]],[[[-9.11051,38.77464],[-9.11021,38.7745],[-9.10988,38.77423],[-9.10965,38.7745],[-9.10988,38.77479],[-9.11005,38.77513],[-9.10988,38.77533],[-9.10955,38.77513],[-9.10925,38.77489],[-9.10862,38.77471],[-9.10799,38.77507],[-9.10736,38.77507],[-9.10682,38.77503],[-9.10667,38.77494],[-9.10639,38.7745],[-9.10673,38.7744],[-9.10715,38.77387],[-9.10736,38.77349],[-9.10799,38.77349],[-9.10819,38.77324],[-9.10836,38.77261],[-9.10861,38.77198],[-9.10861,38.77135],[-9.10862,38.77129],[-9.10925,38.77118],[-9.10942,38.77135],[-9.10963,38.77198],[-9.10988,38.77221],[-9.11019,38.77198],[-9.1102,38.77135],[-9.11051,38.77094],[-9.11114,38.77094],[-9.11177,38.77113],[-9.11212,38.77135],[-9.11212,38.77198],[-9.1124,38.77211],[-9.11303,38.77232],[-9.11366,38.77232],[-9.11429,38.77245],[-9.11493,38.77223],[-9.11535,38.77198],[-9.1152,38.77135],[-9.11513,38.77072],[-9.11493,38.77057],[-9.11434,38.77072],[-9.11429,38.77074],[-9.11366,38.77077],[-9.11303,38.77077],[-9.11297,38.77072],[-9.113,38.77009],[-9.11275,38.76946],[-9.11264,38.76883],[-9.1124,38.76848],[-9.11182,38.7682],[-9.11177,38.76814],[-9.11114,38.76776],[-9.11051,38.76776],[-9.1102,38.76756],[-9.10988,38.76734],[-9.10936,38.76693],[-9.10925,38.76672],[-9.10915,38.7663],[-9.10862,38.76602],[-9.10838,38.76567],[-9.10828,38.76504],[-9.10811,38.76441],[-9.10862,38.76415],[-9.10925,38.76378],[-9.10988,38.76315],[-9.10967,38.76252],[-9.10956,38.76189],[-9.10952,38.76126],[-9.10988,38.76079],[-9.11021,38.76063],[-9.11051,38.76036],[-9.11114,38.76036],[-9.11141,38.76],[-9.11177,38.75972],[-9.11197,38.76],[-9.11177,38.76045],[-9.1115,38.76063],[-9.11177,38.76078],[-9.1124,38.76087],[-9.11265,38.76126],[-9.11269,38.76189],[-9.11277,38.76252],[-9.11303,38.76283],[-9.11366,38.76283],[-9.114,38.76315],[-9.11366,38.76368],[-9.11303,38.76368],[-9.11277,38.76378],[-9.11303,38.76404],[-9.11366,38.76404],[-9.11429,38.76387],[-9.1149,38.76441],[-9.11493,38.76443],[-9.11495,38.76441],[-9.11556,38.7639],[-9.11569,38.76378],[-9.11556,38.76358],[-9.11493,38.76361],[-9.11464,38.76315],[-9.11493,38.76288],[-9.11556,38.7626],[-9.11563,38.76252],[-9.11556,38.76248],[-9.11523,38.76189],[-9.11556,38.76157],[-9.11617,38.76189],[-9.11619,38.76192],[-9.11682,38.76192],[-9.11688,38.76189],[-9.11736,38.76126],[-9.11745,38.76125],[-9.11747,38.76126],[-9.11762,38.76189],[-9.11808,38.7623],[-9.11841,38.76252],[-9.1183,38.76315],[-9.11816,38.76378],[-9.11868,38.76441],[-9.11871,38.76449],[-9.11903,38.76441],[-9.11934,38.76435],[-9.11997,38.76435],[-9.12002,38.76441],[-9.11997,38.76481],[-9.11934,38.76481],[-9.11929,38.76504],[-9.11934,38.7651],[-9.11997,38.7651],[-9.12006,38.76504],[-9.1206,38.76488],[-9.12071,38.76504],[-9.12071,38.76567],[-9.12096,38.7663],[-9.12123,38.76649],[-9.12186,38.7669],[-9.12249,38.7669],[-9.12255,38.76693],[-9.12313,38.76733],[-9.12351,38.76756],[-9.12317,38.7682],[-9.12329,38.76883],[-9.12321,38.76946],[-9.12313,38.76964],[-9.12293,38.77009],[-9.12278,38.77072],[-9.12249,38.77108],[-9.12186,38.77108],[-9.12123,38.7713],[-9.12118,38.77135],[-9.12123,38.77156],[-9.12136,38.77198],[-9.12123,38.77221],[-9.12088,38.77261],[-9.1206,38.77288],[-9.1201,38.77324],[-9.1206,38.7734],[-9.12108,38.77324],[-9.12123,38.77308],[-9.12186,38.77295],[-9.12249,38.77295],[-9.12274,38.77324],[-9.12284,38.77387],[-9.12249,38.77417],[-9.12186,38.77417],[-9.12141,38.77387],[-9.12123,38.77348],[-9.12114,38.77387],[-9.1206,38.77446],[-9.11997,38.77421],[-9.11934,38.77421],[-9.11887,38.77387],[-9.11871,38.7738],[-9.11865,38.77387],[-9.11837,38.7745],[-9.11808,38.77498],[-9.11782,38.77513],[-9.11745,38.77536],[-9.11728,38.77513],[-9.11682,38.77485],[-9.11619,38.77485],[-9.11596,38.77513],[-9.11556,38.77575],[-9.11493,38.77532],[-9.11432,38.77576],[-9.11429,38.77578],[-9.11366,38.77581],[-9.11303,38.77581],[-9.113,38.77576],[-9.1124,38.7753],[-9.11177,38.77533],[-9.11165,38.77513],[-9.11114,38.77464],[-9.11051,38.77464]],[[-9.11008,38.77324],[-9.10988,38.77293],[-9.10964,38.77324],[-9.10988,38.7734],[-9.11008,38.77324]],[[-9.11257,38.76315],[-9.1124,38.76291],[-9.11198,38.76315],[-9.1124,38.76325],[-9.11257,38.76315]],[[-9.11934,38.76932],[-9.11915,38.76946],[-9.11934,38.76956],[-9.11997,38.76956],[-9.12012,38.76946],[-9.11997,38.76932],[-9.11934,38.76932]],[[-9.11822,38.76567],[-9.11808,38.76536],[-9.11777,38.76504],[-9.11751,38.76441],[-9.11745,38.76441],[-9.11682,38.76433],[-9.11619,38.76433],[-9.11606,38.76441],[-9.11619,38.76463],[-9.11682,38.76463],[-9.11704,38.76504],[-9.11704,38.76567],[-9.11707,38.7663],[-9.11682,38.7667],[-9.11619,38.7667],[-9.11566,38.7663],[-9.11556,38.76618],[-9.11514,38.7663],[-9.11536,38.76693],[-9.11556,38.76751],[-9.11557,38.76756],[-9.11556,38.76758],[-9.11519,38.7682],[-9.11493,38.76857],[-9.11444,38.76883],[-9.11493,38.76906],[-9.11544,38.76946],[-9.11556,38.76957],[-9.11619,38.76963],[-9.11682,38.76963],[-9.11698,38.76946],[-9.11745,38.76923],[-9.11775,38.76946],[-9.11808,38.76982],[-9.11853,38.76946],[-9.11871,38.76924],[-9.11906,38.76883],[-9.11894,38.7682],[-9.11931,38.76756],[-9.11907,38.76693],[-9.11871,38.76653],[-9.1183,38.7663],[-9.11822,38.76567]],[[-9.11797,38.76378],[-9.11745,38.76358],[-9.11736,38.76378],[-9.11745,38.76384],[-9.11797,38.76378]],[[-9.11619,38.76291],[-9.11595,38.76315],[-9.11619,38.76332],[-9.11682,38.76332],[-9.11713,38.76315],[-9.11682,38.76291],[-9.11619,38.76291]]],[[[-9.09285,38.78691],[-9.09348,38.78691],[-9.09411,38.78672],[-9.09463,38.78649],[-9.09474,38.78622],[-9.09485,38.78586],[-9.09474,38.78566],[-9.09411,38.78544],[-9.09348,38.78529],[-9.09285,38.78529],[-9.09281,38.78523],[-9.09281,38.78459],[-9.09272,38.78396],[-9.09285,38.7839],[-9.09348,38.7839],[-9.09388,38.78396],[-9.09411,38.78432],[-9.09474,38.78396],[-9.09537,38.78346],[-9.096,38.78348],[-9.09663,38.78348],[-9.09671,38.78333],[-9.09663,38.78295],[-9.096,38.78295],[-9.09537,38.78314],[-9.09522,38.7827],[-9.09537,38.78215],[-9.09558,38.78207],[-9.096,38.78184],[-9.09663,38.78184],[-9.09719,38.78144],[-9.09692,38.78081],[-9.097,38.78018],[-9.09697,38.77955],[-9.09663,38.77911],[-9.096,38.77911],[-9.09578,38.77892],[-9.096,38.77829],[-9.09558,38.77766],[-9.09537,38.77729],[-9.09474,38.77725],[-9.09452,38.77703],[-9.09474,38.77673],[-9.09537,38.77682],[-9.09558,38.77639],[-9.09569,38.77576],[-9.096,38.77525],[-9.09663,38.77525],[-9.0967,38.77513],[-9.09727,38.7746],[-9.09733,38.7745],[-9.09727,38.77443],[-9.09663,38.7741],[-9.096,38.7741],[-9.09577,38.77387],[-9.096,38.7736],[-9.09663,38.7736],[-9.09727,38.77327],[-9.0973,38.77324],[-9.09736,38.77261],[-9.09727,38.77244],[-9.09663,38.7722],[-9.096,38.7722],[-9.09569,38.77198],[-9.09537,38.77135],[-9.09577,38.77072],[-9.09544,38.77009],[-9.0958,38.76946],[-9.09537,38.76934],[-9.09489,38.76946],[-9.09519,38.77009],[-9.09474,38.77022],[-9.09446,38.77009],[-9.09411,38.76996],[-9.09371,38.76946],[-9.09348,38.76926],[-9.09285,38.76926],[-9.09232,38.76883],[-9.09232,38.7682],[-9.09285,38.76762],[-9.09348,38.76762],[-9.0935,38.76756],[-9.09353,38.76693],[-9.09411,38.76693],[-9.09474,38.7663],[-9.09474,38.76567],[-9.09474,38.76504],[-9.09474,38.76441],[-9.09474,38.76378],[-9.0947,38.76374],[-9.09474,38.7637],[-9.09537,38.7637],[-9.09589,38.76315],[-9.09542,38.76252],[-9.096,38.76203],[-9.09663,38.76203],[-9.09672,38.76189],[-9.0967,38.76126],[-9.09663,38.7611],[-9.096,38.7611],[-9.09541,38.76063],[-9.09537,38.76059],[-9.09515,38.76],[-9.09527,38.75937],[-9.09524,38.75873],[-9.09537,38.7584],[-9.09547,38.7581],[-9.096,38.75757],[-9.09663,38.75757],[-9.09673,38.75747],[-9.09663,38.75722],[-9.096,38.75722],[-9.09576,38.75684],[-9.096,38.75642],[-9.09663,38.75642],[-9.09677,38.75621],[-9.09663,38.756],[-9.096,38.756],[-9.09556,38.75558],[-9.09537,38.75541],[-9.09498,38.75495],[-9.09477,38.75432],[-9.0951,38.75369],[-9.09474,38.75347],[-9.09454,38.75306],[-9.09454,38.75263],[-9.09469,38.75248],[-9.09469,38.75306],[-9.09474,38.75317],[-9.09537,38.75333],[-9.09572,38.75369],[-9.09577,38.75432],[-9.096,38.75474],[-9.09663,38.75474],[-9.09691,38.75495],[-9.09727,38.75508],[-9.0979,38.75553],[-9.09797,38.75558],[-9.0979,38.75583],[-9.09779,38.75621],[-9.09767,38.75684],[-9.0979,38.75747],[-9.0976,38.7581],[-9.09727,38.75859],[-9.0971,38.75873],[-9.09727,38.75901],[-9.0977,38.75937],[-9.09773,38.76],[-9.0979,38.76018],[-9.09818,38.76],[-9.09853,38.75955],[-9.09916,38.75955],[-9.09939,38.76],[-9.09918,38.76063],[-9.09921,38.76126],[-9.09916,38.76131],[-9.09853,38.76131],[-9.09806,38.76189],[-9.0979,38.762],[-9.09727,38.76196],[-9.09698,38.76252],[-9.0972,38.76315],[-9.09705,38.76378],[-9.09727,38.76392],[-9.0979,38.76387],[-9.09853,38.76387],[-9.09916,38.76387],[-9.09939,38.76441],[-9.09916,38.7649],[-9.09853,38.7649],[-9.0979,38.76477],[-9.09761,38.76504],[-9.09761,38.76567],[-9.0979,38.76589],[-9.09833,38.7663],[-9.09853,38.76665],[-9.09916,38.76665],[-9.09958,38.7663],[-9.09979,38.76607],[-9.09991,38.7663],[-9.10015,38.76693],[-9.10042,38.76728],[-9.10052,38.76756],[-9.10042,38.76772],[-9.10014,38.76756],[-9.09979,38.7673],[-9.09916,38.7673],[-9.09853,38.7673],[-9.09823,38.76693],[-9.0979,38.76675],[-9.09727,38.76683],[-9.09694,38.7663],[-9.09663,38.76595],[-9.096,38.76595],[-9.09556,38.7663],[-9.09555,38.76693],[-9.09537,38.76707],[-9.09474,38.7671],[-9.09411,38.7671],[-9.09387,38.76756],[-9.09362,38.7682],[-9.09348,38.76859],[-9.09285,38.76859],[-9.09275,38.76883],[-9.09285,38.76891],[-9.09348,38.76891],[-9.09411,38.76943],[-9.09474,38.76918],[-9.09537,38.76905],[-9.09581,38.76883],[-9.09581,38.7682],[-9.096,38.7679],[-9.09663,38.7679],[-9.09688,38.7682],[-9.09706,38.76883],[-9.09727,38.76909],[-9.09742,38.76883],[-9.09761,38.7682],[-9.0979,38.76788],[-9.09853,38.76776],[-9.09916,38.76776],[-9.09979,38.76777],[-9.10007,38.7682],[-9.09979,38.76848],[-9.09916,38.76856],[-9.09853,38.76856],[-9.09832,38.76883],[-9.09853,38.76917],[-9.09916,38.76917],[-9.0994,38.76946],[-9.09916,38.76971],[-9.09853,38.76971],[-9.09834,38.77009],[-9.09853,38.77056],[-9.09916,38.77056],[-9.09924,38.77072],[-9.09937,38.77135],[-9.09937,38.77198],[-9.09979,38.77233],[-9.10022,38.77261],[-9.09995,38.77324],[-9.09979,38.77339],[-9.09949,38.77387],[-9.09916,38.77416],[-9.09853,38.77416],[-9.09818,38.7745],[-9.09853,38.77496],[-9.09916,38.77496],[-9.09929,38.77513],[-9.09926,38.77521],[-9.09913,38.77522],[-9.09916,38.77546],[-9.09916,38.77547],[-9.09853,38.77547],[-9.0979,38.77545],[-9.09772,38.77576],[-9.09727,38.77629],[-9.09717,38.77639],[-9.09727,38.77661],[-9.09741,38.77703],[-9.0979,38.77766],[-9.09853,38.77723],[-9.09916,38.77723],[-9.09942,38.77723],[-9.10003,38.7813],[-9.09979,38.7813],[-9.0997,38.78144],[-9.09916,38.78174],[-9.09853,38.78174],[-9.09824,38.78207],[-9.0979,38.7825],[-9.09764,38.7827],[-9.09743,38.78333],[-9.09727,38.78341],[-9.09688,38.78396],[-9.09663,38.78431],[-9.096,38.78431],[-9.09574,38.78459],[-9.09574,38.78523],[-9.096,38.78583],[-9.09663,38.78583],[-9.09665,38.78586],[-9.09684,38.78649],[-9.09663,38.78683],[-9.096,38.78683],[-9.0957,38.78712],[-9.09537,38.78733],[-9.09474,38.78739],[-9.09411,38.78727],[-9.09348,38.7874],[-9.09285,38.7874],[-9.09238,38.78775],[-9.09222,38.78788],[-9.09187,38.78838],[-9.09159,38.78863],[-9.09096,38.78863],[-9.09096,38.78838],[-9.09096,38.78823],[-9.09159,38.78823],[-9.09183,38.78775],[-9.09222,38.78748],[-9.0927,38.78712],[-9.09285,38.78691]],[[-9.09774,38.77892],[-9.09727,38.77879],[-9.09701,38.77892],[-9.09727,38.77907],[-9.09774,38.77892]],[[-9.09793,38.78018],[-9.0979,38.78012],[-9.09783,38.78018],[-9.0979,38.78023],[-9.09793,38.78018]]],[[[-9.10023,38.77198],[-9.10023,38.77135],[-9.10042,38.77108],[-9.10071,38.77135],[-9.10071,38.77198],[-9.10042,38.77233],[-9.10023,38.77198]]],[[[-9.09558,38.77513],[-9.09537,38.7752],[-9.09531,38.77513],[-9.09537,38.7751],[-9.09558,38.77513]]],[[[-9.10862,38.77545],[-9.1088,38.77576],[-9.10862,38.77589],[-9.10844,38.77621],[-9.10749,38.77546],[-9.10702,38.77516],[-9.10736,38.77516],[-9.10799,38.77516],[-9.10862,38.77545]]],[[[-9.11619,38.77642],[-9.11616,38.77639],[-9.11619,38.77634],[-9.11682,38.77634],[-9.11685,38.77639],[-9.11682,38.77642],[-9.11619,38.77642]]],[[[-9.11495,38.77639],[-9.11493,38.77642],[-9.11489,38.77639],[-9.11493,38.77635],[-9.11495,38.77639]]],[[[-9.11559,38.77955],[-9.11556,38.77961],[-9.11543,38.77955],[-9.11556,38.77952],[-9.11559,38.77955]]],[[[-9.1124,38.77909],[-9.11303,38.77955],[-9.11366,38.77955],[-9.11429,38.77919],[-9.11472,38.77955],[-9.11439,38.78018],[-9.11445,38.78058],[-9.11429,38.78056],[-9.1131,38.78008],[-9.11175,38.77923],[-9.11177,38.77923],[-9.1124,38.77909]]],[[[-9.09348,38.79522],[-9.09285,38.79522],[-9.09222,38.79477],[-9.09205,38.79469],[-9.09159,38.7944],[-9.09133,38.79406],[-9.09129,38.79342],[-9.09128,38.79279],[-9.09107,38.79216],[-9.09105,38.79153],[-9.09106,38.7909],[-9.09096,38.79068],[-9.09033,38.79068],[-9.09033,38.79027],[-9.09033,38.78964],[-9.09096,38.78964],[-9.09099,38.79027],[-9.09125,38.7909],[-9.09123,38.79153],[-9.09135,38.79216],[-9.09152,38.79279],[-9.09147,38.79342],[-9.09159,38.79389],[-9.09222,38.7938],[-9.09253,38.79406],[-9.09285,38.79436],[-9.09348,38.79436],[-9.09411,38.79467],[-9.09415,38.79469],[-9.09455,38.79532],[-9.09474,38.79555],[-9.09537,38.79559],[-9.096,38.79535],[-9.09663,38.79535],[-9.09689,38.79595],[-9.09689,38.79658],[-9.09689,38.79658],[-9.09663,38.79658],[-9.096,38.79658],[-9.09537,38.79658],[-9.09474,38.79658],[-9.09461,38.79658],[-9.09437,38.79653],[-9.09437,38.79595],[-9.09411,38.79557],[-9.09369,38.79532],[-9.09348,38.79522]]],[[[-9.09937,38.79636],[-9.09856,38.79614],[-9.09839,38.79613],[-9.09839,38.79595],[-9.09853,38.79591],[-9.09916,38.79591],[-9.09953,38.7959],[-9.09941,38.79633],[-9.09937,38.79636]]]]},"properties":{"class":4,"label":"−2 a −1","fill":"#c6dbef"}},{"type":"Feature","geometry":{"type":"MultiPolygon","coordinates":[[[[-9.21917,38.6944],[-9.219,38.69447],[-9.21837,38.69447],[-9.21824,38.6944],[-9.21824,38.69377],[-9.21837,38.69374],[-9.21854,38.69377],[-9.219,38.69423],[-9.21917,38.6944]]],[[[-9.20701,38.69518],[-9.20671,38.69503],[-9.20701,38.69492],[-9.20764,38.69492],[-9.20787,38.69503],[-9.20764,38.69518],[-9.20701,38.69518]]],[[[-9.2253,38.69856],[-9.22467,38.69856],[-9.22425,38.69818],[-9.22427,38.69755],[-9.22404,38.69727],[-9.22378,38.69692],[-9.22351,38.69629],[-9.22366,38.69566],[-9.22404,38.69559],[-9.22467,38.69565],[-9.2253,38.69565],[-9.22535,38.69566],[-9.22593,38.69598],[-9.22656,38.69623],[-9.22708,38.69566],[-9.22708,38.69554],[-9.2272,38.69566],[-9.22783,38.69566],[-9.22789,38.6956],[-9.22798,38.69566],[-9.22846,38.69624],[-9.22909,38.69611],[-9.22937,38.69615],[-9.22881,38.69714],[-9.22881,38.69692],[-9.22846,38.69669],[-9.22783,38.69657],[-9.2272,38.69657],[-9.22656,38.69665],[-9.22593,38.69657],[-9.22558,38.69692],[-9.22581,38.69755],[-9.22593,38.69792],[-9.2263,38.69818],[-9.22632,38.69882],[-9.22656,38.69906],[-9.227,38.69934],[-9.22699,38.69937],[-9.2267,38.70089],[-9.22656,38.70089],[-9.22651,38.70071],[-9.22648,38.70008],[-9.22624,38.69945],[-9.22593,38.69913],[-9.22569,38.69882],[-9.2253,38.69856]]],[[[-9.19251,38.7031],[-9.19205,38.7026],[-9.19251,38.70243],[-9.19314,38.70243],[-9.19331,38.7026],[-9.19314,38.7031],[-9.19251,38.7031]]],[[[-9.21119,38.70701],[-9.21119,38.70638],[-9.21143,38.70624],[-9.21162,38.70638],[-9.21162,38.70701],[-9.21143,38.70713],[-9.21119,38.70701]]],[[[-9.20953,38.71043],[-9.20915,38.71017],[-9.2089,38.71006],[-9.20827,38.71002],[-9.20776,38.70954],[-9.2078,38.70891],[-9.20827,38.70843],[-9.20835,38.70828],[-9.2089,38.70808],[-9.20953,38.70784],[-9.21017,38.70784],[-9.21057,38.70828],[-9.2108,38.70843],[-9.21143,38.70883],[-9.21206,38.70864],[-9.21257,38.70891],[-9.21269,38.70895],[-9.21332,38.70895],[-9.21395,38.70902],[-9.21458,38.7094],[-9.21484,38.70954],[-9.21458,38.70982],[-9.21404,38.71017],[-9.21395,38.7102],[-9.21332,38.71054],[-9.21269,38.71054],[-9.21225,38.7108],[-9.21206,38.71089],[-9.21194,38.7108],[-9.21158,38.71017],[-9.21143,38.71011],[-9.21137,38.71017],[-9.2108,38.71051],[-9.21017,38.71043],[-9.20953,38.71043]],[[-9.21395,38.70956],[-9.21397,38.70954],[-9.21395,38.70952],[-9.21363,38.70954],[-9.21395,38.70956]]],[[[-9.19895,38.70954],[-9.19881,38.71017],[-9.19818,38.71017],[-9.19811,38.70954],[-9.19818,38.70937],[-9.19881,38.70937],[-9.19895,38.70954]]],[[[-9.20827,38.71106],[-9.20812,38.7108],[-9.20827,38.71032],[-9.2085,38.7108],[-9.20827,38.71106]]],[[[-9.20512,38.71217],[-9.205,38.71206],[-9.20512,38.71191],[-9.20534,38.71206],[-9.20512,38.71217]]],[[[-9.20853,38.71269],[-9.20827,38.71271],[-9.20824,38.71269],[-9.20827,38.71263],[-9.20853,38.71269]]],[[[-9.20901,38.71332],[-9.2089,38.71371],[-9.20873,38.71332],[-9.2089,38.71276],[-9.20901,38.71332]]],[[[-9.20872,38.71458],[-9.2089,38.71476],[-9.20923,38.71458],[-9.20953,38.71437],[-9.21017,38.71437],[-9.21021,38.71458],[-9.21031,38.71521],[-9.21017,38.71552],[-9.20953,38.71552],[-9.2089,38.71573],[-9.20827,38.71545],[-9.20784,38.71521],[-9.20793,38.71458],[-9.20827,38.7142],[-9.20872,38.71458]]],[[[-9.19187,38.71657],[-9.1918,38.71648],[-9.19187,38.71639],[-9.19196,38.71648],[-9.19187,38.71657]]],[[[-9.18872,38.71703],[-9.1888,38.71711],[-9.18872,38.71719],[-9.18829,38.71774],[-9.18809,38.71787],[-9.18746,38.71787],[-9.1872,38.71774],[-9.18708,38.71711],[-9.18746,38.71669],[-9.18779,38.71648],[-9.18809,38.71637],[-9.18828,38.71648],[-9.18872,38.71703]]],[[[-9.21213,38.72089],[-9.21269,38.72061],[-9.21332,38.72061],[-9.21395,38.72038],[-9.21449,38.72026],[-9.21458,38.72024],[-9.21513,38.71963],[-9.21513,38.719],[-9.21521,38.71887],[-9.21584,38.71887],[-9.21647,38.71861],[-9.2171,38.7184],[-9.21715,38.71837],[-9.21773,38.71778],[-9.21778,38.71774],[-9.21811,38.71711],[-9.21837,38.71691],[-9.219,38.71691],[-9.2193,38.71648],[-9.21963,38.71621],[-9.22001,38.71648],[-9.22011,38.71661],[-9.21876,38.71823],[-9.21863,38.7183],[-9.21837,38.71804],[-9.21808,38.71837],[-9.21808,38.71863],[-9.21543,38.72018],[-9.21521,38.71996],[-9.21495,38.72026],[-9.21495,38.72046],[-9.21443,38.72076],[-9.21413,38.72087],[-9.21395,38.72073],[-9.2135,38.72089],[-9.2135,38.72112],[-9.21248,38.72151],[-9.21206,38.72134],[-9.21182,38.72152],[-9.21182,38.72176],[-9.21121,38.72199],[-9.21078,38.72226],[-9.21078,38.72215],[-9.2108,38.72212],[-9.21128,38.72152],[-9.21143,38.72141],[-9.21206,38.72093],[-9.21213,38.72089]]],[[[-9.20953,38.7297],[-9.2093,38.72909],[-9.2093,38.72846],[-9.20936,38.72842],[-9.20978,38.7297],[-9.20953,38.7297]]],[[[-9.18816,38.73224],[-9.18814,38.73287],[-9.18809,38.73308],[-9.18806,38.73287],[-9.18805,38.73224],[-9.18746,38.73172],[-9.18683,38.73206],[-9.1862,38.73206],[-9.18606,38.73161],[-9.18583,38.73098],[-9.18582,38.73035],[-9.18617,38.72972],[-9.1862,38.7297],[-9.18683,38.7297],[-9.18746,38.72941],[-9.18809,38.72954],[-9.18872,38.72969],[-9.18875,38.72972],[-9.18901,38.73035],[-9.18935,38.73086],[-9.18998,38.73086],[-9.19012,38.73098],[-9.19045,38.73161],[-9.19047,38.73224],[-9.19036,38.73287],[-9.18998,38.73301],[-9.18935,38.73301],[-9.18916,38.73287],[-9.18896,38.73224],[-9.18904,38.73161],[-9.18872,38.73131],[-9.18829,38.73161],[-9.18816,38.73224]],[[-9.18746,38.73113],[-9.18779,38.73098],[-9.18746,38.73082],[-9.18703,38.73098],[-9.18746,38.73113]]],[[[-9.20571,38.73287],[-9.20512,38.7333],[-9.20489,38.73287],[-9.20497,38.73224],[-9.205,38.73161],[-9.2051,38.73098],[-9.20512,38.73095],[-9.20575,38.73043],[-9.20638,38.73053],[-9.20701,38.73053],[-9.20734,38.73035],[-9.20764,38.73025],[-9.2078,38.73035],[-9.20783,38.73098],[-9.20799,38.73161],[-9.20827,38.73195],[-9.20842,38.73224],[-9.20842,38.73246],[-9.20788,38.73331],[-9.20764,38.7333],[-9.20701,38.73344],[-9.20638,38.73344],[-9.20577,38.73287],[-9.20577,38.73224],[-9.20575,38.73223],[-9.20568,38.73224],[-9.20571,38.73287]],[[-9.20636,38.73098],[-9.20575,38.73079],[-9.20553,38.73098],[-9.20575,38.73145],[-9.20636,38.73098]]],[[[-9.18556,38.73224],[-9.18557,38.73222],[-9.18575,38.73224],[-9.18569,38.73287],[-9.18557,38.7329],[-9.18556,38.73287],[-9.18556,38.73224]]],[[[-9.19127,38.73287],[-9.19124,38.73305],[-9.19112,38.73351],[-9.19061,38.73376],[-9.19049,38.73351],[-9.19061,38.73314],[-9.19117,38.73287],[-9.19094,38.73224],[-9.19124,38.73209],[-9.1914,38.73224],[-9.19127,38.73287]]],[[[-9.18887,38.73351],[-9.18872,38.73392],[-9.18823,38.73351],[-9.18872,38.73329],[-9.18887,38.73351]]],[[[-9.20285,38.7436],[-9.20293,38.74297],[-9.20275,38.74234],[-9.2026,38.74217],[-9.20236,38.74234],[-9.20216,38.74297],[-9.20197,38.74307],[-9.2018,38.74297],[-9.20158,38.74234],[-9.20134,38.7417],[-9.2007,38.7417],[-9.20007,38.74222],[-9.19944,38.74194],[-9.19929,38.7417],[-9.19944,38.74161],[-9.19992,38.74107],[-9.20007,38.74066],[-9.20021,38.74044],[-9.20054,38.73981],[-9.2007,38.73944],[-9.20134,38.73944],[-9.20197,38.73923],[-9.202,38.73918],[-9.202,38.73855],[-9.20199,38.73792],[-9.20197,38.73788],[-9.20167,38.73729],[-9.20197,38.73683],[-9.20233,38.73666],[-9.20244,38.73603],[-9.2026,38.73579],[-9.20323,38.73546],[-9.20331,38.7354],[-9.20386,38.73508],[-9.20449,38.73508],[-9.20512,38.73523],[-9.20575,38.73523],[-9.20588,38.7354],[-9.20575,38.73557],[-9.20539,38.73603],[-9.20575,38.73642],[-9.2059,38.73643],[-9.20528,38.73742],[-9.20517,38.73729],[-9.20512,38.73706],[-9.20449,38.73675],[-9.20386,38.73675],[-9.20323,38.73669],[-9.20262,38.73729],[-9.2026,38.73735],[-9.20238,38.73792],[-9.20224,38.73855],[-9.20224,38.73918],[-9.20197,38.7396],[-9.20157,38.73981],[-9.20176,38.74044],[-9.20197,38.7406],[-9.20227,38.74107],[-9.20257,38.7417],[-9.2026,38.74172],[-9.20319,38.74234],[-9.20323,38.7424],[-9.20386,38.74297],[-9.20449,38.74297],[-9.20512,38.74238],[-9.20558,38.74238],[-9.20562,38.74284],[-9.20624,38.74368],[-9.20575,38.74415],[-9.20532,38.7436],[-9.20512,38.7434],[-9.20492,38.7436],[-9.20449,38.74404],[-9.20386,38.74404],[-9.20323,38.74387],[-9.20285,38.7436]]],[[[-9.20386,38.74196],[-9.20365,38.7417],[-9.20386,38.74161],[-9.20449,38.74161],[-9.20465,38.7417],[-9.20449,38.74196],[-9.20386,38.74196]]],[[[-9.20386,38.74505],[-9.20359,38.74486],[-9.20386,38.7445],[-9.20449,38.7445],[-9.20485,38.74486],[-9.20449,38.74505],[-9.20386,38.74505]]],[[[-9.18748,38.74549],[-9.18746,38.74552],[-9.18743,38.74549],[-9.18746,38.74528],[-9.18748,38.74549]]],[[[-9.1944,38.74955],[-9.19377,38.74955],[-9.19362,38.74927],[-9.1936,38.74864],[-9.19329,38.74801],[-9.19314,38.74782],[-9.19267,38.74738],[-9.19251,38.74731],[-9.19187,38.74731],[-9.19158,38.74738],[-9.19124,38.74747],[-9.19114,38.74738],[-9.19087,38.74675],[-9.19124,38.74614],[-9.19127,38.74612],[-9.19124,38.7461],[-9.19083,38.74549],[-9.19076,38.74486],[-9.19116,38.74423],[-9.19124,38.74413],[-9.19187,38.74395],[-9.19251,38.74395],[-9.19303,38.7436],[-9.19314,38.74358],[-9.19325,38.7436],[-9.19377,38.74386],[-9.19401,38.7436],[-9.1944,38.74339],[-9.19503,38.7435],[-9.19566,38.7435],[-9.19629,38.74323],[-9.19692,38.74355],[-9.19755,38.74301],[-9.19818,38.74301],[-9.19834,38.74297],[-9.19881,38.74268],[-9.19913,38.74297],[-9.19944,38.74316],[-9.19971,38.7436],[-9.19944,38.74391],[-9.19922,38.74423],[-9.19902,38.74486],[-9.19902,38.74549],[-9.19881,38.74562],[-9.19857,38.74612],[-9.19881,38.74633],[-9.19931,38.74675],[-9.19944,38.74709],[-9.19956,38.74738],[-9.19944,38.74751],[-9.199,38.74738],[-9.19881,38.74733],[-9.19834,38.74738],[-9.19818,38.74742],[-9.19755,38.74742],[-9.19692,38.74797],[-9.19687,38.74801],[-9.19692,38.74812],[-9.19755,38.74828],[-9.19818,38.74828],[-9.19853,38.74864],[-9.19818,38.74891],[-9.19755,38.74891],[-9.19719,38.74927],[-9.19712,38.7499],[-9.19692,38.75017],[-9.19664,38.7499],[-9.19632,38.74927],[-9.19629,38.74926],[-9.19566,38.74909],[-9.19503,38.74909],[-9.19476,38.74927],[-9.1944,38.74955]],[[-9.19629,38.74466],[-9.19566,38.74452],[-9.19503,38.74452],[-9.1944,38.74469],[-9.19377,38.74486],[-9.19377,38.74549],[-9.19408,38.74612],[-9.19422,38.74675],[-9.1944,38.74687],[-9.19457,38.74675],[-9.19503,38.74656],[-9.19566,38.74656],[-9.19609,38.74612],[-9.19629,38.74562],[-9.19646,38.74549],[-9.19646,38.74486],[-9.19629,38.74466]],[[-9.19314,38.74694],[-9.1934,38.74675],[-9.19314,38.74646],[-9.19251,38.74665],[-9.19187,38.74665],[-9.19175,38.74675],[-9.19187,38.74679],[-9.19251,38.74679],[-9.19314,38.74694]],[[-9.19818,38.74562],[-9.19827,38.74549],[-9.19827,38.74486],[-9.19818,38.74465],[-9.19755,38.74465],[-9.19733,38.74486],[-9.19733,38.74549],[-9.19755,38.74562],[-9.19818,38.74562]]],[[[-9.2003,38.74927],[-9.20028,38.7499],[-9.20007,38.75015],[-9.19944,38.75001],[-9.19933,38.7499],[-9.19936,38.74927],[-9.19933,38.74864],[-9.19944,38.74856],[-9.19952,38.74864],[-9.20007,38.74916],[-9.2003,38.74927]]],[[[-9.19611,38.75054],[-9.19566,38.75096],[-9.19503,38.75096],[-9.19456,38.75117],[-9.1944,38.75124],[-9.19404,38.75117],[-9.19419,38.75054],[-9.1944,38.75039],[-9.19484,38.7499],[-9.19503,38.74963],[-9.19566,38.74963],[-9.19581,38.7499],[-9.19611,38.75054]]],[[[-9.19899,38.75054],[-9.19881,38.75063],[-9.19865,38.75054],[-9.19881,38.75035],[-9.19899,38.75054]]],[[[-9.20258,38.7518],[-9.20258,38.75117],[-9.2026,38.75115],[-9.20267,38.75117],[-9.20267,38.7518],[-9.2026,38.75183],[-9.20258,38.7518]]],[[[-9.18759,38.75873],[-9.18746,38.75885],[-9.18683,38.75932],[-9.1862,38.75932],[-9.18586,38.75873],[-9.1862,38.75848],[-9.18683,38.75848],[-9.18746,38.75837],[-9.18759,38.75873]]],[[[-9.19994,38.76252],[-9.20007,38.76238],[-9.20054,38.76238],[-9.20044,38.76261],[-9.20035,38.76267],[-9.19994,38.76277],[-9.19994,38.76252]]],[[[-9.19822,38.76315],[-9.19881,38.76279],[-9.19911,38.76315],[-9.19865,38.76338],[-9.19822,38.76338],[-9.19822,38.76315]]],[[[-9.19774,38.76504],[-9.19755,38.76523],[-9.1972,38.76504],[-9.1972,38.76441],[-9.19727,38.76378],[-9.19755,38.76326],[-9.19767,38.76338],[-9.19763,38.76338],[-9.19739,38.76421],[-9.19769,38.76437],[-9.19798,38.7648],[-9.19774,38.76504]]],[[[-9.18781,38.76504],[-9.18781,38.76441],[-9.18809,38.76392],[-9.18824,38.76441],[-9.18824,38.76504],[-9.18809,38.76523],[-9.18781,38.76504]]],[[[-9.19642,38.76567],[-9.19629,38.76615],[-9.19625,38.76567],[-9.19629,38.76561],[-9.19642,38.76567]]],[[[-9.19787,38.7663],[-9.19755,38.76672],[-9.19714,38.7663],[-9.19755,38.76598],[-9.19787,38.7663]]],[[[-9.18557,38.76829],[-9.18548,38.7682],[-9.18557,38.76813],[-9.18562,38.7682],[-9.18557,38.76829]]],[[[-9.18935,38.77303],[-9.18872,38.77303],[-9.18859,38.77261],[-9.18872,38.77241],[-9.18935,38.77241],[-9.18957,38.77261],[-9.18998,38.77284],[-9.19026,38.77261],[-9.18998,38.77228],[-9.18971,38.77198],[-9.18998,38.77179],[-9.19061,38.77144],[-9.19124,38.7714],[-9.19129,38.77135],[-9.19129,38.77072],[-9.19124,38.77059],[-9.19061,38.77056],[-9.19047,38.77009],[-9.19053,38.76946],[-9.18998,38.76885],[-9.18935,38.76886],[-9.18872,38.76886],[-9.18867,38.76883],[-9.18872,38.76877],[-9.18935,38.76877],[-9.18998,38.76878],[-9.19061,38.76845],[-9.19124,38.76828],[-9.19142,38.7682],[-9.19187,38.76768],[-9.19251,38.76768],[-9.19278,38.76756],[-9.19314,38.7675],[-9.19339,38.76756],[-9.19377,38.76764],[-9.1944,38.76786],[-9.19503,38.76786],[-9.19548,38.76756],[-9.19566,38.76728],[-9.19608,38.76756],[-9.19629,38.76769],[-9.19642,38.76756],[-9.19692,38.76713],[-9.19724,38.76743],[-9.19693,38.76785],[-9.19707,38.76812],[-9.19701,38.76829],[-9.19599,38.76928],[-9.19604,38.76954],[-9.19587,38.76963],[-9.19587,38.76946],[-9.19566,38.76918],[-9.19517,38.76883],[-9.19503,38.76855],[-9.1944,38.76855],[-9.19408,38.76883],[-9.19377,38.76906],[-9.19314,38.76946],[-9.19251,38.7693],[-9.19187,38.7693],[-9.19175,38.76946],[-9.19187,38.76959],[-9.19251,38.76959],[-9.19288,38.77009],[-9.19314,38.77051],[-9.19342,38.77072],[-9.19314,38.77091],[-9.19293,38.77135],[-9.19285,38.77198],[-9.19285,38.77226],[-9.19282,38.77229],[-9.19261,38.77231],[-9.1922,38.77202],[-9.19113,38.77264],[-9.19037,38.77297],[-9.19029,38.77312],[-9.18966,38.77337],[-9.18937,38.77403],[-9.18909,38.77437],[-9.18826,38.77449],[-9.18809,38.77408],[-9.18802,38.77387],[-9.18809,38.77367],[-9.18872,38.77329],[-9.18935,38.77329],[-9.18944,38.77324],[-9.18935,38.77303]]],[[[-9.18502,38.69692],[-9.18502,38.69755],[-9.18494,38.69757],[-9.18431,38.69772],[-9.18368,38.69772],[-9.18338,38.69755],[-9.18368,38.69755],[-9.18431,38.69692],[-9.18494,38.69692],[-9.18502,38.69692]]],[[[-9.16988,38.70134],[-9.1698,38.70151],[-9.16917,38.70151],[-9.16909,38.70134],[-9.16909,38.70071],[-9.16917,38.70063],[-9.1698,38.70063],[-9.16988,38.70071],[-9.16988,38.70134]]],[[[-9.15529,38.70477],[-9.15466,38.70477],[-9.15435,38.70449],[-9.15466,38.70449],[-9.15529,38.70386],[-9.15553,38.7041],[-9.15553,38.70449],[-9.15529,38.70477]]],[[[-9.1731,38.70449],[-9.17295,38.70461],[-9.17257,38.70449],[-9.17295,38.70439],[-9.1731,38.70449]]],[[[-9.19348,38.71206],[-9.19314,38.71167],[-9.19251,38.71167],[-9.1924,38.71143],[-9.19246,38.7108],[-9.19234,38.71017],[-9.19204,38.70954],[-9.19187,38.70926],[-9.19124,38.70915],[-9.19109,38.70891],[-9.19061,38.70853],[-9.19023,38.70828],[-9.18998,38.70801],[-9.18935,38.70801],[-9.18904,38.70828],[-9.18902,38.70891],[-9.18884,38.70954],[-9.18872,38.70979],[-9.18809,38.70988],[-9.18746,38.70991],[-9.18718,38.71017],[-9.18683,38.71037],[-9.1862,38.71037],[-9.18575,38.7108],[-9.18557,38.71093],[-9.18494,38.71096],[-9.18432,38.7108],[-9.18431,38.71079],[-9.18368,38.71079],[-9.18366,38.7108],[-9.18311,38.71143],[-9.18304,38.71149],[-9.18288,38.71143],[-9.18241,38.71097],[-9.18178,38.71093],[-9.18136,38.7108],[-9.18178,38.71062],[-9.18197,38.71017],[-9.18241,38.70979],[-9.18272,38.70954],[-9.18299,38.70891],[-9.18294,38.70828],[-9.18259,38.70765],[-9.18241,38.70753],[-9.18211,38.70701],[-9.18241,38.70674],[-9.18295,38.70638],[-9.18304,38.70636],[-9.18336,38.70638],[-9.18339,38.70701],[-9.18329,38.70765],[-9.18368,38.70787],[-9.18431,38.70787],[-9.18494,38.70765],[-9.185,38.70701],[-9.18494,38.70686],[-9.18446,38.70638],[-9.18494,38.70627],[-9.18557,38.70575],[-9.1862,38.70572],[-9.18683,38.70572],[-9.18746,38.70564],[-9.18788,38.70575],[-9.18809,38.70596],[-9.18872,38.70575],[-9.18874,38.70512],[-9.18872,38.70508],[-9.1886,38.70449],[-9.18872,38.70414],[-9.18922,38.70386],[-9.18872,38.7036],[-9.18809,38.70353],[-9.18746,38.70325],[-9.18683,38.70325],[-9.1862,38.7033],[-9.18609,38.70323],[-9.1862,38.7026],[-9.18662,38.70197],[-9.18649,38.70134],[-9.18649,38.70071],[-9.1862,38.7006],[-9.18583,38.70071],[-9.18557,38.70123],[-9.18555,38.70134],[-9.18494,38.70177],[-9.18431,38.7017],[-9.18368,38.7017],[-9.18338,38.70197],[-9.18323,38.7026],[-9.18304,38.70277],[-9.18241,38.70262],[-9.18178,38.70261],[-9.18163,38.7026],[-9.18115,38.70233],[-9.18052,38.70233],[-9.17989,38.70228],[-9.17982,38.7026],[-9.17961,38.70323],[-9.17989,38.70373],[-9.18011,38.70386],[-9.17989,38.70402],[-9.17947,38.70449],[-9.17926,38.70464],[-9.17885,38.70512],[-9.17881,38.70575],[-9.17863,38.70615],[-9.178,38.70615],[-9.17746,38.70638],[-9.17737,38.7065],[-9.17723,38.70701],[-9.17723,38.70765],[-9.17713,38.70828],[-9.17674,38.70864],[-9.17655,38.70891],[-9.17674,38.70909],[-9.17737,38.70891],[-9.17763,38.70954],[-9.178,38.71014],[-9.17863,38.71014],[-9.17872,38.71017],[-9.17863,38.71021],[-9.178,38.71021],[-9.17756,38.7108],[-9.17737,38.71099],[-9.17674,38.71106],[-9.17616,38.7108],[-9.17611,38.71075],[-9.1759,38.7108],[-9.17593,38.71143],[-9.17548,38.71153],[-9.17484,38.71153],[-9.17469,38.71143],[-9.17421,38.7111],[-9.17358,38.71108],[-9.17295,38.71096],[-9.17287,38.7108],[-9.17243,38.71017],[-9.17266,38.70954],[-9.17258,38.70891],[-9.17263,38.70828],[-9.1726,38.70765],[-9.1726,38.70701],[-9.17252,38.70638],[-9.17232,38.70625],[-9.17169,38.70625],[-9.17106,38.70581],[-9.17101,38.70575],[-9.17043,38.70558],[-9.1698,38.70557],[-9.16917,38.70557],[-9.16854,38.70563],[-9.16791,38.70552],[-9.16728,38.7056],[-9.16679,38.70512],[-9.16665,38.705],[-9.16601,38.705],[-9.16584,38.70512],[-9.16538,38.7054],[-9.16497,38.70512],[-9.16475,38.70498],[-9.16415,38.70512],[-9.16412,38.70513],[-9.16349,38.70513],[-9.16286,38.70518],[-9.16279,38.70512],[-9.16223,38.70483],[-9.16185,38.70512],[-9.1616,38.70535],[-9.16097,38.70558],[-9.16034,38.70558],[-9.16012,38.70575],[-9.15971,38.70621],[-9.15945,38.70638],[-9.15908,38.70661],[-9.15855,38.70701],[-9.15845,38.70765],[-9.15824,38.70701],[-9.15782,38.70688],[-9.15718,38.70688],[-9.15655,38.70682],[-9.15592,38.7069],[-9.15578,38.70701],[-9.15578,38.70765],[-9.15529,38.7082],[-9.15466,38.7082],[-9.15403,38.7081],[-9.1534,38.70805],[-9.15306,38.70828],[-9.15277,38.70858],[-9.15256,38.70828],[-9.15214,38.70802],[-9.15151,38.70802],[-9.15088,38.70799],[-9.15068,38.70765],[-9.15068,38.70701],[-9.15056,38.70638],[-9.1508,38.70575],[-9.1508,38.70512],[-9.15088,38.70512],[-9.15141,38.70512],[-9.15141,38.70575],[-9.15127,38.70638],[-9.15151,38.70678],[-9.15214,38.70678],[-9.15277,38.70652],[-9.15312,38.70638],[-9.1534,38.70627],[-9.15403,38.70626],[-9.15454,38.70638],[-9.15403,38.70665],[-9.15378,38.70701],[-9.15403,38.70736],[-9.15454,38.70765],[-9.15466,38.70768],[-9.15529,38.70768],[-9.15532,38.70765],[-9.15534,38.70701],[-9.15592,38.70656],[-9.15639,38.70638],[-9.15655,38.70628],[-9.15674,38.70638],[-9.15718,38.70653],[-9.15782,38.70653],[-9.15845,38.70664],[-9.15881,38.70638],[-9.15903,38.70575],[-9.15908,38.70571],[-9.15939,38.70575],[-9.15971,38.70578],[-9.15973,38.70575],[-9.16034,38.70526],[-9.16097,38.70526],[-9.1613,38.70512],[-9.1616,38.70469],[-9.16223,38.70451],[-9.16286,38.70454],[-9.16299,38.70449],[-9.16286,38.7044],[-9.16223,38.70444],[-9.16183,38.70386],[-9.16163,38.70323],[-9.1616,38.70321],[-9.16155,38.70323],[-9.16097,38.70373],[-9.16034,38.70373],[-9.15971,38.7038],[-9.15908,38.70379],[-9.15893,38.70386],[-9.15845,38.70427],[-9.15782,38.70424],[-9.15718,38.70424],[-9.15681,38.70424],[-9.15718,38.70386],[-9.15782,38.70323],[-9.15845,38.70323],[-9.15858,38.70323],[-9.15908,38.70349],[-9.15971,38.7035],[-9.16034,38.70329],[-9.16097,38.70329],[-9.16104,38.70323],[-9.1616,38.70296],[-9.1619,38.70323],[-9.16223,38.70375],[-9.16286,38.70367],[-9.16349,38.70342],[-9.16412,38.70342],[-9.16475,38.70328],[-9.16509,38.70323],[-9.16538,38.70315],[-9.16601,38.7029],[-9.16665,38.7029],[-9.16728,38.70271],[-9.16753,38.7026],[-9.16791,38.70239],[-9.16854,38.70218],[-9.16917,38.70205],[-9.1698,38.70205],[-9.17043,38.70207],[-9.17106,38.70204],[-9.17119,38.70197],[-9.17106,38.70181],[-9.17068,38.70134],[-9.17068,38.70071],[-9.17106,38.70037],[-9.17169,38.70011],[-9.17232,38.70011],[-9.1724,38.70008],[-9.17295,38.69974],[-9.17325,38.69945],[-9.17358,38.69925],[-9.17385,38.69945],[-9.17421,38.69975],[-9.17484,38.70004],[-9.17548,38.70004],[-9.17551,38.70008],[-9.17611,38.70054],[-9.17674,38.70043],[-9.17737,38.70043],[-9.17778,38.70008],[-9.178,38.69949],[-9.17863,38.69949],[-9.17867,38.69945],[-9.17926,38.69924],[-9.17963,38.69882],[-9.17989,38.69846],[-9.18052,38.69835],[-9.18115,38.69835],[-9.18167,38.69818],[-9.18167,38.69755],[-9.18178,38.69755],[-9.18237,38.69755],[-9.18237,38.69818],[-9.18178,38.69842],[-9.18115,38.69864],[-9.18052,38.69864],[-9.18009,38.69882],[-9.17989,38.69922],[-9.17973,38.69945],[-9.17963,38.70008],[-9.17989,38.70021],[-9.18017,38.70008],[-9.18052,38.69992],[-9.18115,38.69992],[-9.18146,38.70008],[-9.18178,38.70056],[-9.18241,38.70068],[-9.18304,38.7006],[-9.18368,38.70067],[-9.18431,38.70067],[-9.18494,38.70052],[-9.18557,38.70025],[-9.18588,38.70008],[-9.1862,38.69992],[-9.18663,38.69945],[-9.18674,38.69882],[-9.18665,38.69818],[-9.1862,38.69788],[-9.18588,38.69755],[-9.18588,38.69692],[-9.1862,38.69692],[-9.18657,38.69692],[-9.18671,38.69755],[-9.18683,38.69765],[-9.18746,38.69765],[-9.18755,38.69755],[-9.18809,38.69734],[-9.18866,38.69692],[-9.18866,38.69629],[-9.18872,38.69629],[-9.18904,38.69629],[-9.18904,38.69692],[-9.18935,38.69704],[-9.18998,38.69704],[-9.1902,38.69692],[-9.19061,38.69686],[-9.19124,38.69674],[-9.19187,38.6966],[-9.19251,38.69656],[-9.19314,38.69656],[-9.19377,38.69648],[-9.1944,38.69629],[-9.19503,38.69629],[-9.19566,38.69629],[-9.19629,38.69659],[-9.19692,38.69676],[-9.1971,38.69692],[-9.19755,38.69721],[-9.19818,38.69725],[-9.19881,38.69725],[-9.19914,38.69755],[-9.19944,38.69796],[-9.19953,38.69818],[-9.20007,38.6987],[-9.20017,38.69882],[-9.2004,38.69945],[-9.20058,38.70008],[-9.20058,38.70071],[-9.2007,38.70087],[-9.20116,38.70134],[-9.20134,38.70192],[-9.20197,38.70192],[-9.2026,38.70195],[-9.20323,38.70147],[-9.20338,38.70134],[-9.20386,38.70071],[-9.20449,38.70071],[-9.20449,38.70008],[-9.20472,38.69945],[-9.20512,38.699],[-9.20517,38.69882],[-9.20512,38.69868],[-9.20496,38.69818],[-9.20449,38.69772],[-9.20386,38.69772],[-9.20368,38.69755],[-9.20386,38.69732],[-9.20449,38.69732],[-9.20512,38.69721],[-9.20553,38.69692],[-9.20575,38.69681],[-9.20638,38.69668],[-9.20701,38.69653],[-9.20764,38.69653],[-9.20827,38.69686],[-9.20836,38.69692],[-9.20871,38.69755],[-9.2089,38.69763],[-9.20953,38.6979],[-9.20973,38.69818],[-9.2097,38.69882],[-9.20961,38.69945],[-9.20994,38.70008],[-9.20994,38.70071],[-9.21017,38.70127],[-9.2108,38.70127],[-9.21087,38.70134],[-9.21143,38.70173],[-9.21167,38.70197],[-9.21195,38.7026],[-9.21185,38.70323],[-9.21143,38.70358],[-9.21109,38.70386],[-9.2108,38.70412],[-9.21017,38.70443],[-9.20953,38.70443],[-9.20933,38.70449],[-9.2089,38.70475],[-9.20827,38.70469],[-9.20817,38.70512],[-9.20764,38.70548],[-9.20701,38.70548],[-9.20638,38.70552],[-9.20575,38.70548],[-9.20553,38.70575],[-9.20512,38.70606],[-9.20465,38.70638],[-9.20494,38.70701],[-9.20498,38.70765],[-9.20512,38.70823],[-9.20575,38.7079],[-9.20607,38.70828],[-9.20575,38.70846],[-9.20512,38.70843],[-9.20509,38.70891],[-9.20512,38.70929],[-9.20517,38.70954],[-9.20512,38.71017],[-9.20549,38.7108],[-9.20512,38.71114],[-9.20476,38.71143],[-9.20449,38.71166],[-9.20386,38.71166],[-9.2035,38.71143],[-9.20323,38.71084],[-9.2026,38.71105],[-9.20197,38.71095],[-9.20134,38.71101],[-9.2007,38.71101],[-9.20007,38.71097],[-9.19951,38.71143],[-9.19959,38.71206],[-9.1995,38.71269],[-9.19944,38.71281],[-9.19881,38.71316],[-9.19818,38.71316],[-9.19799,38.71332],[-9.19799,38.71395],[-9.19818,38.71455],[-9.19881,38.71455],[-9.19882,38.71458],[-9.19881,38.7146],[-9.19818,38.7146],[-9.19755,38.71473],[-9.19692,38.71492],[-9.19658,38.71458],[-9.19629,38.7144],[-9.19608,38.71458],[-9.19629,38.71515],[-9.19636,38.71521],[-9.19629,38.71524],[-9.19566,38.71548],[-9.19503,38.71548],[-9.1944,38.71558],[-9.19428,38.71521],[-9.19398,38.71458],[-9.19408,38.71395],[-9.19408,38.71332],[-9.19388,38.71269],[-9.19377,38.7125],[-9.19348,38.71206]],[[-9.18852,38.70765],[-9.18872,38.70792],[-9.18895,38.70765],[-9.18895,38.70701],[-9.18872,38.70645],[-9.18852,38.70701],[-9.18852,38.70765]],[[-9.1881,38.70828],[-9.18809,38.70827],[-9.18806,38.70828],[-9.18746,38.70891],[-9.18796,38.70954],[-9.18809,38.70957],[-9.18816,38.70954],[-9.18835,38.70891],[-9.1881,38.70828]],[[-9.18683,38.70872],[-9.1862,38.70872],[-9.18615,38.70891],[-9.1862,38.70898],[-9.18683,38.70898],[-9.18746,38.70891],[-9.18683,38.70872]],[[-9.18531,38.70954],[-9.18557,38.70981],[-9.18574,38.70954],[-9.18557,38.70941],[-9.18531,38.70954]],[[-9.18494,38.70992],[-9.18449,38.70954],[-9.18431,38.70938],[-9.18368,38.70938],[-9.18352,38.70954],[-9.18368,38.71017],[-9.18431,38.71017],[-9.18494,38.71051],[-9.18521,38.71017],[-9.18494,38.70992]],[[-9.18831,38.69945],[-9.18872,38.69962],[-9.18899,38.69945],[-9.18872,38.69895],[-9.18831,38.69945]],[[-9.18368,38.70135],[-9.18431,38.70135],[-9.18438,38.70134],[-9.18431,38.70123],[-9.18368,38.70123],[-9.18362,38.70134],[-9.18368,38.70135]],[[-9.17976,38.70197],[-9.17989,38.70134],[-9.17926,38.70156],[-9.17904,38.70197],[-9.17926,38.70218],[-9.17976,38.70197]],[[-9.17669,38.70449],[-9.17674,38.70446],[-9.17737,38.70449],[-9.178,38.7047],[-9.17863,38.7047],[-9.17881,38.70449],[-9.17863,38.704],[-9.178,38.704],[-9.1779,38.70386],[-9.1778,38.70323],[-9.17771,38.7026],[-9.17767,38.70197],[-9.17737,38.70149],[-9.17674,38.70184],[-9.17611,38.70162],[-9.17568,38.70134],[-9.17568,38.70071],[-9.17548,38.70057],[-9.17484,38.70057],[-9.17462,38.70071],[-9.17462,38.70134],[-9.17421,38.70163],[-9.17383,38.70134],[-9.17383,38.70071],[-9.17358,38.70043],[-9.17333,38.70071],[-9.17333,38.70134],[-9.17295,38.70155],[-9.17232,38.7015],[-9.17169,38.7015],[-9.17161,38.70197],[-9.17106,38.7023],[-9.17043,38.70234],[-9.1698,38.70241],[-9.16917,38.70241],[-9.16854,38.70254],[-9.16837,38.7026],[-9.16791,38.70282],[-9.16728,38.70302],[-9.16665,38.7031],[-9.16601,38.7031],[-9.16575,38.70323],[-9.16538,38.70349],[-9.16475,38.70362],[-9.16412,38.70372],[-9.16349,38.70372],[-9.16318,38.70386],[-9.16349,38.70424],[-9.16412,38.70424],[-9.16438,38.70449],[-9.16475,38.70464],[-9.16513,38.70449],[-9.16538,38.70437],[-9.16568,38.70449],[-9.16601,38.70462],[-9.16665,38.70462],[-9.16726,38.70512],[-9.16728,38.70514],[-9.16733,38.70512],[-9.16791,38.70492],[-9.16846,38.70512],[-9.16854,38.70515],[-9.16917,38.70517],[-9.1698,38.70517],[-9.16996,38.70512],[-9.17043,38.70489],[-9.171,38.70512],[-9.17106,38.70515],[-9.17112,38.70512],[-9.17169,38.70461],[-9.17232,38.70461],[-9.17258,38.70512],[-9.17293,38.70575],[-9.17295,38.70577],[-9.17306,38.70575],[-9.17358,38.70569],[-9.17421,38.70574],[-9.17424,38.70575],[-9.17421,38.70583],[-9.17358,38.70587],[-9.17334,38.70638],[-9.17358,38.70671],[-9.17414,38.70701],[-9.17413,38.70765],[-9.17421,38.70775],[-9.1743,38.70765],[-9.1743,38.70701],[-9.17484,38.70658],[-9.17548,38.70658],[-9.17579,38.70638],[-9.17611,38.70626],[-9.17674,38.70581],[-9.17679,38.70575],[-9.17715,38.70512],[-9.17674,38.70454],[-9.17669,38.70449]],[[-9.17339,38.70828],[-9.17358,38.70867],[-9.17374,38.70828],[-9.17358,38.70815],[-9.17339,38.70828]],[[-9.21143,38.70243],[-9.21122,38.70197],[-9.2108,38.70161],[-9.21017,38.70161],[-9.20986,38.70134],[-9.20966,38.70071],[-9.20966,38.70008],[-9.20953,38.69986],[-9.20915,38.70008],[-9.20915,38.70071],[-9.2089,38.70096],[-9.20827,38.70075],[-9.20807,38.70071],[-9.20807,38.70008],[-9.20827,38.69995],[-9.20855,38.69945],[-9.20827,38.69911],[-9.20764,38.69902],[-9.20701,38.69902],[-9.20638,38.69935],[-9.2063,38.69945],[-9.20575,38.69991],[-9.20545,38.70008],[-9.20512,38.70071],[-9.20517,38.70134],[-9.20512,38.70144],[-9.20503,38.70197],[-9.20512,38.70236],[-9.2052,38.7026],[-9.20575,38.70317],[-9.20638,38.7032],[-9.20644,38.70323],[-9.20638,38.70337],[-9.20575,38.70386],[-9.20638,38.70398],[-9.20688,38.70449],[-9.20701,38.70469],[-9.20764,38.70469],[-9.20773,38.70449],[-9.20827,38.70393],[-9.2089,38.70401],[-9.20953,38.7042],[-9.21017,38.7042],[-9.21066,38.70386],[-9.2108,38.70366],[-9.21133,38.70323],[-9.21143,38.70297],[-9.21152,38.7026],[-9.21143,38.70243]],[[-9.19818,38.71271],[-9.19881,38.71271],[-9.19884,38.71269],[-9.19881,38.71265],[-9.19818,38.71265],[-9.19812,38.71269],[-9.19818,38.71271]],[[-9.20007,38.71002],[-9.20047,38.71017],[-9.2007,38.71023],[-9.20134,38.71023],[-9.20197,38.71021],[-9.20206,38.71017],[-9.2026,38.70957],[-9.20323,38.70954],[-9.20386,38.71011],[-9.20449,38.71011],[-9.20459,38.70954],[-9.20454,38.70891],[-9.20449,38.70864],[-9.20386,38.70864],[-9.20375,38.70828],[-9.20375,38.70765],[-9.20377,38.70701],[-9.20323,38.70679],[-9.2026,38.70667],[-9.20197,38.70675],[-9.20134,38.70675],[-9.2007,38.70661],[-9.20007,38.7068],[-9.19987,38.70701],[-9.19987,38.70765],[-9.19969,38.70828],[-9.19944,38.70878],[-9.19881,38.70845],[-9.19818,38.70845],[-9.19755,38.70828],[-9.19692,38.70828],[-9.19629,38.7087],[-9.19566,38.70882],[-9.19503,38.70882],[-9.1944,38.70886],[-9.19434,38.70891],[-9.19428,38.70954],[-9.19417,38.71017],[-9.19392,38.7108],[-9.19413,38.71143],[-9.1944,38.71187],[-9.19478,38.71206],[-9.1944,38.71253],[-9.19438,38.71269],[-9.1944,38.71273],[-9.19503,38.7129],[-9.19566,38.7129],[-9.19629,38.71294],[-9.19692,38.71314],[-9.19725,38.71269],[-9.19755,38.71224],[-9.19769,38.71206],[-9.19783,38.71143],[-9.19818,38.71087],[-9.19881,38.71087],[-9.19889,38.7108],[-9.19881,38.71017],[-9.19944,38.71045],[-9.19988,38.71017],[-9.20007,38.71002]],[[-9.18523,38.70891],[-9.18557,38.70907],[-9.18576,38.70891],[-9.18575,38.70828],[-9.18557,38.70799],[-9.18505,38.70828],[-9.18523,38.70891]],[[-9.20572,38.69882],[-9.20575,38.69888],[-9.20583,38.69882],[-9.20575,38.69875],[-9.20572,38.69882]],[[-9.20242,38.70575],[-9.2026,38.70587],[-9.20286,38.70575],[-9.2026,38.70561],[-9.20242,38.70575]],[[-9.20134,38.7046],[-9.20197,38.7046],[-9.20212,38.70449],[-9.20197,38.70426],[-9.20134,38.70426],[-9.20127,38.70449],[-9.20134,38.7046]],[[-9.19722,38.70323],[-9.19755,38.70304],[-9.19818,38.70286],[-9.19881,38.70286],[-9.19944,38.70321],[-9.19946,38.70323],[-9.19944,38.70334],[-9.19881,38.70366],[-9.19818,38.70366],[-9.19788,38.70386],[-9.19818,38.70401],[-9.19881,38.70401],[-9.19944,38.70402],[-9.19958,38.70386],[-9.20007,38.70366],[-9.20049,38.70323],[-9.20007,38.70262],[-9.20006,38.7026],[-9.20007,38.70253],[-9.20058,38.70197],[-9.20032,38.70134],[-9.20007,38.70092],[-9.20001,38.70071],[-9.20001,38.70008],[-9.19985,38.69945],[-9.19964,38.69882],[-9.19944,38.69862],[-9.19885,38.69818],[-9.19881,38.69814],[-9.19818,38.69814],[-9.19755,38.69809],[-9.19692,38.69783],[-9.19629,38.69772],[-9.19592,38.69755],[-9.19566,38.6973],[-9.19503,38.6973],[-9.1944,38.69692],[-9.19377,38.69687],[-9.19314,38.69687],[-9.19251,38.69687],[-9.19187,38.69685],[-9.19124,38.69688],[-9.19105,38.69692],[-9.19102,38.69755],[-9.19124,38.69781],[-9.19187,38.698],[-9.19241,38.69818],[-9.19221,38.69882],[-9.19201,38.69945],[-9.19217,38.70008],[-9.1919,38.70071],[-9.1919,38.70134],[-9.19203,38.70197],[-9.19187,38.70241],[-9.19173,38.7026],[-9.19177,38.70323],[-9.19187,38.70355],[-9.19251,38.70344],[-9.19314,38.70344],[-9.19327,38.70386],[-9.19361,38.70449],[-9.19363,38.70512],[-9.19377,38.70527],[-9.19401,38.70512],[-9.19402,38.70449],[-9.1944,38.70427],[-9.19473,38.70449],[-9.19503,38.70505],[-9.19566,38.70505],[-9.1957,38.70512],[-9.19629,38.70564],[-9.19646,38.70575],[-9.19692,38.70607],[-9.19706,38.70575],[-9.19713,38.70512],[-9.19755,38.70456],[-9.19759,38.70449],[-9.19755,38.70439],[-9.19692,38.70423],[-9.19629,38.70403],[-9.1961,38.70386],[-9.19629,38.70367],[-9.19692,38.70366],[-9.19722,38.70323]],[[-9.19503,38.70608],[-9.1944,38.70624],[-9.19432,38.70638],[-9.1944,38.70651],[-9.19503,38.70658],[-9.19566,38.70658],[-9.19604,38.70638],[-9.19566,38.70608],[-9.19503,38.70608]]],[[[-9.17948,38.70891],[-9.17926,38.70954],[-9.17912,38.70891],[-9.17926,38.70873],[-9.17948,38.70891]]],[[[-9.17863,38.71117],[-9.17905,38.7108],[-9.17926,38.71046],[-9.17989,38.71023],[-9.18046,38.7108],[-9.18052,38.71096],[-9.18115,38.71096],[-9.18133,38.71143],[-9.18115,38.71154],[-9.18052,38.71154],[-9.18007,38.71206],[-9.17989,38.7122],[-9.17926,38.71232],[-9.17863,38.71216],[-9.178,38.71216],[-9.17791,38.71206],[-9.17774,38.71143],[-9.178,38.71117],[-9.17863,38.71117]]],[[[-9.17043,38.71225],[-9.17013,38.71206],[-9.17043,38.71164],[-9.17054,38.71206],[-9.17043,38.71225]]],[[[-9.14834,38.71206],[-9.14835,38.71203],[-9.14898,38.71203],[-9.14901,38.71206],[-9.14898,38.71208],[-9.14835,38.71208],[-9.14834,38.71206]]],[[[-9.16538,38.71277],[-9.16535,38.71269],[-9.16538,38.71264],[-9.16573,38.71206],[-9.16601,38.71192],[-9.16665,38.71192],[-9.16728,38.71182],[-9.16754,38.71206],[-9.16791,38.71257],[-9.16803,38.71269],[-9.16835,38.71332],[-9.16835,38.71395],[-9.16854,38.71419],[-9.16893,38.71458],[-9.16858,38.71521],[-9.16854,38.71526],[-9.16836,38.71521],[-9.16791,38.7151],[-9.16781,38.71521],[-9.16728,38.71567],[-9.16667,38.71584],[-9.16665,38.71589],[-9.16601,38.71589],[-9.166,38.71584],[-9.16585,38.71521],[-9.16538,38.71458],[-9.16548,38.71395],[-9.16548,38.71332],[-9.16538,38.71277]],[[-9.16728,38.71527],[-9.16734,38.71521],[-9.16728,38.71487],[-9.16719,38.71521],[-9.16728,38.71527]]],[[[-9.17114,38.71774],[-9.17106,38.71781],[-9.17089,38.71774],[-9.17106,38.71756],[-9.17114,38.71774]]],[[[-9.16359,38.71963],[-9.16359,38.72026],[-9.16349,38.72032],[-9.16286,38.72032],[-9.16236,38.72089],[-9.16223,38.72102],[-9.16213,38.72089],[-9.16193,38.72026],[-9.16223,38.71966],[-9.16236,38.71963],[-9.16286,38.71953],[-9.16349,38.71953],[-9.16359,38.71963]]],[[[-9.16253,38.72152],[-9.16286,38.72119],[-9.16349,38.72119],[-9.16392,38.72152],[-9.16349,38.72179],[-9.16286,38.72179],[-9.16253,38.72152]]],[[[-9.16412,38.72244],[-9.164,38.72215],[-9.16412,38.7219],[-9.16457,38.72215],[-9.16412,38.72244]]],[[[-9.16854,38.72404],[-9.16854,38.72468],[-9.16838,38.72531],[-9.16796,38.72594],[-9.16796,38.72657],[-9.16791,38.7266],[-9.16783,38.72657],[-9.16783,38.72594],[-9.1675,38.72531],[-9.16728,38.72505],[-9.16665,38.72468],[-9.16601,38.72468],[-9.16538,38.72462],[-9.16475,38.7244],[-9.16412,38.72421],[-9.16401,38.72404],[-9.16412,38.7238],[-9.16436,38.72341],[-9.16475,38.72306],[-9.16491,38.72278],[-9.16538,38.72219],[-9.16544,38.72215],[-9.16594,38.72152],[-9.16601,38.72145],[-9.16665,38.72145],[-9.16728,38.72146],[-9.16737,38.72152],[-9.16791,38.7219],[-9.16838,38.72215],[-9.16854,38.7222],[-9.16917,38.72252],[-9.1698,38.72252],[-9.16994,38.72278],[-9.16998,38.72341],[-9.17043,38.72376],[-9.17079,38.72404],[-9.17106,38.72459],[-9.17113,38.72468],[-9.17169,38.72497],[-9.17232,38.72497],[-9.17247,38.72531],[-9.17232,38.72564],[-9.17169,38.72564],[-9.17154,38.72594],[-9.17154,38.72657],[-9.17106,38.72693],[-9.17078,38.72657],[-9.17078,38.72594],[-9.17043,38.7255],[-9.1698,38.72567],[-9.16952,38.72531],[-9.16917,38.72468],[-9.16854,38.72404]],[[-9.16728,38.7242],[-9.16746,38.72404],[-9.16728,38.72389],[-9.16677,38.72404],[-9.16728,38.7242]],[[-9.16665,38.72333],[-9.16601,38.72333],[-9.16597,38.72341],[-9.16601,38.72373],[-9.16665,38.72373],[-9.16669,38.72341],[-9.16665,38.72333]]],[[[-9.17169,38.72884],[-9.17156,38.72846],[-9.17169,38.72827],[-9.17232,38.72827],[-9.17235,38.72846],[-9.17232,38.72884],[-9.17169,38.72884]]],[[[-9.1706,38.73603],[-9.17043,38.73615],[-9.17039,38.73603],[-9.17043,38.73597],[-9.1706,38.73603]]],[[[-9.18241,38.74387],[-9.18222,38.7436],[-9.18241,38.74322],[-9.18246,38.7436],[-9.18241,38.74387]]],[[[-9.18283,38.74423],[-9.18304,38.7442],[-9.18368,38.7442],[-9.18373,38.74423],[-9.18368,38.74441],[-9.18304,38.74441],[-9.18283,38.74423]]],[[[-9.17297,38.74738],[-9.17295,38.74747],[-9.17292,38.74738],[-9.17295,38.74737],[-9.17297,38.74738]]],[[[-9.15057,38.74801],[-9.15025,38.74839],[-9.14964,38.74801],[-9.15025,38.7474],[-9.15057,38.74801]]],[[[-9.15214,38.74783],[-9.15245,38.74801],[-9.15249,38.74864],[-9.15214,38.7488],[-9.15151,38.7488],[-9.15088,38.7487],[-9.15073,38.74864],[-9.15088,38.74854],[-9.15139,38.74801],[-9.15151,38.74783],[-9.15214,38.74783]]],[[[-9.17421,38.75022],[-9.17358,38.7499],[-9.17421,38.74978],[-9.17484,38.74978],[-9.17548,38.7499],[-9.17484,38.75022],[-9.17421,38.75022]]],[[[-9.18183,38.75054],[-9.18178,38.75079],[-9.18173,38.75054],[-9.18178,38.75047],[-9.18183,38.75054]]],[[[-9.14583,38.79219],[-9.14586,38.79216],[-9.14646,38.79181],[-9.14697,38.79153],[-9.14709,38.79147],[-9.14724,38.79153],[-9.14709,38.79185],[-9.14699,38.79216],[-9.14709,38.79227],[-9.14772,38.7923],[-9.14835,38.7923],[-9.14854,38.79216],[-9.14884,38.79153],[-9.14898,38.79149],[-9.14927,38.79153],[-9.14962,38.79158],[-9.14968,38.79153],[-9.15025,38.79104],[-9.15041,38.7909],[-9.15041,38.79027],[-9.15051,38.78964],[-9.15067,38.78901],[-9.15071,38.78838],[-9.15069,38.78775],[-9.15067,38.78712],[-9.15025,38.78687],[-9.14987,38.78649],[-9.14962,38.78629],[-9.14898,38.78635],[-9.14835,38.78622],[-9.14772,38.78622],[-9.14764,38.78586],[-9.14768,38.78523],[-9.14709,38.78496],[-9.14652,38.78459],[-9.14652,38.78396],[-9.14646,38.7839],[-9.14583,38.78393],[-9.1452,38.78393],[-9.14457,38.78386],[-9.14425,38.78396],[-9.14425,38.78459],[-9.14394,38.78478],[-9.14331,38.78509],[-9.14302,38.78523],[-9.14331,38.78538],[-9.14373,38.78586],[-9.14394,38.78617],[-9.1441,38.78649],[-9.14448,38.78712],[-9.14394,38.78729],[-9.14331,38.78759],[-9.14299,38.78712],[-9.14268,38.78666],[-9.14205,38.78666],[-9.14178,38.78649],[-9.14164,38.78586],[-9.14142,38.78576],[-9.14079,38.78564],[-9.14046,38.78586],[-9.14015,38.78619],[-9.13952,38.78619],[-9.13922,38.78586],[-9.13925,38.78523],[-9.13906,38.78459],[-9.13906,38.78396],[-9.13889,38.78358],[-9.13877,38.78333],[-9.13889,38.78295],[-9.13906,38.7827],[-9.13952,38.78213],[-9.14015,38.78213],[-9.14079,38.78207],[-9.14068,38.78144],[-9.14061,38.78081],[-9.14079,38.78065],[-9.14142,38.78041],[-9.14163,38.78018],[-9.14205,38.7798],[-9.14268,38.7798],[-9.14294,38.77955],[-9.14331,38.77937],[-9.14394,38.77939],[-9.14418,38.77955],[-9.14394,38.77966],[-9.14349,38.78018],[-9.14394,38.78045],[-9.14429,38.78018],[-9.14457,38.77973],[-9.1452,38.77972],[-9.14583,38.77972],[-9.14613,38.77955],[-9.14646,38.77892],[-9.14709,38.77922],[-9.14772,38.77921],[-9.14811,38.77892],[-9.14835,38.77866],[-9.14898,38.77866],[-9.14962,38.77854],[-9.14999,38.77829],[-9.14989,38.77766],[-9.15025,38.77707],[-9.15038,38.77703],[-9.15045,38.77639],[-9.15088,38.77597],[-9.15151,38.77597],[-9.15163,38.77576],[-9.15151,38.77563],[-9.15088,38.77563],[-9.15025,38.77573],[-9.14987,38.77513],[-9.14975,38.7745],[-9.14972,38.77387],[-9.15025,38.77348],[-9.15088,38.77381],[-9.15151,38.77381],[-9.15201,38.77324],[-9.15214,38.77316],[-9.15277,38.77274],[-9.1534,38.77262],[-9.15341,38.77261],[-9.1534,38.7726],[-9.15286,38.77198],[-9.15281,38.77135],[-9.15277,38.7711],[-9.15259,38.77072],[-9.15214,38.77055],[-9.15151,38.77016],[-9.15088,38.77016],[-9.15076,38.77009],[-9.15025,38.7695],[-9.15022,38.76946],[-9.15025,38.76944],[-9.1507,38.76883],[-9.15055,38.7682],[-9.15082,38.76756],[-9.15059,38.76693],[-9.15044,38.7663],[-9.15058,38.76567],[-9.15052,38.76504],[-9.15052,38.76441],[-9.15025,38.76413],[-9.14962,38.76403],[-9.14942,38.76378],[-9.14962,38.76342],[-9.15025,38.76352],[-9.15088,38.76361],[-9.15151,38.76361],[-9.15174,38.76315],[-9.1521,38.76252],[-9.15188,38.76189],[-9.15151,38.76126],[-9.15088,38.76126],[-9.15037,38.76063],[-9.15052,38.76],[-9.15088,38.75952],[-9.15151,38.75952],[-9.1518,38.75937],[-9.15214,38.75881],[-9.15215,38.75873],[-9.15215,38.7581],[-9.15214,38.75808],[-9.15151,38.75803],[-9.15088,38.75803],[-9.15062,38.75747],[-9.15088,38.75697],[-9.15151,38.75697],[-9.15153,38.75684],[-9.15151,38.75621],[-9.15088,38.75621],[-9.15067,38.75684],[-9.15025,38.757],[-9.15003,38.75747],[-9.1501,38.7581],[-9.1501,38.75873],[-9.14962,38.75906],[-9.1493,38.75937],[-9.14911,38.76],[-9.14898,38.76004],[-9.14835,38.76004],[-9.14804,38.76],[-9.14772,38.75991],[-9.14709,38.75997],[-9.14646,38.75983],[-9.14583,38.75996],[-9.1452,38.75996],[-9.14458,38.75937],[-9.14457,38.75935],[-9.14455,38.75937],[-9.14394,38.75983],[-9.14331,38.75991],[-9.14268,38.75991],[-9.1424,38.76],[-9.14205,38.76009],[-9.14157,38.76063],[-9.14142,38.76092],[-9.14103,38.76126],[-9.14079,38.76143],[-9.14015,38.76137],[-9.13952,38.76137],[-9.13932,38.76126],[-9.13889,38.76079],[-9.13826,38.76091],[-9.13801,38.76063],[-9.13763,38.76032],[-9.137,38.76052],[-9.13637,38.76052],[-9.13595,38.76063],[-9.13574,38.76066],[-9.13558,38.76063],[-9.13511,38.76049],[-9.1348,38.76063],[-9.13448,38.76116],[-9.13385,38.76116],[-9.13382,38.76126],[-9.13322,38.76185],[-9.13259,38.76166],[-9.13196,38.76187],[-9.13132,38.76187],[-9.13069,38.76187],[-9.13006,38.76168],[-9.12943,38.76138],[-9.12934,38.76126],[-9.12933,38.76063],[-9.1288,38.76018],[-9.12817,38.76018],[-9.12754,38.76001],[-9.1275,38.76],[-9.12737,38.75937],[-9.12744,38.75873],[-9.12691,38.75832],[-9.12662,38.7581],[-9.12628,38.75757],[-9.12617,38.75747],[-9.12565,38.75714],[-9.12502,38.75714],[-9.12471,38.75684],[-9.12439,38.75653],[-9.12376,38.75641],[-9.12365,38.75621],[-9.12313,38.75593],[-9.12279,38.75621],[-9.12249,38.75642],[-9.12186,38.75642],[-9.12123,38.75665],[-9.12104,38.75621],[-9.12123,38.75602],[-9.12158,38.75558],[-9.12131,38.75495],[-9.12123,38.75484],[-9.12082,38.75432],[-9.12062,38.75369],[-9.1206,38.75356],[-9.12044,38.75306],[-9.12059,38.75243],[-9.1206,38.75242],[-9.12068,38.75243],[-9.121,38.75306],[-9.12123,38.7531],[-9.12186,38.75311],[-9.12249,38.75311],[-9.12294,38.75306],[-9.12249,38.75296],[-9.12186,38.75296],[-9.12131,38.75243],[-9.12186,38.75194],[-9.12249,38.75194],[-9.12269,38.7518],[-9.12313,38.75161],[-9.12356,38.7518],[-9.12343,38.75243],[-9.12319,38.75306],[-9.12346,38.75369],[-9.12376,38.75392],[-9.12425,38.75369],[-9.12439,38.75364],[-9.12451,38.75369],[-9.12502,38.75402],[-9.12565,38.75402],[-9.1261,38.75432],[-9.12628,38.75445],[-9.12691,38.75484],[-9.12729,38.75432],[-9.1275,38.75369],[-9.12721,38.75306],[-9.12721,38.75243],[-9.12727,38.7518],[-9.12754,38.75155],[-9.12789,38.7518],[-9.12811,38.75243],[-9.12811,38.75306],[-9.12817,38.75313],[-9.1288,38.75313],[-9.12882,38.75306],[-9.12885,38.75243],[-9.1289,38.7518],[-9.1288,38.75154],[-9.12817,38.75154],[-9.1279,38.75117],[-9.12764,38.75054],[-9.12754,38.75041],[-9.127,38.75054],[-9.12691,38.75079],[-9.12683,38.75054],[-9.12672,38.7499],[-9.12628,38.74943],[-9.12581,38.74927],[-9.12565,38.74877],[-9.12502,38.74877],[-9.12501,38.74864],[-9.12502,38.74864],[-9.12565,38.74864],[-9.12615,38.74801],[-9.12628,38.74784],[-9.12661,38.74801],[-9.12691,38.74814],[-9.12754,38.74812],[-9.12801,38.74801],[-9.12754,38.74763],[-9.12691,38.74774],[-9.12671,38.74738],[-9.12678,38.74675],[-9.12628,38.7463],[-9.12616,38.74612],[-9.12614,38.74549],[-9.12565,38.74516],[-9.12502,38.74516],[-9.1245,38.74486],[-9.12439,38.74469],[-9.12376,38.74431],[-9.12313,38.74454],[-9.12249,38.74432],[-9.12186,38.74432],[-9.12183,38.74423],[-9.12123,38.74394],[-9.1206,38.74377],[-9.12036,38.74423],[-9.12016,38.74486],[-9.12019,38.74549],[-9.11997,38.74557],[-9.11934,38.74557],[-9.11918,38.74549],[-9.11871,38.74496],[-9.1186,38.74486],[-9.11857,38.74423],[-9.11808,38.74378],[-9.11788,38.7436],[-9.11808,38.74337],[-9.11831,38.74297],[-9.11808,38.74261],[-9.11764,38.74297],[-9.11745,38.74314],[-9.11726,38.74297],[-9.11686,38.74234],[-9.11682,38.74229],[-9.11619,38.74229],[-9.11596,38.7417],[-9.11601,38.74107],[-9.11556,38.74095],[-9.11509,38.74044],[-9.11502,38.73981],[-9.11493,38.73966],[-9.11475,38.73918],[-9.11454,38.73855],[-9.11429,38.73792],[-9.11471,38.73729],[-9.11461,38.73666],[-9.11493,38.73603],[-9.11429,38.73584],[-9.11366,38.73584],[-9.11305,38.7354],[-9.11316,38.73477],[-9.11303,38.73468],[-9.11272,38.73477],[-9.1124,38.73489],[-9.11177,38.73477],[-9.11114,38.73477],[-9.11051,38.73477],[-9.10988,38.73417],[-9.10925,38.73428],[-9.10912,38.73414],[-9.10882,38.73351],[-9.10876,38.73287],[-9.10925,38.7323],[-9.10935,38.73224],[-9.10925,38.73213],[-9.10891,38.73161],[-9.10862,38.73131],[-9.10799,38.73131],[-9.1076,38.73098],[-9.10766,38.73035],[-9.10799,38.73],[-9.10862,38.73],[-9.10895,38.72972],[-9.10925,38.72959],[-9.10977,38.72909],[-9.10988,38.729],[-9.11026,38.72909],[-9.11051,38.7292],[-9.11114,38.7292],[-9.11177,38.72915],[-9.11191,38.72909],[-9.1124,38.7286],[-9.11303,38.72856],[-9.11366,38.72884],[-9.11429,38.72884],[-9.11477,38.72846],[-9.11493,38.72832],[-9.11501,38.72846],[-9.11493,38.72909],[-9.11556,38.72953],[-9.11586,38.72972],[-9.11619,38.72995],[-9.11682,38.72995],[-9.11745,38.73],[-9.11808,38.72999],[-9.11852,38.72972],[-9.11851,38.72909],[-9.11871,38.72885],[-9.119,38.72846],[-9.11871,38.72818],[-9.11835,38.72846],[-9.11808,38.72869],[-9.11745,38.72871],[-9.11713,38.72846],[-9.11745,38.72783],[-9.11682,38.72774],[-9.11619,38.72774],[-9.11583,38.72783],[-9.11556,38.72791],[-9.11542,38.72783],[-9.11493,38.72756],[-9.11467,38.7272],[-9.11467,38.72657],[-9.11493,38.7264],[-9.11556,38.72637],[-9.11607,38.72594],[-9.11596,38.72531],[-9.11556,38.72478],[-9.11535,38.72468],[-9.11556,38.7245],[-9.11616,38.72404],[-9.11556,38.72341],[-9.11619,38.72323],[-9.11682,38.72323],[-9.11718,38.72341],[-9.11745,38.72363],[-9.11772,38.72341],[-9.11808,38.72311],[-9.11849,38.72278],[-9.11826,38.72215],[-9.11871,38.72194],[-9.11893,38.72152],[-9.11895,38.72089],[-9.11895,38.72026],[-9.11905,38.71963],[-9.1192,38.719],[-9.1193,38.71837],[-9.11934,38.71832],[-9.11997,38.71832],[-9.1206,38.71785],[-9.12082,38.71774],[-9.1209,38.71711],[-9.12103,38.71648],[-9.1206,38.71587],[-9.11997,38.71641],[-9.11934,38.71641],[-9.11932,38.71648],[-9.11871,38.71701],[-9.11849,38.71711],[-9.11808,38.71741],[-9.11778,38.71774],[-9.11745,38.71807],[-9.11691,38.71837],[-9.11682,38.71847],[-9.11619,38.71847],[-9.11609,38.71847],[-9.11619,38.71837],[-9.11682,38.71774],[-9.11745,38.71711],[-9.11753,38.71702],[-9.11808,38.71702],[-9.11871,38.71678],[-9.11906,38.71648],[-9.11918,38.71584],[-9.11934,38.71584],[-9.1196,38.71558],[-9.11997,38.71558],[-9.1206,38.71546],[-9.12096,38.71521],[-9.12117,38.71458],[-9.1206,38.71401],[-9.12054,38.71401],[-9.1206,38.71395],[-9.12123,38.71332],[-9.12186,38.71269],[-9.12212,38.71269],[-9.12249,38.71278],[-9.12313,38.71278],[-9.12319,38.71269],[-9.12313,38.71258],[-9.1226,38.71258],[-9.12313,38.71206],[-9.12331,38.71188],[-9.12376,38.71188],[-9.12382,38.71206],[-9.12376,38.71218],[-9.12356,38.71269],[-9.12376,38.71307],[-9.12439,38.71311],[-9.12502,38.71272],[-9.12565,38.71272],[-9.12628,38.71286],[-9.12653,38.71269],[-9.12691,38.71245],[-9.12754,38.71231],[-9.1279,38.71206],[-9.12817,38.71183],[-9.1288,38.71183],[-9.12943,38.71146],[-9.12946,38.71143],[-9.12987,38.7108],[-9.13006,38.71065],[-9.13069,38.71017],[-9.1304,38.70954],[-9.13006,38.70895],[-9.12943,38.70949],[-9.1288,38.70947],[-9.12817,38.70947],[-9.12791,38.70954],[-9.12754,38.70992],[-9.12691,38.71009],[-9.12673,38.71017],[-9.12628,38.71045],[-9.12565,38.71072],[-9.12502,38.71072],[-9.12446,38.71072],[-9.12502,38.71017],[-9.1253,38.70989],[-9.12565,38.70989],[-9.12628,38.70978],[-9.12691,38.70965],[-9.12707,38.70954],[-9.12754,38.70921],[-9.12817,38.70915],[-9.1288,38.70915],[-9.12911,38.70891],[-9.12943,38.70877],[-9.13006,38.70874],[-9.13066,38.70828],[-9.13069,38.70816],[-9.13081,38.70828],[-9.13132,38.70864],[-9.13196,38.70864],[-9.13227,38.70891],[-9.13233,38.70954],[-9.13259,38.71017],[-9.13196,38.71038],[-9.13132,38.71038],[-9.13094,38.7108],[-9.1309,38.71143],[-9.13069,38.71148],[-9.13038,38.71143],[-9.13006,38.7114],[-9.13004,38.71143],[-9.12959,38.71206],[-9.12945,38.71269],[-9.12943,38.71271],[-9.1288,38.7129],[-9.12817,38.7129],[-9.1277,38.71332],[-9.12787,38.71395],[-9.12787,38.71458],[-9.12754,38.7148],[-9.12731,38.71458],[-9.12731,38.71395],[-9.12712,38.71332],[-9.12691,38.71321],[-9.12646,38.71332],[-9.12628,38.71342],[-9.1261,38.71332],[-9.12565,38.71327],[-9.12502,38.71327],[-9.1249,38.71332],[-9.12491,38.71395],[-9.12491,38.71458],[-9.12439,38.71464],[-9.1239,38.71521],[-9.12376,38.71552],[-9.12313,38.71524],[-9.12249,38.71524],[-9.12186,38.71569],[-9.12165,38.71584],[-9.12186,38.71619],[-9.12249,38.71624],[-9.12313,38.71624],[-9.12325,38.71648],[-9.12344,38.71711],[-9.12372,38.71774],[-9.12376,38.71799],[-9.12389,38.71837],[-9.12391,38.719],[-9.12376,38.71916],[-9.12313,38.7194],[-9.12249,38.7194],[-9.12186,38.71942],[-9.12123,38.71934],[-9.12098,38.71963],[-9.12123,38.7199],[-9.12148,38.72026],[-9.12125,38.72089],[-9.12186,38.72123],[-9.12239,38.72152],[-9.12249,38.72163],[-9.12313,38.72163],[-9.12338,38.72215],[-9.12376,38.72275],[-9.12379,38.72278],[-9.12394,38.72341],[-9.12398,38.72404],[-9.12439,38.72428],[-9.12502,38.7243],[-9.12565,38.7243],[-9.12628,38.7242],[-9.12691,38.72449],[-9.12707,38.72468],[-9.12696,38.72531],[-9.12754,38.72584],[-9.12796,38.72594],[-9.12754,38.72636],[-9.1275,38.72657],[-9.1275,38.7272],[-9.12715,38.72783],[-9.12719,38.72846],[-9.12691,38.72868],[-9.12628,38.72876],[-9.12565,38.72877],[-9.12502,38.72877],[-9.12459,38.72909],[-9.12451,38.72972],[-9.12439,38.7299],[-9.12403,38.72972],[-9.12393,38.72909],[-9.12376,38.72905],[-9.12367,38.72909],[-9.12355,38.72972],[-9.12376,38.73019],[-9.12381,38.73035],[-9.12376,38.73044],[-9.12367,38.73098],[-9.12376,38.73106],[-9.12396,38.73098],[-9.12439,38.73063],[-9.12502,38.73088],[-9.12565,38.73088],[-9.12592,38.73098],[-9.12628,38.7311],[-9.12678,38.73098],[-9.12691,38.73092],[-9.12698,38.73098],[-9.12752,38.73161],[-9.12754,38.73166],[-9.12817,38.73197],[-9.1288,38.73197],[-9.1289,38.73224],[-9.12897,38.73287],[-9.12897,38.73351],[-9.12905,38.73414],[-9.12883,38.73477],[-9.1288,38.73492],[-9.12817,38.73492],[-9.12754,38.73511],[-9.1272,38.7354],[-9.12722,38.73603],[-9.12691,38.73666],[-9.12628,38.73725],[-9.12596,38.73729],[-9.1257,38.73792],[-9.12565,38.73798],[-9.12502,38.73798],[-9.1247,38.73855],[-9.12439,38.73891],[-9.12376,38.73876],[-9.12347,38.73918],[-9.12347,38.73981],[-9.12327,38.74044],[-9.12331,38.74107],[-9.12322,38.7417],[-9.12313,38.74181],[-9.12249,38.74181],[-9.12186,38.74181],[-9.12154,38.74234],[-9.12149,38.74297],[-9.12186,38.74314],[-9.12249,38.74314],[-9.12313,38.7433],[-9.12376,38.74313],[-9.12426,38.7436],[-9.12439,38.74372],[-9.12502,38.7439],[-9.12565,38.7439],[-9.12583,38.7436],[-9.12565,38.74334],[-9.12502,38.74334],[-9.12439,38.74297],[-9.12502,38.74278],[-9.12565,38.74278],[-9.12608,38.74297],[-9.12628,38.7431],[-9.12648,38.7436],[-9.12691,38.744],[-9.12754,38.74383],[-9.12771,38.74423],[-9.12817,38.7448],[-9.1288,38.7448],[-9.12886,38.74486],[-9.1288,38.7451],[-9.12817,38.7451],[-9.12805,38.74549],[-9.12808,38.74612],[-9.12817,38.7462],[-9.1288,38.7462],[-9.12943,38.74652],[-9.12979,38.74612],[-9.1296,38.74549],[-9.13006,38.74503],[-9.13032,38.74486],[-9.13069,38.74441],[-9.13132,38.74441],[-9.13196,38.74426],[-9.13203,38.74423],[-9.13259,38.74403],[-9.13284,38.74423],[-9.13259,38.74449],[-9.13235,38.74486],[-9.13196,38.7452],[-9.13132,38.74516],[-9.13069,38.74516],[-9.13047,38.74549],[-9.13046,38.74612],[-9.13033,38.74675],[-9.13055,38.74738],[-9.13069,38.7476],[-9.13132,38.7476],[-9.13178,38.74801],[-9.13196,38.74825],[-9.13259,38.74839],[-9.13279,38.74864],[-9.13262,38.74927],[-9.13298,38.7499],[-9.13259,38.75016],[-9.13196,38.75003],[-9.13132,38.75],[-9.13069,38.75],[-9.13052,38.7499],[-9.13006,38.74965],[-9.12978,38.7499],[-9.12943,38.75023],[-9.12911,38.75054],[-9.12921,38.75117],[-9.12943,38.75154],[-9.1296,38.7518],[-9.12968,38.75243],[-9.12947,38.75306],[-9.1298,38.75369],[-9.12971,38.75432],[-9.13006,38.75489],[-9.13025,38.75495],[-9.13039,38.75558],[-9.13006,38.75592],[-9.12979,38.75621],[-9.12978,38.75684],[-9.12978,38.75747],[-9.12963,38.7581],[-9.12972,38.75873],[-9.12995,38.75937],[-9.13004,38.76],[-9.13006,38.76004],[-9.13037,38.76063],[-9.13069,38.76109],[-9.13132,38.76109],[-9.13196,38.76111],[-9.13259,38.76104],[-9.13293,38.76126],[-9.13322,38.76141],[-9.13337,38.76126],[-9.13327,38.76063],[-9.13385,38.76025],[-9.13448,38.76025],[-9.13511,38.76002],[-9.1353,38.76],[-9.13511,38.75984],[-9.13478,38.75937],[-9.13478,38.75873],[-9.13492,38.7581],[-9.13471,38.75747],[-9.13511,38.757],[-9.13533,38.75684],[-9.13574,38.75658],[-9.1363,38.75621],[-9.13637,38.75619],[-9.137,38.75619],[-9.13713,38.75621],[-9.13718,38.75684],[-9.13763,38.75691],[-9.13826,38.75731],[-9.13889,38.75747],[-9.13866,38.75684],[-9.13889,38.75658],[-9.13923,38.75621],[-9.13889,38.75593],[-9.13857,38.75558],[-9.13889,38.75533],[-9.13942,38.75495],[-9.1393,38.75432],[-9.13889,38.75378],[-9.13826,38.75381],[-9.13786,38.75369],[-9.13763,38.75359],[-9.13702,38.75306],[-9.137,38.75303],[-9.13637,38.75303],[-9.13574,38.75266],[-9.13544,38.75243],[-9.13574,38.75189],[-9.13578,38.7518],[-9.13593,38.75117],[-9.13637,38.75054],[-9.137,38.75054],[-9.13763,38.75005],[-9.13774,38.7499],[-9.13791,38.74927],[-9.13826,38.74872],[-9.13885,38.74927],[-9.13889,38.74929],[-9.139,38.74927],[-9.13952,38.74899],[-9.14015,38.74899],[-9.1407,38.74864],[-9.14079,38.74846],[-9.14142,38.74839],[-9.14178,38.74864],[-9.14142,38.74914],[-9.1413,38.74927],[-9.14142,38.74936],[-9.14172,38.7499],[-9.14142,38.75054],[-9.14176,38.75117],[-9.14182,38.7518],[-9.14182,38.75243],[-9.14203,38.75306],[-9.14205,38.7531],[-9.14268,38.75328],[-9.14331,38.75328],[-9.14384,38.75369],[-9.14394,38.75375],[-9.14453,38.75432],[-9.14457,38.75439],[-9.14495,38.75495],[-9.14489,38.75558],[-9.1452,38.75599],[-9.14583,38.75599],[-9.14597,38.75621],[-9.14646,38.75663],[-9.14687,38.75684],[-9.14692,38.75747],[-9.14646,38.75761],[-9.14583,38.75764],[-9.1452,38.75764],[-9.14478,38.75747],[-9.14457,38.75741],[-9.14429,38.75747],[-9.14457,38.75783],[-9.14464,38.7581],[-9.1447,38.75873],[-9.1452,38.75929],[-9.14583,38.75929],[-9.14646,38.75915],[-9.14709,38.75879],[-9.14715,38.75873],[-9.14715,38.7581],[-9.14772,38.75753],[-9.14778,38.75747],[-9.14835,38.7572],[-9.14898,38.7572],[-9.14925,38.75684],[-9.14962,38.75641],[-9.14974,38.75621],[-9.15025,38.75577],[-9.15088,38.75579],[-9.15151,38.75579],[-9.15203,38.75558],[-9.15214,38.75553],[-9.1522,38.75558],[-9.15214,38.75572],[-9.15198,38.75621],[-9.1521,38.75684],[-9.15214,38.75691],[-9.15264,38.75747],[-9.15277,38.75775],[-9.1531,38.7581],[-9.1531,38.75873],[-9.1534,38.75905],[-9.15376,38.75937],[-9.15403,38.7595],[-9.15466,38.7595],[-9.15479,38.75937],[-9.15529,38.7591],[-9.1559,38.75873],[-9.1559,38.7581],[-9.15592,38.75798],[-9.15604,38.75747],[-9.15592,38.75719],[-9.15587,38.75684],[-9.15592,38.75663],[-9.15618,38.75621],[-9.15592,38.75601],[-9.15557,38.75558],[-9.15529,38.75525],[-9.15466,38.75509],[-9.15403,38.75509],[-9.15387,38.75495],[-9.15403,38.75456],[-9.15466,38.75456],[-9.15492,38.75432],[-9.15472,38.75369],[-9.15466,38.75361],[-9.15403,38.75361],[-9.15368,38.75306],[-9.1534,38.75265],[-9.15307,38.75243],[-9.15277,38.75207],[-9.15269,38.7518],[-9.15214,38.75138],[-9.15188,38.75117],[-9.15214,38.75072],[-9.15234,38.75054],[-9.15277,38.75018],[-9.15301,38.7499],[-9.15283,38.74927],[-9.15288,38.74864],[-9.15297,38.74801],[-9.15277,38.74781],[-9.15248,38.74738],[-9.15258,38.74675],[-9.15277,38.74661],[-9.1534,38.74626],[-9.15363,38.74612],[-9.1534,38.74589],[-9.15327,38.74549],[-9.1534,38.745],[-9.15345,38.74486],[-9.1534,38.74482],[-9.15329,38.74486],[-9.15277,38.74502],[-9.15214,38.74534],[-9.15151,38.74534],[-9.15133,38.74549],[-9.15136,38.74612],[-9.15088,38.74675],[-9.15025,38.74675],[-9.14962,38.74736],[-9.1496,38.74738],[-9.14956,38.74801],[-9.14898,38.74824],[-9.14835,38.74824],[-9.14772,38.74822],[-9.14709,38.74801],[-9.14729,38.74738],[-9.14709,38.74704],[-9.14646,38.74701],[-9.14598,38.74675],[-9.14583,38.74628],[-9.1452,38.74628],[-9.14507,38.74675],[-9.14457,38.74695],[-9.14399,38.74675],[-9.14394,38.74673],[-9.14362,38.74675],[-9.14331,38.74677],[-9.14268,38.74677],[-9.14255,38.74675],[-9.14205,38.74665],[-9.14154,38.74675],[-9.14142,38.74681],[-9.14089,38.74738],[-9.14079,38.74756],[-9.14066,38.74738],[-9.14037,38.74675],[-9.14079,38.74646],[-9.14142,38.74669],[-9.14161,38.74612],[-9.14161,38.74549],[-9.14142,38.74492],[-9.14138,38.74486],[-9.14133,38.74423],[-9.14142,38.74408],[-9.14205,38.74423],[-9.14268,38.74386],[-9.14331,38.74386],[-9.14394,38.7438],[-9.14457,38.74378],[-9.1452,38.74402],[-9.14583,38.74402],[-9.14646,38.74398],[-9.14693,38.7436],[-9.14709,38.74336],[-9.14737,38.7436],[-9.14772,38.74373],[-9.14834,38.74423],[-9.14835,38.74426],[-9.14898,38.74426],[-9.14962,38.74432],[-9.14984,38.74423],[-9.14962,38.74399],[-9.14922,38.7436],[-9.14962,38.74302],[-9.14971,38.74297],[-9.14996,38.74234],[-9.14962,38.7419],[-9.14926,38.7417],[-9.14962,38.74158],[-9.1502,38.74107],[-9.15007,38.74044],[-9.15025,38.74032],[-9.15088,38.73981],[-9.15088,38.73918],[-9.15151,38.73855],[-9.15214,38.73855],[-9.15277,38.73838],[-9.1534,38.73803],[-9.15403,38.73832],[-9.15466,38.73832],[-9.15529,38.73843],[-9.1558,38.73792],[-9.15592,38.73782],[-9.15632,38.73729],[-9.15655,38.73703],[-9.15712,38.73666],[-9.15718,38.73654],[-9.15782,38.73654],[-9.15824,38.73666],[-9.15845,38.73691],[-9.15849,38.73666],[-9.15845,38.73654],[-9.15823,38.73603],[-9.15845,38.73571],[-9.1586,38.7354],[-9.15861,38.73477],[-9.15888,38.73414],[-9.15881,38.73351],[-9.15881,38.73287],[-9.15845,38.73271],[-9.15791,38.73224],[-9.15782,38.7321],[-9.15718,38.7321],[-9.15692,38.73161],[-9.15655,38.73134],[-9.15641,38.73098],[-9.15655,38.73066],[-9.15695,38.73035],[-9.15718,38.73021],[-9.15782,38.73021],[-9.15824,38.73035],[-9.15833,38.73098],[-9.15845,38.73102],[-9.15908,38.73098],[-9.15971,38.73098],[-9.16034,38.73086],[-9.16097,38.73086],[-9.16124,38.73098],[-9.1616,38.73111],[-9.16168,38.73098],[-9.16201,38.73035],[-9.1616,38.73005],[-9.16097,38.72998],[-9.16034,38.72998],[-9.16011,38.72972],[-9.16034,38.7292],[-9.16097,38.7292],[-9.16107,38.72909],[-9.16097,38.72903],[-9.16034,38.72903],[-9.16005,38.72846],[-9.16034,38.72814],[-9.16097,38.72814],[-9.1616,38.72846],[-9.16223,38.7284],[-9.16235,38.72846],[-9.16256,38.72909],[-9.16223,38.72961],[-9.1621,38.72972],[-9.16223,38.72993],[-9.16286,38.72988],[-9.16349,38.72988],[-9.16354,38.72972],[-9.16412,38.72947],[-9.16475,38.72912],[-9.16484,38.72909],[-9.16538,38.72882],[-9.16601,38.72863],[-9.16665,38.72863],[-9.1668,38.72846],[-9.16728,38.72811],[-9.16752,38.72846],[-9.16791,38.72879],[-9.16828,38.72909],[-9.16854,38.72926],[-9.16917,38.72926],[-9.16959,38.72909],[-9.1698,38.729],[-9.17043,38.72884],[-9.17106,38.72896],[-9.17144,38.72909],[-9.17169,38.72934],[-9.17232,38.72934],[-9.17243,38.72972],[-9.17255,38.73035],[-9.17232,38.73055],[-9.17169,38.73055],[-9.17153,38.73098],[-9.17169,38.73137],[-9.17232,38.73137],[-9.17266,38.73161],[-9.17295,38.73191],[-9.17308,38.73224],[-9.17295,38.73247],[-9.17258,38.73287],[-9.17238,38.73351],[-9.17232,38.73358],[-9.17169,38.73358],[-9.17146,38.73414],[-9.17167,38.73477],[-9.17169,38.73479],[-9.17232,38.73479],[-9.17257,38.7354],[-9.17268,38.73603],[-9.17267,38.73666],[-9.17287,38.73729],[-9.17295,38.73739],[-9.1735,38.73729],[-9.17358,38.73727],[-9.17359,38.73729],[-9.17365,38.73792],[-9.17358,38.73804],[-9.17327,38.73855],[-9.17358,38.73889],[-9.17404,38.73918],[-9.17404,38.73981],[-9.17421,38.73994],[-9.17477,38.74044],[-9.17484,38.74062],[-9.17548,38.74062],[-9.17611,38.74049],[-9.17674,38.74079],[-9.17737,38.74088],[-9.178,38.74088],[-9.17823,38.74107],[-9.17863,38.74137],[-9.17926,38.7414],[-9.17982,38.7417],[-9.17989,38.74181],[-9.18022,38.74234],[-9.18052,38.74259],[-9.18115,38.74259],[-9.18178,38.74297],[-9.18138,38.7436],[-9.18151,38.74423],[-9.18115,38.74456],[-9.18052,38.74456],[-9.18022,38.74423],[-9.17989,38.74379],[-9.17926,38.74395],[-9.17902,38.7436],[-9.17863,38.74327],[-9.17842,38.7436],[-9.178,38.74408],[-9.17737,38.74408],[-9.17684,38.74423],[-9.17674,38.74429],[-9.17668,38.74423],[-9.17674,38.74409],[-9.17685,38.7436],[-9.17674,38.74335],[-9.17611,38.74348],[-9.17548,38.74301],[-9.17484,38.74298],[-9.17421,38.74298],[-9.17418,38.74297],[-9.17403,38.74234],[-9.17398,38.7417],[-9.17358,38.7414],[-9.1731,38.7417],[-9.17295,38.74182],[-9.17232,38.74173],[-9.17169,38.74173],[-9.17106,38.74174],[-9.17043,38.74201],[-9.16991,38.74234],[-9.1698,38.7425],[-9.16917,38.74253],[-9.16854,38.74253],[-9.16791,38.7429],[-9.16782,38.74297],[-9.16728,38.74332],[-9.16684,38.7436],[-9.16687,38.74423],[-9.16682,38.74486],[-9.16681,38.74549],[-9.16681,38.74612],[-9.16665,38.74647],[-9.16601,38.74647],[-9.16546,38.74675],[-9.16601,38.74717],[-9.16665,38.74717],[-9.16728,38.74727],[-9.16791,38.74711],[-9.16854,38.74708],[-9.16917,38.74708],[-9.16975,38.74738],[-9.16973,38.74801],[-9.1698,38.74806],[-9.16986,38.74801],[-9.17043,38.74752],[-9.17106,38.7478],[-9.17169,38.74801],[-9.17165,38.74864],[-9.17169,38.74884],[-9.17232,38.74884],[-9.17241,38.74864],[-9.17295,38.74814],[-9.17346,38.74864],[-9.17341,38.74927],[-9.17295,38.74946],[-9.17232,38.74957],[-9.17169,38.74957],[-9.17117,38.7499],[-9.17106,38.74999],[-9.17091,38.75054],[-9.17043,38.75085],[-9.16998,38.75117],[-9.17019,38.7518],[-9.17007,38.75243],[-9.1698,38.75297],[-9.16972,38.75306],[-9.1698,38.75309],[-9.17011,38.75306],[-9.17043,38.75299],[-9.17068,38.75306],[-9.17106,38.75311],[-9.17112,38.75306],[-9.17169,38.75278],[-9.17232,38.75278],[-9.17295,38.75294],[-9.17305,38.75306],[-9.17299,38.75369],[-9.17312,38.75432],[-9.17358,38.75494],[-9.17362,38.75495],[-9.17421,38.75506],[-9.17484,38.75506],[-9.17548,38.75543],[-9.17561,38.75558],[-9.17611,38.75597],[-9.17665,38.75621],[-9.17674,38.75631],[-9.17705,38.75621],[-9.17737,38.75617],[-9.178,38.75617],[-9.17863,38.75602],[-9.17877,38.75558],[-9.17926,38.75516],[-9.17989,38.75509],[-9.18012,38.75495],[-9.18052,38.75463],[-9.18115,38.75463],[-9.18142,38.75432],[-9.18164,38.75369],[-9.18168,38.75306],[-9.18115,38.75275],[-9.18052,38.75275],[-9.18011,38.75243],[-9.17989,38.75199],[-9.17986,38.7518],[-9.17926,38.75129],[-9.17889,38.75117],[-9.17863,38.75101],[-9.17839,38.75117],[-9.178,38.75132],[-9.17737,38.75132],[-9.17685,38.75117],[-9.17674,38.75108],[-9.17611,38.75082],[-9.1758,38.75054],[-9.17548,38.7499],[-9.17542,38.74927],[-9.17548,38.74924],[-9.17611,38.74925],[-9.17613,38.74927],[-9.17674,38.74979],[-9.17708,38.74927],[-9.17737,38.74888],[-9.178,38.74888],[-9.17834,38.74864],[-9.17863,38.74814],[-9.17913,38.74864],[-9.17926,38.74869],[-9.17958,38.74864],[-9.17989,38.74854],[-9.18052,38.74801],[-9.18026,38.74738],[-9.18052,38.74708],[-9.18115,38.74708],[-9.18165,38.74675],[-9.18178,38.74637],[-9.18197,38.74675],[-9.18241,38.74691],[-9.18252,38.74675],[-9.18267,38.74612],[-9.18268,38.74549],[-9.18304,38.74498],[-9.18368,38.74498],[-9.18381,38.74486],[-9.18431,38.74457],[-9.18494,38.74427],[-9.18557,38.7444],[-9.18606,38.74486],[-9.18573,38.74549],[-9.18578,38.74612],[-9.1862,38.74654],[-9.18683,38.74654],[-9.18746,38.74663],[-9.18759,38.74675],[-9.18746,38.74688],[-9.18702,38.74738],[-9.18725,38.74801],[-9.18683,38.74854],[-9.1862,38.74854],[-9.18613,38.74864],[-9.186,38.74927],[-9.18601,38.7499],[-9.18578,38.75054],[-9.18557,38.75085],[-9.18494,38.75081],[-9.18478,38.75117],[-9.18476,38.7518],[-9.18439,38.75243],[-9.18462,38.75306],[-9.18452,38.75369],[-9.18494,38.75391],[-9.18557,38.75376],[-9.18573,38.75369],[-9.1861,38.75306],[-9.18607,38.75243],[-9.18607,38.7518],[-9.1859,38.75117],[-9.1862,38.75097],[-9.18683,38.75097],[-9.18735,38.75054],[-9.18746,38.75042],[-9.18809,38.74998],[-9.18826,38.7499],[-9.18872,38.74974],[-9.18935,38.74974],[-9.18984,38.7499],[-9.18998,38.75041],[-9.19061,38.75052],[-9.19064,38.75054],[-9.19105,38.75117],[-9.19124,38.75168],[-9.19187,38.75169],[-9.19251,38.75169],[-9.19294,38.75117],[-9.19314,38.75105],[-9.19363,38.75117],[-9.19377,38.75138],[-9.19387,38.7518],[-9.1944,38.75234],[-9.19503,38.75226],[-9.19566,38.75226],[-9.19583,38.75243],[-9.19578,38.75306],[-9.19566,38.75346],[-9.19503,38.75346],[-9.1944,38.75347],[-9.19416,38.75369],[-9.1944,38.75411],[-9.1946,38.75432],[-9.19443,38.75495],[-9.1944,38.75498],[-9.19422,38.75495],[-9.19419,38.75432],[-9.19377,38.75408],[-9.19354,38.75432],[-9.19362,38.75495],[-9.19377,38.75519],[-9.19388,38.75558],[-9.1944,38.75593],[-9.19471,38.75621],[-9.19503,38.75666],[-9.19566,38.75666],[-9.19596,38.75684],[-9.19629,38.75701],[-9.19692,38.75711],[-9.1973,38.75747],[-9.19755,38.75763],[-9.19818,38.75763],[-9.19836,38.75747],[-9.19854,38.75684],[-9.19881,38.75668],[-9.19944,38.75648],[-9.19982,38.75621],[-9.20007,38.75608],[-9.20032,38.75621],[-9.2007,38.75668],[-9.20134,38.75668],[-9.20197,38.75665],[-9.2026,38.7566],[-9.20323,38.7567],[-9.20386,38.7567],[-9.20445,38.75621],[-9.20435,38.75558],[-9.20449,38.75495],[-9.2048,38.75432],[-9.20512,38.75397],[-9.20546,38.75369],[-9.20512,38.7533],[-9.20496,38.75306],[-9.20449,38.75275],[-9.2042,38.75243],[-9.20449,38.75197],[-9.20505,38.75243],[-9.20512,38.75261],[-9.20547,38.75306],[-9.20575,38.75329],[-9.20588,38.75306],[-9.20638,38.75271],[-9.20701,38.75271],[-9.20733,38.75243],[-9.20764,38.75224],[-9.208,38.7518],[-9.20827,38.75124],[-9.20845,38.75117],[-9.20855,38.75054],[-9.20827,38.75034],[-9.20805,38.75054],[-9.20764,38.75074],[-9.20713,38.75054],[-9.20701,38.75044],[-9.20638,38.75044],[-9.20591,38.75054],[-9.20575,38.75075],[-9.20568,38.75117],[-9.20512,38.7517],[-9.20466,38.75117],[-9.20449,38.75079],[-9.20443,38.75054],[-9.20449,38.75045],[-9.20484,38.7499],[-9.20512,38.74967],[-9.20548,38.74927],[-9.20575,38.74898],[-9.20607,38.74864],[-9.20638,38.74816],[-9.20701,38.74816],[-9.20728,38.74801],[-9.20764,38.74738],[-9.20827,38.74759],[-9.20858,38.74801],[-9.2089,38.74834],[-9.20943,38.74864],[-9.20953,38.74883],[-9.20972,38.74864],[-9.20972,38.74828],[-9.21051,38.7493],[-9.21043,38.7499],[-9.21024,38.75054],[-9.21017,38.75078],[-9.20953,38.75078],[-9.20943,38.75117],[-9.2094,38.7518],[-9.20923,38.75243],[-9.20923,38.75255],[-9.20869,38.75334],[-9.2089,38.75382],[-9.2089,38.75383],[-9.20828,38.75432],[-9.20827,38.75434],[-9.20782,38.75495],[-9.20764,38.75511],[-9.20722,38.75558],[-9.20701,38.75583],[-9.20638,38.75583],[-9.20585,38.75621],[-9.20575,38.75636],[-9.20512,38.7566],[-9.20495,38.75684],[-9.20495,38.75709],[-9.20397,38.75702],[-9.20286,38.75771],[-9.20015,38.75862],[-9.1999,38.7588],[-9.19929,38.75889],[-9.19929,38.75873],[-9.19929,38.7581],[-9.19881,38.75778],[-9.19845,38.7581],[-9.19845,38.75873],[-9.19845,38.759],[-9.19805,38.75906],[-9.19798,38.75955],[-9.19787,38.75937],[-9.19755,38.75905],[-9.19705,38.75937],[-9.19692,38.75946],[-9.19675,38.75937],[-9.19629,38.75899],[-9.19603,38.75937],[-9.19576,38.76],[-9.19566,38.76009],[-9.19503,38.76014],[-9.1944,38.76014],[-9.19377,38.76019],[-9.19347,38.76063],[-9.19314,38.76118],[-9.19299,38.76126],[-9.19251,38.76157],[-9.19187,38.76157],[-9.19124,38.76163],[-9.19061,38.76157],[-9.18998,38.76159],[-9.18961,38.76189],[-9.18935,38.76226],[-9.18872,38.76226],[-9.18809,38.76208],[-9.18767,38.76252],[-9.188,38.76315],[-9.18746,38.76369],[-9.18683,38.76366],[-9.1862,38.76366],[-9.18557,38.76367],[-9.18494,38.76375],[-9.18431,38.76354],[-9.18406,38.76378],[-9.18368,38.76397],[-9.18304,38.76397],[-9.18261,38.76378],[-9.18241,38.76367],[-9.18236,38.76378],[-9.18213,38.76441],[-9.18213,38.76504],[-9.18178,38.76567],[-9.18203,38.7663],[-9.18196,38.76693],[-9.18178,38.7673],[-9.18115,38.76756],[-9.18052,38.76719],[-9.17989,38.76719],[-9.17954,38.76693],[-9.17926,38.76636],[-9.17921,38.7663],[-9.17863,38.76572],[-9.17862,38.76567],[-9.17807,38.76504],[-9.17807,38.76441],[-9.178,38.76435],[-9.17737,38.76435],[-9.17693,38.76378],[-9.17674,38.76359],[-9.17611,38.76354],[-9.17548,38.76345],[-9.17503,38.76315],[-9.17484,38.76304],[-9.17421,38.76304],[-9.1738,38.76315],[-9.17358,38.76324],[-9.17333,38.76315],[-9.17295,38.76276],[-9.17232,38.76299],[-9.17169,38.76299],[-9.17156,38.76315],[-9.17123,38.76378],[-9.17169,38.76408],[-9.17232,38.76408],[-9.17264,38.76441],[-9.17264,38.76504],[-9.17232,38.76529],[-9.17169,38.76529],[-9.17124,38.76504],[-9.17124,38.76441],[-9.17106,38.76407],[-9.17043,38.76398],[-9.1698,38.76402],[-9.16947,38.76378],[-9.16917,38.76341],[-9.16854,38.76341],[-9.16791,38.76341],[-9.16746,38.76378],[-9.16735,38.76441],[-9.16735,38.76504],[-9.16731,38.76567],[-9.16728,38.76571],[-9.1671,38.76567],[-9.16665,38.76522],[-9.16656,38.76504],[-9.16656,38.76441],[-9.16601,38.76429],[-9.16538,38.76429],[-9.16507,38.76441],[-9.16507,38.76504],[-9.16482,38.76567],[-9.16506,38.7663],[-9.16531,38.76693],[-9.16538,38.76711],[-9.16601,38.76711],[-9.16622,38.76693],[-9.16665,38.76668],[-9.16698,38.76693],[-9.16698,38.76756],[-9.16728,38.7678],[-9.16791,38.76793],[-9.16854,38.76784],[-9.16917,38.76784],[-9.1698,38.76759],[-9.17043,38.76762],[-9.17106,38.76767],[-9.17134,38.76756],[-9.17146,38.76693],[-9.17169,38.7664],[-9.17232,38.7664],[-9.17295,38.7663],[-9.17358,38.76679],[-9.17391,38.76693],[-9.17421,38.76709],[-9.17484,38.76709],[-9.17548,38.7674],[-9.17591,38.76756],[-9.17611,38.76769],[-9.1764,38.7682],[-9.17644,38.76883],[-9.17674,38.76917],[-9.17694,38.76946],[-9.1773,38.77009],[-9.17737,38.77025],[-9.178,38.77025],[-9.17863,38.77035],[-9.17926,38.77051],[-9.17945,38.77072],[-9.17945,38.77135],[-9.17926,38.77153],[-9.17873,38.77198],[-9.17863,38.77217],[-9.17819,38.77261],[-9.178,38.77297],[-9.17737,38.77297],[-9.17729,38.77324],[-9.17717,38.77387],[-9.17737,38.7745],[-9.17729,38.77513],[-9.17674,38.77576],[-9.17701,38.77639],[-9.17701,38.77703],[-9.17705,38.77766],[-9.17695,38.77829],[-9.17737,38.77853],[-9.178,38.77853],[-9.17863,38.77884],[-9.17878,38.77892],[-9.17926,38.77919],[-9.17954,38.77948],[-9.17932,38.77986],[-9.17901,38.77984],[-9.17852,38.78003],[-9.17848,38.77955],[-9.178,38.77925],[-9.17737,38.77925],[-9.17705,38.77892],[-9.17674,38.77865],[-9.17641,38.77829],[-9.17646,38.77766],[-9.17636,38.77703],[-9.17611,38.77658],[-9.17594,38.77639],[-9.17548,38.77612],[-9.17515,38.77639],[-9.17484,38.77671],[-9.17421,38.77671],[-9.17358,38.77665],[-9.17295,38.7769],[-9.17252,38.77639],[-9.17295,38.77607],[-9.17338,38.77576],[-9.17358,38.77562],[-9.17404,38.77513],[-9.17421,38.77485],[-9.17484,38.77485],[-9.17548,38.77481],[-9.17611,38.77463],[-9.17623,38.7745],[-9.17638,38.77387],[-9.17646,38.77324],[-9.17674,38.77284],[-9.1769,38.77261],[-9.17678,38.77198],[-9.17674,38.77184],[-9.17662,38.77135],[-9.17662,38.77072],[-9.17674,38.77056],[-9.17696,38.77009],[-9.17674,38.76975],[-9.17614,38.77009],[-9.17611,38.77011],[-9.17606,38.77009],[-9.17598,38.76946],[-9.17575,38.76883],[-9.17577,38.7682],[-9.17548,38.76794],[-9.17484,38.76765],[-9.17421,38.76765],[-9.17367,38.7682],[-9.17358,38.76828],[-9.17295,38.76841],[-9.17269,38.76883],[-9.17232,38.76898],[-9.17169,38.76898],[-9.17147,38.76883],[-9.17115,38.7682],[-9.17106,38.76818],[-9.17043,38.76802],[-9.1698,38.7682],[-9.16928,38.76883],[-9.16917,38.76893],[-9.16854,38.76893],[-9.1684,38.76883],[-9.16791,38.76854],[-9.16759,38.76883],[-9.16787,38.76946],[-9.16776,38.77009],[-9.16791,38.77021],[-9.16854,38.77033],[-9.16917,38.77033],[-9.16968,38.77072],[-9.16917,38.77129],[-9.16854,38.77129],[-9.16848,38.77135],[-9.16793,38.77198],[-9.16791,38.772],[-9.16728,38.77261],[-9.16749,38.77324],[-9.16728,38.7735],[-9.16665,38.77332],[-9.16601,38.7737],[-9.16538,38.7737],[-9.16531,38.77387],[-9.16475,38.77442],[-9.16431,38.77387],[-9.16412,38.77376],[-9.1636,38.77387],[-9.16349,38.77411],[-9.16286,38.77411],[-9.16266,38.7745],[-9.16286,38.77485],[-9.16349,38.77485],[-9.16355,38.77513],[-9.16349,38.7753],[-9.16286,38.7753],[-9.16272,38.77576],[-9.16223,38.77635],[-9.16206,38.77639],[-9.1616,38.77685],[-9.16155,38.77703],[-9.16127,38.77766],[-9.16112,38.77829],[-9.1614,38.77892],[-9.16097,38.7793],[-9.16048,38.77955],[-9.16034,38.77994],[-9.15971,38.77994],[-9.15953,38.78018],[-9.15951,38.78081],[-9.15908,38.78101],[-9.15863,38.78144],[-9.15845,38.78168],[-9.15829,38.78207],[-9.15782,38.78259],[-9.15768,38.7827],[-9.15757,38.78333],[-9.15748,38.78396],[-9.15718,38.78455],[-9.15655,38.78455],[-9.15651,38.78459],[-9.15655,38.78462],[-9.15718,38.78462],[-9.15782,38.7848],[-9.15845,38.78469],[-9.1586,38.78459],[-9.15867,38.78396],[-9.15845,38.7838],[-9.15816,38.78333],[-9.15845,38.78274],[-9.15904,38.78333],[-9.15908,38.78339],[-9.15971,38.78372],[-9.16034,38.78372],[-9.16097,38.78364],[-9.16147,38.78396],[-9.16138,38.78459],[-9.1616,38.78501],[-9.16223,38.7849],[-9.16286,38.7849],[-9.16349,38.78507],[-9.16357,38.78459],[-9.16349,38.78396],[-9.16367,38.78333],[-9.16349,38.7827],[-9.16412,38.78242],[-9.16475,38.78217],[-9.165,38.78207],[-9.16475,38.78144],[-9.16531,38.78081],[-9.16538,38.78078],[-9.16601,38.78078],[-9.16631,38.78018],[-9.16637,38.77955],[-9.16665,38.77916],[-9.16728,38.77896],[-9.16791,38.77895],[-9.16825,38.77955],[-9.16854,38.77985],[-9.16917,38.77985],[-9.16954,38.78018],[-9.1698,38.78057],[-9.16994,38.78081],[-9.17043,38.78122],[-9.17106,38.78141],[-9.17169,38.78141],[-9.17171,38.78144],[-9.17169,38.78149],[-9.17106,38.78149],[-9.17043,38.78207],[-9.1698,38.78252],[-9.16917,38.78226],[-9.16854,38.78226],[-9.168,38.78207],[-9.16791,38.78202],[-9.16782,38.78207],[-9.16728,38.78248],[-9.16705,38.7827],[-9.16665,38.78333],[-9.16681,38.78396],[-9.16686,38.78459],[-9.16728,38.78523],[-9.16791,38.78523],[-9.16854,38.78563],[-9.16876,38.78585],[-9.16866,38.78594],[-9.16729,38.78604],[-9.1672,38.78634],[-9.16713,38.78637],[-9.16649,38.78623],[-9.16597,38.7863],[-9.16578,38.78608],[-9.16549,38.78619],[-9.16535,38.78661],[-9.16511,38.7866],[-9.16445,38.78706],[-9.16412,38.78664],[-9.16349,38.78701],[-9.16309,38.78712],[-9.16286,38.78743],[-9.16223,38.78743],[-9.16208,38.78775],[-9.16223,38.78838],[-9.16223,38.78867],[-9.16172,38.78876],[-9.16087,38.78958],[-9.16079,38.79004],[-9.16068,38.79003],[-9.16045,38.79023],[-9.16034,38.79023],[-9.15971,38.79023],[-9.15962,38.79027],[-9.15962,38.79078],[-9.15926,38.79164],[-9.15841,38.79208],[-9.15847,38.79223],[-9.15814,38.79236],[-9.15798,38.79284],[-9.15723,38.79301],[-9.15687,38.79342],[-9.15655,38.7931],[-9.15596,38.79279],[-9.15592,38.79216],[-9.15532,38.79153],[-9.15529,38.7909],[-9.15529,38.79027],[-9.15466,38.78978],[-9.15403,38.78978],[-9.1534,38.79023],[-9.15331,38.79027],[-9.15331,38.7909],[-9.1534,38.79105],[-9.15403,38.79139],[-9.15466,38.79139],[-9.15508,38.79153],[-9.15501,38.79216],[-9.15466,38.79239],[-9.15403,38.79239],[-9.15376,38.79279],[-9.1534,38.79326],[-9.15313,38.79342],[-9.15277,38.79377],[-9.15214,38.79366],[-9.15201,38.79342],[-9.15214,38.79323],[-9.1527,38.79279],[-9.15214,38.79252],[-9.15159,38.79216],[-9.15151,38.79202],[-9.15088,38.79202],[-9.15025,38.79201],[-9.14962,38.79208],[-9.14944,38.79216],[-9.14936,38.79279],[-9.14898,38.79322],[-9.1488,38.79342],[-9.1487,38.79406],[-9.14865,38.79469],[-9.14867,38.79481],[-9.14862,38.79478],[-9.14832,38.7947],[-9.14796,38.79476],[-9.14709,38.79446],[-9.14709,38.79406],[-9.14646,38.79365],[-9.14589,38.7936],[-9.1457,38.79313],[-9.14553,38.79219],[-9.14583,38.79219]],[[-9.14147,38.74486],[-9.14205,38.74508],[-9.14251,38.74486],[-9.14205,38.74423],[-9.14147,38.74486]],[[-9.1534,38.7828],[-9.15403,38.78281],[-9.15466,38.78281],[-9.15529,38.78311],[-9.15553,38.78333],[-9.15592,38.78357],[-9.15624,38.78333],[-9.15592,38.78301],[-9.15563,38.7827],[-9.15558,38.78207],[-9.15529,38.78174],[-9.15466,38.78172],[-9.15403,38.78172],[-9.1534,38.78162],[-9.15308,38.78144],[-9.15277,38.78087],[-9.15268,38.78081],[-9.15214,38.7807],[-9.15151,38.78072],[-9.15088,38.78072],[-9.15078,38.78081],[-9.15025,38.78107],[-9.14991,38.78144],[-9.14983,38.78207],[-9.14962,38.7827],[-9.14972,38.78333],[-9.14962,38.7838],[-9.14949,38.78396],[-9.14949,38.78459],[-9.14962,38.78474],[-9.14993,38.78459],[-9.14993,38.78396],[-9.15025,38.78392],[-9.15088,38.78386],[-9.15151,38.78386],[-9.15214,38.78376],[-9.15277,38.78351],[-9.15301,38.78333],[-9.1534,38.7828]],[[-9.14921,38.78523],[-9.14898,38.78503],[-9.14843,38.78523],[-9.14898,38.78547],[-9.14921,38.78523]],[[-9.14799,38.78207],[-9.14772,38.78197],[-9.14764,38.78207],[-9.14772,38.78216],[-9.14799,38.78207]],[[-9.14646,38.78009],[-9.14642,38.78018],[-9.14646,38.78027],[-9.14709,38.78035],[-9.14723,38.78018],[-9.14709,38.77997],[-9.14646,38.78009]],[[-9.14655,38.78144],[-9.14646,38.78123],[-9.14634,38.78144],[-9.14646,38.78151],[-9.14655,38.78144]],[[-9.14331,38.78149],[-9.14268,38.78181],[-9.14205,38.78181],[-9.14182,38.78207],[-9.14142,38.7827],[-9.14205,38.78283],[-9.14268,38.78283],[-9.14331,38.78316],[-9.14389,38.7827],[-9.14394,38.78267],[-9.14457,38.7826],[-9.14471,38.78207],[-9.14477,38.78144],[-9.14457,38.78108],[-9.14442,38.78144],[-9.14394,38.78188],[-9.14331,38.78149]],[[-9.14143,38.78523],[-9.14142,38.78491],[-9.14139,38.78523],[-9.14142,38.78524],[-9.14143,38.78523]],[[-9.13943,38.78459],[-9.13952,38.78486],[-9.14015,38.78486],[-9.14079,38.78474],[-9.14133,38.78459],[-9.14133,38.78396],[-9.14111,38.78333],[-9.14079,38.78288],[-9.14042,38.78333],[-9.14015,38.78362],[-9.13952,38.78362],[-9.13943,38.78396],[-9.13943,38.78459]],[[-9.14394,38.75782],[-9.14369,38.7581],[-9.14369,38.75873],[-9.14394,38.75887],[-9.14419,38.75873],[-9.1443,38.7581],[-9.14394,38.75782]],[[-9.14142,38.75616],[-9.14133,38.75621],[-9.14142,38.75626],[-9.14205,38.75626],[-9.14216,38.75621],[-9.14268,38.75579],[-9.14331,38.75579],[-9.14348,38.75558],[-9.14331,38.75548],[-9.14268,38.75548],[-9.14205,38.75543],[-9.14198,38.75558],[-9.14142,38.75616]],[[-9.13952,38.75933],[-9.13945,38.75937],[-9.13952,38.75939],[-9.14015,38.75939],[-9.14018,38.75937],[-9.14015,38.75933],[-9.13952,38.75933]],[[-9.13867,38.75937],[-9.13826,38.75897],[-9.13798,38.75937],[-9.13826,38.75991],[-9.13867,38.75937]],[[-9.13714,38.7581],[-9.13706,38.75747],[-9.137,38.75705],[-9.13637,38.75705],[-9.13628,38.75747],[-9.13629,38.7581],[-9.13637,38.7582],[-9.137,38.7582],[-9.13714,38.7581]],[[-9.12817,38.75899],[-9.12788,38.75937],[-9.12817,38.75956],[-9.1288,38.75956],[-9.12893,38.75937],[-9.1288,38.75899],[-9.12817,38.75899]],[[-9.12445,38.75432],[-9.12439,38.75414],[-9.12435,38.75432],[-9.12439,38.75434],[-9.12445,38.75432]],[[-9.12377,38.75558],[-9.12385,38.75495],[-9.12376,38.75491],[-9.12313,38.75475],[-9.12262,38.75495],[-9.12313,38.75513],[-9.12375,38.75558],[-9.12376,38.75559],[-9.12377,38.75558]],[[-9.12186,38.75463],[-9.12249,38.75463],[-9.12256,38.75432],[-9.1226,38.75369],[-9.12249,38.75361],[-9.12186,38.75361],[-9.12123,38.75351],[-9.12105,38.75369],[-9.12123,38.75406],[-9.12176,38.75432],[-9.12186,38.75463]],[[-9.12817,38.74669],[-9.12781,38.74675],[-9.12817,38.74708],[-9.1288,38.74708],[-9.1289,38.74675],[-9.1288,38.74669],[-9.12817,38.74669]],[[-9.12159,38.74107],[-9.12123,38.74083],[-9.12108,38.74107],[-9.12123,38.74128],[-9.12159,38.74107]],[[-9.12064,38.7417],[-9.1206,38.74168],[-9.12059,38.7417],[-9.1206,38.74173],[-9.12064,38.7417]],[[-9.11619,38.73414],[-9.11682,38.73414],[-9.11709,38.73351],[-9.11709,38.73287],[-9.11682,38.73247],[-9.11619,38.73247],[-9.11556,38.73283],[-9.11551,38.73287],[-9.11551,38.73351],[-9.11556,38.73352],[-9.11619,38.73414]],[[-9.11557,38.73477],[-9.11556,38.73475],[-9.11549,38.73477],[-9.11556,38.73481],[-9.11557,38.73477]],[[-9.11366,38.7341],[-9.11363,38.73414],[-9.11366,38.73418],[-9.11429,38.73418],[-9.11433,38.73414],[-9.11429,38.7341],[-9.11366,38.7341]],[[-9.11177,38.7325],[-9.11123,38.73287],[-9.11123,38.73351],[-9.11177,38.73364],[-9.11203,38.73351],[-9.11203,38.73287],[-9.11177,38.7325]],[[-9.12249,38.71326],[-9.12242,38.71332],[-9.12249,38.71346],[-9.12313,38.71346],[-9.12329,38.71332],[-9.12313,38.71326],[-9.12249,38.71326]],[[-9.12386,38.73792],[-9.12376,38.73762],[-9.12344,38.73792],[-9.12376,38.73804],[-9.12386,38.73792]],[[-9.12454,38.73603],[-9.12502,38.73556],[-9.12565,38.73556],[-9.12569,38.7354],[-9.12628,38.73501],[-9.12652,38.73477],[-9.12691,38.73428],[-9.12708,38.73414],[-9.12734,38.73351],[-9.12733,38.73287],[-9.12691,38.7323],[-9.12628,38.73224],[-9.12595,38.73161],[-9.12565,38.73147],[-9.12502,38.73147],[-9.12439,38.7316],[-9.1243,38.73161],[-9.12376,38.73167],[-9.12313,38.73179],[-9.12249,38.73179],[-9.12186,38.73199],[-9.12123,38.73211],[-9.12109,38.73224],[-9.1206,38.73277],[-9.11997,38.73277],[-9.11934,38.73277],[-9.11911,38.73287],[-9.11897,38.73351],[-9.11871,38.73358],[-9.11808,38.73382],[-9.11747,38.73414],[-9.11747,38.73477],[-9.11745,38.73481],[-9.11686,38.7354],[-9.11685,38.73603],[-9.11697,38.73666],[-9.11745,38.73702],[-9.11808,38.73701],[-9.11839,38.73729],[-9.11842,38.73792],[-9.11871,38.7381],[-9.11934,38.7385],[-9.11997,38.7385],[-9.12008,38.73855],[-9.1206,38.73873],[-9.12123,38.73884],[-9.12186,38.73857],[-9.12192,38.73855],[-9.12235,38.73792],[-9.12235,38.73729],[-9.12249,38.73712],[-9.12313,38.73712],[-9.12376,38.73672],[-9.1238,38.73666],[-9.12439,38.73611],[-9.12454,38.73603]],[[-9.14065,38.75054],[-9.14032,38.7499],[-9.14015,38.74976],[-9.13952,38.74976],[-9.13889,38.74972],[-9.13832,38.7499],[-9.13827,38.75054],[-9.13826,38.75059],[-9.13763,38.75113],[-9.13759,38.75117],[-9.1375,38.7518],[-9.1375,38.75243],[-9.13763,38.75258],[-9.13826,38.75306],[-9.13889,38.75313],[-9.13916,38.75306],[-9.13952,38.75298],[-9.14015,38.75298],[-9.14079,38.7528],[-9.1412,38.75243],[-9.1412,38.7518],[-9.14117,38.75117],[-9.14079,38.75072],[-9.14065,38.75054]],[[-9.14972,38.74612],[-9.14962,38.74578],[-9.1492,38.74612],[-9.14962,38.74633],[-9.14972,38.74612]],[[-9.17737,38.74285],[-9.17727,38.74297],[-9.17737,38.743],[-9.178,38.743],[-9.17807,38.74297],[-9.178,38.74285],[-9.17737,38.74285]],[[-9.17548,38.74232],[-9.17544,38.74234],[-9.17548,38.74255],[-9.17611,38.74242],[-9.17615,38.74234],[-9.17611,38.74192],[-9.17548,38.74232]],[[-9.20872,38.74927],[-9.20827,38.74908],[-9.20797,38.74864],[-9.20764,38.74839],[-9.2073,38.74864],[-9.20719,38.74927],[-9.20764,38.7494],[-9.20827,38.74942],[-9.20872,38.74927]],[[-9.20902,38.7499],[-9.2089,38.74982],[-9.20871,38.7499],[-9.2089,38.75018],[-9.20902,38.7499]],[[-9.19343,38.75558],[-9.19314,38.7554],[-9.19302,38.75558],[-9.19314,38.75586],[-9.19343,38.75558]],[[-9.19255,38.75306],[-9.19251,38.75295],[-9.19187,38.75295],[-9.19124,38.75288],[-9.19112,38.75306],[-9.19124,38.75309],[-9.19187,38.75311],[-9.19251,38.75311],[-9.19255,38.75306]],[[-9.19061,38.75908],[-9.1903,38.75937],[-9.1903,38.76],[-9.19061,38.76003],[-9.19066,38.76],[-9.19081,38.75937],[-9.19061,38.75908]],[[-9.19005,38.75747],[-9.19061,38.75689],[-9.19075,38.75684],[-9.19061,38.75682],[-9.18998,38.75679],[-9.18994,38.75684],[-9.18935,38.75731],[-9.18872,38.75731],[-9.18816,38.75684],[-9.18809,38.7568],[-9.18804,38.75684],[-9.18746,38.75727],[-9.18683,38.75729],[-9.1862,38.75729],[-9.18587,38.75747],[-9.18557,38.75788],[-9.18534,38.7581],[-9.18534,38.75873],[-9.1853,38.75937],[-9.18557,38.75959],[-9.1862,38.75944],[-9.18683,38.75944],[-9.18699,38.76],[-9.18746,38.76032],[-9.18774,38.76],[-9.18809,38.75958],[-9.18837,38.75937],[-9.18872,38.75911],[-9.18935,38.75911],[-9.1897,38.75873],[-9.1897,38.7581],[-9.18998,38.75756],[-9.19005,38.75747]],[[-9.18063,38.76504],[-9.18063,38.76441],[-9.18052,38.76428],[-9.17989,38.76428],[-9.17973,38.76441],[-9.17973,38.76504],[-9.17989,38.7651],[-9.18052,38.7651],[-9.18063,38.76504]],[[-9.18084,38.76252],[-9.18115,38.76206],[-9.18145,38.76189],[-9.18149,38.76126],[-9.18178,38.76102],[-9.182,38.76126],[-9.18241,38.7618],[-9.18253,38.76189],[-9.18244,38.76252],[-9.18304,38.76284],[-9.18368,38.76284],[-9.18431,38.76255],[-9.18494,38.76261],[-9.18536,38.76252],[-9.18513,38.76189],[-9.18557,38.76129],[-9.18559,38.76126],[-9.18557,38.7612],[-9.18494,38.76081],[-9.18489,38.76063],[-9.18494,38.76051],[-9.18513,38.76],[-9.18494,38.75976],[-9.18437,38.76],[-9.18431,38.76002],[-9.1842,38.76],[-9.18368,38.75995],[-9.18304,38.75995],[-9.18241,38.75983],[-9.18212,38.76],[-9.18241,38.76026],[-9.18274,38.76063],[-9.18241,38.76094],[-9.18208,38.76063],[-9.18178,38.7603],[-9.18131,38.76063],[-9.18115,38.76083],[-9.18084,38.76063],[-9.18052,38.76055],[-9.17989,38.76055],[-9.17926,38.76048],[-9.17863,38.76039],[-9.17825,38.76],[-9.178,38.75986],[-9.17737,38.75986],[-9.17674,38.75982],[-9.17611,38.75982],[-9.17548,38.75969],[-9.17484,38.75989],[-9.17421,38.75989],[-9.17413,38.76],[-9.17358,38.76033],[-9.17295,38.7605],[-9.17232,38.76061],[-9.17169,38.76061],[-9.17106,38.76021],[-9.17043,38.76009],[-9.17039,38.76],[-9.17043,38.75982],[-9.17055,38.75937],[-9.17043,38.75927],[-9.1698,38.75897],[-9.16939,38.75873],[-9.1698,38.75832],[-9.16986,38.7581],[-9.1698,38.75805],[-9.16917,38.7577],[-9.16854,38.7577],[-9.16836,38.75747],[-9.16829,38.75684],[-9.16827,38.75621],[-9.16838,38.75558],[-9.16825,38.75495],[-9.16854,38.7547],[-9.16917,38.7547],[-9.1698,38.75475],[-9.1701,38.75432],[-9.1698,38.754],[-9.16948,38.75369],[-9.16917,38.75323],[-9.16854,38.75323],[-9.16791,38.75325],[-9.16765,38.75369],[-9.16728,38.75412],[-9.16716,38.75432],[-9.16728,38.75458],[-9.1675,38.75495],[-9.16753,38.75558],[-9.16754,38.75621],[-9.1673,38.75684],[-9.16728,38.75686],[-9.16701,38.75747],[-9.16704,38.7581],[-9.16699,38.75873],[-9.16687,38.75937],[-9.16665,38.75971],[-9.16601,38.75984],[-9.16538,38.75984],[-9.16488,38.76],[-9.16475,38.76012],[-9.16462,38.76063],[-9.16466,38.76126],[-9.16475,38.76148],[-9.16497,38.76189],[-9.16533,38.76252],[-9.16538,38.76261],[-9.16601,38.76261],[-9.16665,38.76305],[-9.16689,38.76252],[-9.16699,38.76189],[-9.16728,38.76162],[-9.16791,38.76163],[-9.16854,38.76189],[-9.16917,38.76189],[-9.1698,38.76227],[-9.17006,38.76252],[-9.17043,38.76283],[-9.17106,38.76293],[-9.17141,38.76252],[-9.17169,38.76214],[-9.17232,38.76214],[-9.17295,38.76207],[-9.17358,38.76195],[-9.1741,38.76252],[-9.17421,38.7626],[-9.17484,38.7626],[-9.17548,38.76258],[-9.17611,38.76279],[-9.17674,38.76298],[-9.17693,38.76315],[-9.17737,38.7636],[-9.178,38.7636],[-9.17863,38.76364],[-9.17885,38.76378],[-9.17926,38.76413],[-9.17956,38.76378],[-9.17972,38.76315],[-9.17989,38.76291],[-9.18052,38.76291],[-9.18076,38.76315],[-9.18115,38.7637],[-9.18139,38.76315],[-9.18115,38.76283],[-9.18084,38.76252]],[[-9.16665,38.77143],[-9.16683,38.77135],[-9.16683,38.77072],[-9.16665,38.77061],[-9.16601,38.77041],[-9.16538,38.77041],[-9.16478,38.77009],[-9.16538,38.76958],[-9.16601,38.76958],[-9.1663,38.76946],[-9.16601,38.76929],[-9.16538,38.76929],[-9.16475,38.76934],[-9.16468,38.76946],[-9.16412,38.77006],[-9.16349,38.7699],[-9.16286,38.7699],[-9.16266,38.77009],[-9.16261,38.77072],[-9.16261,38.77135],[-9.16286,38.77165],[-9.16349,38.77165],[-9.16392,38.77198],[-9.16368,38.77261],[-9.16393,38.77324],[-9.16412,38.77337],[-9.16432,38.77324],[-9.16475,38.7728],[-9.16538,38.77263],[-9.16601,38.77263],[-9.16665,38.77279],[-9.16681,38.77261],[-9.16665,38.77236],[-9.16617,38.77198],[-9.16665,38.77143]],[[-9.161,38.77892],[-9.16097,38.77886],[-9.16072,38.77892],[-9.16097,38.77895],[-9.161,38.77892]],[[-9.15912,38.77955],[-9.15908,38.77934],[-9.15892,38.77955],[-9.15908,38.7796],[-9.15912,38.77955]],[[-9.15845,38.78006],[-9.1584,38.78018],[-9.15794,38.78081],[-9.15845,38.78091],[-9.15855,38.78081],[-9.15848,38.78018],[-9.15845,38.78006]],[[-9.15655,38.77628],[-9.15641,38.77639],[-9.15655,38.77647],[-9.15718,38.77647],[-9.15782,38.77646],[-9.15796,38.77703],[-9.15782,38.77736],[-9.15766,38.77766],[-9.15774,38.77829],[-9.15782,38.77836],[-9.15789,38.77829],[-9.15797,38.77766],[-9.15845,38.77737],[-9.15872,38.77703],[-9.15845,38.7765],[-9.15792,38.77639],[-9.15782,38.77636],[-9.15718,38.77628],[-9.15655,38.77628]],[[-9.16728,38.77995],[-9.16679,38.78018],[-9.16728,38.78067],[-9.16749,38.78081],[-9.16728,38.78097],[-9.16665,38.78102],[-9.16653,38.78144],[-9.16665,38.78161],[-9.16728,38.78161],[-9.16791,38.7815],[-9.16805,38.78144],[-9.16854,38.78092],[-9.16917,38.78092],[-9.16922,38.78081],[-9.16917,38.78075],[-9.16854,38.78075],[-9.16803,38.78018],[-9.16791,38.78005],[-9.16728,38.77995]],[[-9.16538,38.78513],[-9.16517,38.78523],[-9.16538,38.78529],[-9.16601,38.78529],[-9.1661,38.78523],[-9.16601,38.78513],[-9.16538,38.78513]],[[-9.16349,38.78528],[-9.16323,38.78586],[-9.16349,38.78599],[-9.16412,38.78586],[-9.16349,38.78528]],[[-9.16101,38.78649],[-9.16097,38.78644],[-9.16093,38.78649],[-9.16097,38.78654],[-9.16101,38.78649]],[[-9.15873,38.78901],[-9.15845,38.78856],[-9.15792,38.78901],[-9.15845,38.78913],[-9.15873,38.78901]],[[-9.15655,38.78945],[-9.15634,38.78964],[-9.15655,38.78981],[-9.15718,38.78981],[-9.15732,38.78964],[-9.15718,38.78945],[-9.15655,38.78945]],[[-9.15529,38.78749],[-9.15472,38.78775],[-9.15487,38.78838],[-9.15529,38.78848],[-9.15568,38.78901],[-9.15592,38.78935],[-9.15624,38.78901],[-9.15655,38.78864],[-9.15718,38.78864],[-9.15736,38.78838],[-9.15718,38.7883],[-9.15655,38.7883],[-9.15592,38.7883],[-9.15566,38.78775],[-9.15529,38.78749]],[[-9.1534,38.78569],[-9.15333,38.78586],[-9.1534,38.78605],[-9.15403,38.78586],[-9.1534,38.78569]],[[-9.15605,38.77766],[-9.15592,38.7775],[-9.15534,38.77703],[-9.15549,38.77639],[-9.15529,38.77617],[-9.15475,38.77576],[-9.15466,38.77563],[-9.15403,38.77563],[-9.15358,38.77576],[-9.1534,38.77588],[-9.15277,38.7763],[-9.15265,38.77639],[-9.15214,38.77686],[-9.15202,38.77703],[-9.15151,38.77749],[-9.15088,38.77749],[-9.15054,38.77766],[-9.1507,38.77829],[-9.15025,38.77869],[-9.14996,38.77892],[-9.15002,38.77955],[-9.15019,38.78018],[-9.15025,38.7803],[-9.15037,38.78018],[-9.15088,38.77993],[-9.15151,38.77993],[-9.15214,38.77992],[-9.15277,38.77968],[-9.1534,38.77992],[-9.15362,38.78018],[-9.15403,38.78059],[-9.15466,38.78059],[-9.15516,38.78081],[-9.15529,38.7809],[-9.15538,38.78081],[-9.15592,38.78039],[-9.1562,38.78018],[-9.15599,38.77955],[-9.15592,38.7794],[-9.15557,38.77892],[-9.15592,38.77851],[-9.15605,38.77829],[-9.15605,38.77766]],[[-9.14835,38.77951],[-9.14833,38.77955],[-9.14835,38.77957],[-9.14898,38.77957],[-9.14914,38.77955],[-9.14898,38.77951],[-9.14835,38.77951]],[[-9.14349,38.78081],[-9.14331,38.78045],[-9.14283,38.78081],[-9.14331,38.78099],[-9.14349,38.78081]],[[-9.12628,38.75596],[-9.12691,38.75583],[-9.12754,38.75598],[-9.1278,38.75621],[-9.12817,38.7564],[-9.1288,38.7564],[-9.12904,38.75621],[-9.1288,38.75589],[-9.12817,38.75589],[-9.1279,38.75558],[-9.12754,38.75527],[-9.12691,38.75527],[-9.12628,38.75523],[-9.12581,38.75558],[-9.12628,38.75596]],[[-9.11867,38.73981],[-9.11871,38.73986],[-9.11924,38.74044],[-9.11934,38.74057],[-9.11997,38.74057],[-9.1206,38.7406],[-9.12084,38.74044],[-9.1206,38.74021],[-9.1203,38.73981],[-9.1203,38.73918],[-9.11997,38.73903],[-9.11934,38.73903],[-9.11871,38.73913],[-9.11867,38.73918],[-9.11867,38.73981]],[[-9.12196,38.73035],[-9.12186,38.72981],[-9.12165,38.73035],[-9.12186,38.73044],[-9.12196,38.73035]],[[-9.12123,38.72652],[-9.12109,38.72657],[-9.12109,38.7272],[-9.12123,38.72731],[-9.12129,38.7272],[-9.12129,38.72657],[-9.12123,38.72652]],[[-9.11852,38.73098],[-9.11836,38.73161],[-9.11871,38.73186],[-9.11913,38.73224],[-9.11934,38.73237],[-9.11997,38.73237],[-9.12026,38.73224],[-9.1206,38.73164],[-9.12064,38.73161],[-9.12076,38.73098],[-9.1206,38.73088],[-9.11997,38.73085],[-9.11934,38.73085],[-9.11871,38.73067],[-9.11852,38.73098]],[[-9.19326,38.75243],[-9.19314,38.75229],[-9.19288,38.75243],[-9.19314,38.75256],[-9.19326,38.75243]],[[-9.19076,38.75621],[-9.19061,38.75609],[-9.19048,38.75621],[-9.19061,38.75629],[-9.19076,38.75621]],[[-9.19022,38.75558],[-9.18998,38.75506],[-9.18941,38.75558],[-9.18998,38.75583],[-9.19022,38.75558]],[[-9.18115,38.75793],[-9.18147,38.7581],[-9.18147,38.75873],[-9.18178,38.75892],[-9.18241,38.75931],[-9.18247,38.75937],[-9.18304,38.75953],[-9.18368,38.75953],[-9.18397,38.75937],[-9.18431,38.75906],[-9.18459,38.75873],[-9.18459,38.7581],[-9.18461,38.75747],[-9.18494,38.75709],[-9.18557,38.75715],[-9.1862,38.75692],[-9.18683,38.75692],[-9.18712,38.75684],[-9.18746,38.75658],[-9.18793,38.75621],[-9.18809,38.75612],[-9.18841,38.75621],[-9.18872,38.75633],[-9.18935,38.75633],[-9.18947,38.75621],[-9.18935,38.75574],[-9.18872,38.75574],[-9.18869,38.75558],[-9.1886,38.75495],[-9.18872,38.75482],[-9.18935,38.75482],[-9.18998,38.75467],[-9.19014,38.75432],[-9.18998,38.75418],[-9.18935,38.754],[-9.18872,38.754],[-9.18809,38.75379],[-9.18746,38.75402],[-9.18683,38.75402],[-9.1862,38.75402],[-9.18557,38.75411],[-9.18496,38.75432],[-9.18494,38.75433],[-9.18431,38.75441],[-9.18368,38.75446],[-9.18304,38.75446],[-9.18248,38.75495],[-9.18241,38.75508],[-9.18195,38.75558],[-9.18178,38.75575],[-9.18115,38.75579],[-9.18052,38.75579],[-9.18021,38.75621],[-9.17989,38.75641],[-9.17956,38.75684],[-9.17926,38.75704],[-9.17863,38.75687],[-9.178,38.75712],[-9.17737,38.75712],[-9.17674,38.75741],[-9.17611,38.75718],[-9.17548,38.75717],[-9.17521,38.75684],[-9.17484,38.75641],[-9.17421,38.75641],[-9.17397,38.75621],[-9.17358,38.75567],[-9.17354,38.75558],[-9.17295,38.75525],[-9.17232,38.75536],[-9.17169,38.75536],[-9.17125,38.75558],[-9.17106,38.7557],[-9.17068,38.75558],[-9.17043,38.75552],[-9.16992,38.75558],[-9.17043,38.75582],[-9.17056,38.75621],[-9.17043,38.75645],[-9.17019,38.75684],[-9.17027,38.75747],[-9.17043,38.75758],[-9.17056,38.7581],[-9.17066,38.75873],[-9.17106,38.759],[-9.17169,38.75913],[-9.17232,38.75913],[-9.17271,38.75937],[-9.17295,38.75949],[-9.17332,38.75937],[-9.17358,38.75925],[-9.17421,38.75893],[-9.17484,38.75893],[-9.17505,38.75873],[-9.17538,38.7581],[-9.17548,38.75794],[-9.17611,38.75778],[-9.17636,38.7581],[-9.17636,38.75873],[-9.17674,38.75935],[-9.17676,38.75937],[-9.17737,38.75955],[-9.178,38.75955],[-9.17863,38.75973],[-9.17893,38.76],[-9.17926,38.76013],[-9.17984,38.76],[-9.17967,38.75937],[-9.17989,38.75873],[-9.17989,38.7581],[-9.1798,38.75747],[-9.17989,38.75732],[-9.18052,38.75732],[-9.18059,38.75747],[-9.18115,38.75793]],[[-9.16764,38.75306],[-9.16728,38.75297],[-9.16722,38.75306],[-9.16728,38.75324],[-9.16764,38.75306]],[[-9.16425,38.76252],[-9.16412,38.76232],[-9.16402,38.76252],[-9.16412,38.76272],[-9.16425,38.76252]],[[-9.16286,38.76853],[-9.16259,38.76883],[-9.16286,38.76903],[-9.16349,38.76903],[-9.16384,38.76883],[-9.16349,38.76853],[-9.16286,38.76853]],[[-9.16097,38.77521],[-9.16036,38.77576],[-9.1607,38.77639],[-9.16097,38.77666],[-9.1611,38.77639],[-9.16158,38.77576],[-9.16097,38.77521]],[[-9.15921,38.77639],[-9.15955,38.77576],[-9.15908,38.77565],[-9.15845,38.77544],[-9.15815,38.77576],[-9.15845,38.77623],[-9.1588,38.77639],[-9.15908,38.77646],[-9.15921,38.77639]],[[-9.1643,38.78396],[-9.16412,38.78377],[-9.16398,38.78396],[-9.16412,38.78418],[-9.1643,38.78396]],[[-9.15655,38.78645],[-9.15651,38.78649],[-9.15655,38.78657],[-9.15718,38.78657],[-9.15723,38.78649],[-9.15718,38.78645],[-9.15655,38.78645]],[[-9.15539,38.78649],[-9.15529,38.78624],[-9.15505,38.78649],[-9.15529,38.78665],[-9.15539,38.78649]],[[-9.15618,38.77261],[-9.15655,38.77237],[-9.15718,38.77237],[-9.15764,38.77261],[-9.15782,38.77272],[-9.15796,38.77261],[-9.15845,38.77242],[-9.15908,38.77233],[-9.15958,38.77261],[-9.15971,38.77276],[-9.16034,38.77276],[-9.16061,38.77324],[-9.16097,38.7735],[-9.16153,38.77324],[-9.1616,38.77315],[-9.16201,38.77261],[-9.16223,38.77228],[-9.16247,38.77198],[-9.16223,38.77167],[-9.16188,38.77135],[-9.16188,38.77072],[-9.1616,38.77017],[-9.16149,38.77009],[-9.16127,38.76946],[-9.1612,38.76883],[-9.16124,38.7682],[-9.1616,38.76812],[-9.16176,38.7682],[-9.16223,38.76842],[-9.16248,38.7682],[-9.16244,38.76756],[-9.16233,38.76693],[-9.16223,38.76674],[-9.16193,38.7663],[-9.16223,38.7659],[-9.16286,38.76589],[-9.16349,38.76589],[-9.16371,38.76567],[-9.16377,38.76504],[-9.16377,38.76441],[-9.16349,38.76418],[-9.16286,38.76418],[-9.16258,38.76378],[-9.16223,38.76325],[-9.1616,38.76346],[-9.16146,38.76378],[-9.1616,38.76422],[-9.16191,38.76441],[-9.16191,38.76504],[-9.1616,38.76523],[-9.16109,38.76567],[-9.16097,38.76577],[-9.16034,38.76593],[-9.15971,38.76593],[-9.15938,38.76567],[-9.15908,38.76551],[-9.15869,38.76567],[-9.15845,38.7663],[-9.15782,38.76596],[-9.15718,38.76596],[-9.15667,38.7663],[-9.15655,38.76637],[-9.15608,38.7663],[-9.15611,38.76567],[-9.15621,38.76504],[-9.15621,38.76441],[-9.15592,38.76424],[-9.15575,38.76378],[-9.1556,38.76315],[-9.15542,38.76252],[-9.15529,38.76244],[-9.15466,38.76232],[-9.15403,38.76232],[-9.1534,38.76232],[-9.15309,38.76252],[-9.15304,38.76315],[-9.15308,38.76378],[-9.15303,38.76441],[-9.153,38.76504],[-9.15283,38.76567],[-9.15288,38.7663],[-9.15277,38.76669],[-9.15214,38.76678],[-9.15199,38.76693],[-9.152,38.76756],[-9.15178,38.7682],[-9.15162,38.76883],[-9.15151,38.76903],[-9.15088,38.76903],[-9.15056,38.76946],[-9.15088,38.76979],[-9.15151,38.76979],[-9.15192,38.77009],[-9.15214,38.77023],[-9.15277,38.7705],[-9.15308,38.77072],[-9.15314,38.77135],[-9.1534,38.7719],[-9.15347,38.77198],[-9.15398,38.77261],[-9.1534,38.77314],[-9.15321,38.77324],[-9.15277,38.77363],[-9.15214,38.77377],[-9.15205,38.77387],[-9.15183,38.7745],[-9.15214,38.77499],[-9.15238,38.77513],[-9.15277,38.77525],[-9.1534,38.77566],[-9.15363,38.77513],[-9.15403,38.77462],[-9.15466,38.77462],[-9.15502,38.7745],[-9.1551,38.77387],[-9.15529,38.77371],[-9.15569,38.77324],[-9.15592,38.77288],[-9.15618,38.77261]],[[-9.12022,38.72152],[-9.11997,38.72188],[-9.11934,38.72188],[-9.11888,38.72215],[-9.1189,38.72278],[-9.11907,38.72341],[-9.11934,38.72358],[-9.11997,38.72358],[-9.1206,38.72362],[-9.12123,38.72357],[-9.12153,38.72341],[-9.12186,38.7232],[-9.12225,38.72278],[-9.12197,38.72215],[-9.12186,38.72205],[-9.12123,38.72187],[-9.12105,38.72152],[-9.1206,38.72119],[-9.12022,38.72152]],[[-9.11934,38.72895],[-9.11912,38.72909],[-9.11934,38.72919],[-9.11997,38.72919],[-9.12005,38.72909],[-9.11997,38.72895],[-9.11934,38.72895]],[[-9.18809,38.75306],[-9.18872,38.75318],[-9.18935,38.75318],[-9.18998,38.75306],[-9.18935,38.75286],[-9.18872,38.75286],[-9.18845,38.75243],[-9.18845,38.7518],[-9.18809,38.75121],[-9.18762,38.7518],[-9.18762,38.75243],[-9.18809,38.75306]],[[-9.18436,38.75306],[-9.18431,38.75294],[-9.18402,38.75306],[-9.18431,38.7532],[-9.18436,38.75306]],[[-9.18538,38.7499],[-9.18494,38.74947],[-9.18457,38.74927],[-9.18494,38.7491],[-9.18538,38.74864],[-9.18494,38.7482],[-9.18431,38.74829],[-9.18405,38.74801],[-9.18368,38.74767],[-9.18304,38.74767],[-9.18241,38.74771],[-9.18178,38.74793],[-9.18172,38.74801],[-9.18178,38.74819],[-9.18241,38.74838],[-9.18304,38.74842],[-9.18368,38.74842],[-9.18391,38.74864],[-9.18368,38.74908],[-9.18304,38.74908],[-9.18241,38.74921],[-9.18178,38.74889],[-9.18139,38.74864],[-9.18115,38.74855],[-9.18052,38.74855],[-9.18042,38.74864],[-9.17996,38.74927],[-9.17989,38.74943],[-9.17978,38.7499],[-9.17989,38.75007],[-9.18017,38.75054],[-9.18052,38.75087],[-9.18115,38.75087],[-9.18169,38.75117],[-9.18178,38.75123],[-9.18216,38.7518],[-9.18216,38.75243],[-9.18241,38.75268],[-9.18304,38.75289],[-9.18368,38.75289],[-9.18394,38.75243],[-9.18431,38.75183],[-9.18433,38.7518],[-9.18431,38.75169],[-9.18371,38.75117],[-9.18431,38.75061],[-9.18434,38.75054],[-9.18494,38.75008],[-9.18538,38.7499]],[[-9.17055,38.75495],[-9.17043,38.7548],[-9.17016,38.75495],[-9.17043,38.75502],[-9.17055,38.75495]],[[-9.16109,38.77387],[-9.16097,38.77383],[-9.16086,38.77387],[-9.16097,38.77407],[-9.16109,38.77387]],[[-9.15863,38.77387],[-9.15908,38.77324],[-9.15845,38.77302],[-9.15782,38.77317],[-9.15764,38.77324],[-9.15782,38.77352],[-9.15817,38.77387],[-9.15845,38.77399],[-9.15863,38.77387]],[[-9.15543,38.78523],[-9.15529,38.78501],[-9.15495,38.78523],[-9.15529,38.78552],[-9.15543,38.78523]],[[-9.16146,38.76189],[-9.1616,38.76175],[-9.16223,38.76149],[-9.16286,38.76189],[-9.16349,38.76189],[-9.16383,38.76126],[-9.16412,38.76083],[-9.16416,38.76063],[-9.16412,38.76058],[-9.16375,38.76],[-9.16412,38.75965],[-9.16475,38.75951],[-9.16512,38.75937],[-9.16523,38.75873],[-9.16538,38.75821],[-9.16601,38.75821],[-9.16658,38.7581],[-9.16661,38.75747],[-9.16665,38.75741],[-9.16691,38.75684],[-9.16682,38.75621],[-9.16692,38.75558],[-9.16665,38.75514],[-9.16656,38.75495],[-9.16632,38.75432],[-9.1661,38.75369],[-9.16665,38.75314],[-9.16672,38.75306],[-9.16712,38.75243],[-9.16712,38.7518],[-9.16728,38.75168],[-9.16791,38.75138],[-9.16805,38.75117],[-9.16854,38.75057],[-9.16917,38.75057],[-9.1698,38.75055],[-9.16986,38.75054],[-9.16993,38.7499],[-9.17043,38.74965],[-9.17101,38.74927],[-9.17106,38.74896],[-9.17108,38.74864],[-9.17106,38.74861],[-9.17043,38.74857],[-9.17034,38.74864],[-9.1698,38.74918],[-9.16967,38.74927],[-9.16917,38.74975],[-9.16854,38.74975],[-9.16791,38.74966],[-9.16728,38.74934],[-9.1672,38.74927],[-9.16669,38.74864],[-9.16665,38.74859],[-9.16601,38.74859],[-9.16538,38.74822],[-9.16498,38.74864],[-9.16485,38.74927],[-9.16475,38.74933],[-9.16412,38.74949],[-9.16349,38.74961],[-9.16286,38.74961],[-9.16256,38.74927],[-9.16223,38.74883],[-9.1616,38.74897],[-9.16142,38.74927],[-9.16097,38.74978],[-9.16076,38.7499],[-9.16097,38.75013],[-9.16136,38.75054],[-9.16139,38.75117],[-9.16125,38.7518],[-9.16125,38.75243],[-9.16121,38.75306],[-9.16097,38.75345],[-9.16051,38.75306],[-9.16034,38.75252],[-9.15971,38.75252],[-9.15908,38.75246],[-9.15901,38.75243],[-9.15901,38.7518],[-9.15908,38.75167],[-9.1592,38.75117],[-9.15908,38.75106],[-9.1588,38.75117],[-9.15845,38.75139],[-9.15782,38.75172],[-9.15718,38.75172],[-9.15658,38.75117],[-9.15655,38.75054],[-9.15592,38.75019],[-9.15563,38.75054],[-9.15529,38.75096],[-9.15466,38.75079],[-9.15403,38.75079],[-9.1534,38.75096],[-9.15317,38.75117],[-9.1534,38.75134],[-9.15403,38.75145],[-9.15466,38.75145],[-9.15529,38.75145],[-9.15592,38.75139],[-9.1564,38.7518],[-9.1564,38.75243],[-9.15624,38.75306],[-9.15592,38.75331],[-9.15552,38.75369],[-9.15568,38.75432],[-9.15592,38.75462],[-9.15655,38.75477],[-9.15683,38.75495],[-9.15718,38.75535],[-9.15782,38.75535],[-9.15803,38.75558],[-9.15845,38.75613],[-9.1585,38.75621],[-9.15901,38.75684],[-9.15908,38.75697],[-9.15932,38.75747],[-9.15908,38.75755],[-9.15845,38.75783],[-9.15782,38.75793],[-9.15718,38.75793],[-9.15704,38.7581],[-9.15704,38.75873],[-9.15655,38.75932],[-9.15592,38.75932],[-9.15584,38.75937],[-9.15584,38.76],[-9.15592,38.76031],[-9.1561,38.76063],[-9.15655,38.76091],[-9.15682,38.76126],[-9.15707,38.76189],[-9.15706,38.76252],[-9.1571,38.76315],[-9.15718,38.76331],[-9.15782,38.76331],[-9.15845,38.76343],[-9.15881,38.76378],[-9.15908,38.76437],[-9.15918,38.76441],[-9.15916,38.76504],[-9.15971,38.76515],[-9.16034,38.76515],[-9.16045,38.76504],[-9.16042,38.76441],[-9.16097,38.76403],[-9.16112,38.76378],[-9.16097,38.7633],[-9.16082,38.76315],[-9.16078,38.76252],[-9.16097,38.76239],[-9.16146,38.76189]],[[-9.15718,38.75074],[-9.15782,38.75074],[-9.15815,38.75054],[-9.15782,38.75031],[-9.15718,38.75031],[-9.15655,38.75054],[-9.15718,38.75074]],[[-9.1558,38.76063],[-9.15529,38.76038],[-9.15501,38.76063],[-9.15529,38.76085],[-9.1558,38.76063]],[[-9.16426,38.76],[-9.16412,38.75999],[-9.16412,38.76],[-9.16412,38.76001],[-9.16426,38.76]],[[-9.16286,38.748],[-9.16284,38.74801],[-9.16286,38.74817],[-9.16349,38.74817],[-9.16356,38.74801],[-9.16349,38.748],[-9.16286,38.748]],[[-9.1646,38.74234],[-9.16475,38.74244],[-9.16538,38.74252],[-9.16601,38.74283],[-9.16665,38.74283],[-9.1672,38.74234],[-9.16728,38.74228],[-9.16791,38.74232],[-9.16854,38.74186],[-9.16917,38.74186],[-9.1698,38.742],[-9.17043,38.74175],[-9.17053,38.7417],[-9.17106,38.74125],[-9.17169,38.74112],[-9.17232,38.74112],[-9.1724,38.74107],[-9.17275,38.74044],[-9.17257,38.73981],[-9.17257,38.73918],[-9.17257,38.73855],[-9.17232,38.73825],[-9.17169,38.73825],[-9.17106,38.73825],[-9.17051,38.73792],[-9.17043,38.73729],[-9.17035,38.73792],[-9.1698,38.73815],[-9.16917,38.73832],[-9.16854,38.73832],[-9.16829,38.73855],[-9.16791,38.73884],[-9.16728,38.739],[-9.16709,38.73918],[-9.16709,38.73981],[-9.1671,38.74044],[-9.16665,38.74076],[-9.16601,38.74076],[-9.16538,38.74068],[-9.16475,38.74079],[-9.16446,38.74107],[-9.16412,38.74135],[-9.16381,38.74107],[-9.16349,38.74084],[-9.16286,38.74084],[-9.1623,38.74107],[-9.16245,38.7417],[-9.16223,38.74207],[-9.1616,38.74192],[-9.16153,38.7417],[-9.16151,38.74107],[-9.16097,38.74092],[-9.16034,38.74057],[-9.15971,38.74057],[-9.15952,38.74044],[-9.15917,38.73981],[-9.15917,38.73918],[-9.15908,38.73913],[-9.15845,38.73874],[-9.15782,38.73882],[-9.15718,38.73882],[-9.15676,38.73855],[-9.15655,38.73847],[-9.15645,38.73855],[-9.15614,38.73918],[-9.15614,38.73981],[-9.1561,38.74044],[-9.15592,38.7406],[-9.15567,38.74044],[-9.15529,38.74036],[-9.15466,38.74036],[-9.15403,38.74036],[-9.1534,38.74044],[-9.15277,38.74103],[-9.15214,38.74085],[-9.15151,38.74085],[-9.15129,38.74107],[-9.15088,38.74135],[-9.15062,38.7417],[-9.15082,38.74234],[-9.15067,38.74297],[-9.15068,38.7436],[-9.15088,38.74383],[-9.15151,38.74392],[-9.15214,38.74392],[-9.15277,38.74401],[-9.15317,38.7436],[-9.1534,38.74338],[-9.15403,38.74343],[-9.15466,38.74343],[-9.15504,38.74297],[-9.15529,38.7427],[-9.15568,38.74297],[-9.15592,38.74308],[-9.15605,38.74297],[-9.15592,38.74248],[-9.15585,38.74234],[-9.15592,38.74213],[-9.15655,38.74216],[-9.15666,38.74234],[-9.15718,38.74269],[-9.15782,38.74269],[-9.15842,38.74297],[-9.15845,38.74301],[-9.15879,38.7436],[-9.15908,38.74381],[-9.15955,38.7436],[-9.15971,38.7435],[-9.16034,38.7435],[-9.16057,38.7436],[-9.16097,38.7437],[-9.16108,38.7436],[-9.1616,38.74315],[-9.1618,38.74297],[-9.16223,38.74247],[-9.16248,38.74234],[-9.16286,38.7421],[-9.16349,38.7421],[-9.16412,38.74203],[-9.1646,38.74234]],[[-9.17106,38.73741],[-9.1713,38.73729],[-9.17125,38.73666],[-9.17127,38.73603],[-9.17106,38.73574],[-9.17091,38.7354],[-9.17079,38.73477],[-9.1707,38.73414],[-9.17057,38.73351],[-9.17063,38.73287],[-9.17043,38.73254],[-9.17016,38.73224],[-9.1698,38.7317],[-9.16974,38.73161],[-9.16972,38.73098],[-9.1698,38.73081],[-9.16994,38.73035],[-9.1698,38.73016],[-9.16917,38.72991],[-9.16854,38.72991],[-9.16791,38.72989],[-9.16728,38.72983],[-9.16665,38.73007],[-9.16601,38.73007],[-9.16538,38.73033],[-9.16537,38.73035],[-9.16475,38.73093],[-9.16467,38.73098],[-9.16431,38.73161],[-9.16412,38.73176],[-9.16365,38.73161],[-9.16349,38.7314],[-9.16286,38.7314],[-9.16277,38.73161],[-9.16223,38.7319],[-9.16203,38.73224],[-9.16183,38.73287],[-9.16186,38.73351],[-9.16186,38.73414],[-9.1617,38.73477],[-9.16171,38.7354],[-9.16223,38.73582],[-9.16274,38.73603],[-9.16286,38.73612],[-9.16349,38.73612],[-9.16355,38.73603],[-9.16412,38.73561],[-9.16475,38.73558],[-9.16538,38.7357],[-9.16583,38.7354],[-9.16601,38.73517],[-9.16665,38.73517],[-9.16698,38.7354],[-9.16707,38.73603],[-9.16702,38.73666],[-9.16728,38.73705],[-9.16758,38.73729],[-9.16791,38.73745],[-9.16815,38.73729],[-9.16854,38.73704],[-9.16917,38.73704],[-9.1698,38.73729],[-9.17043,38.73729],[-9.17106,38.73741]],[[-9.15971,38.75031],[-9.15944,38.75054],[-9.15971,38.75083],[-9.16034,38.75083],[-9.16059,38.75054],[-9.16034,38.75031],[-9.15971,38.75031]],[[-9.15864,38.7499],[-9.15845,38.74976],[-9.15837,38.7499],[-9.15845,38.74996],[-9.15864,38.7499]],[[-9.15466,38.74728],[-9.1548,38.74738],[-9.15529,38.74767],[-9.15592,38.74744],[-9.15595,38.74738],[-9.15634,38.74675],[-9.15592,38.74628],[-9.15529,38.74675],[-9.15466,38.74659],[-9.15403,38.74659],[-9.15385,38.74675],[-9.15403,38.74728],[-9.15466,38.74728]],[[-9.15718,38.75745],[-9.15715,38.75747],[-9.15718,38.75748],[-9.15782,38.75748],[-9.15784,38.75747],[-9.15782,38.75745],[-9.15718,38.75745]],[[-9.15655,38.75784],[-9.15597,38.7581],[-9.15597,38.75873],[-9.15655,38.75885],[-9.15665,38.75873],[-9.15665,38.7581],[-9.15655,38.75784]],[[-9.16475,38.74544],[-9.16447,38.74549],[-9.16447,38.74612],[-9.16412,38.74633],[-9.16364,38.74675],[-9.16349,38.74686],[-9.16286,38.74686],[-9.16223,38.74723],[-9.16195,38.74738],[-9.16223,38.7476],[-9.16286,38.74752],[-9.16349,38.74752],[-9.16391,38.74738],[-9.16412,38.74712],[-9.16475,38.74688],[-9.16529,38.74675],[-9.16538,38.74654],[-9.1655,38.74612],[-9.1655,38.74549],[-9.16538,38.74543],[-9.16475,38.74544]],[[-9.1656,38.73729],[-9.16538,38.73696],[-9.16475,38.73673],[-9.16412,38.73667],[-9.16349,38.73697],[-9.16286,38.73697],[-9.16223,38.73695],[-9.1616,38.73696],[-9.16134,38.73729],[-9.1616,38.73777],[-9.16181,38.73792],[-9.1616,38.73824],[-9.16151,38.73855],[-9.1616,38.7389],[-9.16178,38.73918],[-9.16178,38.73981],[-9.16223,38.74023],[-9.16286,38.73995],[-9.16349,38.73995],[-9.16403,38.73981],[-9.16403,38.73918],[-9.16398,38.73855],[-9.16412,38.7385],[-9.16423,38.73855],[-9.16475,38.73892],[-9.16538,38.73863],[-9.16569,38.73918],[-9.16569,38.73981],[-9.16601,38.74006],[-9.16665,38.74006],[-9.16675,38.73981],[-9.16675,38.73918],[-9.16728,38.73866],[-9.16753,38.73855],[-9.16752,38.73792],[-9.16728,38.73785],[-9.16665,38.7377],[-9.16601,38.7377],[-9.1656,38.73729]],[[-9.16012,38.73603],[-9.15971,38.73582],[-9.15953,38.73603],[-9.15971,38.73621],[-9.16012,38.73603]],[[-9.15971,38.74878],[-9.15937,38.74927],[-9.15971,38.74941],[-9.16034,38.74941],[-9.16089,38.74927],[-9.16034,38.74878],[-9.15971,38.74878]],[[-9.15868,38.74864],[-9.15845,38.74853],[-9.15833,38.74864],[-9.15845,38.74883],[-9.15868,38.74864]],[[-9.15531,38.74486],[-9.15529,38.74485],[-9.15527,38.74486],[-9.15529,38.74492],[-9.15531,38.74486]],[[-9.16286,38.74391],[-9.16349,38.74391],[-9.16412,38.74384],[-9.16475,38.74373],[-9.16493,38.7436],[-9.16475,38.74337],[-9.16412,38.7433],[-9.16349,38.74325],[-9.16286,38.74325],[-9.16223,38.74346],[-9.16206,38.7436],[-9.16223,38.74371],[-9.16286,38.74391]],[[-9.16223,38.74522],[-9.16187,38.74549],[-9.16187,38.74612],[-9.16223,38.74648],[-9.16279,38.74612],[-9.16279,38.74549],[-9.16223,38.74522]],[[-9.17107,38.73098],[-9.17106,38.73097],[-9.17104,38.73098],[-9.17106,38.73104],[-9.17107,38.73098]],[[-9.16454,38.73603],[-9.16412,38.736],[-9.16408,38.73603],[-9.16412,38.73653],[-9.16454,38.73603]],[[-9.15977,38.73414],[-9.15971,38.73409],[-9.15963,38.73414],[-9.15971,38.73419],[-9.15977,38.73414]],[[-9.15971,38.74785],[-9.15949,38.74801],[-9.15971,38.74853],[-9.16034,38.74853],[-9.16047,38.74801],[-9.16034,38.74785],[-9.15971,38.74785]],[[-9.15849,38.74675],[-9.15845,38.74671],[-9.15841,38.74675],[-9.15845,38.74678],[-9.15849,38.74675]],[[-9.15548,38.74423],[-9.15529,38.74398],[-9.1551,38.74423],[-9.15529,38.74434],[-9.15548,38.74423]],[[-9.17113,38.73035],[-9.17106,38.73025],[-9.17103,38.73035],[-9.17106,38.73036],[-9.17113,38.73035]]],[[[-9.15718,38.75321],[-9.15694,38.75306],[-9.15718,38.75254],[-9.15782,38.75254],[-9.15826,38.75306],[-9.15782,38.75321],[-9.15718,38.75321]]],[[[-9.16538,38.75334],[-9.16529,38.75306],[-9.16538,38.753],[-9.16566,38.75306],[-9.16538,38.75334]]],[[[-9.15908,38.76662],[-9.15845,38.7663],[-9.15908,38.76621],[-9.15914,38.7663],[-9.15908,38.76662]]],[[[-9.15971,38.7673],[-9.15922,38.76693],[-9.15971,38.76676],[-9.16034,38.76676],[-9.16071,38.76693],[-9.16034,38.7673],[-9.15971,38.7673]]],[[[-9.17048,38.76883],[-9.17043,38.76925],[-9.17037,38.76883],[-9.17043,38.76877],[-9.17048,38.76883]]],[[[-9.18115,38.76918],[-9.18144,38.76946],[-9.1814,38.77009],[-9.18115,38.77025],[-9.18052,38.7702],[-9.17989,38.7702],[-9.17976,38.77009],[-9.17989,38.76977],[-9.18052,38.76977],[-9.1807,38.76946],[-9.18115,38.76918]]],[[[-9.1838,38.77766],[-9.1838,38.77703],[-9.18428,38.77639],[-9.18431,38.77636],[-9.18494,38.7762],[-9.1852,38.77639],[-9.1852,38.7765],[-9.18495,38.77664],[-9.18392,38.77755],[-9.1838,38.77767],[-9.1838,38.77766]]],[[[-9.16223,38.77834],[-9.16215,38.77829],[-9.16223,38.77825],[-9.16227,38.77829],[-9.16223,38.77834]]],[[[-9.16968,38.77955],[-9.16959,38.77892],[-9.1698,38.7788],[-9.17011,38.77892],[-9.17004,38.77955],[-9.1698,38.77969],[-9.16968,38.77955]]],[[[-9.16038,38.78207],[-9.16034,38.78214],[-9.15971,38.78214],[-9.15908,38.78215],[-9.15896,38.78207],[-9.15908,38.78199],[-9.15971,38.78202],[-9.16034,38.78202],[-9.16038,38.78207]]],[[[-9.16223,38.78422],[-9.16185,38.78396],[-9.16223,38.78362],[-9.16286,38.78354],[-9.16349,38.78396],[-9.16286,38.78422],[-9.16223,38.78422]]],[[[-9.15529,38.79305],[-9.15511,38.79279],[-9.15529,38.7925],[-9.15586,38.79279],[-9.15529,38.79305]]],[[[-9.15393,38.79406],[-9.15403,38.79383],[-9.15466,38.79383],[-9.15481,38.79406],[-9.15481,38.79429],[-9.15444,38.79455],[-9.15393,38.79459],[-9.15393,38.79406]]],[[[-9.13949,38.70638],[-9.13949,38.70575],[-9.13952,38.70575],[-9.13954,38.70575],[-9.13963,38.70638],[-9.13952,38.70647],[-9.13949,38.70638]]],[[[-9.14394,38.70574],[-9.14407,38.70575],[-9.14451,38.70638],[-9.14394,38.70682],[-9.14331,38.70654],[-9.14268,38.70654],[-9.14245,38.70701],[-9.14245,38.70765],[-9.14205,38.70805],[-9.14157,38.70765],[-9.14167,38.70701],[-9.14185,38.70638],[-9.14205,38.70631],[-9.14268,38.70575],[-9.14331,38.70575],[-9.14394,38.70574]],[[-9.14394,38.7064],[-9.14396,38.70638],[-9.14394,38.70636],[-9.14391,38.70638],[-9.14394,38.7064]]],[[[-9.13453,38.70828],[-9.13448,38.70837],[-9.13385,38.70837],[-9.13378,38.70828],[-9.13378,38.70765],[-9.13385,38.70762],[-9.13448,38.70762],[-9.13453,38.70765],[-9.13453,38.70828]]],[[[-9.13818,38.70765],[-9.13826,38.70753],[-9.13889,38.70701],[-9.13952,38.70735],[-9.14004,38.70765],[-9.14004,38.70828],[-9.14015,38.7084],[-9.14079,38.7084],[-9.14116,38.70891],[-9.14079,38.70931],[-9.14015,38.70931],[-9.13952,38.70915],[-9.13895,38.70891],[-9.13889,38.70886],[-9.13826,38.70837],[-9.13818,38.70828],[-9.13818,38.70765]]],[[[-9.14709,38.70937],[-9.14698,38.70954],[-9.14673,38.71017],[-9.14646,38.7105],[-9.14583,38.7105],[-9.1456,38.71017],[-9.14561,38.70954],[-9.14541,38.70891],[-9.14567,38.70828],[-9.14583,38.70794],[-9.14646,38.70794],[-9.14659,38.70765],[-9.14659,38.70701],[-9.14646,38.70683],[-9.14583,38.70683],[-9.1452,38.70685],[-9.14477,38.70638],[-9.1452,38.70598],[-9.14583,38.70602],[-9.14646,38.70602],[-9.14709,38.70631],[-9.14772,38.70611],[-9.14821,38.70638],[-9.14835,38.70679],[-9.14898,38.70679],[-9.14962,38.70656],[-9.15008,38.70701],[-9.15008,38.70765],[-9.15025,38.70816],[-9.15048,38.70828],[-9.15042,38.70891],[-9.15025,38.70913],[-9.14991,38.70891],[-9.14977,38.70828],[-9.14962,38.70826],[-9.14959,38.70828],[-9.14898,38.70875],[-9.14835,38.70875],[-9.14817,38.70891],[-9.14835,38.70931],[-9.14898,38.70931],[-9.14918,38.70954],[-9.14918,38.71017],[-9.14898,38.71035],[-9.14835,38.71035],[-9.14772,38.71056],[-9.1474,38.71017],[-9.14772,38.70962],[-9.14804,38.70954],[-9.14772,38.70942],[-9.14709,38.70937]]],[[[-9.13539,38.70891],[-9.13511,38.70906],[-9.13494,38.70891],[-9.13511,38.70881],[-9.13539,38.70891]]],[[[-9.13643,38.70954],[-9.13637,38.70959],[-9.13623,38.70954],[-9.13637,38.70944],[-9.13643,38.70954]]],[[[-9.14394,38.71018],[-9.14392,38.71017],[-9.14394,38.71012],[-9.14395,38.71017],[-9.14394,38.71018]]],[[[-9.13289,38.70954],[-9.13322,38.70913],[-9.13381,38.70954],[-9.13385,38.7096],[-9.13448,38.7096],[-9.13481,38.71017],[-9.13457,38.7108],[-9.13448,38.71085],[-9.13385,38.71085],[-9.13374,38.7108],[-9.13322,38.71048],[-9.13274,38.7108],[-9.13259,38.71119],[-9.13246,38.7108],[-9.13259,38.71017],[-9.13289,38.70954]]],[[[-9.14583,38.71153],[-9.14559,38.71143],[-9.14583,38.71123],[-9.14646,38.71123],[-9.14667,38.71143],[-9.14646,38.71153],[-9.14583,38.71153]]],[[[-9.1467,38.71332],[-9.14646,38.71349],[-9.14583,38.71349],[-9.14559,38.71332],[-9.14571,38.71269],[-9.14583,38.71265],[-9.14646,38.71265],[-9.14651,38.71269],[-9.1467,38.71332]]],[[[-9.13897,38.71332],[-9.13889,38.71345],[-9.13878,38.71332],[-9.13889,38.71327],[-9.13897,38.71332]]],[[[-9.1435,38.71395],[-9.1435,38.71458],[-9.14331,38.71463],[-9.14268,38.71463],[-9.14245,38.71458],[-9.14245,38.71395],[-9.1426,38.71332],[-9.14268,38.71321],[-9.14331,38.71321],[-9.1435,38.71332],[-9.1435,38.71395]]],[[[-9.13945,38.71711],[-9.13952,38.71709],[-9.14015,38.71709],[-9.14017,38.71711],[-9.14015,38.71714],[-9.13952,38.71714],[-9.13945,38.71711]]],[[[-9.13574,38.71837],[-9.13511,38.71805],[-9.13493,38.71774],[-9.13511,38.71757],[-9.13554,38.71711],[-9.13564,38.71648],[-9.13574,38.71618],[-9.13637,38.71611],[-9.13653,38.71648],[-9.137,38.71697],[-9.13763,38.71697],[-9.13826,38.71679],[-9.13853,38.71711],[-9.13889,38.71731],[-9.13921,38.71774],[-9.13889,38.71799],[-9.13826,38.71813],[-9.13809,38.71837],[-9.1378,38.719],[-9.13763,38.71939],[-9.137,38.71939],[-9.13678,38.719],[-9.13637,38.71862],[-9.13613,38.719],[-9.13574,38.71927],[-9.13529,38.719],[-9.13574,38.71837]]],[[[-9.13489,38.71837],[-9.13448,38.71858],[-9.13385,38.71858],[-9.13322,38.7185],[-9.13299,38.71837],[-9.13322,38.71815],[-9.13385,38.71811],[-9.13448,38.71811],[-9.13489,38.71837]]],[[[-9.13196,38.71878],[-9.13259,38.71887],[-9.13265,38.719],[-9.13259,38.71908],[-9.13196,38.71919],[-9.13132,38.71919],[-9.13069,38.71902],[-9.13055,38.719],[-9.13069,38.71897],[-9.13132,38.71878],[-9.13196,38.71878]]],[[[-9.13544,38.72089],[-9.13539,38.72026],[-9.13574,38.71999],[-9.13637,38.72018],[-9.13647,38.72026],[-9.13647,38.72089],[-9.13689,38.72152],[-9.13693,38.72215],[-9.13637,38.72245],[-9.13574,38.72225],[-9.13511,38.72253],[-9.13484,38.72215],[-9.13511,38.72152],[-9.13574,38.72184],[-9.13585,38.72152],[-9.13574,38.72142],[-9.13544,38.72089]]],[[[-9.13259,38.72287],[-9.13196,38.72287],[-9.13132,38.72287],[-9.1311,38.72278],[-9.13132,38.72254],[-9.13196,38.72254],[-9.13259,38.72265],[-9.13322,38.72278],[-9.13259,38.72287]]],[[[-9.14438,38.72278],[-9.14394,38.72306],[-9.14368,38.72278],[-9.14394,38.72242],[-9.14438,38.72278]]],[[[-9.13008,38.72468],[-9.13006,38.7247],[-9.13003,38.72468],[-9.13006,38.72465],[-9.13008,38.72468]]],[[[-9.13889,38.72775],[-9.13826,38.72756],[-9.13781,38.7272],[-9.13781,38.72657],[-9.13763,38.72619],[-9.137,38.72619],[-9.13637,38.72631],[-9.13574,38.72611],[-9.13511,38.72612],[-9.13481,38.72594],[-9.13511,38.72531],[-9.13574,38.72565],[-9.13637,38.72548],[-9.13651,38.72531],[-9.13637,38.72519],[-9.13601,38.72468],[-9.13574,38.72414],[-9.13561,38.72404],[-9.13574,38.72341],[-9.13637,38.7231],[-9.13664,38.72341],[-9.13684,38.72404],[-9.137,38.72407],[-9.13763,38.72407],[-9.13774,38.72404],[-9.13826,38.72395],[-9.13889,38.72395],[-9.13916,38.72404],[-9.13952,38.72425],[-9.14015,38.72425],[-9.1404,38.72468],[-9.14015,38.72508],[-9.13952,38.72508],[-9.13916,38.72531],[-9.13889,38.72553],[-9.13863,38.72594],[-9.13889,38.72615],[-9.13939,38.72594],[-9.13952,38.72576],[-9.14015,38.72576],[-9.14047,38.72594],[-9.14061,38.72657],[-9.14061,38.7272],[-9.14079,38.72727],[-9.14095,38.7272],[-9.14095,38.72657],[-9.14106,38.72594],[-9.14142,38.72584],[-9.14157,38.72594],[-9.14163,38.72657],[-9.14163,38.7272],[-9.14142,38.72745],[-9.14119,38.72783],[-9.14142,38.72821],[-9.14169,38.72846],[-9.14142,38.72861],[-9.14079,38.72851],[-9.14046,38.72909],[-9.14015,38.72966],[-9.13952,38.72966],[-9.13889,38.72954],[-9.13856,38.72909],[-9.13889,38.72856],[-9.13921,38.72846],[-9.13897,38.72783],[-9.13889,38.72775]],[[-9.13826,38.72535],[-9.13835,38.72531],[-9.13826,38.72528],[-9.13823,38.72531],[-9.13826,38.72535]]],[[[-9.14156,38.73098],[-9.14142,38.73119],[-9.14123,38.73098],[-9.14142,38.73055],[-9.14156,38.73098]]],[[[-9.13538,38.73351],[-9.13538,38.73287],[-9.13574,38.73281],[-9.1359,38.73287],[-9.1359,38.73351],[-9.13574,38.73368],[-9.13538,38.73351]]],[[[-9.13833,38.73414],[-9.13826,38.73423],[-9.13814,38.73414],[-9.13826,38.73386],[-9.13833,38.73414]]],[[[-9.13253,38.73477],[-9.13196,38.73491],[-9.13168,38.73477],[-9.13196,38.73428],[-9.13253,38.73477]]],[[[-9.13448,38.73512],[-9.13385,38.73512],[-9.13322,38.73523],[-9.13276,38.7354],[-9.13259,38.73575],[-9.13251,38.7354],[-9.13259,38.73487],[-9.1326,38.73477],[-9.13322,38.73432],[-9.13385,38.73433],[-9.13448,38.73433],[-9.13466,38.73477],[-9.13448,38.73512]]],[[[-9.13505,38.7354],[-9.13511,38.73538],[-9.13515,38.7354],[-9.13524,38.73603],[-9.13511,38.73615],[-9.13496,38.73603],[-9.13505,38.7354]]],[[[-9.13858,38.73729],[-9.13826,38.73752],[-9.13801,38.73729],[-9.13826,38.73711],[-9.13858,38.73729]]],[[[-9.13217,38.74107],[-9.13196,38.74114],[-9.13184,38.74107],[-9.13196,38.74086],[-9.13217,38.74107]]],[[[-9.13153,38.7417],[-9.13132,38.74188],[-9.13069,38.74188],[-9.13006,38.74199],[-9.12977,38.7417],[-9.13006,38.74115],[-9.13069,38.74139],[-9.13132,38.74139],[-9.13153,38.7417]]],[[[-9.14142,38.74177],[-9.14136,38.7417],[-9.14142,38.74166],[-9.14144,38.7417],[-9.14142,38.74177]]],[[[-9.13132,38.74295],[-9.13196,38.74288],[-9.13259,38.74268],[-9.13322,38.74261],[-9.13333,38.74297],[-9.13333,38.7436],[-9.13322,38.74375],[-9.1331,38.7436],[-9.13259,38.74312],[-9.13196,38.74313],[-9.13132,38.74298],[-9.13069,38.74298],[-9.13068,38.74297],[-9.13069,38.74295],[-9.13132,38.74295]]],[[[-9.14709,38.74801],[-9.14646,38.74807],[-9.14599,38.74801],[-9.14646,38.7479],[-9.14709,38.74801]]],[[[-9.14268,38.74998],[-9.14252,38.7499],[-9.14268,38.74977],[-9.14331,38.74977],[-9.14342,38.7499],[-9.14331,38.74998],[-9.14268,38.74998]]],[[[-9.13518,38.75117],[-9.13511,38.75124],[-9.13508,38.75117],[-9.13511,38.75113],[-9.13518,38.75117]]],[[[-9.13006,38.76253],[-9.12994,38.76252],[-9.13006,38.76248],[-9.13007,38.76252],[-9.13006,38.76253]]],[[[-9.13006,38.77267],[-9.12998,38.77261],[-9.13006,38.77257],[-9.13015,38.77261],[-9.13006,38.77267]]],[[[-9.12658,38.719],[-9.12628,38.71941],[-9.12565,38.71926],[-9.12502,38.71926],[-9.12478,38.719],[-9.12502,38.71884],[-9.12565,38.71884],[-9.12628,38.7187],[-9.12658,38.719]]],[[[-9.12691,38.72017],[-9.12719,38.72026],[-9.12719,38.72089],[-9.12754,38.72102],[-9.12817,38.7215],[-9.1288,38.7215],[-9.12884,38.72152],[-9.1288,38.72215],[-9.12817,38.72215],[-9.12754,38.72197],[-9.12708,38.72215],[-9.12691,38.7222],[-9.12628,38.7222],[-9.12613,38.72215],[-9.12628,38.72204],[-9.12666,38.72152],[-9.12676,38.72089],[-9.12676,38.72026],[-9.12691,38.72017]]],[[[-9.11051,38.7238],[-9.11114,38.7238],[-9.1115,38.72341],[-9.11177,38.72312],[-9.1121,38.72278],[-9.1124,38.72248],[-9.11303,38.72215],[-9.11317,38.72152],[-9.11303,38.7213],[-9.11262,38.7213],[-9.11302,38.72091],[-9.11303,38.72091],[-9.11342,38.72152],[-9.11339,38.72215],[-9.11303,38.72256],[-9.1124,38.72277],[-9.11239,38.72278],[-9.11177,38.7234],[-9.11176,38.72341],[-9.11123,38.72404],[-9.11124,38.72468],[-9.11114,38.72477],[-9.11051,38.72477],[-9.11028,38.72468],[-9.10988,38.72425],[-9.10975,38.72404],[-9.10988,38.72404],[-9.11012,38.7238],[-9.11051,38.7238]]],[[[-9.12901,38.72341],[-9.12898,38.72278],[-9.12943,38.72215],[-9.12958,38.72278],[-9.12979,38.72341],[-9.12943,38.72382],[-9.12901,38.72341]]],[[[-9.10862,38.72493],[-9.10799,38.72493],[-9.10774,38.72493],[-9.10799,38.72468],[-9.10862,38.72404],[-9.10897,38.72404],[-9.10897,38.72468],[-9.10862,38.72493]]],[[[-9.12893,38.7272],[-9.12896,38.72657],[-9.12943,38.72619],[-9.12952,38.72657],[-9.12954,38.7272],[-9.12943,38.72749],[-9.12893,38.7272]]],[[[-9.1042,38.73098],[-9.10431,38.73087],[-9.10483,38.73087],[-9.10546,38.73087],[-9.1058,38.73035],[-9.10595,38.72972],[-9.10595,38.72909],[-9.10605,38.72846],[-9.1061,38.72821],[-9.10618,38.72783],[-9.10673,38.72728],[-9.1068,38.7272],[-9.1068,38.72657],[-9.10673,38.72618],[-9.10648,38.72618],[-9.10673,38.72594],[-9.10701,38.72565],[-9.10736,38.72565],[-9.10759,38.72594],[-9.10736,38.7263],[-9.10714,38.72657],[-9.10714,38.7272],[-9.10673,38.72765],[-9.10654,38.72783],[-9.10648,38.72846],[-9.1063,38.72909],[-9.10641,38.72972],[-9.1061,38.73019],[-9.10607,38.73035],[-9.10587,38.73098],[-9.10546,38.73141],[-9.10483,38.73141],[-9.10476,38.73161],[-9.1042,38.73221],[-9.10357,38.73221],[-9.10357,38.73199],[-9.1042,38.73199],[-9.10456,38.73161],[-9.1042,38.73106],[-9.10412,38.73106],[-9.1042,38.73098]]],[[[-9.12754,38.73735],[-9.1274,38.73729],[-9.12754,38.73725],[-9.12761,38.73729],[-9.12754,38.73735]]],[[[-9.11493,38.74372],[-9.11429,38.74406],[-9.11366,38.74406],[-9.11345,38.7436],[-9.11366,38.74307],[-9.11429,38.74307],[-9.11493,38.74341],[-9.11499,38.7436],[-9.11493,38.74372]]],[[[-9.11051,38.74582],[-9.11008,38.74549],[-9.11051,38.74522],[-9.11114,38.74522],[-9.11133,38.74549],[-9.11114,38.74582],[-9.11051,38.74582]]],[[[-9.12389,38.74612],[-9.12376,38.74624],[-9.12342,38.74612],[-9.12376,38.7458],[-9.12389,38.74612]]],[[[-9.10053,38.74801],[-9.10042,38.74816],[-9.10035,38.74801],[-9.10042,38.74787],[-9.10053,38.74801]]],[[[-9.11051,38.74715],[-9.11114,38.74715],[-9.11123,38.74738],[-9.11177,38.74764],[-9.11231,38.74738],[-9.1124,38.74724],[-9.11303,38.74695],[-9.11319,38.74738],[-9.11341,38.74801],[-9.11366,38.74855],[-9.11429,38.74855],[-9.11433,38.74864],[-9.11429,38.7487],[-9.11366,38.7487],[-9.11319,38.74927],[-9.11303,38.74938],[-9.1124,38.74951],[-9.11177,38.74977],[-9.11114,38.74948],[-9.11051,38.74948],[-9.10997,38.7499],[-9.10988,38.74996],[-9.10977,38.7499],[-9.10988,38.74927],[-9.10925,38.74869],[-9.10913,38.74864],[-9.10925,38.74839],[-9.10943,38.74801],[-9.10988,38.74782],[-9.11045,38.74738],[-9.11051,38.74715]]],[[[-9.10231,38.7496],[-9.10259,38.74927],[-9.10283,38.74864],[-9.10294,38.74857],[-9.1031,38.74864],[-9.10357,38.74923],[-9.10366,38.74927],[-9.10359,38.7499],[-9.10357,38.74993],[-9.10294,38.75029],[-9.10231,38.75049],[-9.10168,38.75049],[-9.10105,38.75004],[-9.10063,38.7499],[-9.10105,38.74927],[-9.10168,38.7496],[-9.10231,38.7496]]],[[[-9.09864,38.7499],[-9.09853,38.75011],[-9.09841,38.7499],[-9.09853,38.74983],[-9.09864,38.7499]]],[[[-9.12426,38.75054],[-9.12422,38.7499],[-9.12439,38.74948],[-9.12475,38.7499],[-9.12442,38.75054],[-9.12439,38.75058],[-9.12426,38.75054]]],[[[-9.10168,38.75143],[-9.10132,38.75117],[-9.10168,38.75059],[-9.10231,38.75059],[-9.10255,38.75117],[-9.10231,38.75143],[-9.10168,38.75143]]],[[[-9.12439,38.75205],[-9.12399,38.7518],[-9.12439,38.75148],[-9.12481,38.7518],[-9.12439,38.75205]]],[[[-9.10896,38.75243],[-9.10925,38.75211],[-9.10952,38.75243],[-9.10973,38.75306],[-9.10925,38.75324],[-9.10907,38.75306],[-9.10896,38.75243]]],[[[-9.11157,38.75243],[-9.11157,38.75306],[-9.11134,38.75369],[-9.11114,38.75383],[-9.11051,38.75383],[-9.11042,38.75369],[-9.10997,38.75306],[-9.11015,38.75243],[-9.11051,38.75216],[-9.11114,38.75216],[-9.11157,38.75243]]],[[[-9.12632,38.75369],[-9.12628,38.75395],[-9.12615,38.75369],[-9.12628,38.75364],[-9.12632,38.75369]]],[[[-9.11308,38.75495],[-9.11303,38.75491],[-9.11261,38.75432],[-9.1124,38.75409],[-9.11207,38.75369],[-9.1124,38.75348],[-9.11303,38.75333],[-9.11366,38.7534],[-9.11429,38.7534],[-9.11454,38.75369],[-9.11493,38.75381],[-9.11522,38.75369],[-9.11493,38.75333],[-9.11461,38.75306],[-9.11493,38.75274],[-9.11556,38.75261],[-9.1158,38.75306],[-9.11604,38.75369],[-9.11619,38.75376],[-9.11682,38.75376],[-9.11745,38.75397],[-9.1179,38.75432],[-9.11755,38.75495],[-9.11745,38.75542],[-9.11682,38.75526],[-9.11619,38.75526],[-9.11556,38.75506],[-9.11493,38.75526],[-9.11429,38.75539],[-9.11366,38.75539],[-9.11308,38.75495]]],[[[-9.09727,38.77629],[-9.09772,38.77576],[-9.0979,38.77545],[-9.09853,38.77547],[-9.09916,38.77547],[-9.09916,38.77546],[-9.09942,38.77723],[-9.09916,38.77723],[-9.09853,38.77723],[-9.0979,38.77766],[-9.09741,38.77703],[-9.09727,38.77661],[-9.09717,38.77639],[-9.09727,38.77629]]],[[[-9.09929,38.77513],[-9.09916,38.77496],[-9.09853,38.77496],[-9.09818,38.7745],[-9.09853,38.77416],[-9.09916,38.77416],[-9.09949,38.77387],[-9.09979,38.77339],[-9.09995,38.77324],[-9.10022,38.77261],[-9.09979,38.77233],[-9.09937,38.77198],[-9.09937,38.77135],[-9.09924,38.77072],[-9.09916,38.77056],[-9.09853,38.77056],[-9.09834,38.77009],[-9.09853,38.76971],[-9.09916,38.76971],[-9.0994,38.76946],[-9.09916,38.76917],[-9.09853,38.76917],[-9.09832,38.76883],[-9.09853,38.76856],[-9.09916,38.76856],[-9.09979,38.76848],[-9.10007,38.7682],[-9.09979,38.76777],[-9.09916,38.76776],[-9.09853,38.76776],[-9.0979,38.76788],[-9.09761,38.7682],[-9.09742,38.76883],[-9.09727,38.76909],[-9.09706,38.76883],[-9.09688,38.7682],[-9.09663,38.7679],[-9.096,38.7679],[-9.09581,38.7682],[-9.09581,38.76883],[-9.09537,38.76905],[-9.09474,38.76918],[-9.09411,38.76943],[-9.09348,38.76891],[-9.09285,38.76891],[-9.09275,38.76883],[-9.09285,38.76859],[-9.09348,38.76859],[-9.09362,38.7682],[-9.09387,38.76756],[-9.09411,38.7671],[-9.09474,38.7671],[-9.09537,38.76707],[-9.09555,38.76693],[-9.09556,38.7663],[-9.096,38.76595],[-9.09663,38.76595],[-9.09694,38.7663],[-9.09727,38.76683],[-9.0979,38.76675],[-9.09823,38.76693],[-9.09853,38.7673],[-9.09916,38.7673],[-9.09979,38.7673],[-9.10014,38.76756],[-9.10042,38.76772],[-9.10052,38.76756],[-9.10042,38.76728],[-9.10015,38.76693],[-9.09991,38.7663],[-9.09979,38.76607],[-9.09958,38.7663],[-9.09916,38.76665],[-9.09853,38.76665],[-9.09833,38.7663],[-9.0979,38.76589],[-9.09761,38.76567],[-9.09761,38.76504],[-9.0979,38.76477],[-9.09853,38.7649],[-9.09916,38.7649],[-9.09939,38.76441],[-9.09916,38.76387],[-9.09853,38.76387],[-9.0979,38.76387],[-9.09727,38.76392],[-9.09705,38.76378],[-9.0972,38.76315],[-9.09698,38.76252],[-9.09727,38.76196],[-9.0979,38.762],[-9.09806,38.76189],[-9.09853,38.76131],[-9.09916,38.76131],[-9.09921,38.76126],[-9.09918,38.76063],[-9.09939,38.76],[-9.09916,38.75955],[-9.09853,38.75955],[-9.09818,38.76],[-9.0979,38.76018],[-9.09773,38.76],[-9.0977,38.75937],[-9.09727,38.75901],[-9.0971,38.75873],[-9.09727,38.75859],[-9.0976,38.7581],[-9.0979,38.75747],[-9.09767,38.75684],[-9.09779,38.75621],[-9.0979,38.75583],[-9.09797,38.75558],[-9.0979,38.75553],[-9.09727,38.75508],[-9.09691,38.75495],[-9.09663,38.75474],[-9.096,38.75474],[-9.09577,38.75432],[-9.09572,38.75369],[-9.09537,38.75333],[-9.09474,38.75317],[-9.09469,38.75306],[-9.09469,38.75248],[-9.09474,38.75243],[-9.09474,38.75231],[-9.09537,38.75231],[-9.09576,38.7518],[-9.09571,38.75117],[-9.096,38.75087],[-9.09663,38.75087],[-9.09696,38.75054],[-9.09663,38.75021],[-9.096,38.75021],[-9.09537,38.75021],[-9.09537,38.7499],[-9.09537,38.74953],[-9.096,38.74953],[-9.09663,38.74953],[-9.097,38.74927],[-9.09712,38.74864],[-9.09727,38.74814],[-9.09735,38.74801],[-9.09776,38.74738],[-9.09787,38.74675],[-9.09782,38.74612],[-9.0979,38.74598],[-9.09853,38.74554],[-9.09859,38.74549],[-9.09916,38.74517],[-9.09979,38.74517],[-9.10042,38.74486],[-9.10105,38.74462],[-9.10127,38.74423],[-9.10105,38.74393],[-9.10042,38.74419],[-9.10004,38.7436],[-9.09997,38.74297],[-9.10003,38.74234],[-9.09996,38.7417],[-9.10042,38.7411],[-9.10043,38.74107],[-9.10105,38.74047],[-9.10107,38.74044],[-9.10107,38.73981],[-9.10123,38.73918],[-9.10117,38.73855],[-9.10109,38.73792],[-9.10168,38.73745],[-9.10231,38.73745],[-9.10247,38.73729],[-9.10233,38.73666],[-9.10267,38.73603],[-9.10294,38.73559],[-9.10319,38.7354],[-9.10301,38.73477],[-9.10294,38.73469],[-9.10231,38.73417],[-9.10228,38.73417],[-9.10231,38.73414],[-9.10231,38.73395],[-9.10294,38.73395],[-9.10322,38.73351],[-9.10357,38.73302],[-9.10365,38.73287],[-9.10357,38.73275],[-9.10306,38.73275],[-9.1035,38.73231],[-9.10357,38.73231],[-9.10393,38.73287],[-9.10392,38.73351],[-9.10409,38.73414],[-9.1042,38.73426],[-9.10483,38.73464],[-9.10546,38.73464],[-9.1061,38.73461],[-9.10673,38.7347],[-9.1068,38.73477],[-9.10673,38.73491],[-9.1061,38.73488],[-9.10546,38.73503],[-9.10483,38.73503],[-9.10469,38.7354],[-9.1042,38.73585],[-9.10357,38.73603],[-9.10294,38.73617],[-9.1027,38.73666],[-9.10276,38.73729],[-9.10231,38.73774],[-9.10168,38.73774],[-9.10145,38.73792],[-9.10168,38.73835],[-9.10231,38.73835],[-9.10244,38.73855],[-9.10236,38.73918],[-9.10231,38.73923],[-9.10168,38.73923],[-9.10133,38.73981],[-9.10134,38.74044],[-9.10105,38.74086],[-9.10083,38.74107],[-9.10063,38.7417],[-9.10042,38.74234],[-9.10031,38.74297],[-9.1004,38.7436],[-9.10042,38.74363],[-9.1005,38.7436],[-9.10105,38.74337],[-9.1016,38.7436],[-9.10168,38.74423],[-9.10231,38.74423],[-9.10294,38.7437],[-9.10303,38.7436],[-9.10329,38.74297],[-9.10336,38.74234],[-9.10357,38.74212],[-9.10394,38.74234],[-9.1042,38.74269],[-9.10483,38.74267],[-9.10546,38.74267],[-9.10575,38.74297],[-9.1061,38.74334],[-9.10673,38.7433],[-9.10736,38.74339],[-9.10799,38.74339],[-9.1082,38.7436],[-9.10831,38.74423],[-9.10862,38.74449],[-9.10925,38.74481],[-9.10938,38.74486],[-9.10925,38.74503],[-9.10862,38.74534],[-9.10806,38.74549],[-9.10829,38.74612],[-9.10829,38.74675],[-9.10822,38.74738],[-9.10799,38.74766],[-9.10736,38.74766],[-9.10673,38.74751],[-9.1061,38.74789],[-9.10546,38.74791],[-9.10483,38.74791],[-9.10462,38.74801],[-9.10447,38.74864],[-9.1042,38.74896],[-9.10399,38.74864],[-9.10357,38.74826],[-9.10344,38.74801],[-9.10294,38.74746],[-9.10282,38.74738],[-9.10294,38.74728],[-9.10354,38.74675],[-9.10354,38.74612],[-9.10309,38.74549],[-9.10294,38.74528],[-9.10288,38.74549],[-9.10268,38.74612],[-9.10268,38.74675],[-9.10231,38.74715],[-9.10168,38.74715],[-9.10108,38.74738],[-9.10105,38.74742],[-9.10099,38.74738],[-9.10042,38.74711],[-9.09979,38.74707],[-9.09916,38.74707],[-9.09853,38.7472],[-9.09843,38.74738],[-9.0979,38.74783],[-9.0978,38.74801],[-9.0974,38.74864],[-9.09762,38.74927],[-9.09764,38.7499],[-9.09733,38.75054],[-9.09746,38.75117],[-9.0979,38.75155],[-9.09853,38.75128],[-9.09858,38.75117],[-9.09898,38.75054],[-9.09916,38.75044],[-9.09979,38.75044],[-9.09993,38.75054],[-9.10032,38.75117],[-9.09979,38.7517],[-9.09916,38.7517],[-9.09896,38.7518],[-9.09892,38.75243],[-9.09916,38.75266],[-9.09955,38.75306],[-9.09935,38.75369],[-9.09916,38.75397],[-9.09853,38.75397],[-9.09827,38.75369],[-9.0979,38.75315],[-9.09774,38.75306],[-9.09774,38.75243],[-9.09727,38.75213],[-9.09693,38.75243],[-9.09693,38.75306],[-9.09718,38.75369],[-9.09727,38.75382],[-9.09759,38.75432],[-9.0979,38.75492],[-9.09853,38.75455],[-9.09916,38.75455],[-9.09969,38.75495],[-9.09979,38.75524],[-9.10042,38.75558],[-9.09979,38.75574],[-9.09922,38.75621],[-9.09965,38.75684],[-9.09964,38.75747],[-9.09979,38.75787],[-9.09991,38.7581],[-9.10042,38.75873],[-9.10059,38.75937],[-9.10105,38.75996],[-9.10109,38.76],[-9.10168,38.76058],[-9.10231,38.76058],[-9.10234,38.76063],[-9.10232,38.76126],[-9.10234,38.76189],[-9.10233,38.76252],[-9.10234,38.76315],[-9.10254,38.76378],[-9.10253,38.76441],[-9.10231,38.76483],[-9.10168,38.76483],[-9.10151,38.76504],[-9.10151,38.76567],[-9.10153,38.7663],[-9.10123,38.76693],[-9.10168,38.76722],[-9.10231,38.76722],[-9.10236,38.76756],[-9.10254,38.7682],[-9.10267,38.76883],[-9.10244,38.76946],[-9.10241,38.77009],[-9.10294,38.7704],[-9.10336,38.77072],[-9.10357,38.77135],[-9.10369,38.77198],[-9.10364,38.77261],[-9.10357,38.77268],[-9.10294,38.77287],[-9.10259,38.77324],[-9.10231,38.7736],[-9.10168,38.7736],[-9.1011,38.77324],[-9.10105,38.77299],[-9.10101,38.77324],[-9.10042,38.77385],[-9.1004,38.77387],[-9.10042,38.7739],[-9.10096,38.7745],[-9.10105,38.77475],[-9.10143,38.77509],[-9.09926,38.77521],[-9.09929,38.77513]],[[-9.09474,38.76888],[-9.09498,38.76883],[-9.09518,38.7682],[-9.09474,38.76785],[-9.09411,38.76783],[-9.09395,38.7682],[-9.09411,38.7687],[-9.09438,38.76883],[-9.09474,38.76888]],[[-9.10042,38.76322],[-9.10051,38.76315],[-9.10042,38.76309],[-9.10037,38.76315],[-9.10042,38.76322]],[[-9.0979,38.76256],[-9.09799,38.76252],[-9.0979,38.76249],[-9.09783,38.76252],[-9.0979,38.76256]],[[-9.09663,38.75169],[-9.096,38.75169],[-9.096,38.7518],[-9.096,38.75187],[-9.09663,38.75187],[-9.09669,38.7518],[-9.09663,38.75169]],[[-9.10483,38.74439],[-9.1042,38.74473],[-9.10409,38.74486],[-9.1042,38.74501],[-9.10483,38.74519],[-9.10546,38.74519],[-9.1061,38.74522],[-9.10659,38.74549],[-9.10673,38.74558],[-9.10679,38.74549],[-9.10708,38.74486],[-9.10673,38.74455],[-9.10628,38.74423],[-9.1061,38.74407],[-9.10569,38.74423],[-9.10546,38.74439],[-9.10483,38.74439]],[[-9.10071,38.77135],[-9.10042,38.77108],[-9.10023,38.77135],[-9.10023,38.77198],[-9.10042,38.77233],[-9.10071,38.77198],[-9.10071,38.77135]]],[[[-9.10047,38.75684],[-9.10042,38.75693],[-9.1003,38.75684],[-9.10042,38.75676],[-9.10047,38.75684]]],[[[-9.12598,38.75937],[-9.12565,38.75992],[-9.12502,38.75992],[-9.12449,38.75937],[-9.12463,38.75873],[-9.12502,38.75844],[-9.12565,38.75844],[-9.12598,38.75873],[-9.12598,38.75937]]],[[[-9.11765,38.76],[-9.11745,38.76023],[-9.11728,38.76],[-9.11745,38.75975],[-9.11765,38.76]]],[[[-9.1042,38.76269],[-9.10413,38.76252],[-9.1042,38.76245],[-9.10432,38.76252],[-9.1042,38.76269]]],[[[-9.11595,38.76315],[-9.11619,38.76291],[-9.11682,38.76291],[-9.11713,38.76315],[-9.11682,38.76332],[-9.11619,38.76332],[-9.11595,38.76315]]],[[[-9.11797,38.76378],[-9.11745,38.76384],[-9.11736,38.76378],[-9.11745,38.76358],[-9.11797,38.76378]]],[[[-9.10483,38.76508],[-9.10479,38.76504],[-9.10483,38.76495],[-9.10546,38.76495],[-9.10557,38.76504],[-9.10546,38.76508],[-9.10483,38.76508]]],[[[-9.12565,38.76946],[-9.12502,38.76946],[-9.12502,38.76883],[-9.12565,38.76883],[-9.12565,38.76946]]],[[[-9.11429,38.77919],[-9.11366,38.77955],[-9.11303,38.77955],[-9.1124,38.77909],[-9.11177,38.77923],[-9.11175,38.77923],[-9.1112,38.77889],[-9.11099,38.77869],[-9.11045,38.77785],[-9.11051,38.77785],[-9.11114,38.77785],[-9.11169,38.77829],[-9.11177,38.77832],[-9.1124,38.77864],[-9.11291,38.77829],[-9.11279,38.77766],[-9.11268,38.77703],[-9.1124,38.77672],[-9.11177,38.7766],[-9.11146,38.77703],[-9.11114,38.77757],[-9.11051,38.77757],[-9.11028,38.77758],[-9.11005,38.77723],[-9.10845,38.77622],[-9.10844,38.77621],[-9.10862,38.77589],[-9.1088,38.77576],[-9.10862,38.77545],[-9.10799,38.77516],[-9.10736,38.77516],[-9.10702,38.77516],[-9.10682,38.77503],[-9.10736,38.77507],[-9.10799,38.77507],[-9.10862,38.77471],[-9.10925,38.77489],[-9.10955,38.77513],[-9.10988,38.77533],[-9.11005,38.77513],[-9.10988,38.77479],[-9.10965,38.7745],[-9.10988,38.77423],[-9.11021,38.7745],[-9.11051,38.77464],[-9.11114,38.77464],[-9.11165,38.77513],[-9.11177,38.77533],[-9.1124,38.7753],[-9.113,38.77576],[-9.11303,38.77581],[-9.11366,38.77581],[-9.11429,38.77578],[-9.11432,38.77576],[-9.11493,38.77532],[-9.11556,38.77575],[-9.11596,38.77513],[-9.11619,38.77485],[-9.11682,38.77485],[-9.11728,38.77513],[-9.11745,38.77536],[-9.11782,38.77513],[-9.11808,38.77498],[-9.11837,38.7745],[-9.11865,38.77387],[-9.11871,38.7738],[-9.11887,38.77387],[-9.11934,38.77421],[-9.11997,38.77421],[-9.1206,38.77446],[-9.12114,38.77387],[-9.12123,38.77348],[-9.12141,38.77387],[-9.12186,38.77417],[-9.12249,38.77417],[-9.12284,38.77387],[-9.12274,38.77324],[-9.12249,38.77295],[-9.12186,38.77295],[-9.12123,38.77308],[-9.12108,38.77324],[-9.1206,38.7734],[-9.1201,38.77324],[-9.1206,38.77288],[-9.12088,38.77261],[-9.12123,38.77221],[-9.12136,38.77198],[-9.12123,38.77156],[-9.12118,38.77135],[-9.12123,38.7713],[-9.12186,38.77108],[-9.12249,38.77108],[-9.12278,38.77072],[-9.12293,38.77009],[-9.12313,38.76964],[-9.12321,38.76946],[-9.12329,38.76883],[-9.12317,38.7682],[-9.12351,38.76756],[-9.12313,38.76733],[-9.12255,38.76693],[-9.12249,38.7669],[-9.12186,38.7669],[-9.12123,38.76649],[-9.12096,38.7663],[-9.12071,38.76567],[-9.12071,38.76504],[-9.1206,38.76488],[-9.12006,38.76504],[-9.11997,38.7651],[-9.11934,38.7651],[-9.11929,38.76504],[-9.11934,38.76481],[-9.11997,38.76481],[-9.12002,38.76441],[-9.11997,38.76435],[-9.11934,38.76435],[-9.11903,38.76441],[-9.11871,38.76449],[-9.11868,38.76441],[-9.11816,38.76378],[-9.1183,38.76315],[-9.11841,38.76252],[-9.11808,38.7623],[-9.11762,38.76189],[-9.11747,38.76126],[-9.11745,38.76125],[-9.11736,38.76126],[-9.11688,38.76189],[-9.11682,38.76192],[-9.11619,38.76192],[-9.11617,38.76189],[-9.11556,38.76157],[-9.11523,38.76189],[-9.11556,38.76248],[-9.11563,38.76252],[-9.11556,38.7626],[-9.11493,38.76288],[-9.11464,38.76315],[-9.11493,38.76361],[-9.11556,38.76358],[-9.11569,38.76378],[-9.11556,38.7639],[-9.11495,38.76441],[-9.11493,38.76443],[-9.1149,38.76441],[-9.11429,38.76387],[-9.11366,38.76404],[-9.11303,38.76404],[-9.11277,38.76378],[-9.11303,38.76368],[-9.11366,38.76368],[-9.114,38.76315],[-9.11366,38.76283],[-9.11303,38.76283],[-9.11277,38.76252],[-9.11269,38.76189],[-9.11265,38.76126],[-9.1124,38.76087],[-9.11177,38.76078],[-9.1115,38.76063],[-9.11177,38.76045],[-9.11197,38.76],[-9.11177,38.75972],[-9.11141,38.76],[-9.11114,38.76036],[-9.11051,38.76036],[-9.11021,38.76063],[-9.10988,38.76079],[-9.10952,38.76126],[-9.10956,38.76189],[-9.10967,38.76252],[-9.10988,38.76315],[-9.10925,38.76378],[-9.10862,38.76415],[-9.10811,38.76441],[-9.10828,38.76504],[-9.10838,38.76567],[-9.10862,38.76602],[-9.10915,38.7663],[-9.10925,38.76672],[-9.10936,38.76693],[-9.10988,38.76734],[-9.1102,38.76756],[-9.11051,38.76776],[-9.11114,38.76776],[-9.11177,38.76814],[-9.11182,38.7682],[-9.1124,38.76848],[-9.11264,38.76883],[-9.11275,38.76946],[-9.113,38.77009],[-9.11297,38.77072],[-9.11303,38.77077],[-9.11366,38.77077],[-9.11429,38.77074],[-9.11434,38.77072],[-9.11493,38.77057],[-9.11513,38.77072],[-9.1152,38.77135],[-9.11535,38.77198],[-9.11493,38.77223],[-9.11429,38.77245],[-9.11366,38.77232],[-9.11303,38.77232],[-9.1124,38.77211],[-9.11212,38.77198],[-9.11212,38.77135],[-9.11177,38.77113],[-9.11114,38.77094],[-9.11051,38.77094],[-9.1102,38.77135],[-9.11019,38.77198],[-9.10988,38.77221],[-9.10963,38.77198],[-9.10942,38.77135],[-9.10925,38.77118],[-9.10862,38.77129],[-9.10861,38.77135],[-9.10861,38.77198],[-9.10836,38.77261],[-9.10819,38.77324],[-9.10799,38.77349],[-9.10736,38.77349],[-9.10715,38.77387],[-9.10673,38.7744],[-9.10639,38.7745],[-9.10667,38.77494],[-9.10648,38.77482],[-9.10324,38.775],[-9.10324,38.7745],[-9.10357,38.77414],[-9.1042,38.77416],[-9.10483,38.77409],[-9.10546,38.77409],[-9.10573,38.77387],[-9.10577,38.77324],[-9.1061,38.77294],[-9.10657,38.77261],[-9.10673,38.77246],[-9.10736,38.77206],[-9.10799,38.77206],[-9.10802,38.77198],[-9.1081,38.77135],[-9.10799,38.77104],[-9.10736,38.77104],[-9.10717,38.77072],[-9.10673,38.7702],[-9.1065,38.77009],[-9.10659,38.76946],[-9.10673,38.76909],[-9.10695,38.76883],[-9.10673,38.76834],[-9.10667,38.7682],[-9.10673,38.76806],[-9.10728,38.76756],[-9.10713,38.76693],[-9.10673,38.76659],[-9.10647,38.76693],[-9.10645,38.76756],[-9.1061,38.76777],[-9.1059,38.76756],[-9.1058,38.76693],[-9.10603,38.7663],[-9.10583,38.76567],[-9.1061,38.76523],[-9.10673,38.76513],[-9.10676,38.76504],[-9.10673,38.76498],[-9.10637,38.76441],[-9.10638,38.76378],[-9.10673,38.76368],[-9.1068,38.76378],[-9.10736,38.7641],[-9.10799,38.7641],[-9.10839,38.76378],[-9.10819,38.76315],[-9.10862,38.76281],[-9.10902,38.76252],[-9.10862,38.76213],[-9.10819,38.76189],[-9.10802,38.76126],[-9.10799,38.7612],[-9.10736,38.7612],[-9.10673,38.76087],[-9.10654,38.76063],[-9.1061,38.76021],[-9.10579,38.76],[-9.1061,38.75961],[-9.10637,38.75937],[-9.10673,38.75885],[-9.10676,38.75873],[-9.10736,38.75813],[-9.10799,38.75813],[-9.10862,38.75832],[-9.10925,38.75812],[-9.10988,38.75839],[-9.11051,38.75864],[-9.11114,38.75864],[-9.11177,38.75854],[-9.11219,38.75873],[-9.11219,38.75937],[-9.1124,38.75967],[-9.11303,38.75955],[-9.11366,38.75955],[-9.11429,38.75973],[-9.11464,38.75937],[-9.11464,38.75873],[-9.11493,38.75842],[-9.11523,38.75873],[-9.11523,38.75937],[-9.11493,38.75987],[-9.11478,38.76],[-9.11493,38.76024],[-9.1151,38.76063],[-9.11556,38.76101],[-9.11587,38.76063],[-9.11619,38.76033],[-9.11682,38.76033],[-9.11719,38.76063],[-9.11745,38.76077],[-9.1177,38.76063],[-9.11808,38.76029],[-9.11824,38.76063],[-9.11844,38.76126],[-9.11871,38.7617],[-9.11896,38.76189],[-9.11934,38.76208],[-9.11997,38.76208],[-9.1206,38.76248],[-9.12123,38.76234],[-9.12172,38.76252],[-9.12186,38.76258],[-9.12249,38.76258],[-9.12313,38.76278],[-9.12376,38.76273],[-9.12439,38.76306],[-9.12447,38.76315],[-9.12502,38.76346],[-9.12565,38.76346],[-9.12587,38.76378],[-9.12565,38.76433],[-9.12502,38.76433],[-9.12493,38.76441],[-9.12456,38.76504],[-9.12462,38.76567],[-9.12451,38.7663],[-9.12439,38.76649],[-9.12419,38.76693],[-9.12412,38.76756],[-9.1242,38.7682],[-9.12422,38.76883],[-9.12405,38.76946],[-9.12439,38.76989],[-9.12457,38.77009],[-9.12457,38.77072],[-9.12468,38.77135],[-9.1245,38.77198],[-9.12439,38.77218],[-9.12422,38.77261],[-9.12439,38.7729],[-9.1246,38.77324],[-9.1247,38.77387],[-9.12502,38.77407],[-9.12565,38.77407],[-9.12628,38.7745],[-9.12691,38.77495],[-9.12695,38.77513],[-9.12691,38.77531],[-9.12628,38.77567],[-9.12565,38.77565],[-9.12502,38.77565],[-9.12439,38.77564],[-9.12376,38.77556],[-9.12355,38.77576],[-9.1232,38.77639],[-9.12313,38.7765],[-9.12275,38.77639],[-9.12249,38.77635],[-9.12186,38.77635],[-9.12123,38.77622],[-9.1206,38.77598],[-9.11997,38.77634],[-9.11934,38.77634],[-9.11871,38.77616],[-9.1183,38.77639],[-9.11808,38.7769],[-9.11784,38.77703],[-9.11808,38.77717],[-9.1183,38.77766],[-9.1183,38.77829],[-9.11808,38.77841],[-9.11745,38.77868],[-9.11716,38.77892],[-9.11705,38.77955],[-9.11688,38.78018],[-9.11729,38.78081],[-9.11694,38.78125],[-9.11489,38.78064],[-9.11445,38.78058],[-9.11439,38.78018],[-9.11472,38.77955],[-9.11429,38.77919]],[[-9.11619,38.77634],[-9.11616,38.77639],[-9.11619,38.77642],[-9.11682,38.77642],[-9.11685,38.77639],[-9.11682,38.77634],[-9.11619,38.77634]],[[-9.11559,38.77955],[-9.11556,38.77952],[-9.11543,38.77955],[-9.11556,38.77961],[-9.11559,38.77955]],[[-9.11495,38.77639],[-9.11493,38.77635],[-9.11489,38.77639],[-9.11493,38.77642],[-9.11495,38.77639]],[[-9.10875,38.76126],[-9.10862,38.76097],[-9.10856,38.76126],[-9.10862,38.76139],[-9.10875,38.76126]],[[-9.10814,38.75937],[-9.10814,38.75873],[-9.10799,38.75867],[-9.10736,38.75867],[-9.10729,38.75873],[-9.10727,38.75937],[-9.10736,38.75949],[-9.10799,38.75949],[-9.10814,38.75937]],[[-9.12386,38.7663],[-9.12376,38.76606],[-9.12363,38.7663],[-9.12376,38.76651],[-9.12386,38.7663]],[[-9.12314,38.7745],[-9.12313,38.77447],[-9.1231,38.7745],[-9.12313,38.77454],[-9.12314,38.7745]],[[-9.12067,38.76315],[-9.1206,38.76279],[-9.12054,38.76315],[-9.1206,38.76319],[-9.12067,38.76315]],[[-9.10917,38.76315],[-9.10862,38.76311],[-9.10857,38.76315],[-9.10862,38.7633],[-9.10917,38.76315]]],[[[-9.12624,38.77072],[-9.12628,38.7704],[-9.12691,38.77069],[-9.12693,38.77072],[-9.12691,38.77078],[-9.12628,38.77078],[-9.12624,38.77072]]],[[[-9.10451,38.77324],[-9.1042,38.77338],[-9.10391,38.77324],[-9.1042,38.77296],[-9.10451,38.77324]]],[[[-9.12754,38.77574],[-9.12817,38.77574],[-9.12844,38.77576],[-9.1288,38.77587],[-9.12905,38.77639],[-9.12894,38.77703],[-9.1288,38.77726],[-9.12817,38.77751],[-9.12754,38.77751],[-9.12718,38.77766],[-9.12718,38.77829],[-9.12691,38.77836],[-9.1268,38.77829],[-9.1268,38.77766],[-9.12669,38.77703],[-9.12656,38.77639],[-9.12691,38.77604],[-9.12742,38.77576],[-9.12754,38.77574]]],[[[-9.09285,38.7874],[-9.09348,38.7874],[-9.09411,38.78727],[-9.09474,38.78739],[-9.09537,38.78733],[-9.0957,38.78712],[-9.096,38.78683],[-9.09663,38.78683],[-9.09684,38.78649],[-9.09665,38.78586],[-9.09663,38.78583],[-9.096,38.78583],[-9.09574,38.78523],[-9.09574,38.78459],[-9.096,38.78431],[-9.09663,38.78431],[-9.09688,38.78396],[-9.09727,38.78341],[-9.09743,38.78333],[-9.09764,38.7827],[-9.0979,38.7825],[-9.09824,38.78207],[-9.09853,38.78174],[-9.09916,38.78174],[-9.0997,38.78144],[-9.09979,38.7813],[-9.10003,38.7813],[-9.10021,38.78254],[-9.09979,38.78254],[-9.0994,38.7827],[-9.09927,38.78333],[-9.09916,38.78388],[-9.09853,38.78388],[-9.09848,38.78396],[-9.0979,38.78409],[-9.09727,38.78405],[-9.09706,38.78459],[-9.09694,38.78523],[-9.09721,38.78586],[-9.09724,38.78649],[-9.09727,38.7866],[-9.09782,38.78712],[-9.09727,38.78747],[-9.09663,38.78756],[-9.096,38.78756],[-9.09558,38.78775],[-9.09537,38.78779],[-9.09474,38.78792],[-9.09411,38.78798],[-9.09348,38.78791],[-9.09285,38.78791],[-9.09222,38.78833],[-9.09219,38.78838],[-9.09159,38.78892],[-9.09096,38.78892],[-9.09096,38.78863],[-9.09159,38.78863],[-9.09187,38.78838],[-9.09222,38.78788],[-9.09238,38.78775],[-9.09285,38.7874]]],[[[-9.09853,38.79079],[-9.09916,38.79079],[-9.09979,38.79085],[-9.09995,38.7909],[-9.10012,38.79153],[-9.09981,38.79216],[-9.10042,38.79253],[-9.10051,38.79253],[-9.1002,38.7936],[-9.09979,38.79342],[-9.09971,38.79279],[-9.09916,38.7923],[-9.09853,38.7923],[-9.09845,38.79216],[-9.09842,38.79153],[-9.09846,38.7909],[-9.09853,38.79079]]],[[[-9.09455,38.79532],[-9.09415,38.79469],[-9.09411,38.79467],[-9.09348,38.79436],[-9.09285,38.79436],[-9.09253,38.79406],[-9.09222,38.7938],[-9.09159,38.79389],[-9.09147,38.79342],[-9.09152,38.79279],[-9.09135,38.79216],[-9.09123,38.79153],[-9.09125,38.7909],[-9.09099,38.79027],[-9.09096,38.78964],[-9.09033,38.78964],[-9.09081,38.78916],[-9.09096,38.78916],[-9.09125,38.78964],[-9.09159,38.79017],[-9.09164,38.79027],[-9.09159,38.79042],[-9.09145,38.7909],[-9.09141,38.79153],[-9.09159,38.79209],[-9.09172,38.79216],[-9.09222,38.79265],[-9.09285,38.79275],[-9.09348,38.79275],[-9.09353,38.79279],[-9.09405,38.79342],[-9.09409,38.79406],[-9.09411,38.79407],[-9.09474,38.79432],[-9.09537,38.79467],[-9.096,38.79466],[-9.09663,38.79466],[-9.09666,38.79469],[-9.09727,38.79496],[-9.09762,38.79469],[-9.0979,38.79441],[-9.09853,38.79435],[-9.09916,38.79435],[-9.09979,38.79435],[-9.09998,38.79435],[-9.09953,38.7959],[-9.09916,38.79591],[-9.09853,38.79591],[-9.09839,38.79595],[-9.09839,38.79613],[-9.09818,38.79612],[-9.09781,38.79619],[-9.09689,38.79658],[-9.09689,38.79595],[-9.09663,38.79535],[-9.096,38.79535],[-9.09537,38.79559],[-9.09474,38.79555],[-9.09455,38.79532]]]]},"properties":{"class":5,"label":"−1 a 0","fill":"#e8f1f8"}},{"type":"Feature","geometry":{"type":"MultiPolygon","coordinates":[[[[-9.22581,38.69755],[-9.22558,38.69692],[-9.22593,38.69657],[-9.22656,38.69665],[-9.2272,38.69657],[-9.22783,38.69657],[-9.22846,38.69669],[-9.22881,38.69692],[-9.22881,38.69714],[-9.22874,38.69727],[-9.22865,38.69736],[-9.22724,38.69681],[-9.22641,38.69758],[-9.22677,38.69776],[-9.22719,38.69818],[-9.22716,38.69827],[-9.22735,38.6984],[-9.22746,38.69866],[-9.22713,38.69902],[-9.227,38.69934],[-9.22656,38.69906],[-9.22632,38.69882],[-9.2263,38.69818],[-9.22593,38.69792],[-9.22581,38.69755]]],[[[-9.20583,38.69882],[-9.20575,38.69888],[-9.20572,38.69882],[-9.20575,38.69875],[-9.20583,38.69882]]],[[[-9.18899,38.69945],[-9.18872,38.69962],[-9.18831,38.69945],[-9.18872,38.69895],[-9.18899,38.69945]]],[[[-9.19402,38.70449],[-9.19401,38.70512],[-9.19377,38.70527],[-9.19363,38.70512],[-9.19361,38.70449],[-9.19327,38.70386],[-9.19314,38.70344],[-9.19251,38.70344],[-9.19187,38.70355],[-9.19177,38.70323],[-9.19173,38.7026],[-9.19187,38.70241],[-9.19203,38.70197],[-9.1919,38.70134],[-9.1919,38.70071],[-9.19217,38.70008],[-9.19201,38.69945],[-9.19221,38.69882],[-9.19241,38.69818],[-9.19187,38.698],[-9.19124,38.69781],[-9.19102,38.69755],[-9.19105,38.69692],[-9.19124,38.69688],[-9.19187,38.69685],[-9.19251,38.69687],[-9.19314,38.69687],[-9.19377,38.69687],[-9.1944,38.69692],[-9.19503,38.6973],[-9.19566,38.6973],[-9.19592,38.69755],[-9.19629,38.69772],[-9.19692,38.69783],[-9.19755,38.69809],[-9.19818,38.69814],[-9.19881,38.69814],[-9.19885,38.69818],[-9.19944,38.69862],[-9.19964,38.69882],[-9.19985,38.69945],[-9.20001,38.70008],[-9.20001,38.70071],[-9.20007,38.70092],[-9.20032,38.70134],[-9.20058,38.70197],[-9.20007,38.70253],[-9.20006,38.7026],[-9.20007,38.70262],[-9.20049,38.70323],[-9.20007,38.70366],[-9.19958,38.70386],[-9.19944,38.70402],[-9.19881,38.70401],[-9.19818,38.70401],[-9.19788,38.70386],[-9.19818,38.70366],[-9.19881,38.70366],[-9.19944,38.70334],[-9.19946,38.70323],[-9.19944,38.70321],[-9.19881,38.70286],[-9.19818,38.70286],[-9.19755,38.70304],[-9.19722,38.70323],[-9.19692,38.70366],[-9.19629,38.70367],[-9.1961,38.70386],[-9.19629,38.70403],[-9.19692,38.70423],[-9.19755,38.70439],[-9.19759,38.70449],[-9.19755,38.70456],[-9.19713,38.70512],[-9.19706,38.70575],[-9.19692,38.70607],[-9.19646,38.70575],[-9.19629,38.70564],[-9.1957,38.70512],[-9.19566,38.70505],[-9.19503,38.70505],[-9.19473,38.70449],[-9.1944,38.70427],[-9.19402,38.70449]],[[-9.19251,38.70243],[-9.19205,38.7026],[-9.19251,38.7031],[-9.19314,38.7031],[-9.19331,38.7026],[-9.19314,38.70243],[-9.19251,38.70243]],[[-9.19944,38.70085],[-9.19946,38.70071],[-9.19946,38.70008],[-9.19944,38.69976],[-9.19881,38.69981],[-9.19818,38.69981],[-9.19796,38.69945],[-9.19755,38.69896],[-9.19743,38.69882],[-9.19692,38.69852],[-9.19629,38.69829],[-9.19566,38.69842],[-9.19503,38.69842],[-9.1944,38.69828],[-9.19377,38.69882],[-9.19365,38.69945],[-9.19377,38.69963],[-9.19386,38.70008],[-9.1944,38.70051],[-9.1945,38.70071],[-9.19462,38.70134],[-9.19449,38.70197],[-9.1944,38.70211],[-9.19427,38.7026],[-9.1944,38.70271],[-9.19503,38.70269],[-9.19566,38.70269],[-9.1959,38.7026],[-9.19629,38.70247],[-9.19647,38.7026],[-9.19692,38.70287],[-9.19738,38.7026],[-9.19755,38.70197],[-9.19818,38.70203],[-9.19881,38.70203],[-9.19944,38.7021],[-9.19949,38.70197],[-9.19944,38.70178],[-9.19925,38.70134],[-9.19944,38.70085]]],[[[-9.19755,38.70197],[-9.19692,38.70143],[-9.19682,38.70134],[-9.19692,38.70129],[-9.19755,38.70134],[-9.19755,38.70197]]],[[[-9.20638,38.7032],[-9.20575,38.70317],[-9.2052,38.7026],[-9.20512,38.70236],[-9.20503,38.70197],[-9.20512,38.70144],[-9.20517,38.70134],[-9.20512,38.70071],[-9.20545,38.70008],[-9.20575,38.69991],[-9.2063,38.69945],[-9.20638,38.69935],[-9.20701,38.69902],[-9.20764,38.69902],[-9.20827,38.69911],[-9.20855,38.69945],[-9.20827,38.69995],[-9.20807,38.70008],[-9.20807,38.70071],[-9.20827,38.70075],[-9.2089,38.70096],[-9.20915,38.70071],[-9.20915,38.70008],[-9.20953,38.69986],[-9.20966,38.70008],[-9.20966,38.70071],[-9.20986,38.70134],[-9.21017,38.70161],[-9.2108,38.70161],[-9.21122,38.70197],[-9.21143,38.70243],[-9.21152,38.7026],[-9.21143,38.70297],[-9.21133,38.70323],[-9.2108,38.70366],[-9.21066,38.70386],[-9.21017,38.7042],[-9.20953,38.7042],[-9.2089,38.70401],[-9.20827,38.70393],[-9.20773,38.70449],[-9.20764,38.70469],[-9.20701,38.70469],[-9.20688,38.70449],[-9.20638,38.70398],[-9.20575,38.70386],[-9.20638,38.70337],[-9.20644,38.70323],[-9.20638,38.7032]],[[-9.20953,38.70138],[-9.2089,38.70194],[-9.20887,38.70197],[-9.20876,38.7026],[-9.2089,38.70317],[-9.20892,38.70323],[-9.20932,38.70386],[-9.20953,38.70397],[-9.21017,38.70397],[-9.21032,38.70386],[-9.21069,38.70323],[-9.2108,38.70315],[-9.21119,38.7026],[-9.21088,38.70197],[-9.2108,38.7019],[-9.21017,38.7019],[-9.20953,38.70138]]],[[[-9.19566,38.70608],[-9.19604,38.70638],[-9.19566,38.70658],[-9.19503,38.70658],[-9.1944,38.70651],[-9.19432,38.70638],[-9.1944,38.70624],[-9.19503,38.70608],[-9.19566,38.70608]]],[[[-9.18816,38.70954],[-9.18809,38.70957],[-9.18796,38.70954],[-9.18746,38.70891],[-9.18806,38.70828],[-9.18809,38.70827],[-9.1881,38.70828],[-9.18835,38.70891],[-9.18816,38.70954]]],[[[-9.21397,38.70954],[-9.21395,38.70956],[-9.21363,38.70954],[-9.21395,38.70952],[-9.21397,38.70954]]],[[[-9.1944,38.71187],[-9.19413,38.71143],[-9.19392,38.7108],[-9.19417,38.71017],[-9.19428,38.70954],[-9.19434,38.70891],[-9.1944,38.70886],[-9.19503,38.70882],[-9.19566,38.70882],[-9.19629,38.7087],[-9.19692,38.70828],[-9.19755,38.70828],[-9.19818,38.70845],[-9.19881,38.70845],[-9.19944,38.70878],[-9.19969,38.70828],[-9.19987,38.70765],[-9.19987,38.70701],[-9.20007,38.7068],[-9.2007,38.70661],[-9.20134,38.70675],[-9.20197,38.70675],[-9.2026,38.70667],[-9.20323,38.70679],[-9.20377,38.70701],[-9.20375,38.70765],[-9.20375,38.70828],[-9.20386,38.70864],[-9.20449,38.70864],[-9.20454,38.70891],[-9.20459,38.70954],[-9.20449,38.71011],[-9.20386,38.71011],[-9.20323,38.70954],[-9.2026,38.70957],[-9.20206,38.71017],[-9.20197,38.71021],[-9.20134,38.71023],[-9.2007,38.71023],[-9.20047,38.71017],[-9.20007,38.71002],[-9.19988,38.71017],[-9.19944,38.71045],[-9.19881,38.71017],[-9.19889,38.7108],[-9.19881,38.71087],[-9.19818,38.71087],[-9.19783,38.71143],[-9.19769,38.71206],[-9.19755,38.71224],[-9.19725,38.71269],[-9.19692,38.71314],[-9.19629,38.71294],[-9.19566,38.7129],[-9.19503,38.7129],[-9.1944,38.71273],[-9.19438,38.71269],[-9.1944,38.71253],[-9.19478,38.71206],[-9.1944,38.71187]],[[-9.19895,38.70954],[-9.19881,38.70937],[-9.19818,38.70937],[-9.19811,38.70954],[-9.19818,38.71017],[-9.19881,38.71017],[-9.19895,38.70954]]],[[[-9.19818,38.71271],[-9.19812,38.71269],[-9.19818,38.71265],[-9.19881,38.71265],[-9.19884,38.71269],[-9.19881,38.71271],[-9.19818,38.71271]]],[[[-9.21808,38.71837],[-9.21837,38.71804],[-9.21863,38.7183],[-9.21808,38.71863],[-9.21808,38.71837]]],[[[-9.21495,38.72026],[-9.21521,38.71996],[-9.21543,38.72018],[-9.21495,38.72046],[-9.21495,38.72026]]],[[[-9.2135,38.72089],[-9.21395,38.72073],[-9.21413,38.72087],[-9.2135,38.72112],[-9.2135,38.72089]]],[[[-9.21182,38.72152],[-9.21206,38.72134],[-9.21248,38.72151],[-9.21182,38.72176],[-9.21182,38.72152]]],[[[-9.18779,38.73098],[-9.18746,38.73113],[-9.18703,38.73098],[-9.18746,38.73082],[-9.18779,38.73098]]],[[[-9.20575,38.73079],[-9.20636,38.73098],[-9.20575,38.73145],[-9.20553,38.73098],[-9.20575,38.73079]]],[[[-9.20257,38.7417],[-9.20227,38.74107],[-9.20197,38.7406],[-9.20176,38.74044],[-9.20157,38.73981],[-9.20197,38.7396],[-9.20224,38.73918],[-9.20224,38.73855],[-9.20238,38.73792],[-9.2026,38.73735],[-9.20262,38.73729],[-9.20323,38.73669],[-9.20386,38.73675],[-9.20449,38.73675],[-9.20512,38.73706],[-9.20517,38.73729],[-9.20528,38.73742],[-9.20509,38.73771],[-9.20529,38.73963],[-9.20512,38.73963],[-9.2047,38.73918],[-9.2047,38.73855],[-9.20449,38.73833],[-9.20386,38.73833],[-9.20345,38.73792],[-9.20345,38.73729],[-9.20323,38.73712],[-9.20305,38.73729],[-9.20311,38.73792],[-9.2026,38.73824],[-9.20249,38.73855],[-9.20249,38.73918],[-9.20254,38.73981],[-9.2025,38.74044],[-9.2026,38.74059],[-9.20323,38.74073],[-9.20386,38.74079],[-9.20449,38.74079],[-9.2047,38.74044],[-9.20512,38.7399],[-9.20532,38.7399],[-9.20558,38.74238],[-9.20512,38.74238],[-9.20449,38.74297],[-9.20386,38.74297],[-9.20323,38.7424],[-9.20319,38.74234],[-9.2026,38.74172],[-9.20257,38.7417]],[[-9.20449,38.74161],[-9.20386,38.74161],[-9.20365,38.7417],[-9.20386,38.74196],[-9.20449,38.74196],[-9.20465,38.7417],[-9.20449,38.74161]]],[[[-9.19827,38.74549],[-9.19818,38.74562],[-9.19755,38.74562],[-9.19733,38.74549],[-9.19733,38.74486],[-9.19755,38.74465],[-9.19818,38.74465],[-9.19827,38.74486],[-9.19827,38.74549]]],[[[-9.19503,38.74452],[-9.19566,38.74452],[-9.19629,38.74466],[-9.19646,38.74486],[-9.19646,38.74549],[-9.19629,38.74562],[-9.19609,38.74612],[-9.19566,38.74656],[-9.19503,38.74656],[-9.19457,38.74675],[-9.1944,38.74687],[-9.19422,38.74675],[-9.19408,38.74612],[-9.19377,38.74549],[-9.19377,38.74486],[-9.1944,38.74469],[-9.19503,38.74452]]],[[[-9.1934,38.74675],[-9.19314,38.74694],[-9.19251,38.74679],[-9.19187,38.74679],[-9.19175,38.74675],[-9.19187,38.74665],[-9.19251,38.74665],[-9.19314,38.74646],[-9.1934,38.74675]]],[[[-9.20872,38.74927],[-9.20827,38.74942],[-9.20764,38.7494],[-9.20719,38.74927],[-9.2073,38.74864],[-9.20764,38.74839],[-9.20797,38.74864],[-9.20827,38.74908],[-9.20872,38.74927]]],[[[-9.21043,38.7499],[-9.21051,38.7493],[-9.21142,38.75048],[-9.21027,38.75105],[-9.20923,38.75255],[-9.20923,38.75243],[-9.2094,38.7518],[-9.20943,38.75117],[-9.20953,38.75078],[-9.21017,38.75078],[-9.21024,38.75054],[-9.21043,38.7499]]],[[[-9.18845,38.75243],[-9.18872,38.75286],[-9.18935,38.75286],[-9.18998,38.75306],[-9.18935,38.75318],[-9.18872,38.75318],[-9.18809,38.75306],[-9.18762,38.75243],[-9.18762,38.7518],[-9.18809,38.75121],[-9.18845,38.7518],[-9.18845,38.75243]]],[[[-9.19022,38.75558],[-9.18998,38.75583],[-9.18941,38.75558],[-9.18998,38.75506],[-9.19022,38.75558]]],[[[-9.20585,38.75621],[-9.20638,38.75583],[-9.20701,38.75583],[-9.20722,38.75558],[-9.20764,38.75511],[-9.20782,38.75495],[-9.20827,38.75434],[-9.20828,38.75432],[-9.2089,38.75383],[-9.2089,38.7541],[-9.20875,38.75425],[-9.20879,38.75432],[-9.20878,38.75432],[-9.2086,38.75495],[-9.2086,38.75516],[-9.20793,38.75558],[-9.20808,38.75613],[-9.20794,38.75634],[-9.20742,38.75655],[-9.20696,38.75648],[-9.2066,38.75663],[-9.20619,38.75718],[-9.20495,38.75709],[-9.20495,38.75684],[-9.20512,38.7566],[-9.20575,38.75636],[-9.20585,38.75621]]],[[[-9.19061,38.75609],[-9.19076,38.75621],[-9.19061,38.75629],[-9.19048,38.75621],[-9.19061,38.75609]]],[[[-9.18146,38.70008],[-9.18115,38.69992],[-9.18052,38.69992],[-9.18017,38.70008],[-9.17989,38.70021],[-9.17963,38.70008],[-9.17973,38.69945],[-9.17989,38.69922],[-9.18009,38.69882],[-9.18052,38.69864],[-9.18115,38.69864],[-9.18178,38.69842],[-9.18237,38.69818],[-9.18237,38.69755],[-9.18241,38.69755],[-9.18304,38.69755],[-9.18338,38.69755],[-9.18368,38.69772],[-9.18431,38.69772],[-9.18494,38.69757],[-9.18502,38.69755],[-9.18502,38.69692],[-9.18557,38.69692],[-9.18588,38.69692],[-9.18588,38.69755],[-9.1862,38.69788],[-9.18665,38.69818],[-9.18674,38.69882],[-9.18663,38.69945],[-9.1862,38.69992],[-9.18588,38.70008],[-9.18557,38.70025],[-9.18494,38.70052],[-9.18431,38.70067],[-9.18368,38.70067],[-9.18304,38.7006],[-9.18241,38.70068],[-9.18178,38.70056],[-9.18146,38.70008]],[[-9.18557,38.69818],[-9.18494,38.69806],[-9.18431,38.698],[-9.18368,38.698],[-9.18325,38.69818],[-9.18304,38.69861],[-9.18241,38.69852],[-9.18178,38.6987],[-9.18145,38.69882],[-9.18178,38.69909],[-9.18218,38.69945],[-9.18241,38.69984],[-9.18304,38.69989],[-9.18325,38.70008],[-9.18368,38.70024],[-9.18431,38.70024],[-9.18455,38.70008],[-9.18494,38.69978],[-9.18557,38.69978],[-9.1862,38.69947],[-9.18622,38.69945],[-9.18624,38.69882],[-9.1862,38.69875],[-9.18557,38.69818]]],[[[-9.18368,38.70135],[-9.18362,38.70134],[-9.18368,38.70123],[-9.18431,38.70123],[-9.18438,38.70134],[-9.18431,38.70135],[-9.18368,38.70135]]],[[[-9.17421,38.70583],[-9.17424,38.70575],[-9.17421,38.70574],[-9.17358,38.70569],[-9.17306,38.70575],[-9.17295,38.70577],[-9.17293,38.70575],[-9.17258,38.70512],[-9.17232,38.70461],[-9.17169,38.70461],[-9.17112,38.70512],[-9.17106,38.70515],[-9.171,38.70512],[-9.17043,38.70489],[-9.16996,38.70512],[-9.1698,38.70517],[-9.16917,38.70517],[-9.16854,38.70515],[-9.16846,38.70512],[-9.16791,38.70492],[-9.16733,38.70512],[-9.16728,38.70514],[-9.16726,38.70512],[-9.16665,38.70462],[-9.16601,38.70462],[-9.16568,38.70449],[-9.16538,38.70437],[-9.16513,38.70449],[-9.16475,38.70464],[-9.16438,38.70449],[-9.16412,38.70424],[-9.16349,38.70424],[-9.16318,38.70386],[-9.16349,38.70372],[-9.16412,38.70372],[-9.16475,38.70362],[-9.16538,38.70349],[-9.16575,38.70323],[-9.16601,38.7031],[-9.16665,38.7031],[-9.16728,38.70302],[-9.16791,38.70282],[-9.16837,38.7026],[-9.16854,38.70254],[-9.16917,38.70241],[-9.1698,38.70241],[-9.17043,38.70234],[-9.17106,38.7023],[-9.17161,38.70197],[-9.17169,38.7015],[-9.17232,38.7015],[-9.17295,38.70155],[-9.17333,38.70134],[-9.17333,38.70071],[-9.17358,38.70043],[-9.17383,38.70071],[-9.17383,38.70134],[-9.17421,38.70163],[-9.17462,38.70134],[-9.17462,38.70071],[-9.17484,38.70057],[-9.17548,38.70057],[-9.17568,38.70071],[-9.17568,38.70134],[-9.17611,38.70162],[-9.17674,38.70184],[-9.17737,38.70149],[-9.17767,38.70197],[-9.17771,38.7026],[-9.1778,38.70323],[-9.1779,38.70386],[-9.178,38.704],[-9.17863,38.704],[-9.17881,38.70449],[-9.17863,38.7047],[-9.178,38.7047],[-9.17737,38.70449],[-9.17674,38.70446],[-9.17669,38.70449],[-9.17674,38.70454],[-9.17715,38.70512],[-9.17679,38.70575],[-9.17674,38.70581],[-9.17611,38.70626],[-9.17579,38.70638],[-9.17548,38.70658],[-9.17484,38.70658],[-9.1743,38.70701],[-9.1743,38.70765],[-9.17421,38.70775],[-9.17413,38.70765],[-9.17414,38.70701],[-9.17358,38.70671],[-9.17334,38.70638],[-9.17358,38.70587],[-9.17421,38.70583]],[[-9.17257,38.70449],[-9.17295,38.70461],[-9.1731,38.70449],[-9.17295,38.70439],[-9.17257,38.70449]],[[-9.17295,38.70344],[-9.17358,38.70368],[-9.17421,38.7035],[-9.17433,38.70323],[-9.17459,38.7026],[-9.17421,38.70253],[-9.17409,38.7026],[-9.17358,38.70286],[-9.17342,38.7026],[-9.17295,38.70205],[-9.17232,38.70236],[-9.17169,38.70236],[-9.17106,38.70255],[-9.17049,38.7026],[-9.17058,38.70323],[-9.17043,38.70359],[-9.17034,38.70323],[-9.1698,38.70291],[-9.16917,38.70291],[-9.16854,38.70314],[-9.16822,38.70323],[-9.16854,38.70333],[-9.16893,38.70386],[-9.16893,38.70449],[-9.16917,38.70466],[-9.1698,38.70466],[-9.17008,38.70449],[-9.17043,38.70394],[-9.17081,38.70386],[-9.17106,38.70378],[-9.17169,38.70367],[-9.17232,38.70367],[-9.17295,38.70344]],[[-9.1681,38.70386],[-9.16791,38.70342],[-9.16728,38.70379],[-9.16722,38.70386],[-9.16728,38.7039],[-9.16791,38.70442],[-9.1681,38.70386]],[[-9.16512,38.70386],[-9.16538,38.70395],[-9.16559,38.70386],[-9.16538,38.7038],[-9.16512,38.70386]]],[[[-9.17374,38.70828],[-9.17358,38.70867],[-9.17339,38.70828],[-9.17358,38.70815],[-9.17374,38.70828]]],[[[-9.1862,38.70898],[-9.18615,38.70891],[-9.1862,38.70872],[-9.18683,38.70872],[-9.18746,38.70891],[-9.18683,38.70898],[-9.1862,38.70898]]],[[[-9.18557,38.70941],[-9.18574,38.70954],[-9.18557,38.70981],[-9.18531,38.70954],[-9.18557,38.70941]]],[[[-9.18494,38.70992],[-9.18521,38.71017],[-9.18494,38.71051],[-9.18431,38.71017],[-9.18368,38.71017],[-9.18352,38.70954],[-9.18368,38.70938],[-9.18431,38.70938],[-9.18449,38.70954],[-9.18494,38.70992]]],[[[-9.16734,38.71521],[-9.16728,38.71527],[-9.16719,38.71521],[-9.16728,38.71487],[-9.16734,38.71521]]],[[[-9.16601,38.72373],[-9.16597,38.72341],[-9.16601,38.72333],[-9.16665,38.72333],[-9.16669,38.72341],[-9.16665,38.72373],[-9.16601,38.72373]]],[[[-9.16746,38.72404],[-9.16728,38.7242],[-9.16677,38.72404],[-9.16728,38.72389],[-9.16746,38.72404]]],[[[-9.17107,38.73098],[-9.17106,38.73104],[-9.17104,38.73098],[-9.17106,38.73097],[-9.17107,38.73098]]],[[[-9.16758,38.73729],[-9.16728,38.73705],[-9.16702,38.73666],[-9.16707,38.73603],[-9.16698,38.7354],[-9.16665,38.73517],[-9.16601,38.73517],[-9.16583,38.7354],[-9.16538,38.7357],[-9.16475,38.73558],[-9.16412,38.73561],[-9.16355,38.73603],[-9.16349,38.73612],[-9.16286,38.73612],[-9.16274,38.73603],[-9.16223,38.73582],[-9.16171,38.7354],[-9.1617,38.73477],[-9.16186,38.73414],[-9.16186,38.73351],[-9.16183,38.73287],[-9.16203,38.73224],[-9.16223,38.7319],[-9.16277,38.73161],[-9.16286,38.7314],[-9.16349,38.7314],[-9.16365,38.73161],[-9.16412,38.73176],[-9.16431,38.73161],[-9.16467,38.73098],[-9.16475,38.73093],[-9.16537,38.73035],[-9.16538,38.73033],[-9.16601,38.73007],[-9.16665,38.73007],[-9.16728,38.72983],[-9.16791,38.72989],[-9.16854,38.72991],[-9.16917,38.72991],[-9.1698,38.73016],[-9.16994,38.73035],[-9.1698,38.73081],[-9.16972,38.73098],[-9.16974,38.73161],[-9.1698,38.7317],[-9.17016,38.73224],[-9.17043,38.73254],[-9.17063,38.73287],[-9.17057,38.73351],[-9.1707,38.73414],[-9.17079,38.73477],[-9.17091,38.7354],[-9.17106,38.73574],[-9.17127,38.73603],[-9.17125,38.73666],[-9.1713,38.73729],[-9.17106,38.73741],[-9.17043,38.73729],[-9.1698,38.73729],[-9.16917,38.73704],[-9.16854,38.73704],[-9.16815,38.73729],[-9.16791,38.73745],[-9.16758,38.73729]],[[-9.17043,38.73615],[-9.1706,38.73603],[-9.17043,38.73597],[-9.17039,38.73603],[-9.17043,38.73615]],[[-9.16791,38.7308],[-9.16736,38.73098],[-9.16728,38.73104],[-9.16683,38.73161],[-9.16686,38.73224],[-9.167,38.73287],[-9.167,38.73351],[-9.16728,38.73381],[-9.16791,38.73363],[-9.16854,38.73384],[-9.16917,38.73384],[-9.16959,38.73351],[-9.1698,38.73287],[-9.16941,38.73224],[-9.16917,38.73194],[-9.16854,38.73194],[-9.16825,38.73161],[-9.1681,38.73098],[-9.16791,38.7308]],[[-9.16538,38.73521],[-9.16565,38.73477],[-9.16538,38.73447],[-9.16507,38.73477],[-9.16538,38.73521]],[[-9.16349,38.73376],[-9.16286,38.73376],[-9.16247,38.73414],[-9.16223,38.73456],[-9.16218,38.73477],[-9.16223,38.73505],[-9.16286,38.73485],[-9.16349,38.73485],[-9.16412,38.73477],[-9.16448,38.73414],[-9.16436,38.73351],[-9.16429,38.73287],[-9.16412,38.7328],[-9.16399,38.73287],[-9.16393,38.73351],[-9.16349,38.73376]]],[[[-9.15879,38.7436],[-9.15845,38.74301],[-9.15842,38.74297],[-9.15782,38.74269],[-9.15718,38.74269],[-9.15666,38.74234],[-9.15655,38.74216],[-9.15592,38.74213],[-9.15585,38.74234],[-9.15592,38.74248],[-9.15605,38.74297],[-9.15592,38.74308],[-9.15568,38.74297],[-9.15529,38.7427],[-9.15504,38.74297],[-9.15466,38.74343],[-9.15403,38.74343],[-9.1534,38.74338],[-9.15317,38.7436],[-9.15277,38.74401],[-9.15214,38.74392],[-9.15151,38.74392],[-9.15088,38.74383],[-9.15068,38.7436],[-9.15067,38.74297],[-9.15082,38.74234],[-9.15062,38.7417],[-9.15088,38.74135],[-9.15129,38.74107],[-9.15151,38.74085],[-9.15214,38.74085],[-9.15277,38.74103],[-9.1534,38.74044],[-9.15403,38.74036],[-9.15466,38.74036],[-9.15529,38.74036],[-9.15567,38.74044],[-9.15592,38.7406],[-9.1561,38.74044],[-9.15614,38.73981],[-9.15614,38.73918],[-9.15645,38.73855],[-9.15655,38.73847],[-9.15676,38.73855],[-9.15718,38.73882],[-9.15782,38.73882],[-9.15845,38.73874],[-9.15908,38.73913],[-9.15917,38.73918],[-9.15917,38.73981],[-9.15952,38.74044],[-9.15971,38.74057],[-9.16034,38.74057],[-9.16097,38.74092],[-9.16151,38.74107],[-9.16153,38.7417],[-9.1616,38.74192],[-9.16223,38.74207],[-9.16245,38.7417],[-9.1623,38.74107],[-9.16286,38.74084],[-9.16349,38.74084],[-9.16381,38.74107],[-9.16412,38.74135],[-9.16446,38.74107],[-9.16475,38.74079],[-9.16538,38.74068],[-9.16601,38.74076],[-9.16665,38.74076],[-9.1671,38.74044],[-9.16709,38.73981],[-9.16709,38.73918],[-9.16728,38.739],[-9.16791,38.73884],[-9.16829,38.73855],[-9.16854,38.73832],[-9.16917,38.73832],[-9.1698,38.73815],[-9.17035,38.73792],[-9.17043,38.73729],[-9.17051,38.73792],[-9.17106,38.73825],[-9.17169,38.73825],[-9.17232,38.73825],[-9.17257,38.73855],[-9.17257,38.73918],[-9.17257,38.73981],[-9.17275,38.74044],[-9.1724,38.74107],[-9.17232,38.74112],[-9.17169,38.74112],[-9.17106,38.74125],[-9.17053,38.7417],[-9.17043,38.74175],[-9.1698,38.742],[-9.16917,38.74186],[-9.16854,38.74186],[-9.16791,38.74232],[-9.16728,38.74228],[-9.1672,38.74234],[-9.16665,38.74283],[-9.16601,38.74283],[-9.16538,38.74252],[-9.16475,38.74244],[-9.1646,38.74234],[-9.16412,38.74203],[-9.16349,38.7421],[-9.16286,38.7421],[-9.16248,38.74234],[-9.16223,38.74247],[-9.1618,38.74297],[-9.1616,38.74315],[-9.16108,38.7436],[-9.16097,38.7437],[-9.16057,38.7436],[-9.16034,38.7435],[-9.15971,38.7435],[-9.15955,38.7436],[-9.15908,38.74381],[-9.15879,38.7436]],[[-9.16791,38.74057],[-9.16854,38.7407],[-9.16917,38.7407],[-9.1698,38.74073],[-9.17009,38.74044],[-9.1698,38.74015],[-9.16917,38.74028],[-9.16854,38.74028],[-9.16791,38.74042],[-9.16789,38.74044],[-9.16791,38.74057]]],[[[-9.16187,38.74612],[-9.16187,38.74549],[-9.16223,38.74522],[-9.16279,38.74549],[-9.16279,38.74612],[-9.16223,38.74648],[-9.16187,38.74612]]],[[[-9.16286,38.74817],[-9.16284,38.74801],[-9.16286,38.748],[-9.16349,38.748],[-9.16356,38.74801],[-9.16349,38.74817],[-9.16286,38.74817]]],[[[-9.18169,38.75117],[-9.18115,38.75087],[-9.18052,38.75087],[-9.18017,38.75054],[-9.17989,38.75007],[-9.17978,38.7499],[-9.17989,38.74943],[-9.17996,38.74927],[-9.18042,38.74864],[-9.18052,38.74855],[-9.18115,38.74855],[-9.18139,38.74864],[-9.18178,38.74889],[-9.18241,38.74921],[-9.18304,38.74908],[-9.18368,38.74908],[-9.18391,38.74864],[-9.18368,38.74842],[-9.18304,38.74842],[-9.18241,38.74838],[-9.18178,38.74819],[-9.18172,38.74801],[-9.18178,38.74793],[-9.18241,38.74771],[-9.18304,38.74767],[-9.18368,38.74767],[-9.18405,38.74801],[-9.18431,38.74829],[-9.18494,38.7482],[-9.18538,38.74864],[-9.18494,38.7491],[-9.18457,38.74927],[-9.18494,38.74947],[-9.18538,38.7499],[-9.18494,38.75008],[-9.18434,38.75054],[-9.18431,38.75061],[-9.18371,38.75117],[-9.18431,38.75169],[-9.18433,38.7518],[-9.18431,38.75183],[-9.18394,38.75243],[-9.18368,38.75289],[-9.18304,38.75289],[-9.18241,38.75268],[-9.18216,38.75243],[-9.18216,38.7518],[-9.18178,38.75123],[-9.18169,38.75117]],[[-9.18173,38.75054],[-9.18178,38.75079],[-9.18183,38.75054],[-9.18178,38.75047],[-9.18173,38.75054]]],[[[-9.18436,38.75306],[-9.18431,38.7532],[-9.18402,38.75306],[-9.18431,38.75294],[-9.18436,38.75306]]],[[[-9.15782,38.76331],[-9.15718,38.76331],[-9.1571,38.76315],[-9.15706,38.76252],[-9.15707,38.76189],[-9.15682,38.76126],[-9.15655,38.76091],[-9.1561,38.76063],[-9.15592,38.76031],[-9.15584,38.76],[-9.15584,38.75937],[-9.15592,38.75932],[-9.15655,38.75932],[-9.15704,38.75873],[-9.15704,38.7581],[-9.15718,38.75793],[-9.15782,38.75793],[-9.15845,38.75783],[-9.15908,38.75755],[-9.15932,38.75747],[-9.15908,38.75697],[-9.15901,38.75684],[-9.1585,38.75621],[-9.15845,38.75613],[-9.15803,38.75558],[-9.15782,38.75535],[-9.15718,38.75535],[-9.15683,38.75495],[-9.15655,38.75477],[-9.15592,38.75462],[-9.15568,38.75432],[-9.15552,38.75369],[-9.15592,38.75331],[-9.15624,38.75306],[-9.1564,38.75243],[-9.1564,38.7518],[-9.15592,38.75139],[-9.15529,38.75145],[-9.15466,38.75145],[-9.15403,38.75145],[-9.1534,38.75134],[-9.15317,38.75117],[-9.1534,38.75096],[-9.15403,38.75079],[-9.15466,38.75079],[-9.15529,38.75096],[-9.15563,38.75054],[-9.15592,38.75019],[-9.15655,38.75054],[-9.15658,38.75117],[-9.15718,38.75172],[-9.15782,38.75172],[-9.15845,38.75139],[-9.1588,38.75117],[-9.15908,38.75106],[-9.1592,38.75117],[-9.15908,38.75167],[-9.15901,38.7518],[-9.15901,38.75243],[-9.15908,38.75246],[-9.15971,38.75252],[-9.16034,38.75252],[-9.16051,38.75306],[-9.16097,38.75345],[-9.16121,38.75306],[-9.16125,38.75243],[-9.16125,38.7518],[-9.16139,38.75117],[-9.16136,38.75054],[-9.16097,38.75013],[-9.16076,38.7499],[-9.16097,38.74978],[-9.16142,38.74927],[-9.1616,38.74897],[-9.16223,38.74883],[-9.16256,38.74927],[-9.16286,38.74961],[-9.16349,38.74961],[-9.16412,38.74949],[-9.16475,38.74933],[-9.16485,38.74927],[-9.16498,38.74864],[-9.16538,38.74822],[-9.16601,38.74859],[-9.16665,38.74859],[-9.16669,38.74864],[-9.1672,38.74927],[-9.16728,38.74934],[-9.16791,38.74966],[-9.16854,38.74975],[-9.16917,38.74975],[-9.16967,38.74927],[-9.1698,38.74918],[-9.17034,38.74864],[-9.17043,38.74857],[-9.17106,38.74861],[-9.17108,38.74864],[-9.17106,38.74896],[-9.17101,38.74927],[-9.17043,38.74965],[-9.16993,38.7499],[-9.16986,38.75054],[-9.1698,38.75055],[-9.16917,38.75057],[-9.16854,38.75057],[-9.16805,38.75117],[-9.16791,38.75138],[-9.16728,38.75168],[-9.16712,38.7518],[-9.16712,38.75243],[-9.16672,38.75306],[-9.16665,38.75314],[-9.1661,38.75369],[-9.16632,38.75432],[-9.16656,38.75495],[-9.16665,38.75514],[-9.16692,38.75558],[-9.16682,38.75621],[-9.16691,38.75684],[-9.16665,38.75741],[-9.16661,38.75747],[-9.16658,38.7581],[-9.16601,38.75821],[-9.16538,38.75821],[-9.16523,38.75873],[-9.16512,38.75937],[-9.16475,38.75951],[-9.16412,38.75965],[-9.16375,38.76],[-9.16412,38.76058],[-9.16416,38.76063],[-9.16412,38.76083],[-9.16383,38.76126],[-9.16349,38.76189],[-9.16286,38.76189],[-9.16223,38.76149],[-9.1616,38.76175],[-9.16146,38.76189],[-9.16097,38.76239],[-9.16078,38.76252],[-9.16082,38.76315],[-9.16097,38.7633],[-9.16112,38.76378],[-9.16097,38.76403],[-9.16042,38.76441],[-9.16045,38.76504],[-9.16034,38.76515],[-9.15971,38.76515],[-9.15916,38.76504],[-9.15918,38.76441],[-9.15908,38.76437],[-9.15881,38.76378],[-9.15845,38.76343],[-9.15782,38.76331]],[[-9.15782,38.75254],[-9.15718,38.75254],[-9.15694,38.75306],[-9.15718,38.75321],[-9.15782,38.75321],[-9.15826,38.75306],[-9.15782,38.75254]],[[-9.15655,38.75383],[-9.15684,38.75369],[-9.15655,38.75359],[-9.1564,38.75369],[-9.15655,38.75383]],[[-9.16791,38.75058],[-9.16794,38.75054],[-9.16791,38.75049],[-9.16773,38.75054],[-9.16791,38.75058]],[[-9.16728,38.75119],[-9.16732,38.75117],[-9.16728,38.75099],[-9.16708,38.75117],[-9.16728,38.75119]],[[-9.16475,38.75883],[-9.16481,38.75873],[-9.16483,38.7581],[-9.16538,38.7576],[-9.16601,38.7576],[-9.16613,38.75747],[-9.16657,38.75684],[-9.1665,38.75621],[-9.1665,38.75558],[-9.16621,38.75495],[-9.16601,38.75465],[-9.16538,38.75465],[-9.1651,38.75432],[-9.16475,38.75397],[-9.16412,38.75383],[-9.1639,38.75369],[-9.16349,38.75322],[-9.16286,38.75322],[-9.16269,38.75306],[-9.16286,38.75286],[-9.16349,38.75286],[-9.16412,38.75298],[-9.16475,38.75275],[-9.16538,38.75251],[-9.16565,38.75243],[-9.16589,38.7518],[-9.16588,38.75117],[-9.16578,38.75054],[-9.16541,38.7499],[-9.16538,38.74988],[-9.16517,38.7499],[-9.16475,38.74994],[-9.16433,38.7499],[-9.16412,38.7499],[-9.1641,38.7499],[-9.16349,38.75019],[-9.16286,38.75019],[-9.16223,38.7503],[-9.16211,38.75054],[-9.16205,38.75117],[-9.16195,38.7518],[-9.16195,38.75243],[-9.16194,38.75306],[-9.16223,38.75336],[-9.16255,38.75369],[-9.16223,38.75385],[-9.16194,38.75369],[-9.1616,38.75337],[-9.16136,38.75369],[-9.16097,38.75429],[-9.16093,38.75432],[-9.16053,38.75495],[-9.16034,38.75522],[-9.15971,38.75522],[-9.15943,38.75558],[-9.15971,38.75607],[-9.16034,38.75607],[-9.16052,38.75621],[-9.16076,38.75684],[-9.16071,38.75747],[-9.16034,38.7578],[-9.15971,38.7578],[-9.15908,38.7579],[-9.15876,38.7581],[-9.15876,38.75873],[-9.15888,38.75937],[-9.15908,38.75958],[-9.15948,38.76],[-9.15971,38.76041],[-9.16034,38.76041],[-9.16097,38.76023],[-9.1616,38.76039],[-9.16223,38.76027],[-9.16252,38.76],[-9.16284,38.75937],[-9.16286,38.75935],[-9.16349,38.75935],[-9.16401,38.75873],[-9.16412,38.75843],[-9.16455,38.75873],[-9.16475,38.75883]],[[-9.16538,38.75334],[-9.16566,38.75306],[-9.16538,38.753],[-9.16529,38.75306],[-9.16538,38.75334]]],[[[-9.17674,38.75935],[-9.17636,38.75873],[-9.17636,38.7581],[-9.17611,38.75778],[-9.17548,38.75794],[-9.17538,38.7581],[-9.17505,38.75873],[-9.17484,38.75893],[-9.17421,38.75893],[-9.17358,38.75925],[-9.17332,38.75937],[-9.17295,38.75949],[-9.17271,38.75937],[-9.17232,38.75913],[-9.17169,38.75913],[-9.17106,38.759],[-9.17066,38.75873],[-9.17056,38.7581],[-9.17043,38.75758],[-9.17027,38.75747],[-9.17019,38.75684],[-9.17043,38.75645],[-9.17056,38.75621],[-9.17043,38.75582],[-9.16992,38.75558],[-9.17043,38.75552],[-9.17068,38.75558],[-9.17106,38.7557],[-9.17125,38.75558],[-9.17169,38.75536],[-9.17232,38.75536],[-9.17295,38.75525],[-9.17354,38.75558],[-9.17358,38.75567],[-9.17397,38.75621],[-9.17421,38.75641],[-9.17484,38.75641],[-9.17521,38.75684],[-9.17548,38.75717],[-9.17611,38.75718],[-9.17674,38.75741],[-9.17737,38.75712],[-9.178,38.75712],[-9.17863,38.75687],[-9.17926,38.75704],[-9.17956,38.75684],[-9.17989,38.75641],[-9.18021,38.75621],[-9.18052,38.75579],[-9.18115,38.75579],[-9.18178,38.75575],[-9.18195,38.75558],[-9.18241,38.75508],[-9.18248,38.75495],[-9.18304,38.75446],[-9.18368,38.75446],[-9.18431,38.75441],[-9.18494,38.75433],[-9.18496,38.75432],[-9.18557,38.75411],[-9.1862,38.75402],[-9.18683,38.75402],[-9.18746,38.75402],[-9.18809,38.75379],[-9.18872,38.754],[-9.18935,38.754],[-9.18998,38.75418],[-9.19014,38.75432],[-9.18998,38.75467],[-9.18935,38.75482],[-9.18872,38.75482],[-9.1886,38.75495],[-9.18869,38.75558],[-9.18872,38.75574],[-9.18935,38.75574],[-9.18947,38.75621],[-9.18935,38.75633],[-9.18872,38.75633],[-9.18841,38.75621],[-9.18809,38.75612],[-9.18793,38.75621],[-9.18746,38.75658],[-9.18712,38.75684],[-9.18683,38.75692],[-9.1862,38.75692],[-9.18557,38.75715],[-9.18494,38.75709],[-9.18461,38.75747],[-9.18459,38.7581],[-9.18459,38.75873],[-9.18431,38.75906],[-9.18397,38.75937],[-9.18368,38.75953],[-9.18304,38.75953],[-9.18247,38.75937],[-9.18241,38.75931],[-9.18178,38.75892],[-9.18147,38.75873],[-9.18147,38.7581],[-9.18115,38.75793],[-9.18059,38.75747],[-9.18052,38.75732],[-9.17989,38.75732],[-9.1798,38.75747],[-9.17989,38.7581],[-9.17989,38.75873],[-9.17967,38.75937],[-9.17984,38.76],[-9.17926,38.76013],[-9.17893,38.76],[-9.17863,38.75973],[-9.178,38.75955],[-9.17737,38.75955],[-9.17676,38.75937],[-9.17674,38.75935]],[[-9.17169,38.75589],[-9.17118,38.75621],[-9.17106,38.75658],[-9.17098,38.75684],[-9.17106,38.75702],[-9.17164,38.75747],[-9.17169,38.75751],[-9.17232,38.75751],[-9.17253,38.75747],[-9.17295,38.75744],[-9.17315,38.75747],[-9.17358,38.75764],[-9.17377,38.75747],[-9.17358,38.75696],[-9.17357,38.75684],[-9.17308,38.75621],[-9.17295,38.7559],[-9.17232,38.75589],[-9.17169,38.75589]],[[-9.18591,38.75495],[-9.18557,38.75467],[-9.18494,38.75495],[-9.18431,38.75528],[-9.18374,38.75558],[-9.18431,38.75597],[-9.18468,38.75621],[-9.18494,38.75632],[-9.1854,38.75621],[-9.18557,38.75607],[-9.18563,38.75621],[-9.1862,38.75647],[-9.18683,38.75647],[-9.18712,38.75621],[-9.18746,38.75593],[-9.18791,38.75558],[-9.18746,38.75523],[-9.18683,38.75514],[-9.1862,38.75514],[-9.18591,38.75495]]],[[[-9.16425,38.76252],[-9.16412,38.76272],[-9.16402,38.76252],[-9.16412,38.76232],[-9.16425,38.76252]]],[[[-9.17705,38.77766],[-9.17701,38.77703],[-9.17701,38.77639],[-9.17674,38.77576],[-9.17729,38.77513],[-9.17737,38.7745],[-9.17717,38.77387],[-9.17729,38.77324],[-9.17737,38.77297],[-9.178,38.77297],[-9.17819,38.77261],[-9.17863,38.77217],[-9.17873,38.77198],[-9.17926,38.77153],[-9.17945,38.77135],[-9.17945,38.77072],[-9.17926,38.77051],[-9.17863,38.77035],[-9.178,38.77025],[-9.17737,38.77025],[-9.1773,38.77009],[-9.17694,38.76946],[-9.17674,38.76917],[-9.17644,38.76883],[-9.1764,38.7682],[-9.17611,38.76769],[-9.17591,38.76756],[-9.17548,38.7674],[-9.17484,38.76709],[-9.17421,38.76709],[-9.17391,38.76693],[-9.17358,38.76679],[-9.17295,38.7663],[-9.17232,38.7664],[-9.17169,38.7664],[-9.17146,38.76693],[-9.17134,38.76756],[-9.17106,38.76767],[-9.17043,38.76762],[-9.1698,38.76759],[-9.16917,38.76784],[-9.16854,38.76784],[-9.16791,38.76793],[-9.16728,38.7678],[-9.16698,38.76756],[-9.16698,38.76693],[-9.16665,38.76668],[-9.16622,38.76693],[-9.16601,38.76711],[-9.16538,38.76711],[-9.16531,38.76693],[-9.16506,38.7663],[-9.16482,38.76567],[-9.16507,38.76504],[-9.16507,38.76441],[-9.16538,38.76429],[-9.16601,38.76429],[-9.16656,38.76441],[-9.16656,38.76504],[-9.16665,38.76522],[-9.1671,38.76567],[-9.16728,38.76571],[-9.16731,38.76567],[-9.16735,38.76504],[-9.16735,38.76441],[-9.16746,38.76378],[-9.16791,38.76341],[-9.16854,38.76341],[-9.16917,38.76341],[-9.16947,38.76378],[-9.1698,38.76402],[-9.17043,38.76398],[-9.17106,38.76407],[-9.17124,38.76441],[-9.17124,38.76504],[-9.17169,38.76529],[-9.17232,38.76529],[-9.17264,38.76504],[-9.17264,38.76441],[-9.17232,38.76408],[-9.17169,38.76408],[-9.17123,38.76378],[-9.17156,38.76315],[-9.17169,38.76299],[-9.17232,38.76299],[-9.17295,38.76276],[-9.17333,38.76315],[-9.17358,38.76324],[-9.1738,38.76315],[-9.17421,38.76304],[-9.17484,38.76304],[-9.17503,38.76315],[-9.17548,38.76345],[-9.17611,38.76354],[-9.17674,38.76359],[-9.17693,38.76378],[-9.17737,38.76435],[-9.178,38.76435],[-9.17807,38.76441],[-9.17807,38.76504],[-9.17862,38.76567],[-9.17863,38.76572],[-9.17921,38.7663],[-9.17926,38.76636],[-9.17954,38.76693],[-9.17989,38.76719],[-9.18052,38.76719],[-9.18115,38.76756],[-9.18178,38.7673],[-9.18196,38.76693],[-9.18203,38.7663],[-9.18178,38.76567],[-9.18213,38.76504],[-9.18213,38.76441],[-9.18236,38.76378],[-9.18241,38.76367],[-9.18261,38.76378],[-9.18304,38.76397],[-9.18368,38.76397],[-9.18406,38.76378],[-9.18431,38.76354],[-9.18494,38.76375],[-9.18557,38.76367],[-9.1862,38.76366],[-9.18683,38.76366],[-9.18746,38.76369],[-9.188,38.76315],[-9.18767,38.76252],[-9.18809,38.76208],[-9.18872,38.76226],[-9.18935,38.76226],[-9.18961,38.76189],[-9.18998,38.76159],[-9.19061,38.76157],[-9.19124,38.76163],[-9.19187,38.76157],[-9.19251,38.76157],[-9.19299,38.76126],[-9.19314,38.76118],[-9.19347,38.76063],[-9.19377,38.76019],[-9.1944,38.76014],[-9.19503,38.76014],[-9.19566,38.76009],[-9.19576,38.76],[-9.19603,38.75937],[-9.19629,38.75899],[-9.19675,38.75937],[-9.19692,38.75946],[-9.19705,38.75937],[-9.19755,38.75905],[-9.19787,38.75937],[-9.19798,38.75955],[-9.19784,38.76059],[-9.19812,38.76054],[-9.19818,38.76096],[-9.1989,38.76155],[-9.19945,38.76146],[-9.2007,38.76197],[-9.20054,38.76238],[-9.20007,38.76238],[-9.19994,38.76252],[-9.19994,38.76277],[-9.1998,38.76281],[-9.19911,38.76315],[-9.19881,38.76279],[-9.19822,38.76315],[-9.19822,38.76338],[-9.19767,38.76338],[-9.19755,38.76326],[-9.19727,38.76378],[-9.1972,38.76441],[-9.1972,38.76504],[-9.19755,38.76523],[-9.19774,38.76504],[-9.19798,38.7648],[-9.1985,38.7656],[-9.19848,38.76575],[-9.19724,38.76743],[-9.19692,38.76713],[-9.19642,38.76756],[-9.19629,38.76769],[-9.19608,38.76756],[-9.19566,38.76728],[-9.19548,38.76756],[-9.19503,38.76786],[-9.1944,38.76786],[-9.19377,38.76764],[-9.19339,38.76756],[-9.19314,38.7675],[-9.19278,38.76756],[-9.19251,38.76768],[-9.19187,38.76768],[-9.19142,38.7682],[-9.19124,38.76828],[-9.19061,38.76845],[-9.18998,38.76878],[-9.18935,38.76877],[-9.18872,38.76877],[-9.18867,38.76883],[-9.18872,38.76886],[-9.18935,38.76886],[-9.18998,38.76885],[-9.19053,38.76946],[-9.19047,38.77009],[-9.19061,38.77056],[-9.19124,38.77059],[-9.19129,38.77072],[-9.19129,38.77135],[-9.19124,38.7714],[-9.19061,38.77144],[-9.18998,38.77179],[-9.18971,38.77198],[-9.18998,38.77228],[-9.19026,38.77261],[-9.18998,38.77284],[-9.18957,38.77261],[-9.18935,38.77241],[-9.18872,38.77241],[-9.18859,38.77261],[-9.18872,38.77303],[-9.18935,38.77303],[-9.18944,38.77324],[-9.18935,38.77329],[-9.18872,38.77329],[-9.18809,38.77367],[-9.18802,38.77387],[-9.18809,38.77408],[-9.18826,38.77449],[-9.18823,38.77449],[-9.18793,38.7751],[-9.18737,38.77568],[-9.18725,38.7757],[-9.18725,38.77513],[-9.18746,38.77484],[-9.18757,38.7745],[-9.18754,38.77387],[-9.18746,38.77374],[-9.18712,38.77387],[-9.18683,38.77409],[-9.18674,38.77387],[-9.18683,38.77353],[-9.18693,38.77324],[-9.18683,38.77282],[-9.1862,38.77261],[-9.18633,38.77198],[-9.1862,38.77148],[-9.18557,38.77148],[-9.18494,38.77172],[-9.18431,38.77166],[-9.18399,38.77135],[-9.18399,38.77072],[-9.18368,38.77055],[-9.18304,38.77055],[-9.18287,38.77072],[-9.18287,38.77135],[-9.18241,38.77183],[-9.18218,38.77198],[-9.18178,38.77261],[-9.18115,38.77211],[-9.18109,38.77261],[-9.18077,38.77324],[-9.18115,38.77349],[-9.18159,38.77387],[-9.18178,38.77402],[-9.18198,38.77387],[-9.18241,38.77376],[-9.18304,38.77363],[-9.18368,38.77363],[-9.18402,38.77387],[-9.18431,38.77414],[-9.18463,38.7745],[-9.18469,38.77513],[-9.18494,38.77537],[-9.18557,38.77532],[-9.1862,38.77532],[-9.18664,38.77576],[-9.18664,38.77579],[-9.18574,38.77594],[-9.18567,38.77623],[-9.1852,38.7765],[-9.1852,38.77639],[-9.18494,38.7762],[-9.18431,38.77636],[-9.18428,38.77639],[-9.1838,38.77703],[-9.1838,38.77766],[-9.1838,38.77767],[-9.18346,38.77803],[-9.18312,38.77855],[-9.18223,38.77869],[-9.18223,38.77829],[-9.18216,38.77766],[-9.18216,38.77703],[-9.18241,38.77644],[-9.18246,38.77639],[-9.18241,38.77635],[-9.18178,38.7761],[-9.18131,38.77576],[-9.18115,38.77545],[-9.18052,38.77542],[-9.17989,38.77542],[-9.17926,38.77533],[-9.17896,38.77576],[-9.17863,38.77605],[-9.17827,38.77639],[-9.17823,38.77703],[-9.17823,38.77766],[-9.17839,38.77829],[-9.17863,38.77847],[-9.17926,38.77857],[-9.17989,38.77875],[-9.18052,38.77875],[-9.18115,38.77887],[-9.1812,38.77892],[-9.1812,38.77906],[-9.18044,38.77917],[-9.17995,38.77931],[-9.17956,38.77945],[-9.17954,38.77948],[-9.17926,38.77919],[-9.17878,38.77892],[-9.17863,38.77884],[-9.178,38.77853],[-9.17737,38.77853],[-9.17695,38.77829],[-9.17705,38.77766]],[[-9.17863,38.76887],[-9.17816,38.76946],[-9.17863,38.7696],[-9.17926,38.76947],[-9.17927,38.76946],[-9.17926,38.76942],[-9.17863,38.76887]],[[-9.17548,38.76396],[-9.17484,38.76399],[-9.17421,38.76399],[-9.17358,38.76406],[-9.17339,38.76441],[-9.17339,38.76504],[-9.17354,38.76567],[-9.17354,38.7663],[-9.17358,38.76634],[-9.17421,38.76646],[-9.17484,38.76646],[-9.17548,38.76671],[-9.17611,38.76652],[-9.17674,38.76652],[-9.17737,38.76656],[-9.178,38.76656],[-9.17815,38.7663],[-9.17823,38.76567],[-9.178,38.76543],[-9.17737,38.76543],[-9.17704,38.76504],[-9.17704,38.76441],[-9.17674,38.76406],[-9.17611,38.76409],[-9.17548,38.76396]],[[-9.16854,38.76615],[-9.16838,38.7663],[-9.16854,38.76668],[-9.16917,38.76668],[-9.16925,38.76693],[-9.1698,38.76722],[-9.17022,38.76693],[-9.17043,38.7665],[-9.17068,38.7663],[-9.17043,38.76606],[-9.17008,38.76567],[-9.1698,38.76552],[-9.16963,38.76567],[-9.16917,38.76615],[-9.16854,38.76615]],[[-9.19787,38.7663],[-9.19755,38.76598],[-9.19714,38.7663],[-9.19755,38.76672],[-9.19787,38.7663]],[[-9.19642,38.76567],[-9.19629,38.76561],[-9.19625,38.76567],[-9.19629,38.76615],[-9.19642,38.76567]],[[-9.19566,38.7628],[-9.19557,38.76252],[-9.19566,38.7624],[-9.19629,38.76234],[-9.19644,38.76252],[-9.19692,38.76271],[-9.19728,38.76252],[-9.19755,38.76232],[-9.19818,38.76232],[-9.19864,38.76189],[-9.19818,38.76139],[-9.19755,38.76139],[-9.19704,38.76189],[-9.19692,38.76206],[-9.19671,38.76189],[-9.19653,38.76126],[-9.19629,38.76094],[-9.19566,38.76072],[-9.19503,38.761],[-9.1944,38.761],[-9.19377,38.76114],[-9.19372,38.76126],[-9.19377,38.76176],[-9.1938,38.76189],[-9.19387,38.76252],[-9.19383,38.76315],[-9.19377,38.76322],[-9.19336,38.76378],[-9.19377,38.76434],[-9.1944,38.76434],[-9.19503,38.76434],[-9.19517,38.76441],[-9.19517,38.76504],[-9.19563,38.76567],[-9.19531,38.7663],[-9.19566,38.76646],[-9.19577,38.7663],[-9.19567,38.76567],[-9.1958,38.76504],[-9.1958,38.76441],[-9.19566,38.76401],[-9.19553,38.76378],[-9.19566,38.7635],[-9.1959,38.76315],[-9.19566,38.7628]],[[-9.19404,38.7663],[-9.19377,38.76615],[-9.19358,38.7663],[-9.19377,38.76668],[-9.19404,38.7663]],[[-9.1935,38.76567],[-9.19314,38.76504],[-9.19314,38.76441],[-9.19251,38.76413],[-9.19187,38.76413],[-9.19141,38.76378],[-9.19124,38.76353],[-9.19101,38.76378],[-9.19061,38.76408],[-9.19028,38.76441],[-9.19028,38.76504],[-9.18998,38.76544],[-9.18935,38.76567],[-9.1895,38.7663],[-9.18935,38.76653],[-9.18872,38.76653],[-9.1885,38.76693],[-9.18872,38.76717],[-9.18935,38.76717],[-9.18973,38.76693],[-9.18998,38.76676],[-9.19061,38.76666],[-9.19124,38.76648],[-9.19158,38.7663],[-9.19187,38.766],[-9.19251,38.766],[-9.19314,38.76608],[-9.1935,38.76567]],[[-9.18683,38.77072],[-9.18746,38.77135],[-9.18752,38.77072],[-9.18809,38.77054],[-9.18832,38.77072],[-9.18832,38.77135],[-9.18872,38.77155],[-9.18935,38.77155],[-9.1896,38.77135],[-9.1897,38.77072],[-9.18935,38.77042],[-9.18872,38.77042],[-9.18845,38.77009],[-9.18809,38.76984],[-9.18746,38.77002],[-9.18732,38.77009],[-9.18683,38.77072]],[[-9.18494,38.76561],[-9.18431,38.76561],[-9.18402,38.76567],[-9.18368,38.7663],[-9.18431,38.76644],[-9.18494,38.76657],[-9.18557,38.76662],[-9.18565,38.76693],[-9.1862,38.76713],[-9.18683,38.76713],[-9.1871,38.76693],[-9.1871,38.7663],[-9.18685,38.76567],[-9.18683,38.76564],[-9.1862,38.76564],[-9.18615,38.76567],[-9.18557,38.76625],[-9.18509,38.76567],[-9.18494,38.76561]],[[-9.18304,38.7663],[-9.1829,38.76693],[-9.18304,38.76704],[-9.18368,38.76704],[-9.18382,38.76693],[-9.18368,38.7663],[-9.18304,38.7663]],[[-9.18562,38.7682],[-9.18557,38.76813],[-9.18548,38.7682],[-9.18557,38.76829],[-9.18562,38.7682]],[[-9.18052,38.7702],[-9.18115,38.77025],[-9.1814,38.77009],[-9.18144,38.76946],[-9.18115,38.76918],[-9.1807,38.76946],[-9.18052,38.76977],[-9.17989,38.76977],[-9.17976,38.77009],[-9.17989,38.7702],[-9.18052,38.7702]],[[-9.1791,38.7682],[-9.17863,38.76794],[-9.17809,38.7682],[-9.17863,38.76874],[-9.1791,38.7682]],[[-9.18837,38.7663],[-9.18809,38.76618],[-9.188,38.7663],[-9.18809,38.76642],[-9.18837,38.7663]],[[-9.18786,38.76756],[-9.18746,38.76725],[-9.18722,38.76756],[-9.18746,38.76783],[-9.18786,38.76756]],[[-9.18809,38.76392],[-9.18781,38.76441],[-9.18781,38.76504],[-9.18809,38.76523],[-9.18824,38.76504],[-9.18824,38.76441],[-9.18809,38.76392]]],[[[-9.19845,38.75873],[-9.19845,38.7581],[-9.19881,38.75778],[-9.19929,38.7581],[-9.19929,38.75873],[-9.19929,38.75889],[-9.19845,38.759],[-9.19845,38.75873]]],[[[-9.16261,38.77072],[-9.16266,38.77009],[-9.16286,38.7699],[-9.16349,38.7699],[-9.16412,38.77006],[-9.16468,38.76946],[-9.16475,38.76934],[-9.16538,38.76929],[-9.16601,38.76929],[-9.1663,38.76946],[-9.16601,38.76958],[-9.16538,38.76958],[-9.16478,38.77009],[-9.16538,38.77041],[-9.16601,38.77041],[-9.16665,38.77061],[-9.16683,38.77072],[-9.16683,38.77135],[-9.16665,38.77143],[-9.16617,38.77198],[-9.16665,38.77236],[-9.16681,38.77261],[-9.16665,38.77279],[-9.16601,38.77263],[-9.16538,38.77263],[-9.16475,38.7728],[-9.16432,38.77324],[-9.16412,38.77337],[-9.16393,38.77324],[-9.16368,38.77261],[-9.16392,38.77198],[-9.16349,38.77165],[-9.16286,38.77165],[-9.16261,38.77135],[-9.16261,38.77072]]],[[[-9.16109,38.77387],[-9.16097,38.77407],[-9.16086,38.77387],[-9.16097,38.77383],[-9.16109,38.77387]]],[[[-9.1607,38.77639],[-9.16036,38.77576],[-9.16097,38.77521],[-9.16158,38.77576],[-9.1611,38.77639],[-9.16097,38.77666],[-9.1607,38.77639]]],[[[-9.16728,38.78067],[-9.16679,38.78018],[-9.16728,38.77995],[-9.16791,38.78005],[-9.16803,38.78018],[-9.16854,38.78075],[-9.16917,38.78075],[-9.16922,38.78081],[-9.16917,38.78092],[-9.16854,38.78092],[-9.16805,38.78144],[-9.16791,38.7815],[-9.16728,38.78161],[-9.16665,38.78161],[-9.16653,38.78144],[-9.16665,38.78102],[-9.16728,38.78097],[-9.16749,38.78081],[-9.16728,38.78067]]],[[[-9.16412,38.78377],[-9.1643,38.78396],[-9.16412,38.78418],[-9.16398,38.78396],[-9.16412,38.78377]]],[[[-9.16538,38.78529],[-9.16517,38.78523],[-9.16538,38.78513],[-9.16601,38.78513],[-9.1661,38.78523],[-9.16601,38.78529],[-9.16538,38.78529]]],[[[-9.15403,38.70626],[-9.1534,38.70627],[-9.15312,38.70638],[-9.15277,38.70652],[-9.15214,38.70678],[-9.15151,38.70678],[-9.15127,38.70638],[-9.15141,38.70575],[-9.15141,38.70512],[-9.15151,38.70512],[-9.15214,38.70512],[-9.15277,38.70512],[-9.1534,38.70512],[-9.15403,38.70449],[-9.15435,38.70449],[-9.15466,38.70477],[-9.15529,38.70477],[-9.15553,38.70449],[-9.15553,38.7041],[-9.15592,38.70449],[-9.15655,38.70449],[-9.15681,38.70424],[-9.15718,38.70424],[-9.15782,38.70424],[-9.15845,38.70427],[-9.15893,38.70386],[-9.15908,38.70379],[-9.15971,38.7038],[-9.16034,38.70373],[-9.16097,38.70373],[-9.16155,38.70323],[-9.1616,38.70321],[-9.16163,38.70323],[-9.16183,38.70386],[-9.16223,38.70444],[-9.16286,38.7044],[-9.16299,38.70449],[-9.16286,38.70454],[-9.16223,38.70451],[-9.1616,38.70469],[-9.1613,38.70512],[-9.16097,38.70526],[-9.16034,38.70526],[-9.15973,38.70575],[-9.15971,38.70578],[-9.15939,38.70575],[-9.15908,38.70571],[-9.15903,38.70575],[-9.15881,38.70638],[-9.15845,38.70664],[-9.15782,38.70653],[-9.15718,38.70653],[-9.15674,38.70638],[-9.15655,38.70628],[-9.15639,38.70638],[-9.15592,38.70656],[-9.15534,38.70701],[-9.15532,38.70765],[-9.15529,38.70768],[-9.15466,38.70768],[-9.15454,38.70765],[-9.15403,38.70736],[-9.15378,38.70701],[-9.15403,38.70665],[-9.15454,38.70638],[-9.15403,38.70626]],[[-9.15971,38.70463],[-9.16034,38.70473],[-9.16097,38.70473],[-9.16115,38.70449],[-9.16097,38.70429],[-9.16034,38.70429],[-9.15971,38.70434],[-9.15908,38.70441],[-9.15897,38.70449],[-9.15908,38.70484],[-9.15971,38.70463]]],[[[-9.14394,38.70636],[-9.14396,38.70638],[-9.14394,38.7064],[-9.14391,38.70638],[-9.14394,38.70636]]],[[[-9.15531,38.74486],[-9.15529,38.74492],[-9.15527,38.74486],[-9.15529,38.74485],[-9.15531,38.74486]]],[[[-9.14972,38.74612],[-9.14962,38.74633],[-9.1492,38.74612],[-9.14962,38.74578],[-9.14972,38.74612]]],[[[-9.15403,38.74659],[-9.15466,38.74659],[-9.15529,38.74675],[-9.15592,38.74628],[-9.15634,38.74675],[-9.15595,38.74738],[-9.15592,38.74744],[-9.15529,38.74767],[-9.1548,38.74738],[-9.15466,38.74728],[-9.15403,38.74728],[-9.15385,38.74675],[-9.15403,38.74659]]],[[[-9.15718,38.75074],[-9.15655,38.75054],[-9.15718,38.75031],[-9.15782,38.75031],[-9.15815,38.75054],[-9.15782,38.75074],[-9.15718,38.75074]]],[[[-9.15971,38.75083],[-9.15944,38.75054],[-9.15971,38.75031],[-9.16034,38.75031],[-9.16059,38.75054],[-9.16034,38.75083],[-9.15971,38.75083]]],[[[-9.13826,38.75059],[-9.13827,38.75054],[-9.13832,38.7499],[-9.13889,38.74972],[-9.13952,38.74976],[-9.14015,38.74976],[-9.14032,38.7499],[-9.14065,38.75054],[-9.14079,38.75072],[-9.14117,38.75117],[-9.1412,38.7518],[-9.1412,38.75243],[-9.14079,38.7528],[-9.14015,38.75298],[-9.13952,38.75298],[-9.13916,38.75306],[-9.13889,38.75313],[-9.13826,38.75306],[-9.13763,38.75258],[-9.1375,38.75243],[-9.1375,38.7518],[-9.13759,38.75117],[-9.13763,38.75113],[-9.13826,38.75059]],[[-9.14029,38.75054],[-9.14015,38.75032],[-9.13952,38.75032],[-9.13889,38.75054],[-9.13874,38.75117],[-9.13889,38.75164],[-9.13906,38.7518],[-9.13914,38.75243],[-9.13952,38.75253],[-9.14015,38.75253],[-9.14054,38.75243],[-9.14054,38.7518],[-9.14015,38.75133],[-9.13952,38.75133],[-9.13937,38.75117],[-9.13952,38.75106],[-9.14015,38.75106],[-9.14029,38.75054]]],[[[-9.14331,38.75548],[-9.14348,38.75558],[-9.14331,38.75579],[-9.14268,38.75579],[-9.14216,38.75621],[-9.14205,38.75626],[-9.14142,38.75626],[-9.14133,38.75621],[-9.14142,38.75616],[-9.14198,38.75558],[-9.14205,38.75543],[-9.14268,38.75548],[-9.14331,38.75548]]],[[[-9.12817,38.75956],[-9.12788,38.75937],[-9.12817,38.75899],[-9.1288,38.75899],[-9.12893,38.75937],[-9.1288,38.75956],[-9.12817,38.75956]]],[[[-9.1558,38.76063],[-9.15529,38.76085],[-9.15501,38.76063],[-9.15529,38.76038],[-9.1558,38.76063]]],[[[-9.13448,38.76317],[-9.13385,38.76317],[-9.13383,38.76315],[-9.13385,38.7631],[-9.13448,38.7631],[-9.13453,38.76315],[-9.13448,38.76317]]],[[[-9.13021,38.76756],[-9.13006,38.76777],[-9.12943,38.7682],[-9.12914,38.76756],[-9.12883,38.76693],[-9.12921,38.7663],[-9.12943,38.7661],[-9.12992,38.7663],[-9.13006,38.76651],[-9.13032,38.76693],[-9.13021,38.76756]]],[[[-9.15863,38.77387],[-9.15845,38.77399],[-9.15817,38.77387],[-9.15782,38.77352],[-9.15764,38.77324],[-9.15782,38.77317],[-9.15845,38.77302],[-9.15908,38.77324],[-9.15863,38.77387]]],[[[-9.15955,38.77576],[-9.15921,38.77639],[-9.15908,38.77646],[-9.1588,38.77639],[-9.15845,38.77623],[-9.15815,38.77576],[-9.15845,38.77544],[-9.15908,38.77565],[-9.15955,38.77576]]],[[[-9.15655,38.77647],[-9.15641,38.77639],[-9.15655,38.77628],[-9.15718,38.77628],[-9.15782,38.77636],[-9.15792,38.77639],[-9.15845,38.7765],[-9.15872,38.77703],[-9.15845,38.77737],[-9.15797,38.77766],[-9.15789,38.77829],[-9.15782,38.77836],[-9.15774,38.77829],[-9.15766,38.77766],[-9.15782,38.77736],[-9.15796,38.77703],[-9.15782,38.77646],[-9.15718,38.77647],[-9.15655,38.77647]]],[[[-9.161,38.77892],[-9.16097,38.77895],[-9.16072,38.77892],[-9.16097,38.77886],[-9.161,38.77892]]],[[[-9.15908,38.77934],[-9.15912,38.77955],[-9.15908,38.7796],[-9.15892,38.77955],[-9.15908,38.77934]]],[[[-9.14835,38.77957],[-9.14833,38.77955],[-9.14835,38.77951],[-9.14898,38.77951],[-9.14914,38.77955],[-9.14898,38.77957],[-9.14835,38.77957]]],[[[-9.14646,38.78027],[-9.14642,38.78018],[-9.14646,38.78009],[-9.14709,38.77997],[-9.14723,38.78018],[-9.14709,38.78035],[-9.14646,38.78027]]],[[[-9.15794,38.78081],[-9.1584,38.78018],[-9.15845,38.78006],[-9.15848,38.78018],[-9.15855,38.78081],[-9.15845,38.78091],[-9.15794,38.78081]]],[[[-9.14349,38.78081],[-9.14331,38.78099],[-9.14283,38.78081],[-9.14331,38.78045],[-9.14349,38.78081]]],[[[-9.14655,38.78144],[-9.14646,38.78151],[-9.14634,38.78144],[-9.14646,38.78123],[-9.14655,38.78144]]],[[[-9.14991,38.78144],[-9.15025,38.78107],[-9.15078,38.78081],[-9.15088,38.78072],[-9.15151,38.78072],[-9.15214,38.7807],[-9.15268,38.78081],[-9.15277,38.78087],[-9.15308,38.78144],[-9.1534,38.78162],[-9.15403,38.78172],[-9.15466,38.78172],[-9.15529,38.78174],[-9.15558,38.78207],[-9.15563,38.7827],[-9.15592,38.78301],[-9.15624,38.78333],[-9.15592,38.78357],[-9.15553,38.78333],[-9.15529,38.78311],[-9.15466,38.78281],[-9.15403,38.78281],[-9.1534,38.7828],[-9.15301,38.78333],[-9.15277,38.78351],[-9.15214,38.78376],[-9.15151,38.78386],[-9.15088,38.78386],[-9.15025,38.78392],[-9.14993,38.78396],[-9.14993,38.78459],[-9.14962,38.78474],[-9.14949,38.78459],[-9.14949,38.78396],[-9.14962,38.7838],[-9.14972,38.78333],[-9.14962,38.7827],[-9.14983,38.78207],[-9.14991,38.78144]],[[-9.15277,38.78239],[-9.15293,38.78207],[-9.15277,38.78196],[-9.15254,38.78207],[-9.15277,38.78239]],[[-9.15214,38.78161],[-9.15222,38.78144],[-9.15214,38.78137],[-9.15203,38.78144],[-9.15214,38.78161]],[[-9.15151,38.78203],[-9.15088,38.78203],[-9.15075,38.78207],[-9.15088,38.78221],[-9.15151,38.78221],[-9.15158,38.78207],[-9.15151,38.78203]],[[-9.15025,38.78338],[-9.15032,38.78333],[-9.15025,38.78302],[-9.15021,38.78333],[-9.15025,38.78338]]],[[[-9.14898,38.78503],[-9.14921,38.78523],[-9.14898,38.78547],[-9.14843,38.78523],[-9.14898,38.78503]]],[[[-9.15655,38.78657],[-9.15651,38.78649],[-9.15655,38.78645],[-9.15718,38.78645],[-9.15723,38.78649],[-9.15718,38.78657],[-9.15655,38.78657]]],[[[-9.14583,38.7898],[-9.1463,38.79027],[-9.14584,38.79072],[-9.14566,38.7898],[-9.14583,38.7898]]],[[[-9.12376,38.71218],[-9.12382,38.71206],[-9.12376,38.71188],[-9.12331,38.71188],[-9.12376,38.71143],[-9.12439,38.7108],[-9.12446,38.71072],[-9.12502,38.71072],[-9.12565,38.71072],[-9.12628,38.71045],[-9.12673,38.71017],[-9.12691,38.71009],[-9.12754,38.70992],[-9.12791,38.70954],[-9.12817,38.70947],[-9.1288,38.70947],[-9.12943,38.70949],[-9.13006,38.70895],[-9.1304,38.70954],[-9.13069,38.71017],[-9.13006,38.71065],[-9.12987,38.7108],[-9.12946,38.71143],[-9.12943,38.71146],[-9.1288,38.71183],[-9.12817,38.71183],[-9.1279,38.71206],[-9.12754,38.71231],[-9.12691,38.71245],[-9.12653,38.71269],[-9.12628,38.71286],[-9.12565,38.71272],[-9.12502,38.71272],[-9.12439,38.71311],[-9.12376,38.71307],[-9.12356,38.71269],[-9.12376,38.71218]],[[-9.12444,38.71269],[-9.12465,38.71206],[-9.12439,38.71196],[-9.12432,38.71206],[-9.1243,38.71269],[-9.12439,38.71272],[-9.12444,38.71269]],[[-9.12934,38.71017],[-9.12943,38.71026],[-9.12954,38.71017],[-9.12943,38.71009],[-9.12934,38.71017]]],[[[-9.12249,38.71346],[-9.12242,38.71332],[-9.12249,38.71326],[-9.12313,38.71326],[-9.12329,38.71332],[-9.12313,38.71346],[-9.12249,38.71346]]],[[[-9.11934,38.72188],[-9.11997,38.72188],[-9.12022,38.72152],[-9.1206,38.72119],[-9.12105,38.72152],[-9.12123,38.72187],[-9.12186,38.72205],[-9.12197,38.72215],[-9.12225,38.72278],[-9.12186,38.7232],[-9.12153,38.72341],[-9.12123,38.72357],[-9.1206,38.72362],[-9.11997,38.72358],[-9.11934,38.72358],[-9.11907,38.72341],[-9.1189,38.72278],[-9.11888,38.72215],[-9.11934,38.72188]]],[[[-9.11997,38.72919],[-9.11934,38.72919],[-9.11912,38.72909],[-9.11934,38.72895],[-9.11997,38.72895],[-9.12005,38.72909],[-9.11997,38.72919]]],[[[-9.11366,38.73418],[-9.11363,38.73414],[-9.11366,38.7341],[-9.11429,38.7341],[-9.11433,38.73414],[-9.11429,38.73418],[-9.11366,38.73418]]],[[[-9.11842,38.73792],[-9.11839,38.73729],[-9.11808,38.73701],[-9.11745,38.73702],[-9.11697,38.73666],[-9.11685,38.73603],[-9.11686,38.7354],[-9.11745,38.73481],[-9.11747,38.73477],[-9.11747,38.73414],[-9.11808,38.73382],[-9.11871,38.73358],[-9.11897,38.73351],[-9.11911,38.73287],[-9.11934,38.73277],[-9.11997,38.73277],[-9.1206,38.73277],[-9.12109,38.73224],[-9.12123,38.73211],[-9.12186,38.73199],[-9.12249,38.73179],[-9.12313,38.73179],[-9.12376,38.73167],[-9.1243,38.73161],[-9.12439,38.7316],[-9.12502,38.73147],[-9.12565,38.73147],[-9.12595,38.73161],[-9.12628,38.73224],[-9.12691,38.7323],[-9.12733,38.73287],[-9.12734,38.73351],[-9.12708,38.73414],[-9.12691,38.73428],[-9.12652,38.73477],[-9.12628,38.73501],[-9.12569,38.7354],[-9.12565,38.73556],[-9.12502,38.73556],[-9.12454,38.73603],[-9.12439,38.73611],[-9.1238,38.73666],[-9.12376,38.73672],[-9.12313,38.73712],[-9.12249,38.73712],[-9.12235,38.73729],[-9.12235,38.73792],[-9.12192,38.73855],[-9.12186,38.73857],[-9.12123,38.73884],[-9.1206,38.73873],[-9.12008,38.73855],[-9.11997,38.7385],[-9.11934,38.7385],[-9.11871,38.7381],[-9.11842,38.73792]],[[-9.12502,38.73374],[-9.12467,38.73414],[-9.12439,38.73445],[-9.12425,38.73414],[-9.1243,38.73351],[-9.1243,38.73287],[-9.12439,38.73224],[-9.12376,38.73213],[-9.12313,38.73224],[-9.12249,38.73224],[-9.12186,38.7327],[-9.12165,38.73287],[-9.12165,38.73351],[-9.12123,38.73376],[-9.1206,38.73382],[-9.11997,38.73379],[-9.11934,38.73379],[-9.11871,38.73399],[-9.11839,38.73414],[-9.11839,38.73477],[-9.11831,38.7354],[-9.11871,38.73597],[-9.11934,38.73603],[-9.11997,38.73603],[-9.1206,38.73571],[-9.12123,38.73542],[-9.12186,38.7354],[-9.12249,38.7354],[-9.12313,38.7354],[-9.12376,38.73545],[-9.12384,38.7354],[-9.12439,38.73487],[-9.12502,38.73487],[-9.12565,38.73487],[-9.12578,38.73477],[-9.1261,38.73414],[-9.12565,38.73374],[-9.12502,38.73374]]],[[[-9.11232,38.73729],[-9.11177,38.73751],[-9.11148,38.73729],[-9.11177,38.73677],[-9.11232,38.73729]]],[[[-9.12386,38.73792],[-9.12376,38.73804],[-9.12344,38.73792],[-9.12376,38.73762],[-9.12386,38.73792]]],[[[-9.10332,38.74044],[-9.10332,38.73981],[-9.10357,38.73925],[-9.10375,38.73981],[-9.10375,38.74044],[-9.10357,38.74055],[-9.10332,38.74044]]],[[[-9.10869,38.74107],[-9.10862,38.74126],[-9.10841,38.74107],[-9.10862,38.74099],[-9.10869,38.74107]]],[[[-9.1288,38.74708],[-9.12817,38.74708],[-9.12781,38.74675],[-9.12817,38.74669],[-9.1288,38.74669],[-9.1289,38.74675],[-9.1288,38.74708]]],[[[-9.11828,38.75054],[-9.11808,38.75075],[-9.1177,38.75054],[-9.11808,38.75032],[-9.11828,38.75054]]],[[[-9.096,38.75187],[-9.096,38.7518],[-9.096,38.75169],[-9.09663,38.75169],[-9.09669,38.7518],[-9.09663,38.75187],[-9.096,38.75187]]],[[[-9.14646,38.79181],[-9.14586,38.79216],[-9.14583,38.79219],[-9.14553,38.79219],[-9.1455,38.79205],[-9.14544,38.79193],[-9.14575,38.79161],[-9.14599,38.79163],[-9.146,38.79153],[-9.14592,38.79109],[-9.14646,38.79109],[-9.14678,38.7909],[-9.14678,38.79027],[-9.14709,38.79011],[-9.1474,38.79027],[-9.14745,38.7909],[-9.14772,38.79105],[-9.14835,38.79105],[-9.14898,38.79101],[-9.14962,38.7909],[-9.14962,38.79027],[-9.14971,38.78964],[-9.14976,38.78901],[-9.14962,38.7888],[-9.14898,38.78866],[-9.14863,38.78838],[-9.14856,38.78775],[-9.14835,38.78751],[-9.14772,38.78751],[-9.14739,38.78775],[-9.14709,38.78801],[-9.1465,38.78838],[-9.14646,38.78843],[-9.14583,38.78861],[-9.14531,38.78861],[-9.14509,38.78815],[-9.14278,38.78854],[-9.14252,38.78852],[-9.14169,38.7878],[-9.14174,38.78773],[-9.14115,38.7872],[-9.13894,38.7865],[-9.13894,38.78649],[-9.13889,38.78644],[-9.13872,38.78643],[-9.13811,38.78624],[-9.13779,38.78586],[-9.13821,38.78523],[-9.13808,38.78459],[-9.13808,38.78396],[-9.13826,38.78371],[-9.13838,38.78333],[-9.13829,38.7827],[-9.13826,38.78258],[-9.13811,38.78207],[-9.13826,38.78198],[-9.13865,38.78144],[-9.13889,38.78115],[-9.13925,38.78081],[-9.13944,38.78018],[-9.13952,38.78007],[-9.14015,38.78007],[-9.14079,38.77996],[-9.14118,38.77955],[-9.14142,38.77913],[-9.14166,38.77892],[-9.14205,38.77858],[-9.14268,38.77858],[-9.14298,38.77829],[-9.14298,38.77766],[-9.14331,38.77741],[-9.14394,38.77733],[-9.14448,38.77766],[-9.14439,38.77829],[-9.14457,38.77847],[-9.1452,38.77884],[-9.14583,38.77884],[-9.1462,38.77829],[-9.14583,38.77777],[-9.1452,38.77777],[-9.14482,38.77766],[-9.1452,38.77754],[-9.14583,38.77754],[-9.14646,38.77747],[-9.14709,38.77705],[-9.14753,38.77766],[-9.14749,38.77829],[-9.14772,38.77854],[-9.14796,38.77829],[-9.14799,38.77766],[-9.14835,38.77739],[-9.14898,38.77739],[-9.14936,38.77703],[-9.14962,38.77643],[-9.14963,38.77639],[-9.14962,38.77637],[-9.1492,38.77576],[-9.14898,38.77544],[-9.14835,38.77544],[-9.14803,38.77513],[-9.14772,38.77477],[-9.14756,38.7745],[-9.14772,38.77433],[-9.14796,38.77387],[-9.14772,38.77361],[-9.14736,38.77324],[-9.14734,38.77261],[-9.14772,38.77222],[-9.14817,38.77261],[-9.14835,38.77273],[-9.14898,38.77273],[-9.14914,38.77261],[-9.14935,38.77198],[-9.14935,38.77135],[-9.14962,38.77122],[-9.14983,38.77135],[-9.14983,38.77198],[-9.15,38.77261],[-9.15025,38.77285],[-9.15081,38.77261],[-9.15061,38.77198],[-9.15061,38.77135],[-9.15025,38.77093],[-9.15012,38.77072],[-9.14971,38.77009],[-9.14962,38.76958],[-9.14898,38.76959],[-9.14835,38.76959],[-9.14829,38.76946],[-9.14835,38.76919],[-9.14898,38.76919],[-9.14962,38.76883],[-9.1495,38.7682],[-9.1495,38.76756],[-9.14962,38.7674],[-9.15009,38.76693],[-9.14962,38.76647],[-9.1495,38.7663],[-9.14938,38.76567],[-9.14944,38.76504],[-9.14923,38.76441],[-9.14898,38.76378],[-9.14835,38.76378],[-9.14805,38.76315],[-9.14772,38.76265],[-9.14766,38.76252],[-9.14772,38.76239],[-9.14835,38.76202],[-9.14898,38.76202],[-9.14933,38.76189],[-9.14962,38.76144],[-9.14965,38.76126],[-9.14962,38.7612],[-9.14898,38.76092],[-9.14835,38.76092],[-9.14784,38.76126],[-9.14772,38.76136],[-9.14709,38.76173],[-9.14646,38.76137],[-9.14583,38.76126],[-9.1452,38.76126],[-9.14457,38.76107],[-9.14394,38.76107],[-9.14356,38.76063],[-9.14331,38.76053],[-9.14268,38.76053],[-9.14212,38.76063],[-9.14205,38.76066],[-9.14181,38.76126],[-9.14159,38.76189],[-9.14142,38.76201],[-9.14079,38.76221],[-9.14015,38.76218],[-9.13952,38.76218],[-9.13921,38.76252],[-9.13889,38.76281],[-9.13826,38.76303],[-9.13791,38.76252],[-9.13801,38.76189],[-9.13763,38.76149],[-9.137,38.76151],[-9.13637,38.76151],[-9.13613,38.76126],[-9.13574,38.76103],[-9.13511,38.76094],[-9.13483,38.76126],[-9.13465,38.76189],[-9.13448,38.76211],[-9.13385,38.76211],[-9.13322,38.76239],[-9.13268,38.76252],[-9.13259,38.76257],[-9.13196,38.76276],[-9.13144,38.76252],[-9.13132,38.76248],[-9.13069,38.76248],[-9.13066,38.76252],[-9.13006,38.76302],[-9.12943,38.76308],[-9.1288,38.76267],[-9.12825,38.76252],[-9.12821,38.76189],[-9.12817,38.76186],[-9.12754,38.76184],[-9.12748,38.76189],[-9.12736,38.76252],[-9.12694,38.76315],[-9.12691,38.76318],[-9.12642,38.76378],[-9.12654,38.76441],[-9.12653,38.76504],[-9.12653,38.76567],[-9.12691,38.76612],[-9.12703,38.7663],[-9.12691,38.76639],[-9.12628,38.76653],[-9.12565,38.76693],[-9.12628,38.76738],[-9.12641,38.76756],[-9.12676,38.7682],[-9.12654,38.76883],[-9.12691,38.76893],[-9.12754,38.76887],[-9.12817,38.76887],[-9.12851,38.76946],[-9.1288,38.76978],[-9.12904,38.77009],[-9.12943,38.7705],[-9.1297,38.77072],[-9.13006,38.77117],[-9.13059,38.77072],[-9.13069,38.77067],[-9.13132,38.77067],[-9.13196,38.77029],[-9.13259,38.77047],[-9.13273,38.77072],[-9.13312,38.77135],[-9.13312,38.77198],[-9.13261,38.77261],[-9.13259,38.77266],[-9.1323,38.77324],[-9.13196,38.77381],[-9.13191,38.77387],[-9.13196,38.77397],[-9.13259,38.77417],[-9.13272,38.7745],[-9.13259,38.77464],[-9.13196,38.77501],[-9.13188,38.77513],[-9.13196,38.77523],[-9.13233,38.77576],[-9.13196,38.77612],[-9.13168,38.77639],[-9.13196,38.77703],[-9.13132,38.7769],[-9.13069,38.7769],[-9.13047,38.77703],[-9.13016,38.77766],[-9.13016,38.77829],[-9.13006,38.77854],[-9.12994,38.77892],[-9.12975,38.77955],[-9.12943,38.77999],[-9.1288,38.78004],[-9.12832,38.77955],[-9.12817,38.77943],[-9.12754,38.77943],[-9.12724,38.77955],[-9.12691,38.7797],[-9.12655,38.77955],[-9.12628,38.7793],[-9.12591,38.77955],[-9.12565,38.77969],[-9.12502,38.77969],[-9.1247,38.77955],[-9.12454,38.77892],[-9.12439,38.7788],[-9.12432,38.77892],[-9.12404,38.77955],[-9.12376,38.77975],[-9.1233,38.77955],[-9.12313,38.77949],[-9.12309,38.77955],[-9.12289,38.78018],[-9.1229,38.78081],[-9.12264,38.78144],[-9.12249,38.78148],[-9.12186,38.78148],[-9.12123,38.7817],[-9.12108,38.78144],[-9.12113,38.78081],[-9.1206,38.78028],[-9.12046,38.78018],[-9.1206,38.78],[-9.12084,38.77955],[-9.12123,38.77941],[-9.12186,38.77922],[-9.12249,38.77922],[-9.12287,38.77892],[-9.12313,38.77831],[-9.12314,38.77829],[-9.12313,38.77826],[-9.12303,38.77766],[-9.12249,38.77721],[-9.12186,38.77721],[-9.12123,38.77707],[-9.1206,38.7773],[-9.11997,38.77703],[-9.11934,38.77703],[-9.11929,38.77766],[-9.11929,38.77829],[-9.11934,38.77843],[-9.11997,38.77843],[-9.12022,38.77892],[-9.11997,38.77936],[-9.11934,38.77936],[-9.11926,38.77955],[-9.11903,38.78018],[-9.11871,38.78044],[-9.11839,38.78081],[-9.11852,38.78144],[-9.11852,38.78173],[-9.11694,38.78125],[-9.11729,38.78081],[-9.11688,38.78018],[-9.11705,38.77955],[-9.11716,38.77892],[-9.11745,38.77868],[-9.11808,38.77841],[-9.1183,38.77829],[-9.1183,38.77766],[-9.11808,38.77717],[-9.11784,38.77703],[-9.11808,38.7769],[-9.1183,38.77639],[-9.11871,38.77616],[-9.11934,38.77634],[-9.11997,38.77634],[-9.1206,38.77598],[-9.12123,38.77622],[-9.12186,38.77635],[-9.12249,38.77635],[-9.12275,38.77639],[-9.12313,38.7765],[-9.1232,38.77639],[-9.12355,38.77576],[-9.12376,38.77556],[-9.12439,38.77564],[-9.12502,38.77565],[-9.12565,38.77565],[-9.12628,38.77567],[-9.12691,38.77531],[-9.12695,38.77513],[-9.12691,38.77495],[-9.12628,38.7745],[-9.12565,38.77407],[-9.12502,38.77407],[-9.1247,38.77387],[-9.1246,38.77324],[-9.12439,38.7729],[-9.12422,38.77261],[-9.12439,38.77218],[-9.1245,38.77198],[-9.12468,38.77135],[-9.12457,38.77072],[-9.12457,38.77009],[-9.12439,38.76989],[-9.12405,38.76946],[-9.12422,38.76883],[-9.1242,38.7682],[-9.12412,38.76756],[-9.12419,38.76693],[-9.12439,38.76649],[-9.12451,38.7663],[-9.12462,38.76567],[-9.12456,38.76504],[-9.12493,38.76441],[-9.12502,38.76433],[-9.12565,38.76433],[-9.12587,38.76378],[-9.12565,38.76346],[-9.12502,38.76346],[-9.12447,38.76315],[-9.12439,38.76306],[-9.12376,38.76273],[-9.12313,38.76278],[-9.12249,38.76258],[-9.12186,38.76258],[-9.12172,38.76252],[-9.12123,38.76234],[-9.1206,38.76248],[-9.11997,38.76208],[-9.11934,38.76208],[-9.11896,38.76189],[-9.11871,38.7617],[-9.11844,38.76126],[-9.11824,38.76063],[-9.11808,38.76029],[-9.1177,38.76063],[-9.11745,38.76077],[-9.11719,38.76063],[-9.11682,38.76033],[-9.11619,38.76033],[-9.11587,38.76063],[-9.11556,38.76101],[-9.1151,38.76063],[-9.11493,38.76024],[-9.11478,38.76],[-9.11493,38.75987],[-9.11523,38.75937],[-9.11523,38.75873],[-9.11493,38.75842],[-9.11464,38.75873],[-9.11464,38.75937],[-9.11429,38.75973],[-9.11366,38.75955],[-9.11303,38.75955],[-9.1124,38.75967],[-9.11219,38.75937],[-9.11219,38.75873],[-9.11177,38.75854],[-9.11114,38.75864],[-9.11051,38.75864],[-9.10988,38.75839],[-9.10925,38.75812],[-9.10862,38.75832],[-9.10799,38.75813],[-9.10736,38.75813],[-9.10676,38.75873],[-9.10673,38.75885],[-9.10637,38.75937],[-9.1061,38.75961],[-9.10579,38.76],[-9.1061,38.76021],[-9.10654,38.76063],[-9.10673,38.76087],[-9.10736,38.7612],[-9.10799,38.7612],[-9.10802,38.76126],[-9.10819,38.76189],[-9.10862,38.76213],[-9.10902,38.76252],[-9.10862,38.76281],[-9.10819,38.76315],[-9.10839,38.76378],[-9.10799,38.7641],[-9.10736,38.7641],[-9.1068,38.76378],[-9.10673,38.76368],[-9.10638,38.76378],[-9.10637,38.76441],[-9.10673,38.76498],[-9.10676,38.76504],[-9.10673,38.76513],[-9.1061,38.76523],[-9.10583,38.76567],[-9.10603,38.7663],[-9.1058,38.76693],[-9.1059,38.76756],[-9.1061,38.76777],[-9.10645,38.76756],[-9.10647,38.76693],[-9.10673,38.76659],[-9.10713,38.76693],[-9.10728,38.76756],[-9.10673,38.76806],[-9.10667,38.7682],[-9.10673,38.76834],[-9.10695,38.76883],[-9.10673,38.76909],[-9.10659,38.76946],[-9.1065,38.77009],[-9.10673,38.7702],[-9.10717,38.77072],[-9.10736,38.77104],[-9.10799,38.77104],[-9.1081,38.77135],[-9.10802,38.77198],[-9.10799,38.77206],[-9.10736,38.77206],[-9.10673,38.77246],[-9.10657,38.77261],[-9.1061,38.77294],[-9.10577,38.77324],[-9.10573,38.77387],[-9.10546,38.77409],[-9.10483,38.77409],[-9.1042,38.77416],[-9.10357,38.77414],[-9.10324,38.7745],[-9.10324,38.775],[-9.10143,38.77509],[-9.10105,38.77475],[-9.10096,38.7745],[-9.10042,38.7739],[-9.1004,38.77387],[-9.10042,38.77385],[-9.10101,38.77324],[-9.10105,38.77299],[-9.1011,38.77324],[-9.10168,38.7736],[-9.10231,38.7736],[-9.10259,38.77324],[-9.10294,38.77287],[-9.10357,38.77268],[-9.10364,38.77261],[-9.10369,38.77198],[-9.10357,38.77135],[-9.10336,38.77072],[-9.10294,38.7704],[-9.10241,38.77009],[-9.10244,38.76946],[-9.10267,38.76883],[-9.10254,38.7682],[-9.10236,38.76756],[-9.10231,38.76722],[-9.10168,38.76722],[-9.10123,38.76693],[-9.10153,38.7663],[-9.10151,38.76567],[-9.10151,38.76504],[-9.10168,38.76483],[-9.10231,38.76483],[-9.10253,38.76441],[-9.10254,38.76378],[-9.10234,38.76315],[-9.10233,38.76252],[-9.10234,38.76189],[-9.10232,38.76126],[-9.10234,38.76063],[-9.10231,38.76058],[-9.10168,38.76058],[-9.10109,38.76],[-9.10105,38.75996],[-9.10059,38.75937],[-9.10042,38.75873],[-9.09991,38.7581],[-9.09979,38.75787],[-9.09964,38.75747],[-9.09965,38.75684],[-9.09922,38.75621],[-9.09979,38.75574],[-9.10042,38.75558],[-9.09979,38.75524],[-9.09969,38.75495],[-9.09916,38.75455],[-9.09853,38.75455],[-9.0979,38.75492],[-9.09759,38.75432],[-9.09727,38.75382],[-9.09718,38.75369],[-9.09693,38.75306],[-9.09693,38.75243],[-9.09727,38.75213],[-9.09774,38.75243],[-9.09774,38.75306],[-9.0979,38.75315],[-9.09827,38.75369],[-9.09853,38.75397],[-9.09916,38.75397],[-9.09935,38.75369],[-9.09955,38.75306],[-9.09916,38.75266],[-9.09892,38.75243],[-9.09896,38.7518],[-9.09916,38.7517],[-9.09979,38.7517],[-9.10032,38.75117],[-9.09993,38.75054],[-9.09979,38.75044],[-9.09916,38.75044],[-9.09898,38.75054],[-9.09858,38.75117],[-9.09853,38.75128],[-9.0979,38.75155],[-9.09746,38.75117],[-9.09733,38.75054],[-9.09764,38.7499],[-9.09762,38.74927],[-9.0974,38.74864],[-9.0978,38.74801],[-9.0979,38.74783],[-9.09843,38.74738],[-9.09853,38.7472],[-9.09916,38.74707],[-9.09979,38.74707],[-9.10042,38.74711],[-9.10099,38.74738],[-9.10105,38.74742],[-9.10108,38.74738],[-9.10168,38.74715],[-9.10231,38.74715],[-9.10268,38.74675],[-9.10268,38.74612],[-9.10288,38.74549],[-9.10294,38.74528],[-9.10309,38.74549],[-9.10354,38.74612],[-9.10354,38.74675],[-9.10294,38.74728],[-9.10282,38.74738],[-9.10294,38.74746],[-9.10344,38.74801],[-9.10357,38.74826],[-9.10399,38.74864],[-9.1042,38.74896],[-9.10447,38.74864],[-9.10462,38.74801],[-9.10483,38.74791],[-9.10546,38.74791],[-9.1061,38.74789],[-9.10673,38.74751],[-9.10736,38.74766],[-9.10799,38.74766],[-9.10822,38.74738],[-9.10829,38.74675],[-9.10829,38.74612],[-9.10806,38.74549],[-9.10862,38.74534],[-9.10925,38.74503],[-9.10938,38.74486],[-9.10925,38.74481],[-9.10862,38.74449],[-9.10831,38.74423],[-9.1082,38.7436],[-9.10799,38.74339],[-9.10736,38.74339],[-9.10673,38.7433],[-9.1061,38.74334],[-9.10575,38.74297],[-9.10546,38.74267],[-9.10483,38.74267],[-9.1042,38.74269],[-9.10394,38.74234],[-9.10357,38.74212],[-9.10336,38.74234],[-9.10329,38.74297],[-9.10303,38.7436],[-9.10294,38.7437],[-9.10231,38.74423],[-9.10168,38.74423],[-9.1016,38.7436],[-9.10105,38.74337],[-9.1005,38.7436],[-9.10042,38.74363],[-9.1004,38.7436],[-9.10031,38.74297],[-9.10042,38.74234],[-9.10063,38.7417],[-9.10083,38.74107],[-9.10105,38.74086],[-9.10134,38.74044],[-9.10133,38.73981],[-9.10168,38.73923],[-9.10231,38.73923],[-9.10236,38.73918],[-9.10244,38.73855],[-9.10231,38.73835],[-9.10168,38.73835],[-9.10145,38.73792],[-9.10168,38.73774],[-9.10231,38.73774],[-9.10276,38.73729],[-9.1027,38.73666],[-9.10294,38.73617],[-9.10357,38.73603],[-9.1042,38.73585],[-9.10469,38.7354],[-9.10483,38.73503],[-9.10546,38.73503],[-9.1061,38.73488],[-9.10673,38.73491],[-9.1068,38.73477],[-9.10673,38.7347],[-9.1061,38.73461],[-9.10546,38.73464],[-9.10483,38.73464],[-9.1042,38.73426],[-9.10409,38.73414],[-9.10392,38.73351],[-9.10393,38.73287],[-9.10357,38.73231],[-9.1035,38.73231],[-9.10357,38.73224],[-9.10357,38.73221],[-9.1042,38.73221],[-9.10476,38.73161],[-9.10483,38.73141],[-9.10546,38.73141],[-9.10587,38.73098],[-9.10607,38.73035],[-9.1061,38.73019],[-9.10641,38.72972],[-9.1063,38.72909],[-9.10648,38.72846],[-9.10654,38.72783],[-9.10673,38.72765],[-9.10714,38.7272],[-9.10714,38.72657],[-9.10736,38.7263],[-9.10759,38.72594],[-9.10736,38.72565],[-9.10701,38.72565],[-9.10735,38.72531],[-9.10736,38.72531],[-9.10786,38.72594],[-9.10765,38.72657],[-9.10765,38.7272],[-9.1074,38.72783],[-9.10799,38.72822],[-9.10862,38.72822],[-9.10925,38.72817],[-9.10988,38.72827],[-9.11031,38.72783],[-9.11022,38.7272],[-9.11022,38.72657],[-9.10988,38.72638],[-9.10956,38.72594],[-9.10925,38.72541],[-9.10878,38.72531],[-9.10862,38.7253],[-9.10799,38.7253],[-9.10736,38.7253],[-9.10774,38.72493],[-9.10799,38.72493],[-9.10862,38.72493],[-9.10897,38.72468],[-9.10897,38.72404],[-9.10925,38.72404],[-9.10975,38.72404],[-9.10988,38.72425],[-9.11028,38.72468],[-9.11051,38.72477],[-9.11114,38.72477],[-9.11124,38.72468],[-9.11123,38.72404],[-9.11176,38.72341],[-9.11177,38.7234],[-9.11239,38.72278],[-9.1124,38.72277],[-9.11303,38.72256],[-9.11339,38.72215],[-9.11342,38.72152],[-9.11303,38.72091],[-9.11302,38.72091],[-9.11303,38.72089],[-9.11366,38.72026],[-9.11422,38.72026],[-9.11429,38.72033],[-9.11486,38.72089],[-9.11438,38.72152],[-9.11461,38.72215],[-9.11493,38.72235],[-9.11531,38.72215],[-9.11556,38.72204],[-9.11589,38.72152],[-9.11619,38.72114],[-9.11682,38.72114],[-9.11745,38.72136],[-9.11752,38.72089],[-9.11745,38.72076],[-9.1171,38.72026],[-9.11686,38.71963],[-9.11682,38.71954],[-9.11619,38.71954],[-9.11601,38.71963],[-9.11556,38.71981],[-9.11493,38.71992],[-9.11464,38.71992],[-9.11493,38.71963],[-9.11556,38.719],[-9.11609,38.71847],[-9.11619,38.71847],[-9.11682,38.71847],[-9.11691,38.71837],[-9.11745,38.71807],[-9.11778,38.71774],[-9.11808,38.71741],[-9.11849,38.71711],[-9.11871,38.71701],[-9.11932,38.71648],[-9.11934,38.71641],[-9.11997,38.71641],[-9.1206,38.71587],[-9.12103,38.71648],[-9.1209,38.71711],[-9.12082,38.71774],[-9.1206,38.71785],[-9.11997,38.71832],[-9.11934,38.71832],[-9.1193,38.71837],[-9.1192,38.719],[-9.11905,38.71963],[-9.11895,38.72026],[-9.11895,38.72089],[-9.11893,38.72152],[-9.11871,38.72194],[-9.11826,38.72215],[-9.11849,38.72278],[-9.11808,38.72311],[-9.11772,38.72341],[-9.11745,38.72363],[-9.11718,38.72341],[-9.11682,38.72323],[-9.11619,38.72323],[-9.11556,38.72341],[-9.11616,38.72404],[-9.11556,38.7245],[-9.11535,38.72468],[-9.11556,38.72478],[-9.11596,38.72531],[-9.11607,38.72594],[-9.11556,38.72637],[-9.11493,38.7264],[-9.11467,38.72657],[-9.11467,38.7272],[-9.11493,38.72756],[-9.11542,38.72783],[-9.11556,38.72791],[-9.11583,38.72783],[-9.11619,38.72774],[-9.11682,38.72774],[-9.11745,38.72783],[-9.11713,38.72846],[-9.11745,38.72871],[-9.11808,38.72869],[-9.11835,38.72846],[-9.11871,38.72818],[-9.119,38.72846],[-9.11871,38.72885],[-9.11851,38.72909],[-9.11852,38.72972],[-9.11808,38.72999],[-9.11745,38.73],[-9.11682,38.72995],[-9.11619,38.72995],[-9.11586,38.72972],[-9.11556,38.72953],[-9.11493,38.72909],[-9.11501,38.72846],[-9.11493,38.72832],[-9.11477,38.72846],[-9.11429,38.72884],[-9.11366,38.72884],[-9.11303,38.72856],[-9.1124,38.7286],[-9.11191,38.72909],[-9.11177,38.72915],[-9.11114,38.7292],[-9.11051,38.7292],[-9.11026,38.72909],[-9.10988,38.729],[-9.10977,38.72909],[-9.10925,38.72959],[-9.10895,38.72972],[-9.10862,38.73],[-9.10799,38.73],[-9.10766,38.73035],[-9.1076,38.73098],[-9.10799,38.73131],[-9.10862,38.73131],[-9.10891,38.73161],[-9.10925,38.73213],[-9.10935,38.73224],[-9.10925,38.7323],[-9.10876,38.73287],[-9.10882,38.73351],[-9.10912,38.73414],[-9.10925,38.73428],[-9.10988,38.73417],[-9.11051,38.73477],[-9.11114,38.73477],[-9.11177,38.73477],[-9.1124,38.73489],[-9.11272,38.73477],[-9.11303,38.73468],[-9.11316,38.73477],[-9.11305,38.7354],[-9.11366,38.73584],[-9.11429,38.73584],[-9.11493,38.73603],[-9.11461,38.73666],[-9.11471,38.73729],[-9.11429,38.73792],[-9.11454,38.73855],[-9.11475,38.73918],[-9.11493,38.73966],[-9.11502,38.73981],[-9.11509,38.74044],[-9.11556,38.74095],[-9.11601,38.74107],[-9.11596,38.7417],[-9.11619,38.74229],[-9.11682,38.74229],[-9.11686,38.74234],[-9.11726,38.74297],[-9.11745,38.74314],[-9.11764,38.74297],[-9.11808,38.74261],[-9.11831,38.74297],[-9.11808,38.74337],[-9.11788,38.7436],[-9.11808,38.74378],[-9.11857,38.74423],[-9.1186,38.74486],[-9.11871,38.74496],[-9.11918,38.74549],[-9.11934,38.74557],[-9.11997,38.74557],[-9.12019,38.74549],[-9.12016,38.74486],[-9.12036,38.74423],[-9.1206,38.74377],[-9.12123,38.74394],[-9.12183,38.74423],[-9.12186,38.74432],[-9.12249,38.74432],[-9.12313,38.74454],[-9.12376,38.74431],[-9.12439,38.74469],[-9.1245,38.74486],[-9.12502,38.74516],[-9.12565,38.74516],[-9.12614,38.74549],[-9.12616,38.74612],[-9.12628,38.7463],[-9.12678,38.74675],[-9.12671,38.74738],[-9.12691,38.74774],[-9.12754,38.74763],[-9.12801,38.74801],[-9.12754,38.74812],[-9.12691,38.74814],[-9.12661,38.74801],[-9.12628,38.74784],[-9.12615,38.74801],[-9.12565,38.74864],[-9.12502,38.74864],[-9.12501,38.74864],[-9.12502,38.74877],[-9.12565,38.74877],[-9.12581,38.74927],[-9.12628,38.74943],[-9.12672,38.7499],[-9.12683,38.75054],[-9.12691,38.75079],[-9.127,38.75054],[-9.12754,38.75041],[-9.12764,38.75054],[-9.1279,38.75117],[-9.12817,38.75154],[-9.1288,38.75154],[-9.1289,38.7518],[-9.12885,38.75243],[-9.12882,38.75306],[-9.1288,38.75313],[-9.12817,38.75313],[-9.12811,38.75306],[-9.12811,38.75243],[-9.12789,38.7518],[-9.12754,38.75155],[-9.12727,38.7518],[-9.12721,38.75243],[-9.12721,38.75306],[-9.1275,38.75369],[-9.12729,38.75432],[-9.12691,38.75484],[-9.12628,38.75445],[-9.1261,38.75432],[-9.12565,38.75402],[-9.12502,38.75402],[-9.12451,38.75369],[-9.12439,38.75364],[-9.12425,38.75369],[-9.12376,38.75392],[-9.12346,38.75369],[-9.12319,38.75306],[-9.12343,38.75243],[-9.12356,38.7518],[-9.12313,38.75161],[-9.12269,38.7518],[-9.12249,38.75194],[-9.12186,38.75194],[-9.12131,38.75243],[-9.12186,38.75296],[-9.12249,38.75296],[-9.12294,38.75306],[-9.12249,38.75311],[-9.12186,38.75311],[-9.12123,38.7531],[-9.121,38.75306],[-9.12068,38.75243],[-9.1206,38.75242],[-9.12059,38.75243],[-9.12044,38.75306],[-9.1206,38.75356],[-9.12062,38.75369],[-9.12082,38.75432],[-9.12123,38.75484],[-9.12131,38.75495],[-9.12158,38.75558],[-9.12123,38.75602],[-9.12104,38.75621],[-9.12123,38.75665],[-9.12186,38.75642],[-9.12249,38.75642],[-9.12279,38.75621],[-9.12313,38.75593],[-9.12365,38.75621],[-9.12376,38.75641],[-9.12439,38.75653],[-9.12471,38.75684],[-9.12502,38.75714],[-9.12565,38.75714],[-9.12617,38.75747],[-9.12628,38.75757],[-9.12662,38.7581],[-9.12691,38.75832],[-9.12744,38.75873],[-9.12737,38.75937],[-9.1275,38.76],[-9.12754,38.76001],[-9.12817,38.76018],[-9.1288,38.76018],[-9.12933,38.76063],[-9.12934,38.76126],[-9.12943,38.76138],[-9.13006,38.76168],[-9.13069,38.76187],[-9.13132,38.76187],[-9.13196,38.76187],[-9.13259,38.76166],[-9.13322,38.76185],[-9.13382,38.76126],[-9.13385,38.76116],[-9.13448,38.76116],[-9.1348,38.76063],[-9.13511,38.76049],[-9.13558,38.76063],[-9.13574,38.76066],[-9.13595,38.76063],[-9.13637,38.76052],[-9.137,38.76052],[-9.13763,38.76032],[-9.13801,38.76063],[-9.13826,38.76091],[-9.13889,38.76079],[-9.13932,38.76126],[-9.13952,38.76137],[-9.14015,38.76137],[-9.14079,38.76143],[-9.14103,38.76126],[-9.14142,38.76092],[-9.14157,38.76063],[-9.14205,38.76009],[-9.1424,38.76],[-9.14268,38.75991],[-9.14331,38.75991],[-9.14394,38.75983],[-9.14455,38.75937],[-9.14457,38.75935],[-9.14458,38.75937],[-9.1452,38.75996],[-9.14583,38.75996],[-9.14646,38.75983],[-9.14709,38.75997],[-9.14772,38.75991],[-9.14804,38.76],[-9.14835,38.76004],[-9.14898,38.76004],[-9.14911,38.76],[-9.1493,38.75937],[-9.14962,38.75906],[-9.1501,38.75873],[-9.1501,38.7581],[-9.15003,38.75747],[-9.15025,38.757],[-9.15067,38.75684],[-9.15088,38.75621],[-9.15151,38.75621],[-9.15153,38.75684],[-9.15151,38.75697],[-9.15088,38.75697],[-9.15062,38.75747],[-9.15088,38.75803],[-9.15151,38.75803],[-9.15214,38.75808],[-9.15215,38.7581],[-9.15215,38.75873],[-9.15214,38.75881],[-9.1518,38.75937],[-9.15151,38.75952],[-9.15088,38.75952],[-9.15052,38.76],[-9.15037,38.76063],[-9.15088,38.76126],[-9.15151,38.76126],[-9.15188,38.76189],[-9.1521,38.76252],[-9.15174,38.76315],[-9.15151,38.76361],[-9.15088,38.76361],[-9.15025,38.76352],[-9.14962,38.76342],[-9.14942,38.76378],[-9.14962,38.76403],[-9.15025,38.76413],[-9.15052,38.76441],[-9.15052,38.76504],[-9.15058,38.76567],[-9.15044,38.7663],[-9.15059,38.76693],[-9.15082,38.76756],[-9.15055,38.7682],[-9.1507,38.76883],[-9.15025,38.76944],[-9.15022,38.76946],[-9.15025,38.7695],[-9.15076,38.77009],[-9.15088,38.77016],[-9.15151,38.77016],[-9.15214,38.77055],[-9.15259,38.77072],[-9.15277,38.7711],[-9.15281,38.77135],[-9.15286,38.77198],[-9.1534,38.7726],[-9.15341,38.77261],[-9.1534,38.77262],[-9.15277,38.77274],[-9.15214,38.77316],[-9.15201,38.77324],[-9.15151,38.77381],[-9.15088,38.77381],[-9.15025,38.77348],[-9.14972,38.77387],[-9.14975,38.7745],[-9.14987,38.77513],[-9.15025,38.77573],[-9.15088,38.77563],[-9.15151,38.77563],[-9.15163,38.77576],[-9.15151,38.77597],[-9.15088,38.77597],[-9.15045,38.77639],[-9.15038,38.77703],[-9.15025,38.77707],[-9.14989,38.77766],[-9.14999,38.77829],[-9.14962,38.77854],[-9.14898,38.77866],[-9.14835,38.77866],[-9.14811,38.77892],[-9.14772,38.77921],[-9.14709,38.77922],[-9.14646,38.77892],[-9.14613,38.77955],[-9.14583,38.77972],[-9.1452,38.77972],[-9.14457,38.77973],[-9.14429,38.78018],[-9.14394,38.78045],[-9.14349,38.78018],[-9.14394,38.77966],[-9.14418,38.77955],[-9.14394,38.77939],[-9.14331,38.77937],[-9.14294,38.77955],[-9.14268,38.7798],[-9.14205,38.7798],[-9.14163,38.78018],[-9.14142,38.78041],[-9.14079,38.78065],[-9.14061,38.78081],[-9.14068,38.78144],[-9.14079,38.78207],[-9.14015,38.78213],[-9.13952,38.78213],[-9.13906,38.7827],[-9.13889,38.78295],[-9.13877,38.78333],[-9.13889,38.78358],[-9.13906,38.78396],[-9.13906,38.78459],[-9.13925,38.78523],[-9.13922,38.78586],[-9.13952,38.78619],[-9.14015,38.78619],[-9.14046,38.78586],[-9.14079,38.78564],[-9.14142,38.78576],[-9.14164,38.78586],[-9.14178,38.78649],[-9.14205,38.78666],[-9.14268,38.78666],[-9.14299,38.78712],[-9.14331,38.78759],[-9.14394,38.78729],[-9.14448,38.78712],[-9.1441,38.78649],[-9.14394,38.78617],[-9.14373,38.78586],[-9.14331,38.78538],[-9.14302,38.78523],[-9.14331,38.78509],[-9.14394,38.78478],[-9.14425,38.78459],[-9.14425,38.78396],[-9.14457,38.78386],[-9.1452,38.78393],[-9.14583,38.78393],[-9.14646,38.7839],[-9.14652,38.78396],[-9.14652,38.78459],[-9.14709,38.78496],[-9.14768,38.78523],[-9.14764,38.78586],[-9.14772,38.78622],[-9.14835,38.78622],[-9.14898,38.78635],[-9.14962,38.78629],[-9.14987,38.78649],[-9.15025,38.78687],[-9.15067,38.78712],[-9.15069,38.78775],[-9.15071,38.78838],[-9.15067,38.78901],[-9.15051,38.78964],[-9.15041,38.79027],[-9.15041,38.7909],[-9.15025,38.79104],[-9.14968,38.79153],[-9.14962,38.79158],[-9.14927,38.79153],[-9.14898,38.79149],[-9.14884,38.79153],[-9.14854,38.79216],[-9.14835,38.7923],[-9.14772,38.7923],[-9.14709,38.79227],[-9.14699,38.79216],[-9.14709,38.79185],[-9.14724,38.79153],[-9.14709,38.79147],[-9.14697,38.79153],[-9.14646,38.79181]],[[-9.15025,38.76899],[-9.15037,38.76883],[-9.15025,38.76858],[-9.14962,38.76883],[-9.15025,38.76899]],[[-9.14626,38.78712],[-9.14646,38.78725],[-9.14658,38.78712],[-9.14659,38.78649],[-9.14646,38.78634],[-9.14583,38.78638],[-9.1452,38.78638],[-9.14513,38.78649],[-9.1452,38.78662],[-9.14583,38.78662],[-9.14626,38.78712]],[[-9.13007,38.76252],[-9.13006,38.76248],[-9.12994,38.76252],[-9.13006,38.76253],[-9.13007,38.76252]],[[-9.13015,38.77261],[-9.13006,38.77257],[-9.12998,38.77261],[-9.13006,38.77267],[-9.13015,38.77261]],[[-9.12987,38.77829],[-9.12987,38.77766],[-9.1297,38.77703],[-9.12943,38.77691],[-9.12936,38.77703],[-9.12925,38.77766],[-9.12925,38.77829],[-9.12943,38.77845],[-9.12987,38.77829]],[[-9.12844,38.77576],[-9.12817,38.77574],[-9.12754,38.77574],[-9.12742,38.77576],[-9.12691,38.77604],[-9.12656,38.77639],[-9.12669,38.77703],[-9.1268,38.77766],[-9.1268,38.77829],[-9.12691,38.77836],[-9.12718,38.77829],[-9.12718,38.77766],[-9.12754,38.77751],[-9.12817,38.77751],[-9.1288,38.77726],[-9.12894,38.77703],[-9.12905,38.77639],[-9.1288,38.77587],[-9.12844,38.77576]],[[-9.12565,38.76883],[-9.12502,38.76883],[-9.12502,38.76946],[-9.12565,38.76946],[-9.12565,38.76883]],[[-9.12598,38.75937],[-9.12598,38.75873],[-9.12565,38.75844],[-9.12502,38.75844],[-9.12463,38.75873],[-9.12449,38.75937],[-9.12502,38.75992],[-9.12565,38.75992],[-9.12598,38.75937]],[[-9.12186,38.76029],[-9.12153,38.76063],[-9.12186,38.76078],[-9.12249,38.76078],[-9.12267,38.76063],[-9.12249,38.76029],[-9.12186,38.76029]],[[-9.12387,38.7581],[-9.12376,38.75802],[-9.12313,38.75781],[-9.12282,38.7581],[-9.12249,38.75847],[-9.12186,38.75847],[-9.12152,38.7581],[-9.12123,38.75789],[-9.12074,38.75747],[-9.1206,38.75738],[-9.12049,38.75747],[-9.11997,38.7579],[-9.11934,38.7579],[-9.11871,38.75763],[-9.11848,38.75747],[-9.11871,38.75732],[-9.11934,38.75709],[-9.11997,38.75709],[-9.12018,38.75684],[-9.11997,38.75665],[-9.11934,38.75665],[-9.11903,38.75621],[-9.11934,38.75572],[-9.11997,38.75572],[-9.12011,38.75558],[-9.11997,38.7554],[-9.11934,38.7554],[-9.11892,38.75558],[-9.11871,38.75566],[-9.1183,38.75621],[-9.11813,38.75684],[-9.11808,38.75693],[-9.11745,38.75684],[-9.11682,38.75714],[-9.11619,38.75714],[-9.11572,38.75747],[-9.11566,38.7581],[-9.11619,38.75862],[-9.11682,38.75862],[-9.11745,38.75829],[-9.11779,38.75873],[-9.11808,38.759],[-9.1183,38.75937],[-9.11871,38.75971],[-9.11932,38.76],[-9.11934,38.76004],[-9.11997,38.76004],[-9.1206,38.76008],[-9.12066,38.76],[-9.12123,38.7595],[-9.12186,38.7597],[-9.12249,38.7597],[-9.12313,38.75961],[-9.1235,38.75937],[-9.1235,38.75873],[-9.12376,38.75834],[-9.12387,38.7581]],[[-9.119,38.76063],[-9.11871,38.76045],[-9.11861,38.76063],[-9.11871,38.7608],[-9.119,38.76063]],[[-9.11765,38.76],[-9.11745,38.75975],[-9.11728,38.76],[-9.11745,38.76023],[-9.11765,38.76]],[[-9.11114,38.75523],[-9.11051,38.75523],[-9.11018,38.75495],[-9.10988,38.75438],[-9.10925,38.75456],[-9.10876,38.75432],[-9.10862,38.75415],[-9.10852,38.75432],[-9.10816,38.75495],[-9.10823,38.75558],[-9.10799,38.75588],[-9.10736,38.75588],[-9.10687,38.75621],[-9.10693,38.75684],[-9.10736,38.75714],[-9.10799,38.75714],[-9.10838,38.75684],[-9.10862,38.75628],[-9.10881,38.75684],[-9.10907,38.75747],[-9.10925,38.75756],[-9.10971,38.75747],[-9.10988,38.75744],[-9.11009,38.75747],[-9.11051,38.75764],[-9.11114,38.75764],[-9.11143,38.7581],[-9.11177,38.75823],[-9.11199,38.7581],[-9.112,38.75747],[-9.1124,38.75693],[-9.11254,38.75684],[-9.1124,38.75646],[-9.11232,38.75621],[-9.11177,38.7558],[-9.11156,38.75558],[-9.11114,38.75523]],[[-9.10677,38.75306],[-9.10675,38.75243],[-9.10673,38.7524],[-9.1061,38.75216],[-9.1059,38.75243],[-9.1059,38.75306],[-9.1061,38.75339],[-9.10673,38.7531],[-9.10677,38.75306]],[[-9.1068,38.76252],[-9.10673,38.7625],[-9.10671,38.76252],[-9.10673,38.76255],[-9.1068,38.76252]],[[-9.10483,38.76495],[-9.10479,38.76504],[-9.10483,38.76508],[-9.10546,38.76508],[-9.10557,38.76504],[-9.10546,38.76495],[-9.10483,38.76495]],[[-9.10451,38.77324],[-9.1042,38.77296],[-9.10391,38.77324],[-9.1042,38.77338],[-9.10451,38.77324]],[[-9.10392,38.76063],[-9.10357,38.76046],[-9.10309,38.76063],[-9.10357,38.76111],[-9.10392,38.76063]],[[-9.10168,38.75059],[-9.10132,38.75117],[-9.10168,38.75143],[-9.10231,38.75143],[-9.10255,38.75117],[-9.10231,38.75059],[-9.10168,38.75059]],[[-9.10047,38.75684],[-9.10042,38.75676],[-9.1003,38.75684],[-9.10042,38.75693],[-9.10047,38.75684]],[[-9.10053,38.74801],[-9.10042,38.74787],[-9.10035,38.74801],[-9.10042,38.74816],[-9.10053,38.74801]],[[-9.09864,38.7499],[-9.09853,38.74983],[-9.09841,38.7499],[-9.09853,38.75011],[-9.09864,38.7499]],[[-9.10612,38.73666],[-9.1061,38.73661],[-9.10605,38.73666],[-9.1061,38.73668],[-9.10612,38.73666]],[[-9.1044,38.73792],[-9.1042,38.73759],[-9.10357,38.73772],[-9.10294,38.73783],[-9.10285,38.73792],[-9.10287,38.73855],[-9.10283,38.73918],[-9.10231,38.73966],[-9.10168,38.73966],[-9.10159,38.73981],[-9.10162,38.74044],[-9.10168,38.74076],[-9.10231,38.74076],[-9.10268,38.74107],[-9.10294,38.74117],[-9.10357,38.74156],[-9.10397,38.74107],[-9.1042,38.74074],[-9.10459,38.74044],[-9.10459,38.73981],[-9.1042,38.73931],[-9.10368,38.73918],[-9.10418,38.73855],[-9.1042,38.73849],[-9.1044,38.73792]],[[-9.10264,38.74234],[-9.10231,38.74182],[-9.10168,38.74182],[-9.10105,38.74208],[-9.10103,38.74234],[-9.10105,38.74241],[-9.10168,38.74252],[-9.10231,38.74252],[-9.10264,38.74234]],[[-9.1064,38.73224],[-9.1061,38.73179],[-9.10546,38.73218],[-9.10483,38.73218],[-9.10478,38.73224],[-9.10483,38.73275],[-9.10546,38.73275],[-9.1061,38.7326],[-9.1064,38.73224]],[[-9.11757,38.719],[-9.11745,38.71874],[-9.11726,38.719],[-9.11745,38.7191],[-9.11757,38.719]],[[-9.11841,38.71837],[-9.11808,38.71797],[-9.11768,38.71837],[-9.11808,38.7186],[-9.11841,38.71837]],[[-9.11619,38.72209],[-9.116,38.72215],[-9.11619,38.72223],[-9.11682,38.72223],[-9.11685,38.72215],[-9.11682,38.72209],[-9.11619,38.72209]],[[-9.11213,38.72594],[-9.1124,38.72542],[-9.11261,38.72531],[-9.1124,38.72518],[-9.11221,38.72531],[-9.11177,38.72548],[-9.11145,38.72594],[-9.11177,38.7262],[-9.11213,38.72594]],[[-9.12632,38.75369],[-9.12628,38.75364],[-9.12615,38.75369],[-9.12628,38.75395],[-9.12632,38.75369]],[[-9.12481,38.7518],[-9.12439,38.75148],[-9.12399,38.7518],[-9.12439,38.75205],[-9.12481,38.7518]],[[-9.15217,38.77261],[-9.15214,38.77256],[-9.15182,38.77261],[-9.15214,38.77263],[-9.15217,38.77261]],[[-9.12894,38.77513],[-9.1288,38.7745],[-9.12858,38.77513],[-9.1288,38.77523],[-9.12894,38.77513]],[[-9.12936,38.77387],[-9.12943,38.77372],[-9.12967,38.77324],[-9.12943,38.77305],[-9.12904,38.77324],[-9.1288,38.77337],[-9.12854,38.77324],[-9.12817,38.77306],[-9.12754,38.77306],[-9.12691,38.77314],[-9.12673,38.77324],[-9.12684,38.77387],[-9.12691,38.77394],[-9.12717,38.77387],[-9.12754,38.77361],[-9.12817,38.77361],[-9.1283,38.77387],[-9.12817,38.77443],[-9.12754,38.77443],[-9.12753,38.7745],[-9.12754,38.77454],[-9.12817,38.77454],[-9.1288,38.7745],[-9.12936,38.77387]],[[-9.11493,38.75274],[-9.11461,38.75306],[-9.11493,38.75333],[-9.11522,38.75369],[-9.11493,38.75381],[-9.11454,38.75369],[-9.11429,38.7534],[-9.11366,38.7534],[-9.11303,38.75333],[-9.1124,38.75348],[-9.11207,38.75369],[-9.1124,38.75409],[-9.11261,38.75432],[-9.11303,38.75491],[-9.11308,38.75495],[-9.11366,38.75539],[-9.11429,38.75539],[-9.11493,38.75526],[-9.11556,38.75506],[-9.11619,38.75526],[-9.11682,38.75526],[-9.11745,38.75542],[-9.11755,38.75495],[-9.1179,38.75432],[-9.11745,38.75397],[-9.11682,38.75376],[-9.11619,38.75376],[-9.11604,38.75369],[-9.1158,38.75306],[-9.11556,38.75261],[-9.11493,38.75274]],[[-9.11194,38.75495],[-9.11177,38.75484],[-9.11161,38.75495],[-9.11177,38.75516],[-9.11194,38.75495]],[[-9.11051,38.75383],[-9.11114,38.75383],[-9.11134,38.75369],[-9.11157,38.75306],[-9.11157,38.75243],[-9.11114,38.75216],[-9.11051,38.75216],[-9.11015,38.75243],[-9.10997,38.75306],[-9.11042,38.75369],[-9.11051,38.75383]],[[-9.10925,38.75211],[-9.10896,38.75243],[-9.10907,38.75306],[-9.10925,38.75324],[-9.10973,38.75306],[-9.10952,38.75243],[-9.10925,38.75211]],[[-9.10706,38.7499],[-9.10673,38.75024],[-9.10624,38.75054],[-9.1061,38.75063],[-9.10567,38.75054],[-9.10546,38.75022],[-9.10483,38.75022],[-9.10479,38.75054],[-9.1045,38.75117],[-9.10483,38.75151],[-9.10546,38.75151],[-9.1061,38.75148],[-9.10673,38.75141],[-9.10728,38.7518],[-9.10736,38.75187],[-9.10799,38.75187],[-9.10804,38.7518],[-9.10862,38.75136],[-9.10888,38.75117],[-9.1092,38.75054],[-9.10862,38.75028],[-9.10816,38.7499],[-9.10799,38.74978],[-9.10736,38.74978],[-9.10706,38.7499]],[[-9.10581,38.76189],[-9.1061,38.76216],[-9.10638,38.76189],[-9.10624,38.76126],[-9.1061,38.76105],[-9.10546,38.76074],[-9.10483,38.76074],[-9.10433,38.76126],[-9.10483,38.76152],[-9.10546,38.76152],[-9.10581,38.76189]],[[-9.10432,38.76252],[-9.1042,38.76245],[-9.10413,38.76252],[-9.1042,38.76269],[-9.10432,38.76252]],[[-9.10357,38.75641],[-9.10329,38.75684],[-9.10341,38.75747],[-9.10357,38.75753],[-9.10366,38.75747],[-9.10376,38.75684],[-9.10357,38.75641]],[[-9.11366,38.72567],[-9.11345,38.72594],[-9.11366,38.72603],[-9.11429,38.72603],[-9.11452,38.72594],[-9.11429,38.72567],[-9.11366,38.72567]],[[-9.12439,38.74948],[-9.12422,38.7499],[-9.12426,38.75054],[-9.12439,38.75058],[-9.12442,38.75054],[-9.12475,38.7499],[-9.12439,38.74948]],[[-9.12628,38.7704],[-9.12624,38.77072],[-9.12628,38.77078],[-9.12691,38.77078],[-9.12693,38.77072],[-9.12691,38.77069],[-9.12628,38.7704]],[[-9.11745,38.75127],[-9.11808,38.75169],[-9.11871,38.7515],[-9.1189,38.75117],[-9.11934,38.75058],[-9.11997,38.75058],[-9.12002,38.75054],[-9.1206,38.75007],[-9.12117,38.75054],[-9.12123,38.75059],[-9.12133,38.75054],[-9.12186,38.75032],[-9.12249,38.75032],[-9.12313,38.75019],[-9.12376,38.74999],[-9.12382,38.7499],[-9.12376,38.74968],[-9.12313,38.74952],[-9.12288,38.74927],[-9.12313,38.74901],[-9.12376,38.74875],[-9.12397,38.74864],[-9.12376,38.74801],[-9.12313,38.74818],[-9.12283,38.74801],[-9.12264,38.74738],[-9.12249,38.74732],[-9.12186,38.74732],[-9.12123,38.74695],[-9.1206,38.74721],[-9.12031,38.74738],[-9.11997,38.74757],[-9.11934,38.74757],[-9.11912,38.74738],[-9.11871,38.74676],[-9.1187,38.74675],[-9.11868,38.74612],[-9.11829,38.74549],[-9.11808,38.74528],[-9.11765,38.74486],[-9.11745,38.7445],[-9.11705,38.74423],[-9.11682,38.74408],[-9.11619,38.74408],[-9.11591,38.74423],[-9.11577,38.74486],[-9.11561,38.74549],[-9.11556,38.74555],[-9.1153,38.74612],[-9.1153,38.74675],[-9.11537,38.74738],[-9.11556,38.74785],[-9.1157,38.74801],[-9.11556,38.74822],[-9.11493,38.74863],[-9.11492,38.74864],[-9.11472,38.74927],[-9.11493,38.74971],[-9.115,38.7499],[-9.11493,38.74994],[-9.11476,38.7499],[-9.11429,38.74967],[-9.11366,38.74967],[-9.11303,38.74987],[-9.11288,38.7499],[-9.1124,38.75037],[-9.1119,38.75054],[-9.11177,38.75056],[-9.11172,38.75054],[-9.11114,38.75026],[-9.11051,38.75026],[-9.10988,38.75046],[-9.10933,38.75054],[-9.10988,38.75063],[-9.11034,38.75117],[-9.11051,38.75145],[-9.11114,38.75145],[-9.11177,38.75163],[-9.11193,38.7518],[-9.1124,38.75212],[-9.11303,38.75211],[-9.11348,38.7518],[-9.11366,38.75152],[-9.11429,38.75152],[-9.11466,38.7518],[-9.11493,38.7519],[-9.11522,38.7518],[-9.11493,38.75133],[-9.11482,38.75117],[-9.11493,38.75114],[-9.11556,38.75079],[-9.11581,38.75117],[-9.11619,38.75135],[-9.11682,38.75135],[-9.11745,38.75127]],[[-9.10927,38.74927],[-9.10925,38.74925],[-9.10922,38.74927],[-9.10925,38.74932],[-9.10927,38.74927]],[[-9.1061,38.74916],[-9.10569,38.74927],[-9.1061,38.74967],[-9.10673,38.74967],[-9.10694,38.74927],[-9.10673,38.74905],[-9.1061,38.74916]],[[-9.10168,38.7496],[-9.10105,38.74927],[-9.10063,38.7499],[-9.10105,38.75004],[-9.10168,38.75049],[-9.10231,38.75049],[-9.10294,38.75029],[-9.10357,38.74993],[-9.10359,38.7499],[-9.10366,38.74927],[-9.10357,38.74923],[-9.1031,38.74864],[-9.10294,38.74857],[-9.10283,38.74864],[-9.10259,38.74927],[-9.10231,38.7496],[-9.10168,38.7496]],[[-9.12389,38.74612],[-9.12376,38.7458],[-9.12342,38.74612],[-9.12376,38.74624],[-9.12389,38.74612]],[[-9.11499,38.7436],[-9.11493,38.74341],[-9.11429,38.74307],[-9.11366,38.74307],[-9.11345,38.7436],[-9.11366,38.74406],[-9.11429,38.74406],[-9.11493,38.74372],[-9.11499,38.7436]],[[-9.11429,38.7487],[-9.11433,38.74864],[-9.11429,38.74855],[-9.11366,38.74855],[-9.11341,38.74801],[-9.11319,38.74738],[-9.11303,38.74695],[-9.1124,38.74724],[-9.11231,38.74738],[-9.11177,38.74764],[-9.11123,38.74738],[-9.11114,38.74715],[-9.11051,38.74715],[-9.11045,38.74738],[-9.10988,38.74782],[-9.10943,38.74801],[-9.10925,38.74839],[-9.10913,38.74864],[-9.10925,38.74869],[-9.10988,38.74927],[-9.10977,38.7499],[-9.10988,38.74996],[-9.10997,38.7499],[-9.11051,38.74948],[-9.11114,38.74948],[-9.11177,38.74977],[-9.1124,38.74951],[-9.11303,38.74938],[-9.11319,38.74927],[-9.11366,38.7487],[-9.11429,38.7487]],[[-9.11442,38.74107],[-9.11429,38.74095],[-9.11366,38.74095],[-9.1134,38.74107],[-9.11335,38.7417],[-9.11303,38.74187],[-9.11263,38.7417],[-9.11259,38.74107],[-9.11303,38.74052],[-9.11306,38.74044],[-9.11307,38.73981],[-9.11303,38.73966],[-9.1124,38.73931],[-9.11222,38.73918],[-9.1124,38.73893],[-9.11285,38.73855],[-9.11303,38.73834],[-9.11317,38.73792],[-9.11303,38.73769],[-9.11245,38.73729],[-9.11272,38.73666],[-9.1124,38.73656],[-9.11177,38.73619],[-9.11114,38.73632],[-9.11051,38.73632],[-9.1102,38.73666],[-9.10988,38.73704],[-9.10925,38.7369],[-9.10862,38.73717],[-9.10799,38.7371],[-9.10736,38.7371],[-9.10721,38.73729],[-9.10736,38.73756],[-9.10799,38.73756],[-9.10813,38.73792],[-9.10799,38.73814],[-9.10736,38.73814],[-9.10695,38.73792],[-9.10673,38.73781],[-9.10646,38.73792],[-9.10657,38.73855],[-9.10622,38.73918],[-9.10665,38.73981],[-9.10659,38.74044],[-9.10673,38.7406],[-9.10707,38.74107],[-9.10736,38.74137],[-9.10799,38.74137],[-9.10829,38.7417],[-9.10862,38.74189],[-9.10908,38.74234],[-9.10925,38.74271],[-9.10965,38.74297],[-9.10988,38.74322],[-9.11051,38.74318],[-9.11114,38.74318],[-9.11174,38.7436],[-9.11177,38.74365],[-9.11182,38.7436],[-9.1124,38.74341],[-9.11303,38.74326],[-9.11315,38.74297],[-9.11349,38.74234],[-9.11366,38.74201],[-9.11429,38.74201],[-9.1144,38.7417],[-9.11442,38.74107]],[[-9.11051,38.74522],[-9.11008,38.74549],[-9.11051,38.74582],[-9.11114,38.74582],[-9.11133,38.74549],[-9.11114,38.74522],[-9.11051,38.74522]]],[[[-9.12445,38.75432],[-9.12439,38.75434],[-9.12435,38.75432],[-9.12439,38.75414],[-9.12445,38.75432]]],[[[-9.12628,38.75523],[-9.12691,38.75527],[-9.12754,38.75527],[-9.1279,38.75558],[-9.12817,38.75589],[-9.1288,38.75589],[-9.12904,38.75621],[-9.1288,38.7564],[-9.12817,38.7564],[-9.1278,38.75621],[-9.12754,38.75598],[-9.12691,38.75583],[-9.12628,38.75596],[-9.12581,38.75558],[-9.12628,38.75523]]],[[[-9.09799,38.76252],[-9.0979,38.76256],[-9.09783,38.76252],[-9.0979,38.76249],[-9.09799,38.76252]]],[[[-9.1206,38.76279],[-9.12067,38.76315],[-9.1206,38.76319],[-9.12054,38.76315],[-9.1206,38.76279]]],[[[-9.12819,38.76567],[-9.12817,38.7657],[-9.12754,38.7657],[-9.1275,38.76567],[-9.1275,38.76504],[-9.12754,38.76503],[-9.12817,38.76503],[-9.12819,38.76504],[-9.12819,38.76567]]],[[[-9.09498,38.76883],[-9.09474,38.76888],[-9.09438,38.76883],[-9.09411,38.7687],[-9.09395,38.7682],[-9.09411,38.76783],[-9.09474,38.76785],[-9.09518,38.7682],[-9.09498,38.76883]]],[[[-9.11051,38.77757],[-9.11114,38.77757],[-9.11146,38.77703],[-9.11177,38.7766],[-9.1124,38.77672],[-9.11268,38.77703],[-9.11279,38.77766],[-9.11291,38.77829],[-9.1124,38.77864],[-9.11177,38.77832],[-9.11169,38.77829],[-9.11114,38.77785],[-9.11051,38.77785],[-9.11045,38.77785],[-9.11028,38.77758],[-9.11051,38.77757]]],[[[-9.12577,38.7827],[-9.12565,38.78264],[-9.12502,38.78264],[-9.12498,38.7827],[-9.12498,38.78285],[-9.12486,38.78283],[-9.12395,38.78281],[-9.12214,38.78333],[-9.12202,38.78333],[-9.12161,38.78264],[-9.1212,38.78266],[-9.12123,38.7826],[-9.12186,38.78266],[-9.12249,38.78266],[-9.12288,38.78207],[-9.12313,38.78162],[-9.12376,38.78177],[-9.12439,38.782],[-9.12502,38.78185],[-9.12565,38.78185],[-9.12603,38.78144],[-9.12628,38.781],[-9.12691,38.78139],[-9.12703,38.78144],[-9.12754,38.78204],[-9.12817,38.78204],[-9.12819,38.78207],[-9.1288,38.78235],[-9.12933,38.7827],[-9.12943,38.78321],[-9.12947,38.78333],[-9.12977,38.78396],[-9.12977,38.78399],[-9.12877,38.78397],[-9.12656,38.78329],[-9.12586,38.783],[-9.12573,38.78297],[-9.12577,38.7827]]],[[[-9.09409,38.79406],[-9.09405,38.79342],[-9.09353,38.79279],[-9.09348,38.79275],[-9.09285,38.79275],[-9.09222,38.79265],[-9.09172,38.79216],[-9.09159,38.79209],[-9.09141,38.79153],[-9.09145,38.7909],[-9.09159,38.79042],[-9.09164,38.79027],[-9.09159,38.79017],[-9.09125,38.78964],[-9.09096,38.78916],[-9.09081,38.78916],[-9.09096,38.78901],[-9.09096,38.78892],[-9.09159,38.78892],[-9.09219,38.78838],[-9.09222,38.78833],[-9.09285,38.78791],[-9.09348,38.78791],[-9.09411,38.78798],[-9.09474,38.78792],[-9.09537,38.78779],[-9.09558,38.78775],[-9.096,38.78756],[-9.09663,38.78756],[-9.09727,38.78747],[-9.09782,38.78712],[-9.09727,38.7866],[-9.09724,38.78649],[-9.09721,38.78586],[-9.09694,38.78523],[-9.09706,38.78459],[-9.09727,38.78405],[-9.0979,38.78409],[-9.09848,38.78396],[-9.09853,38.78388],[-9.09916,38.78388],[-9.09927,38.78333],[-9.0994,38.7827],[-9.09979,38.78254],[-9.10021,38.78254],[-9.10061,38.78525],[-9.10042,38.78525],[-9.09979,38.78525],[-9.09937,38.78586],[-9.09916,38.78649],[-9.09947,38.78712],[-9.09923,38.78775],[-9.09928,38.78838],[-9.09979,38.78883],[-9.09986,38.78901],[-9.10031,38.78964],[-9.10042,38.78981],[-9.10099,38.78981],[-9.10094,38.79052],[-9.10074,38.79174],[-9.10051,38.79253],[-9.10042,38.79253],[-9.09981,38.79216],[-9.10012,38.79153],[-9.09995,38.7909],[-9.09979,38.79085],[-9.09916,38.79079],[-9.09853,38.79079],[-9.09846,38.7909],[-9.09842,38.79153],[-9.09845,38.79216],[-9.09853,38.7923],[-9.09916,38.7923],[-9.09971,38.79279],[-9.09979,38.79342],[-9.1002,38.7936],[-9.09998,38.79435],[-9.09979,38.79435],[-9.09916,38.79435],[-9.09853,38.79435],[-9.0979,38.79441],[-9.09762,38.79469],[-9.09727,38.79496],[-9.09666,38.79469],[-9.09663,38.79466],[-9.096,38.79466],[-9.09537,38.79467],[-9.09474,38.79432],[-9.09411,38.79407],[-9.09409,38.79406]],[[-9.0979,38.79027],[-9.09807,38.78964],[-9.0979,38.78934],[-9.09755,38.78901],[-9.09727,38.78879],[-9.09663,38.7884],[-9.096,38.7884],[-9.09598,38.78838],[-9.09537,38.78818],[-9.09474,38.78837],[-9.09472,38.78838],[-9.09411,38.78866],[-9.09348,38.78871],[-9.09285,38.78871],[-9.09222,38.7888],[-9.09197,38.78901],[-9.09159,38.78954],[-9.09155,38.78964],[-9.09159,38.7897],[-9.09188,38.79027],[-9.0917,38.7909],[-9.09159,38.79151],[-9.09159,38.79153],[-9.09159,38.79154],[-9.09222,38.79199],[-9.09242,38.79216],[-9.09285,38.79246],[-9.09348,38.79246],[-9.09388,38.79279],[-9.09411,38.79305],[-9.09474,38.79316],[-9.09537,38.79338],[-9.09585,38.79279],[-9.09572,38.79216],[-9.096,38.79191],[-9.09663,38.79191],[-9.09727,38.79164],[-9.09736,38.79153],[-9.09736,38.7909],[-9.0979,38.79027]],[[-9.09979,38.78444],[-9.10017,38.78396],[-9.09979,38.78387],[-9.09975,38.78396],[-9.09979,38.78444]]],[[[-9.09547,38.79027],[-9.09537,38.79036],[-9.09531,38.79027],[-9.09537,38.79019],[-9.09547,38.79027]]]]},"properties":{"class":6,"label":"0 a 1","fill":"#fee391"}},{"type":"Feature","geometry":{"type":"MultiPolygon","coordinates":[[[[-9.1862,38.69947],[-9.18557,38.69978],[-9.18494,38.69978],[-9.18455,38.70008],[-9.18431,38.70024],[-9.18368,38.70024],[-9.18325,38.70008],[-9.18304,38.69989],[-9.18241,38.69984],[-9.18218,38.69945],[-9.18178,38.69909],[-9.18145,38.69882],[-9.18178,38.6987],[-9.18241,38.69852],[-9.18304,38.69861],[-9.18325,38.69818],[-9.18368,38.698],[-9.18431,38.698],[-9.18494,38.69806],[-9.18557,38.69818],[-9.1862,38.69875],[-9.18624,38.69882],[-9.18622,38.69945],[-9.1862,38.69947]],[[-9.18368,38.69856],[-9.18354,38.69882],[-9.18368,38.69915],[-9.18431,38.69915],[-9.18494,38.69924],[-9.18524,38.69882],[-9.18494,38.69854],[-9.18431,38.69856],[-9.18368,38.69856]]],[[[-9.19629,38.69829],[-9.19692,38.69852],[-9.19743,38.69882],[-9.19755,38.69896],[-9.19796,38.69945],[-9.19818,38.69981],[-9.19881,38.69981],[-9.19944,38.69976],[-9.19946,38.70008],[-9.19946,38.70071],[-9.19944,38.70085],[-9.19925,38.70134],[-9.19944,38.70178],[-9.19949,38.70197],[-9.19944,38.7021],[-9.19881,38.70203],[-9.19818,38.70203],[-9.19755,38.70197],[-9.19738,38.7026],[-9.19692,38.70287],[-9.19647,38.7026],[-9.19629,38.70247],[-9.1959,38.7026],[-9.19566,38.70269],[-9.19503,38.70269],[-9.1944,38.70271],[-9.19427,38.7026],[-9.1944,38.70211],[-9.19449,38.70197],[-9.19462,38.70134],[-9.1945,38.70071],[-9.1944,38.70051],[-9.19386,38.70008],[-9.19377,38.69963],[-9.19365,38.69945],[-9.19377,38.69882],[-9.1944,38.69828],[-9.19503,38.69842],[-9.19566,38.69842],[-9.19629,38.69829]],[[-9.19755,38.70134],[-9.19692,38.70129],[-9.19682,38.70134],[-9.19692,38.70143],[-9.19755,38.70197],[-9.19755,38.70134]],[[-9.19566,38.69966],[-9.19503,38.69966],[-9.19479,38.70008],[-9.19488,38.70071],[-9.19503,38.70099],[-9.19566,38.70099],[-9.19629,38.70099],[-9.19692,38.70086],[-9.19724,38.70071],[-9.19732,38.70008],[-9.19692,38.69981],[-9.19642,38.69945],[-9.19629,38.69929],[-9.19593,38.69945],[-9.19566,38.69966]]],[[[-9.20892,38.70323],[-9.2089,38.70317],[-9.20876,38.7026],[-9.20887,38.70197],[-9.2089,38.70194],[-9.20953,38.70138],[-9.21017,38.7019],[-9.2108,38.7019],[-9.21088,38.70197],[-9.21119,38.7026],[-9.2108,38.70315],[-9.21069,38.70323],[-9.21032,38.70386],[-9.21017,38.70397],[-9.20953,38.70397],[-9.20932,38.70386],[-9.20892,38.70323]],[[-9.2108,38.70272],[-9.21088,38.7026],[-9.2108,38.70243],[-9.21063,38.7026],[-9.2108,38.70272]]],[[[-9.17433,38.70323],[-9.17421,38.7035],[-9.17358,38.70368],[-9.17295,38.70344],[-9.17232,38.70367],[-9.17169,38.70367],[-9.17106,38.70378],[-9.17081,38.70386],[-9.17043,38.70394],[-9.17008,38.70449],[-9.1698,38.70466],[-9.16917,38.70466],[-9.16893,38.70449],[-9.16893,38.70386],[-9.16854,38.70333],[-9.16822,38.70323],[-9.16854,38.70314],[-9.16917,38.70291],[-9.1698,38.70291],[-9.17034,38.70323],[-9.17043,38.70359],[-9.17058,38.70323],[-9.17049,38.7026],[-9.17106,38.70255],[-9.17169,38.70236],[-9.17232,38.70236],[-9.17295,38.70205],[-9.17342,38.7026],[-9.17358,38.70286],[-9.17409,38.7026],[-9.17421,38.70253],[-9.17459,38.7026],[-9.17433,38.70323]]],[[[-9.16791,38.70342],[-9.1681,38.70386],[-9.16791,38.70442],[-9.16728,38.7039],[-9.16722,38.70386],[-9.16728,38.70379],[-9.16791,38.70342]]],[[[-9.16854,38.73384],[-9.16791,38.73363],[-9.16728,38.73381],[-9.167,38.73351],[-9.167,38.73287],[-9.16686,38.73224],[-9.16683,38.73161],[-9.16728,38.73104],[-9.16736,38.73098],[-9.16791,38.7308],[-9.1681,38.73098],[-9.16825,38.73161],[-9.16854,38.73194],[-9.16917,38.73194],[-9.16941,38.73224],[-9.1698,38.73287],[-9.16959,38.73351],[-9.16917,38.73384],[-9.16854,38.73384]]],[[[-9.20529,38.73963],[-9.20532,38.7399],[-9.20512,38.7399],[-9.2047,38.74044],[-9.20449,38.74079],[-9.20386,38.74079],[-9.20323,38.74073],[-9.2026,38.74059],[-9.2025,38.74044],[-9.20254,38.73981],[-9.20249,38.73918],[-9.20249,38.73855],[-9.2026,38.73824],[-9.20311,38.73792],[-9.20305,38.73729],[-9.20323,38.73712],[-9.20345,38.73729],[-9.20345,38.73792],[-9.20386,38.73833],[-9.20449,38.73833],[-9.2047,38.73855],[-9.2047,38.73918],[-9.20512,38.73963],[-9.20529,38.73963]]],[[[-9.17009,38.74044],[-9.1698,38.74073],[-9.16917,38.7407],[-9.16854,38.7407],[-9.16791,38.74057],[-9.16789,38.74044],[-9.16791,38.74042],[-9.16854,38.74028],[-9.16917,38.74028],[-9.1698,38.74015],[-9.17009,38.74044]]],[[[-9.16791,38.75049],[-9.16794,38.75054],[-9.16791,38.75058],[-9.16773,38.75054],[-9.16791,38.75049]]],[[[-9.16728,38.75099],[-9.16732,38.75117],[-9.16728,38.75119],[-9.16708,38.75117],[-9.16728,38.75099]]],[[[-9.20907,38.75488],[-9.2086,38.75516],[-9.2086,38.75495],[-9.20878,38.75432],[-9.20879,38.75432],[-9.20907,38.75488]]],[[[-9.18683,38.75647],[-9.1862,38.75647],[-9.18563,38.75621],[-9.18557,38.75607],[-9.1854,38.75621],[-9.18494,38.75632],[-9.18468,38.75621],[-9.18431,38.75597],[-9.18374,38.75558],[-9.18431,38.75528],[-9.18494,38.75495],[-9.18557,38.75467],[-9.18591,38.75495],[-9.1862,38.75514],[-9.18683,38.75514],[-9.18746,38.75523],[-9.18791,38.75558],[-9.18746,38.75593],[-9.18712,38.75621],[-9.18683,38.75647]]],[[[-9.17315,38.75747],[-9.17295,38.75744],[-9.17253,38.75747],[-9.17232,38.75751],[-9.17169,38.75751],[-9.17164,38.75747],[-9.17106,38.75702],[-9.17098,38.75684],[-9.17106,38.75658],[-9.17118,38.75621],[-9.17169,38.75589],[-9.17232,38.75589],[-9.17295,38.7559],[-9.17308,38.75621],[-9.17357,38.75684],[-9.17358,38.75696],[-9.17377,38.75747],[-9.17358,38.75764],[-9.17315,38.75747]]],[[[-9.19692,38.76206],[-9.19704,38.76189],[-9.19755,38.76139],[-9.19818,38.76139],[-9.19864,38.76189],[-9.19818,38.76232],[-9.19755,38.76232],[-9.19728,38.76252],[-9.19692,38.76271],[-9.19644,38.76252],[-9.19629,38.76234],[-9.19566,38.7624],[-9.19557,38.76252],[-9.19566,38.7628],[-9.1959,38.76315],[-9.19566,38.7635],[-9.19553,38.76378],[-9.19566,38.76401],[-9.1958,38.76441],[-9.1958,38.76504],[-9.19567,38.76567],[-9.19577,38.7663],[-9.19566,38.76646],[-9.19531,38.7663],[-9.19563,38.76567],[-9.19517,38.76504],[-9.19517,38.76441],[-9.19503,38.76434],[-9.1944,38.76434],[-9.19377,38.76434],[-9.19336,38.76378],[-9.19377,38.76322],[-9.19383,38.76315],[-9.19387,38.76252],[-9.1938,38.76189],[-9.19377,38.76176],[-9.19372,38.76126],[-9.19377,38.76114],[-9.1944,38.761],[-9.19503,38.761],[-9.19566,38.76072],[-9.19629,38.76094],[-9.19653,38.76126],[-9.19671,38.76189],[-9.19692,38.76206]]],[[[-9.17823,38.76567],[-9.17815,38.7663],[-9.178,38.76656],[-9.17737,38.76656],[-9.17674,38.76652],[-9.17611,38.76652],[-9.17548,38.76671],[-9.17484,38.76646],[-9.17421,38.76646],[-9.17358,38.76634],[-9.17354,38.7663],[-9.17354,38.76567],[-9.17339,38.76504],[-9.17339,38.76441],[-9.17358,38.76406],[-9.17421,38.76399],[-9.17484,38.76399],[-9.17548,38.76396],[-9.17611,38.76409],[-9.17674,38.76406],[-9.17704,38.76441],[-9.17704,38.76504],[-9.17737,38.76543],[-9.178,38.76543],[-9.17823,38.76567]],[[-9.17629,38.76567],[-9.17674,38.76585],[-9.177,38.76567],[-9.17674,38.76526],[-9.17629,38.76567]]],[[[-9.19314,38.76608],[-9.19251,38.766],[-9.19187,38.766],[-9.19158,38.7663],[-9.19124,38.76648],[-9.19061,38.76666],[-9.18998,38.76676],[-9.18973,38.76693],[-9.18935,38.76717],[-9.18872,38.76717],[-9.1885,38.76693],[-9.18872,38.76653],[-9.18935,38.76653],[-9.1895,38.7663],[-9.18935,38.76567],[-9.18998,38.76544],[-9.19028,38.76504],[-9.19028,38.76441],[-9.19061,38.76408],[-9.19101,38.76378],[-9.19124,38.76353],[-9.19141,38.76378],[-9.19187,38.76413],[-9.19251,38.76413],[-9.19314,38.76441],[-9.19314,38.76504],[-9.1935,38.76567],[-9.19314,38.76608]]],[[[-9.18837,38.7663],[-9.18809,38.76642],[-9.188,38.7663],[-9.18809,38.76618],[-9.18837,38.7663]]],[[[-9.1862,38.76713],[-9.18565,38.76693],[-9.18557,38.76662],[-9.18494,38.76657],[-9.18431,38.76644],[-9.18368,38.7663],[-9.18402,38.76567],[-9.18431,38.76561],[-9.18494,38.76561],[-9.18509,38.76567],[-9.18557,38.76625],[-9.18615,38.76567],[-9.1862,38.76564],[-9.18683,38.76564],[-9.18685,38.76567],[-9.1871,38.7663],[-9.1871,38.76693],[-9.18683,38.76713],[-9.1862,38.76713]]],[[[-9.1698,38.76552],[-9.17008,38.76567],[-9.17043,38.76606],[-9.17068,38.7663],[-9.17043,38.7665],[-9.17022,38.76693],[-9.1698,38.76722],[-9.16925,38.76693],[-9.16917,38.76668],[-9.16854,38.76668],[-9.16838,38.7663],[-9.16854,38.76615],[-9.16917,38.76615],[-9.16963,38.76567],[-9.1698,38.76552]]],[[[-9.19377,38.76615],[-9.19404,38.7663],[-9.19377,38.76668],[-9.19358,38.7663],[-9.19377,38.76615]]],[[[-9.18304,38.76704],[-9.1829,38.76693],[-9.18304,38.7663],[-9.18368,38.7663],[-9.18382,38.76693],[-9.18368,38.76704],[-9.18304,38.76704]]],[[[-9.18786,38.76756],[-9.18746,38.76783],[-9.18722,38.76756],[-9.18746,38.76725],[-9.18786,38.76756]]],[[[-9.1791,38.7682],[-9.17863,38.76874],[-9.17809,38.7682],[-9.17863,38.76794],[-9.1791,38.7682]]],[[[-9.17926,38.76942],[-9.17927,38.76946],[-9.17926,38.76947],[-9.17863,38.7696],[-9.17816,38.76946],[-9.17863,38.76887],[-9.17926,38.76942]]],[[[-9.18746,38.77135],[-9.18683,38.77072],[-9.18732,38.77009],[-9.18746,38.77002],[-9.18809,38.76984],[-9.18845,38.77009],[-9.18872,38.77042],[-9.18935,38.77042],[-9.1897,38.77072],[-9.1896,38.77135],[-9.18935,38.77155],[-9.18872,38.77155],[-9.18832,38.77135],[-9.18832,38.77072],[-9.18809,38.77054],[-9.18752,38.77072],[-9.18746,38.77135]]],[[[-9.18218,38.77198],[-9.18241,38.77183],[-9.18287,38.77135],[-9.18287,38.77072],[-9.18304,38.77055],[-9.18368,38.77055],[-9.18399,38.77072],[-9.18399,38.77135],[-9.18431,38.77166],[-9.18494,38.77172],[-9.18557,38.77148],[-9.1862,38.77148],[-9.18633,38.77198],[-9.1862,38.77261],[-9.18683,38.77282],[-9.18693,38.77324],[-9.18683,38.77353],[-9.18674,38.77387],[-9.18683,38.77409],[-9.18712,38.77387],[-9.18746,38.77374],[-9.18754,38.77387],[-9.18757,38.7745],[-9.18746,38.77484],[-9.18725,38.77513],[-9.18725,38.7757],[-9.18664,38.77579],[-9.18664,38.77576],[-9.1862,38.77532],[-9.18557,38.77532],[-9.18494,38.77537],[-9.18469,38.77513],[-9.18463,38.7745],[-9.18431,38.77414],[-9.18402,38.77387],[-9.18368,38.77363],[-9.18304,38.77363],[-9.18241,38.77376],[-9.18198,38.77387],[-9.18178,38.77402],[-9.18159,38.77387],[-9.18115,38.77349],[-9.18077,38.77324],[-9.18109,38.77261],[-9.18115,38.77211],[-9.18178,38.77261],[-9.18218,38.77198]]],[[[-9.18241,38.77635],[-9.18246,38.77639],[-9.18241,38.77644],[-9.18216,38.77703],[-9.18216,38.77766],[-9.18223,38.77829],[-9.18223,38.77869],[-9.18194,38.77874],[-9.18182,38.77885],[-9.18182,38.77829],[-9.18178,38.77814],[-9.18115,38.77829],[-9.18174,38.77892],[-9.18165,38.77899],[-9.1812,38.77906],[-9.1812,38.77892],[-9.18115,38.77887],[-9.18052,38.77875],[-9.17989,38.77875],[-9.17926,38.77857],[-9.17863,38.77847],[-9.17839,38.77829],[-9.17823,38.77766],[-9.17823,38.77703],[-9.17827,38.77639],[-9.17863,38.77605],[-9.17896,38.77576],[-9.17926,38.77533],[-9.17989,38.77542],[-9.18052,38.77542],[-9.18115,38.77545],[-9.18131,38.77576],[-9.18178,38.7761],[-9.18241,38.77635]],[[-9.1813,38.77766],[-9.1813,38.77703],[-9.18115,38.77685],[-9.18101,38.77639],[-9.18052,38.77611],[-9.17989,38.77611],[-9.17926,38.77604],[-9.17885,38.77639],[-9.17874,38.77703],[-9.17874,38.77766],[-9.17926,38.778],[-9.17988,38.77766],[-9.17988,38.77703],[-9.17989,38.77701],[-9.18052,38.77701],[-9.18065,38.77703],[-9.18065,38.77766],[-9.18115,38.77829],[-9.1813,38.77766]]],[[[-9.16559,38.70386],[-9.16538,38.70395],[-9.16512,38.70386],[-9.16538,38.7038],[-9.16559,38.70386]]],[[[-9.15971,38.70463],[-9.15908,38.70484],[-9.15897,38.70449],[-9.15908,38.70441],[-9.15971,38.70434],[-9.16034,38.70429],[-9.16097,38.70429],[-9.16115,38.70449],[-9.16097,38.70473],[-9.16034,38.70473],[-9.15971,38.70463]]],[[[-9.12943,38.71009],[-9.12954,38.71017],[-9.12943,38.71026],[-9.12934,38.71017],[-9.12943,38.71009]]],[[[-9.1243,38.71269],[-9.12432,38.71206],[-9.12439,38.71196],[-9.12465,38.71206],[-9.12444,38.71269],[-9.12439,38.71272],[-9.1243,38.71269]]],[[[-9.16223,38.73456],[-9.16247,38.73414],[-9.16286,38.73376],[-9.16349,38.73376],[-9.16393,38.73351],[-9.16399,38.73287],[-9.16412,38.7328],[-9.16429,38.73287],[-9.16436,38.73351],[-9.16448,38.73414],[-9.16412,38.73477],[-9.16349,38.73485],[-9.16286,38.73485],[-9.16223,38.73505],[-9.16218,38.73477],[-9.16223,38.73456]]],[[[-9.12186,38.7327],[-9.12249,38.73224],[-9.12313,38.73224],[-9.12376,38.73213],[-9.12439,38.73224],[-9.1243,38.73287],[-9.1243,38.73351],[-9.12425,38.73414],[-9.12439,38.73445],[-9.12467,38.73414],[-9.12502,38.73374],[-9.12565,38.73374],[-9.1261,38.73414],[-9.12578,38.73477],[-9.12565,38.73487],[-9.12502,38.73487],[-9.12439,38.73487],[-9.12384,38.7354],[-9.12376,38.73545],[-9.12313,38.7354],[-9.12249,38.7354],[-9.12186,38.7354],[-9.12123,38.73542],[-9.1206,38.73571],[-9.11997,38.73603],[-9.11934,38.73603],[-9.11871,38.73597],[-9.11831,38.7354],[-9.11839,38.73477],[-9.11839,38.73414],[-9.11871,38.73399],[-9.11934,38.73379],[-9.11997,38.73379],[-9.1206,38.73382],[-9.12123,38.73376],[-9.12165,38.73351],[-9.12165,38.73287],[-9.12186,38.7327]],[[-9.11997,38.73451],[-9.11934,38.73451],[-9.11926,38.73477],[-9.11934,38.73486],[-9.11997,38.73486],[-9.12013,38.73477],[-9.11997,38.73451]],[[-9.11871,38.73551],[-9.11894,38.7354],[-9.11871,38.73519],[-9.11863,38.7354],[-9.11871,38.73551]]],[[[-9.16538,38.73447],[-9.16565,38.73477],[-9.16538,38.73521],[-9.16507,38.73477],[-9.16538,38.73447]]],[[[-9.13874,38.75117],[-9.13889,38.75054],[-9.13952,38.75032],[-9.14015,38.75032],[-9.14029,38.75054],[-9.14015,38.75106],[-9.13952,38.75106],[-9.13937,38.75117],[-9.13952,38.75133],[-9.14015,38.75133],[-9.14054,38.7518],[-9.14054,38.75243],[-9.14015,38.75253],[-9.13952,38.75253],[-9.13914,38.75243],[-9.13906,38.7518],[-9.13889,38.75164],[-9.13874,38.75117]]],[[[-9.15684,38.75369],[-9.15655,38.75383],[-9.1564,38.75369],[-9.15655,38.75359],[-9.15684,38.75369]]],[[[-9.15971,38.75522],[-9.16034,38.75522],[-9.16053,38.75495],[-9.16093,38.75432],[-9.16097,38.75429],[-9.16136,38.75369],[-9.1616,38.75337],[-9.16194,38.75369],[-9.16223,38.75385],[-9.16255,38.75369],[-9.16223,38.75336],[-9.16194,38.75306],[-9.16195,38.75243],[-9.16195,38.7518],[-9.16205,38.75117],[-9.16211,38.75054],[-9.16223,38.7503],[-9.16286,38.75019],[-9.16349,38.75019],[-9.1641,38.7499],[-9.16412,38.7499],[-9.16433,38.7499],[-9.16475,38.74994],[-9.16517,38.7499],[-9.16538,38.74988],[-9.16541,38.7499],[-9.16578,38.75054],[-9.16588,38.75117],[-9.16589,38.7518],[-9.16565,38.75243],[-9.16538,38.75251],[-9.16475,38.75275],[-9.16412,38.75298],[-9.16349,38.75286],[-9.16286,38.75286],[-9.16269,38.75306],[-9.16286,38.75322],[-9.16349,38.75322],[-9.1639,38.75369],[-9.16412,38.75383],[-9.16475,38.75397],[-9.1651,38.75432],[-9.16538,38.75465],[-9.16601,38.75465],[-9.16621,38.75495],[-9.1665,38.75558],[-9.1665,38.75621],[-9.16657,38.75684],[-9.16613,38.75747],[-9.16601,38.7576],[-9.16538,38.7576],[-9.16483,38.7581],[-9.16481,38.75873],[-9.16475,38.75883],[-9.16455,38.75873],[-9.16412,38.75843],[-9.16401,38.75873],[-9.16349,38.75935],[-9.16286,38.75935],[-9.16284,38.75937],[-9.16252,38.76],[-9.16223,38.76027],[-9.1616,38.76039],[-9.16097,38.76023],[-9.16034,38.76041],[-9.15971,38.76041],[-9.15948,38.76],[-9.15908,38.75958],[-9.15888,38.75937],[-9.15876,38.75873],[-9.15876,38.7581],[-9.15908,38.7579],[-9.15971,38.7578],[-9.16034,38.7578],[-9.16071,38.75747],[-9.16076,38.75684],[-9.16052,38.75621],[-9.16034,38.75607],[-9.15971,38.75607],[-9.15943,38.75558],[-9.15971,38.75522]],[[-9.16462,38.75054],[-9.16412,38.75025],[-9.16366,38.75054],[-9.16349,38.75089],[-9.16286,38.75089],[-9.16272,38.75117],[-9.16286,38.75133],[-9.16349,38.75133],[-9.16412,38.75117],[-9.16462,38.75054]],[[-9.162,38.75432],[-9.1616,38.75467],[-9.16112,38.75495],[-9.16116,38.75558],[-9.16126,38.75621],[-9.16144,38.75684],[-9.16133,38.75747],[-9.16115,38.7581],[-9.16115,38.75873],[-9.1616,38.75935],[-9.16223,38.75904],[-9.16286,38.75884],[-9.16349,38.75884],[-9.16358,38.75873],[-9.16363,38.7581],[-9.16412,38.75784],[-9.16457,38.75747],[-9.16475,38.75736],[-9.16538,38.75722],[-9.16601,38.75722],[-9.16631,38.75684],[-9.1663,38.75621],[-9.16611,38.75558],[-9.16601,38.75535],[-9.16538,38.75535],[-9.16512,38.75495],[-9.16475,38.7545],[-9.16412,38.75438],[-9.16384,38.75432],[-9.16349,38.75411],[-9.16286,38.75411],[-9.16223,38.7542],[-9.162,38.75432]]],[[[-9.11871,38.75566],[-9.11892,38.75558],[-9.11934,38.7554],[-9.11997,38.7554],[-9.12011,38.75558],[-9.11997,38.75572],[-9.11934,38.75572],[-9.11903,38.75621],[-9.11934,38.75665],[-9.11997,38.75665],[-9.12018,38.75684],[-9.11997,38.75709],[-9.11934,38.75709],[-9.11871,38.75732],[-9.11848,38.75747],[-9.11871,38.75763],[-9.11934,38.7579],[-9.11997,38.7579],[-9.12049,38.75747],[-9.1206,38.75738],[-9.12074,38.75747],[-9.12123,38.75789],[-9.12152,38.7581],[-9.12186,38.75847],[-9.12249,38.75847],[-9.12282,38.7581],[-9.12313,38.75781],[-9.12376,38.75802],[-9.12387,38.7581],[-9.12376,38.75834],[-9.1235,38.75873],[-9.1235,38.75937],[-9.12313,38.75961],[-9.12249,38.7597],[-9.12186,38.7597],[-9.12123,38.7595],[-9.12066,38.76],[-9.1206,38.76008],[-9.11997,38.76004],[-9.11934,38.76004],[-9.11932,38.76],[-9.11871,38.75971],[-9.1183,38.75937],[-9.11808,38.759],[-9.11779,38.75873],[-9.11745,38.75829],[-9.11682,38.75862],[-9.11619,38.75862],[-9.11566,38.7581],[-9.11572,38.75747],[-9.11619,38.75714],[-9.11682,38.75714],[-9.11745,38.75684],[-9.11808,38.75693],[-9.11813,38.75684],[-9.1183,38.75621],[-9.11871,38.75566]]],[[[-9.12249,38.76029],[-9.12267,38.76063],[-9.12249,38.76078],[-9.12186,38.76078],[-9.12153,38.76063],[-9.12186,38.76029],[-9.12249,38.76029]]],[[[-9.14962,38.76883],[-9.15025,38.76858],[-9.15037,38.76883],[-9.15025,38.76899],[-9.14962,38.76883]]],[[[-9.15217,38.77261],[-9.15214,38.77263],[-9.15182,38.77261],[-9.15214,38.77256],[-9.15217,38.77261]]],[[[-9.13817,38.78144],[-9.13823,38.78081],[-9.13826,38.78076],[-9.13889,38.78043],[-9.13899,38.78018],[-9.13952,38.77955],[-9.14015,38.77955],[-9.14079,38.77945],[-9.14112,38.77892],[-9.14115,38.77829],[-9.14115,38.77766],[-9.14142,38.77731],[-9.14205,38.7771],[-9.14268,38.7771],[-9.14279,38.77703],[-9.14331,38.77668],[-9.14394,38.77639],[-9.14457,38.77685],[-9.1452,38.77688],[-9.14583,38.77688],[-9.14606,38.77703],[-9.14646,38.77716],[-9.14665,38.77703],[-9.14696,38.77639],[-9.14709,38.77593],[-9.14744,38.77576],[-9.1473,38.77513],[-9.14709,38.77486],[-9.14653,38.7745],[-9.14646,38.77444],[-9.14583,38.77398],[-9.1452,38.77398],[-9.14518,38.77387],[-9.14505,38.77324],[-9.14457,38.77272],[-9.14453,38.77261],[-9.14457,38.77251],[-9.1452,38.77198],[-9.1452,38.77135],[-9.14503,38.77072],[-9.1452,38.77032],[-9.14583,38.77032],[-9.14646,38.7703],[-9.14695,38.77009],[-9.14709,38.77],[-9.14772,38.76964],[-9.14788,38.76946],[-9.14772,38.76925],[-9.14751,38.76883],[-9.14772,38.76824],[-9.14796,38.7682],[-9.14835,38.76767],[-9.14898,38.76767],[-9.14899,38.76756],[-9.14898,38.76753],[-9.14835,38.76753],[-9.14787,38.76693],[-9.14772,38.7663],[-9.14782,38.76567],[-9.14772,38.76553],[-9.14718,38.76504],[-9.14718,38.76441],[-9.14731,38.76378],[-9.14709,38.76357],[-9.14674,38.76315],[-9.14646,38.76266],[-9.14629,38.76252],[-9.14583,38.76219],[-9.1452,38.76219],[-9.14457,38.76246],[-9.14425,38.76252],[-9.14394,38.76261],[-9.1437,38.76252],[-9.14331,38.76245],[-9.14268,38.76245],[-9.14205,38.76242],[-9.14187,38.76252],[-9.14149,38.76315],[-9.14142,38.76357],[-9.14079,38.76323],[-9.14054,38.76378],[-9.14079,38.76433],[-9.14094,38.76441],[-9.14079,38.76442],[-9.14015,38.76453],[-9.13952,38.76453],[-9.13892,38.76504],[-9.13892,38.76567],[-9.13889,38.76583],[-9.13864,38.76567],[-9.13864,38.76504],[-9.13826,38.76497],[-9.13817,38.76504],[-9.13817,38.76567],[-9.13763,38.76584],[-9.1374,38.76567],[-9.1374,38.76504],[-9.137,38.7647],[-9.13637,38.7647],[-9.13608,38.76441],[-9.13574,38.76408],[-9.13517,38.76441],[-9.13511,38.7646],[-9.13496,38.76504],[-9.13496,38.76567],[-9.13511,38.76587],[-9.13574,38.76611],[-9.13637,38.76626],[-9.137,38.76626],[-9.13703,38.7663],[-9.137,38.76636],[-9.13637,38.76636],[-9.13574,38.76639],[-9.13511,38.76668],[-9.1348,38.7663],[-9.13448,38.76604],[-9.13385,38.76604],[-9.13356,38.7663],[-9.13362,38.76693],[-9.13385,38.76728],[-9.13448,38.76728],[-9.13511,38.76717],[-9.13574,38.76724],[-9.13637,38.76727],[-9.137,38.76727],[-9.13736,38.76693],[-9.13763,38.76679],[-9.13787,38.76693],[-9.13809,38.76756],[-9.13826,38.76762],[-9.13889,38.76807],[-9.13933,38.76756],[-9.13952,38.7673],[-9.14015,38.7673],[-9.14077,38.76693],[-9.14079,38.76672],[-9.14142,38.76679],[-9.14156,38.76693],[-9.14142,38.76706],[-9.14106,38.76756],[-9.14079,38.76781],[-9.14025,38.7682],[-9.14015,38.76831],[-9.13952,38.76831],[-9.13905,38.76883],[-9.13904,38.76946],[-9.13903,38.77009],[-9.13895,38.77072],[-9.13889,38.77088],[-9.13851,38.77135],[-9.13851,38.77198],[-9.13826,38.77211],[-9.13775,38.77261],[-9.13763,38.77274],[-9.137,38.77293],[-9.13637,38.77293],[-9.13632,38.77261],[-9.13583,38.77198],[-9.13583,38.77135],[-9.13574,38.77093],[-9.13536,38.77135],[-9.13536,38.77198],[-9.13511,38.7724],[-9.13479,38.77261],[-9.13485,38.77324],[-9.13479,38.77387],[-9.13471,38.7745],[-9.13475,38.77513],[-9.13457,38.77576],[-9.13448,38.77596],[-9.13385,38.77596],[-9.13322,38.77588],[-9.13303,38.77639],[-9.13287,38.77703],[-9.13322,38.77748],[-9.13337,38.77766],[-9.13337,38.77829],[-9.13322,38.77858],[-9.13285,38.77892],[-9.13312,38.77955],[-9.13322,38.77997],[-9.13324,38.78018],[-9.13322,38.78021],[-9.13259,38.78077],[-9.13253,38.78081],[-9.13253,38.78144],[-9.13236,38.78207],[-9.13259,38.78245],[-9.13275,38.7827],[-9.13259,38.78302],[-9.13237,38.78333],[-9.13259,38.78366],[-9.13268,38.78396],[-9.13268,38.78459],[-9.13268,38.78463],[-9.12978,38.784],[-9.12977,38.78399],[-9.12977,38.78396],[-9.12947,38.78333],[-9.12943,38.78321],[-9.12933,38.7827],[-9.1288,38.78235],[-9.12819,38.78207],[-9.12817,38.78204],[-9.12754,38.78204],[-9.12703,38.78144],[-9.12691,38.78139],[-9.12628,38.781],[-9.12603,38.78144],[-9.12565,38.78185],[-9.12502,38.78185],[-9.12439,38.782],[-9.12376,38.78177],[-9.12313,38.78162],[-9.12288,38.78207],[-9.12249,38.78266],[-9.12186,38.78266],[-9.12123,38.7826],[-9.1212,38.78266],[-9.12072,38.78268],[-9.12046,38.78251],[-9.12034,38.78259],[-9.11958,38.78204],[-9.11852,38.78173],[-9.11852,38.78144],[-9.11839,38.78081],[-9.11871,38.78044],[-9.11903,38.78018],[-9.11926,38.77955],[-9.11934,38.77936],[-9.11997,38.77936],[-9.12022,38.77892],[-9.11997,38.77843],[-9.11934,38.77843],[-9.11929,38.77829],[-9.11929,38.77766],[-9.11934,38.77703],[-9.11997,38.77703],[-9.1206,38.7773],[-9.12123,38.77707],[-9.12186,38.77721],[-9.12249,38.77721],[-9.12303,38.77766],[-9.12313,38.77826],[-9.12314,38.77829],[-9.12313,38.77831],[-9.12287,38.77892],[-9.12249,38.77922],[-9.12186,38.77922],[-9.12123,38.77941],[-9.12084,38.77955],[-9.1206,38.78],[-9.12046,38.78018],[-9.1206,38.78028],[-9.12113,38.78081],[-9.12108,38.78144],[-9.12123,38.7817],[-9.12186,38.78148],[-9.12249,38.78148],[-9.12264,38.78144],[-9.1229,38.78081],[-9.12289,38.78018],[-9.12309,38.77955],[-9.12313,38.77949],[-9.1233,38.77955],[-9.12376,38.77975],[-9.12404,38.77955],[-9.12432,38.77892],[-9.12439,38.7788],[-9.12454,38.77892],[-9.1247,38.77955],[-9.12502,38.77969],[-9.12565,38.77969],[-9.12591,38.77955],[-9.12628,38.7793],[-9.12655,38.77955],[-9.12691,38.7797],[-9.12724,38.77955],[-9.12754,38.77943],[-9.12817,38.77943],[-9.12832,38.77955],[-9.1288,38.78004],[-9.12943,38.77999],[-9.12975,38.77955],[-9.12994,38.77892],[-9.13006,38.77854],[-9.13016,38.77829],[-9.13016,38.77766],[-9.13047,38.77703],[-9.13069,38.7769],[-9.13132,38.7769],[-9.13196,38.77703],[-9.13168,38.77639],[-9.13196,38.77612],[-9.13233,38.77576],[-9.13196,38.77523],[-9.13188,38.77513],[-9.13196,38.77501],[-9.13259,38.77464],[-9.13272,38.7745],[-9.13259,38.77417],[-9.13196,38.77397],[-9.13191,38.77387],[-9.13196,38.77381],[-9.1323,38.77324],[-9.13259,38.77266],[-9.13261,38.77261],[-9.13312,38.77198],[-9.13312,38.77135],[-9.13273,38.77072],[-9.13259,38.77047],[-9.13196,38.77029],[-9.13132,38.77067],[-9.13069,38.77067],[-9.13059,38.77072],[-9.13006,38.77117],[-9.1297,38.77072],[-9.12943,38.7705],[-9.12904,38.77009],[-9.1288,38.76978],[-9.12851,38.76946],[-9.12817,38.76887],[-9.12754,38.76887],[-9.12691,38.76893],[-9.12654,38.76883],[-9.12676,38.7682],[-9.12641,38.76756],[-9.12628,38.76738],[-9.12565,38.76693],[-9.12628,38.76653],[-9.12691,38.76639],[-9.12703,38.7663],[-9.12691,38.76612],[-9.12653,38.76567],[-9.12653,38.76504],[-9.12654,38.76441],[-9.12642,38.76378],[-9.12691,38.76318],[-9.12694,38.76315],[-9.12736,38.76252],[-9.12748,38.76189],[-9.12754,38.76184],[-9.12817,38.76186],[-9.12821,38.76189],[-9.12825,38.76252],[-9.1288,38.76267],[-9.12943,38.76308],[-9.13006,38.76302],[-9.13066,38.76252],[-9.13069,38.76248],[-9.13132,38.76248],[-9.13144,38.76252],[-9.13196,38.76276],[-9.13259,38.76257],[-9.13268,38.76252],[-9.13322,38.76239],[-9.13385,38.76211],[-9.13448,38.76211],[-9.13465,38.76189],[-9.13483,38.76126],[-9.13511,38.76094],[-9.13574,38.76103],[-9.13613,38.76126],[-9.13637,38.76151],[-9.137,38.76151],[-9.13763,38.76149],[-9.13801,38.76189],[-9.13791,38.76252],[-9.13826,38.76303],[-9.13889,38.76281],[-9.13921,38.76252],[-9.13952,38.76218],[-9.14015,38.76218],[-9.14079,38.76221],[-9.14142,38.76201],[-9.14159,38.76189],[-9.14181,38.76126],[-9.14205,38.76066],[-9.14212,38.76063],[-9.14268,38.76053],[-9.14331,38.76053],[-9.14356,38.76063],[-9.14394,38.76107],[-9.14457,38.76107],[-9.1452,38.76126],[-9.14583,38.76126],[-9.14646,38.76137],[-9.14709,38.76173],[-9.14772,38.76136],[-9.14784,38.76126],[-9.14835,38.76092],[-9.14898,38.76092],[-9.14962,38.7612],[-9.14965,38.76126],[-9.14962,38.76144],[-9.14933,38.76189],[-9.14898,38.76202],[-9.14835,38.76202],[-9.14772,38.76239],[-9.14766,38.76252],[-9.14772,38.76265],[-9.14805,38.76315],[-9.14835,38.76378],[-9.14898,38.76378],[-9.14923,38.76441],[-9.14944,38.76504],[-9.14938,38.76567],[-9.1495,38.7663],[-9.14962,38.76647],[-9.15009,38.76693],[-9.14962,38.7674],[-9.1495,38.76756],[-9.1495,38.7682],[-9.14962,38.76883],[-9.14898,38.76919],[-9.14835,38.76919],[-9.14829,38.76946],[-9.14835,38.76959],[-9.14898,38.76959],[-9.14962,38.76958],[-9.14971,38.77009],[-9.15012,38.77072],[-9.15025,38.77093],[-9.15061,38.77135],[-9.15061,38.77198],[-9.15081,38.77261],[-9.15025,38.77285],[-9.15,38.77261],[-9.14983,38.77198],[-9.14983,38.77135],[-9.14962,38.77122],[-9.14935,38.77135],[-9.14935,38.77198],[-9.14914,38.77261],[-9.14898,38.77273],[-9.14835,38.77273],[-9.14817,38.77261],[-9.14772,38.77222],[-9.14734,38.77261],[-9.14736,38.77324],[-9.14772,38.77361],[-9.14796,38.77387],[-9.14772,38.77433],[-9.14756,38.7745],[-9.14772,38.77477],[-9.14803,38.77513],[-9.14835,38.77544],[-9.14898,38.77544],[-9.1492,38.77576],[-9.14962,38.77637],[-9.14963,38.77639],[-9.14962,38.77643],[-9.14936,38.77703],[-9.14898,38.77739],[-9.14835,38.77739],[-9.14799,38.77766],[-9.14796,38.77829],[-9.14772,38.77854],[-9.14749,38.77829],[-9.14753,38.77766],[-9.14709,38.77705],[-9.14646,38.77747],[-9.14583,38.77754],[-9.1452,38.77754],[-9.14482,38.77766],[-9.1452,38.77777],[-9.14583,38.77777],[-9.1462,38.77829],[-9.14583,38.77884],[-9.1452,38.77884],[-9.14457,38.77847],[-9.14439,38.77829],[-9.14448,38.77766],[-9.14394,38.77733],[-9.14331,38.77741],[-9.14298,38.77766],[-9.14298,38.77829],[-9.14268,38.77858],[-9.14205,38.77858],[-9.14166,38.77892],[-9.14142,38.77913],[-9.14118,38.77955],[-9.14079,38.77996],[-9.14015,38.78007],[-9.13952,38.78007],[-9.13944,38.78018],[-9.13925,38.78081],[-9.13889,38.78115],[-9.13865,38.78144],[-9.13826,38.78198],[-9.13811,38.78207],[-9.13826,38.78258],[-9.13829,38.7827],[-9.13838,38.78333],[-9.13826,38.78371],[-9.13808,38.78396],[-9.13808,38.78459],[-9.13821,38.78523],[-9.13779,38.78586],[-9.13811,38.78624],[-9.1378,38.78614],[-9.13677,38.78561],[-9.137,38.78537],[-9.1372,38.78523],[-9.137,38.78464],[-9.13637,38.78464],[-9.13636,38.78459],[-9.13636,38.78396],[-9.13637,38.78395],[-9.137,38.78395],[-9.13737,38.78333],[-9.137,38.78275],[-9.13637,38.78275],[-9.13631,38.7827],[-9.13637,38.78263],[-9.137,38.78263],[-9.1373,38.78207],[-9.13763,38.78178],[-9.13817,38.78144]],[[-9.14835,38.76645],[-9.14898,38.76645],[-9.14904,38.7663],[-9.14898,38.76622],[-9.14835,38.76622],[-9.14772,38.7663],[-9.14835,38.76645]],[[-9.13383,38.76315],[-9.13385,38.76317],[-9.13448,38.76317],[-9.13453,38.76315],[-9.13448,38.7631],[-9.13385,38.7631],[-9.13383,38.76315]],[[-9.13375,38.77072],[-9.13385,38.77122],[-9.13448,38.77122],[-9.13484,38.77072],[-9.13448,38.77063],[-9.13385,38.77063],[-9.13375,38.77072]],[[-9.12252,38.77766],[-9.12249,38.77763],[-9.12186,38.77763],[-9.12123,38.77755],[-9.12107,38.77766],[-9.1211,38.77829],[-9.12123,38.77865],[-9.12186,38.7784],[-9.12249,38.7784],[-9.12256,38.77829],[-9.12252,38.77766]],[[-9.13036,38.77009],[-9.13069,38.77023],[-9.13132,38.77023],[-9.1315,38.77009],[-9.13132,38.76988],[-9.13069,38.76988],[-9.13036,38.77009]],[[-9.13021,38.76756],[-9.13032,38.76693],[-9.13006,38.76651],[-9.12992,38.7663],[-9.12943,38.7661],[-9.12921,38.7663],[-9.12883,38.76693],[-9.12914,38.76756],[-9.12943,38.7682],[-9.13006,38.76777],[-9.13021,38.76756]],[[-9.12749,38.76693],[-9.12754,38.76695],[-9.12817,38.76695],[-9.12818,38.76693],[-9.12817,38.76691],[-9.12754,38.76691],[-9.12749,38.76693]],[[-9.14826,38.77639],[-9.14835,38.77651],[-9.14898,38.77651],[-9.14905,38.77639],[-9.14898,38.7763],[-9.14835,38.7763],[-9.14826,38.77639]],[[-9.13366,38.76883],[-9.13385,38.76904],[-9.13448,38.76904],[-9.13503,38.76883],[-9.13448,38.76847],[-9.13385,38.76847],[-9.13366,38.76883]],[[-9.13275,38.76504],[-9.13275,38.76567],[-9.13322,38.7659],[-9.13343,38.76567],[-9.13343,38.76504],[-9.13322,38.76485],[-9.13275,38.76504]],[[-9.1275,38.76567],[-9.12754,38.7657],[-9.12817,38.7657],[-9.12819,38.76567],[-9.12819,38.76504],[-9.12817,38.76503],[-9.12754,38.76503],[-9.1275,38.76504],[-9.1275,38.76567]],[[-9.1288,38.7642],[-9.1293,38.76378],[-9.1288,38.76327],[-9.12817,38.76341],[-9.12754,38.76341],[-9.12716,38.76378],[-9.12732,38.76441],[-9.12754,38.76457],[-9.12817,38.76457],[-9.12848,38.76441],[-9.1288,38.7642]]],[[[-9.12967,38.77324],[-9.12943,38.77372],[-9.12936,38.77387],[-9.1288,38.7745],[-9.12817,38.77454],[-9.12754,38.77454],[-9.12753,38.7745],[-9.12754,38.77443],[-9.12817,38.77443],[-9.1283,38.77387],[-9.12817,38.77361],[-9.12754,38.77361],[-9.12717,38.77387],[-9.12691,38.77394],[-9.12684,38.77387],[-9.12673,38.77324],[-9.12691,38.77314],[-9.12754,38.77306],[-9.12817,38.77306],[-9.12854,38.77324],[-9.1288,38.77337],[-9.12904,38.77324],[-9.12943,38.77305],[-9.12967,38.77324]]],[[[-9.1288,38.7745],[-9.12894,38.77513],[-9.1288,38.77523],[-9.12858,38.77513],[-9.1288,38.7745]]],[[[-9.14352,38.77513],[-9.14394,38.7748],[-9.14409,38.77513],[-9.14394,38.77534],[-9.14352,38.77513]]],[[[-9.12936,38.77703],[-9.12943,38.77691],[-9.1297,38.77703],[-9.12987,38.77766],[-9.12987,38.77829],[-9.12943,38.77845],[-9.12925,38.77829],[-9.12925,38.77766],[-9.12936,38.77703]]],[[[-9.15222,38.78144],[-9.15214,38.78161],[-9.15203,38.78144],[-9.15214,38.78137],[-9.15222,38.78144]]],[[[-9.15075,38.78207],[-9.15088,38.78203],[-9.15151,38.78203],[-9.15158,38.78207],[-9.15151,38.78221],[-9.15088,38.78221],[-9.15075,38.78207]]],[[[-9.15277,38.78196],[-9.15293,38.78207],[-9.15277,38.78239],[-9.15254,38.78207],[-9.15277,38.78196]]],[[[-9.12498,38.7827],[-9.12502,38.78264],[-9.12565,38.78264],[-9.12577,38.7827],[-9.12573,38.78297],[-9.12498,38.78285],[-9.12498,38.7827]]],[[[-9.15032,38.78333],[-9.15025,38.78338],[-9.15021,38.78333],[-9.15025,38.78302],[-9.15032,38.78333]]],[[[-9.13894,38.78649],[-9.13894,38.7865],[-9.13872,38.78643],[-9.13889,38.78644],[-9.13894,38.78649]]],[[[-9.14658,38.78712],[-9.14646,38.78725],[-9.14626,38.78712],[-9.14583,38.78662],[-9.1452,38.78662],[-9.14513,38.78649],[-9.1452,38.78638],[-9.14583,38.78638],[-9.14646,38.78634],[-9.14659,38.78649],[-9.14658,38.78712]]],[[[-9.14835,38.78751],[-9.14856,38.78775],[-9.14863,38.78838],[-9.14898,38.78866],[-9.14962,38.7888],[-9.14976,38.78901],[-9.14971,38.78964],[-9.14962,38.79027],[-9.14962,38.7909],[-9.14898,38.79101],[-9.14835,38.79105],[-9.14772,38.79105],[-9.14745,38.7909],[-9.1474,38.79027],[-9.14709,38.79011],[-9.14678,38.79027],[-9.14678,38.7909],[-9.14646,38.79109],[-9.14592,38.79109],[-9.14584,38.79072],[-9.1463,38.79027],[-9.14583,38.7898],[-9.14566,38.7898],[-9.14552,38.78905],[-9.14531,38.78861],[-9.14583,38.78861],[-9.14646,38.78843],[-9.1465,38.78838],[-9.14709,38.78801],[-9.14739,38.78775],[-9.14772,38.78751],[-9.14835,38.78751]],[[-9.14873,38.78964],[-9.14898,38.7898],[-9.14913,38.78964],[-9.14898,38.78948],[-9.14873,38.78964]],[[-9.14772,38.78916],[-9.14835,38.78916],[-9.14844,38.78901],[-9.14835,38.78893],[-9.14772,38.78893],[-9.14745,38.78901],[-9.14772,38.78916]]],[[[-9.11808,38.71797],[-9.11841,38.71837],[-9.11808,38.7186],[-9.11768,38.71837],[-9.11808,38.71797]]],[[[-9.11757,38.719],[-9.11745,38.7191],[-9.11726,38.719],[-9.11745,38.71874],[-9.11757,38.719]]],[[[-9.11619,38.72114],[-9.11589,38.72152],[-9.11556,38.72204],[-9.11531,38.72215],[-9.11493,38.72235],[-9.11461,38.72215],[-9.11438,38.72152],[-9.11486,38.72089],[-9.11429,38.72033],[-9.11422,38.72026],[-9.11429,38.72026],[-9.11464,38.71992],[-9.11493,38.71992],[-9.11556,38.71981],[-9.11601,38.71963],[-9.11619,38.71954],[-9.11682,38.71954],[-9.11686,38.71963],[-9.1171,38.72026],[-9.11745,38.72076],[-9.11752,38.72089],[-9.11745,38.72136],[-9.11682,38.72114],[-9.11619,38.72114]]],[[[-9.11619,38.72223],[-9.116,38.72215],[-9.11619,38.72209],[-9.11682,38.72209],[-9.11685,38.72215],[-9.11682,38.72223],[-9.11619,38.72223]]],[[[-9.1124,38.72542],[-9.11213,38.72594],[-9.11177,38.7262],[-9.11145,38.72594],[-9.11177,38.72548],[-9.11221,38.72531],[-9.1124,38.72518],[-9.11261,38.72531],[-9.1124,38.72542]]],[[[-9.11429,38.72567],[-9.11452,38.72594],[-9.11429,38.72603],[-9.11366,38.72603],[-9.11345,38.72594],[-9.11366,38.72567],[-9.11429,38.72567]]],[[[-9.10988,38.72827],[-9.10925,38.72817],[-9.10862,38.72822],[-9.10799,38.72822],[-9.1074,38.72783],[-9.10765,38.7272],[-9.10765,38.72657],[-9.10786,38.72594],[-9.10736,38.72531],[-9.10736,38.7253],[-9.10799,38.7253],[-9.10862,38.7253],[-9.10878,38.72531],[-9.10925,38.72541],[-9.10956,38.72594],[-9.10988,38.72638],[-9.11022,38.72657],[-9.11022,38.7272],[-9.11031,38.72783],[-9.10988,38.72827]]],[[[-9.10478,38.73224],[-9.10483,38.73218],[-9.10546,38.73218],[-9.1061,38.73179],[-9.1064,38.73224],[-9.1061,38.7326],[-9.10546,38.73275],[-9.10483,38.73275],[-9.10478,38.73224]]],[[[-9.10612,38.73666],[-9.1061,38.73668],[-9.10605,38.73666],[-9.1061,38.73661],[-9.10612,38.73666]]],[[[-9.1042,38.74074],[-9.10397,38.74107],[-9.10357,38.74156],[-9.10294,38.74117],[-9.10268,38.74107],[-9.10231,38.74076],[-9.10168,38.74076],[-9.10162,38.74044],[-9.10159,38.73981],[-9.10168,38.73966],[-9.10231,38.73966],[-9.10283,38.73918],[-9.10287,38.73855],[-9.10285,38.73792],[-9.10294,38.73783],[-9.10357,38.73772],[-9.1042,38.73759],[-9.1044,38.73792],[-9.1042,38.73849],[-9.10418,38.73855],[-9.10368,38.73918],[-9.1042,38.73931],[-9.10459,38.73981],[-9.10459,38.74044],[-9.1042,38.74074]],[[-9.10332,38.74044],[-9.10357,38.74055],[-9.10375,38.74044],[-9.10375,38.73981],[-9.10357,38.73925],[-9.10332,38.73981],[-9.10332,38.74044]]],[[[-9.10799,38.73814],[-9.10813,38.73792],[-9.10799,38.73756],[-9.10736,38.73756],[-9.10721,38.73729],[-9.10736,38.7371],[-9.10799,38.7371],[-9.10862,38.73717],[-9.10925,38.7369],[-9.10988,38.73704],[-9.1102,38.73666],[-9.11051,38.73632],[-9.11114,38.73632],[-9.11177,38.73619],[-9.1124,38.73656],[-9.11272,38.73666],[-9.11245,38.73729],[-9.11303,38.73769],[-9.11317,38.73792],[-9.11303,38.73834],[-9.11285,38.73855],[-9.1124,38.73893],[-9.11222,38.73918],[-9.1124,38.73931],[-9.11303,38.73966],[-9.11307,38.73981],[-9.11306,38.74044],[-9.11303,38.74052],[-9.11259,38.74107],[-9.11263,38.7417],[-9.11303,38.74187],[-9.11335,38.7417],[-9.1134,38.74107],[-9.11366,38.74095],[-9.11429,38.74095],[-9.11442,38.74107],[-9.1144,38.7417],[-9.11429,38.74201],[-9.11366,38.74201],[-9.11349,38.74234],[-9.11315,38.74297],[-9.11303,38.74326],[-9.1124,38.74341],[-9.11182,38.7436],[-9.11177,38.74365],[-9.11174,38.7436],[-9.11114,38.74318],[-9.11051,38.74318],[-9.10988,38.74322],[-9.10965,38.74297],[-9.10925,38.74271],[-9.10908,38.74234],[-9.10862,38.74189],[-9.10829,38.7417],[-9.10799,38.74137],[-9.10736,38.74137],[-9.10707,38.74107],[-9.10673,38.7406],[-9.10659,38.74044],[-9.10665,38.73981],[-9.10622,38.73918],[-9.10657,38.73855],[-9.10646,38.73792],[-9.10673,38.73781],[-9.10695,38.73792],[-9.10736,38.73814],[-9.10799,38.73814]],[[-9.11148,38.73729],[-9.11177,38.73751],[-9.11232,38.73729],[-9.11177,38.73677],[-9.11148,38.73729]],[[-9.10988,38.73796],[-9.10925,38.7382],[-9.10862,38.7384],[-9.10854,38.73855],[-9.10799,38.73909],[-9.10736,38.73909],[-9.10728,38.73918],[-9.10736,38.73937],[-9.10799,38.73937],[-9.10862,38.73961],[-9.10925,38.73944],[-9.10988,38.73977],[-9.11051,38.73944],[-9.11114,38.73944],[-9.11146,38.73918],[-9.11128,38.73855],[-9.11114,38.73826],[-9.11051,38.73826],[-9.10988,38.73796]],[[-9.10841,38.74107],[-9.10862,38.74126],[-9.10869,38.74107],[-9.10862,38.74099],[-9.10841,38.74107]]],[[[-9.10103,38.74234],[-9.10105,38.74208],[-9.10168,38.74182],[-9.10231,38.74182],[-9.10264,38.74234],[-9.10231,38.74252],[-9.10168,38.74252],[-9.10105,38.74241],[-9.10103,38.74234]]],[[[-9.1119,38.75054],[-9.1124,38.75037],[-9.11288,38.7499],[-9.11303,38.74987],[-9.11366,38.74967],[-9.11429,38.74967],[-9.11476,38.7499],[-9.11493,38.74994],[-9.115,38.7499],[-9.11493,38.74971],[-9.11472,38.74927],[-9.11492,38.74864],[-9.11493,38.74863],[-9.11556,38.74822],[-9.1157,38.74801],[-9.11556,38.74785],[-9.11537,38.74738],[-9.1153,38.74675],[-9.1153,38.74612],[-9.11556,38.74555],[-9.11561,38.74549],[-9.11577,38.74486],[-9.11591,38.74423],[-9.11619,38.74408],[-9.11682,38.74408],[-9.11705,38.74423],[-9.11745,38.7445],[-9.11765,38.74486],[-9.11808,38.74528],[-9.11829,38.74549],[-9.11868,38.74612],[-9.1187,38.74675],[-9.11871,38.74676],[-9.11912,38.74738],[-9.11934,38.74757],[-9.11997,38.74757],[-9.12031,38.74738],[-9.1206,38.74721],[-9.12123,38.74695],[-9.12186,38.74732],[-9.12249,38.74732],[-9.12264,38.74738],[-9.12283,38.74801],[-9.12313,38.74818],[-9.12376,38.74801],[-9.12397,38.74864],[-9.12376,38.74875],[-9.12313,38.74901],[-9.12288,38.74927],[-9.12313,38.74952],[-9.12376,38.74968],[-9.12382,38.7499],[-9.12376,38.74999],[-9.12313,38.75019],[-9.12249,38.75032],[-9.12186,38.75032],[-9.12133,38.75054],[-9.12123,38.75059],[-9.12117,38.75054],[-9.1206,38.75007],[-9.12002,38.75054],[-9.11997,38.75058],[-9.11934,38.75058],[-9.1189,38.75117],[-9.11871,38.7515],[-9.11808,38.75169],[-9.11745,38.75127],[-9.11682,38.75135],[-9.11619,38.75135],[-9.11581,38.75117],[-9.11556,38.75079],[-9.11493,38.75114],[-9.11482,38.75117],[-9.11493,38.75133],[-9.11522,38.7518],[-9.11493,38.7519],[-9.11466,38.7518],[-9.11429,38.75152],[-9.11366,38.75152],[-9.11348,38.7518],[-9.11303,38.75211],[-9.1124,38.75212],[-9.11193,38.7518],[-9.11177,38.75163],[-9.11114,38.75145],[-9.11051,38.75145],[-9.11034,38.75117],[-9.10988,38.75063],[-9.10933,38.75054],[-9.10988,38.75046],[-9.11051,38.75026],[-9.11114,38.75026],[-9.11172,38.75054],[-9.11177,38.75056],[-9.1119,38.75054]],[[-9.12249,38.74863],[-9.12186,38.74863],[-9.12182,38.74864],[-9.12186,38.74866],[-9.12249,38.74866],[-9.12251,38.74864],[-9.12249,38.74863]],[[-9.11808,38.75075],[-9.11828,38.75054],[-9.11808,38.75032],[-9.1177,38.75054],[-9.11808,38.75075]],[[-9.11493,38.75063],[-9.11503,38.75054],[-9.11493,38.75044],[-9.11478,38.75054],[-9.11493,38.75063]]],[[[-9.10927,38.74927],[-9.10925,38.74932],[-9.10922,38.74927],[-9.10925,38.74925],[-9.10927,38.74927]]],[[[-9.10673,38.74905],[-9.10694,38.74927],[-9.10673,38.74967],[-9.1061,38.74967],[-9.10569,38.74927],[-9.1061,38.74916],[-9.10673,38.74905]]],[[[-9.10862,38.75136],[-9.10804,38.7518],[-9.10799,38.75187],[-9.10736,38.75187],[-9.10728,38.7518],[-9.10673,38.75141],[-9.1061,38.75148],[-9.10546,38.75151],[-9.10483,38.75151],[-9.1045,38.75117],[-9.10479,38.75054],[-9.10483,38.75022],[-9.10546,38.75022],[-9.10567,38.75054],[-9.1061,38.75063],[-9.10624,38.75054],[-9.10673,38.75024],[-9.10706,38.7499],[-9.10736,38.74978],[-9.10799,38.74978],[-9.10816,38.7499],[-9.10862,38.75028],[-9.1092,38.75054],[-9.10888,38.75117],[-9.10862,38.75136]]],[[[-9.1059,38.75243],[-9.1061,38.75216],[-9.10673,38.7524],[-9.10675,38.75243],[-9.10677,38.75306],[-9.10673,38.7531],[-9.1061,38.75339],[-9.1059,38.75306],[-9.1059,38.75243]]],[[[-9.11194,38.75495],[-9.11177,38.75516],[-9.11161,38.75495],[-9.11177,38.75484],[-9.11194,38.75495]]],[[[-9.10816,38.75495],[-9.10852,38.75432],[-9.10862,38.75415],[-9.10876,38.75432],[-9.10925,38.75456],[-9.10988,38.75438],[-9.11018,38.75495],[-9.11051,38.75523],[-9.11114,38.75523],[-9.11156,38.75558],[-9.11177,38.7558],[-9.11232,38.75621],[-9.1124,38.75646],[-9.11254,38.75684],[-9.1124,38.75693],[-9.112,38.75747],[-9.11199,38.7581],[-9.11177,38.75823],[-9.11143,38.7581],[-9.11114,38.75764],[-9.11051,38.75764],[-9.11009,38.75747],[-9.10988,38.75744],[-9.10971,38.75747],[-9.10925,38.75756],[-9.10907,38.75747],[-9.10881,38.75684],[-9.10862,38.75628],[-9.10838,38.75684],[-9.10799,38.75714],[-9.10736,38.75714],[-9.10693,38.75684],[-9.10687,38.75621],[-9.10736,38.75588],[-9.10799,38.75588],[-9.10823,38.75558],[-9.10816,38.75495]],[[-9.10988,38.75691],[-9.11042,38.75684],[-9.10988,38.75642],[-9.10969,38.75684],[-9.10988,38.75691]]],[[[-9.10376,38.75684],[-9.10366,38.75747],[-9.10357,38.75753],[-9.10341,38.75747],[-9.10329,38.75684],[-9.10357,38.75641],[-9.10376,38.75684]]],[[[-9.11871,38.76045],[-9.119,38.76063],[-9.11871,38.7608],[-9.11861,38.76063],[-9.11871,38.76045]]],[[[-9.10357,38.76111],[-9.10309,38.76063],[-9.10357,38.76046],[-9.10392,38.76063],[-9.10357,38.76111]]],[[[-9.10581,38.76189],[-9.10546,38.76152],[-9.10483,38.76152],[-9.10433,38.76126],[-9.10483,38.76074],[-9.10546,38.76074],[-9.1061,38.76105],[-9.10624,38.76126],[-9.10638,38.76189],[-9.1061,38.76216],[-9.10581,38.76189]]],[[[-9.10671,38.76252],[-9.10673,38.7625],[-9.1068,38.76252],[-9.10673,38.76255],[-9.10671,38.76252]]],[[[-9.10017,38.78396],[-9.09979,38.78444],[-9.09975,38.78396],[-9.09979,38.78387],[-9.10017,38.78396]]],[[[-9.09947,38.78712],[-9.09916,38.78649],[-9.09937,38.78586],[-9.09979,38.78525],[-9.10042,38.78525],[-9.10061,38.78525],[-9.10088,38.78705],[-9.10102,38.78935],[-9.10099,38.78981],[-9.10042,38.78981],[-9.10031,38.78964],[-9.09986,38.78901],[-9.09979,38.78883],[-9.09928,38.78838],[-9.09923,38.78775],[-9.09947,38.78712]]],[[[-9.09474,38.78837],[-9.09537,38.78818],[-9.09598,38.78838],[-9.096,38.7884],[-9.09663,38.7884],[-9.09727,38.78879],[-9.09755,38.78901],[-9.0979,38.78934],[-9.09807,38.78964],[-9.0979,38.79027],[-9.09736,38.7909],[-9.09736,38.79153],[-9.09727,38.79164],[-9.09663,38.79191],[-9.096,38.79191],[-9.09572,38.79216],[-9.09585,38.79279],[-9.09537,38.79338],[-9.09474,38.79316],[-9.09411,38.79305],[-9.09388,38.79279],[-9.09348,38.79246],[-9.09285,38.79246],[-9.09242,38.79216],[-9.09222,38.79199],[-9.09159,38.79154],[-9.09159,38.79153],[-9.09159,38.79151],[-9.0917,38.7909],[-9.09188,38.79027],[-9.09159,38.7897],[-9.09155,38.78964],[-9.09159,38.78954],[-9.09197,38.78901],[-9.09222,38.7888],[-9.09285,38.78871],[-9.09348,38.78871],[-9.09411,38.78866],[-9.09472,38.78838],[-9.09474,38.78837]],[[-9.09531,38.79027],[-9.09537,38.79036],[-9.09547,38.79027],[-9.09537,38.79019],[-9.09531,38.79027]],[[-9.0944,38.79153],[-9.0944,38.7909],[-9.09459,38.79027],[-9.09474,38.79004],[-9.09504,38.78964],[-9.09474,38.78927],[-9.09411,38.7892],[-9.09348,38.78936],[-9.09285,38.78936],[-9.09222,38.78941],[-9.09205,38.78964],[-9.09213,38.79027],[-9.09209,38.7909],[-9.09207,38.79153],[-9.09222,38.79164],[-9.09283,38.79216],[-9.09285,38.79217],[-9.09348,38.79217],[-9.09356,38.79216],[-9.09411,38.79188],[-9.0944,38.79153]]]]},"properties":{"class":7,"label":"1 a 2","fill":"#fe9929"}},{"type":"Feature","geometry":{"type":"MultiPolygon","coordinates":[[[[-9.18368,38.69856],[-9.18431,38.69856],[-9.18494,38.69854],[-9.18524,38.69882],[-9.18494,38.69924],[-9.18431,38.69915],[-9.18368,38.69915],[-9.18354,38.69882],[-9.18368,38.69856]]],[[[-9.19479,38.70008],[-9.19503,38.69966],[-9.19566,38.69966],[-9.19593,38.69945],[-9.19629,38.69929],[-9.19642,38.69945],[-9.19692,38.69981],[-9.19732,38.70008],[-9.19724,38.70071],[-9.19692,38.70086],[-9.19629,38.70099],[-9.19566,38.70099],[-9.19503,38.70099],[-9.19488,38.70071],[-9.19479,38.70008]]],[[[-9.21063,38.7026],[-9.2108,38.70243],[-9.21088,38.7026],[-9.2108,38.70272],[-9.21063,38.7026]]],[[[-9.16286,38.75089],[-9.16349,38.75089],[-9.16366,38.75054],[-9.16412,38.75025],[-9.16462,38.75054],[-9.16412,38.75117],[-9.16412,38.75117],[-9.16349,38.75133],[-9.16286,38.75133],[-9.16272,38.75117],[-9.16286,38.75089]]],[[[-9.16115,38.7581],[-9.16133,38.75747],[-9.16144,38.75684],[-9.16126,38.75621],[-9.16116,38.75558],[-9.16112,38.75495],[-9.1616,38.75467],[-9.162,38.75432],[-9.16223,38.7542],[-9.16286,38.75411],[-9.16349,38.75411],[-9.16384,38.75432],[-9.16412,38.75438],[-9.16475,38.7545],[-9.16512,38.75495],[-9.16538,38.75535],[-9.16601,38.75535],[-9.16611,38.75558],[-9.1663,38.75621],[-9.16631,38.75684],[-9.16601,38.75722],[-9.16538,38.75722],[-9.16475,38.75736],[-9.16457,38.75747],[-9.16412,38.75784],[-9.16363,38.7581],[-9.16358,38.75873],[-9.16349,38.75884],[-9.16286,38.75884],[-9.16223,38.75904],[-9.1616,38.75935],[-9.16115,38.75873],[-9.16115,38.7581]]],[[[-9.17629,38.76567],[-9.17674,38.76526],[-9.177,38.76567],[-9.17674,38.76585],[-9.17629,38.76567]]],[[[-9.14898,38.76622],[-9.14904,38.7663],[-9.14898,38.76645],[-9.14835,38.76645],[-9.14772,38.7663],[-9.14835,38.76622],[-9.14898,38.76622]]],[[[-9.13503,38.76883],[-9.13448,38.76904],[-9.13385,38.76904],[-9.13366,38.76883],[-9.13385,38.76847],[-9.13448,38.76847],[-9.13503,38.76883]]],[[[-9.13268,38.78459],[-9.13268,38.78396],[-9.13259,38.78366],[-9.13237,38.78333],[-9.13259,38.78302],[-9.13275,38.7827],[-9.13259,38.78245],[-9.13236,38.78207],[-9.13253,38.78144],[-9.13253,38.78081],[-9.13259,38.78077],[-9.13322,38.78021],[-9.13324,38.78018],[-9.13322,38.77997],[-9.13312,38.77955],[-9.13285,38.77892],[-9.13322,38.77858],[-9.13337,38.77829],[-9.13337,38.77766],[-9.13322,38.77748],[-9.13287,38.77703],[-9.13303,38.77639],[-9.13322,38.77588],[-9.13385,38.77596],[-9.13448,38.77596],[-9.13457,38.77576],[-9.13475,38.77513],[-9.13471,38.7745],[-9.13479,38.77387],[-9.13485,38.77324],[-9.13479,38.77261],[-9.13511,38.7724],[-9.13536,38.77198],[-9.13536,38.77135],[-9.13574,38.77093],[-9.13583,38.77135],[-9.13583,38.77198],[-9.13632,38.77261],[-9.13637,38.77293],[-9.137,38.77293],[-9.13763,38.77274],[-9.13775,38.77261],[-9.13826,38.77211],[-9.13851,38.77198],[-9.13851,38.77135],[-9.13889,38.77088],[-9.13895,38.77072],[-9.13903,38.77009],[-9.13904,38.76946],[-9.13905,38.76883],[-9.13952,38.76831],[-9.14015,38.76831],[-9.14025,38.7682],[-9.14079,38.76781],[-9.14106,38.76756],[-9.14142,38.76706],[-9.14156,38.76693],[-9.14142,38.76679],[-9.14079,38.76672],[-9.14077,38.76693],[-9.14015,38.7673],[-9.13952,38.7673],[-9.13933,38.76756],[-9.13889,38.76807],[-9.13826,38.76762],[-9.13809,38.76756],[-9.13787,38.76693],[-9.13763,38.76679],[-9.13736,38.76693],[-9.137,38.76727],[-9.13637,38.76727],[-9.13574,38.76724],[-9.13511,38.76717],[-9.13448,38.76728],[-9.13385,38.76728],[-9.13362,38.76693],[-9.13356,38.7663],[-9.13385,38.76604],[-9.13448,38.76604],[-9.1348,38.7663],[-9.13511,38.76668],[-9.13574,38.76639],[-9.13637,38.76636],[-9.137,38.76636],[-9.13703,38.7663],[-9.137,38.76626],[-9.13637,38.76626],[-9.13574,38.76611],[-9.13511,38.76587],[-9.13496,38.76567],[-9.13496,38.76504],[-9.13511,38.7646],[-9.13517,38.76441],[-9.13574,38.76408],[-9.13608,38.76441],[-9.13637,38.7647],[-9.137,38.7647],[-9.1374,38.76504],[-9.1374,38.76567],[-9.13763,38.76584],[-9.13817,38.76567],[-9.13817,38.76504],[-9.13826,38.76497],[-9.13864,38.76504],[-9.13864,38.76567],[-9.13889,38.76583],[-9.13892,38.76567],[-9.13892,38.76504],[-9.13952,38.76453],[-9.14015,38.76453],[-9.14079,38.76442],[-9.14094,38.76441],[-9.14079,38.76433],[-9.14054,38.76378],[-9.14079,38.76323],[-9.14142,38.76357],[-9.14149,38.76315],[-9.14187,38.76252],[-9.14205,38.76242],[-9.14268,38.76245],[-9.14331,38.76245],[-9.1437,38.76252],[-9.14394,38.76261],[-9.14425,38.76252],[-9.14457,38.76246],[-9.1452,38.76219],[-9.14583,38.76219],[-9.14629,38.76252],[-9.14646,38.76266],[-9.14674,38.76315],[-9.14709,38.76357],[-9.14731,38.76378],[-9.14718,38.76441],[-9.14718,38.76504],[-9.14772,38.76553],[-9.14782,38.76567],[-9.14772,38.7663],[-9.14787,38.76693],[-9.14835,38.76753],[-9.14898,38.76753],[-9.14899,38.76756],[-9.14898,38.76767],[-9.14835,38.76767],[-9.14796,38.7682],[-9.14772,38.76824],[-9.14751,38.76883],[-9.14772,38.76925],[-9.14788,38.76946],[-9.14772,38.76964],[-9.14709,38.77],[-9.14695,38.77009],[-9.14646,38.7703],[-9.14583,38.77032],[-9.1452,38.77032],[-9.14503,38.77072],[-9.1452,38.77135],[-9.1452,38.77198],[-9.14457,38.77251],[-9.14453,38.77261],[-9.14457,38.77272],[-9.14505,38.77324],[-9.14518,38.77387],[-9.1452,38.77398],[-9.14583,38.77398],[-9.14646,38.77444],[-9.14653,38.7745],[-9.14709,38.77486],[-9.1473,38.77513],[-9.14744,38.77576],[-9.14709,38.77593],[-9.14696,38.77639],[-9.14665,38.77703],[-9.14646,38.77716],[-9.14606,38.77703],[-9.14583,38.77688],[-9.1452,38.77688],[-9.14457,38.77685],[-9.14394,38.77639],[-9.14331,38.77668],[-9.14279,38.77703],[-9.14268,38.7771],[-9.14205,38.7771],[-9.14142,38.77731],[-9.14115,38.77766],[-9.14115,38.77829],[-9.14112,38.77892],[-9.14079,38.77945],[-9.14015,38.77955],[-9.13952,38.77955],[-9.13899,38.78018],[-9.13889,38.78043],[-9.13826,38.78076],[-9.13823,38.78081],[-9.13817,38.78144],[-9.13763,38.78178],[-9.1373,38.78207],[-9.137,38.78263],[-9.13637,38.78263],[-9.13631,38.7827],[-9.13637,38.78275],[-9.137,38.78275],[-9.13737,38.78333],[-9.137,38.78395],[-9.13637,38.78395],[-9.13636,38.78396],[-9.13636,38.78459],[-9.13637,38.78464],[-9.137,38.78464],[-9.1372,38.78523],[-9.137,38.78537],[-9.13677,38.78561],[-9.13642,38.78543],[-9.13565,38.78513],[-9.13378,38.78487],[-9.13268,38.78463],[-9.13268,38.78459]],[[-9.14394,38.7748],[-9.14352,38.77513],[-9.14394,38.77534],[-9.14409,38.77513],[-9.14394,38.7748]]],[[[-9.14905,38.77639],[-9.14898,38.77651],[-9.14835,38.77651],[-9.14826,38.77639],[-9.14835,38.7763],[-9.14898,38.7763],[-9.14905,38.77639]]],[[[-9.17988,38.77703],[-9.17988,38.77766],[-9.17926,38.778],[-9.17874,38.77766],[-9.17874,38.77703],[-9.17885,38.77639],[-9.17926,38.77604],[-9.17989,38.77611],[-9.18052,38.77611],[-9.18101,38.77639],[-9.18115,38.77685],[-9.1813,38.77703],[-9.1813,38.77766],[-9.18115,38.77829],[-9.18065,38.77766],[-9.18065,38.77703],[-9.18052,38.77701],[-9.17989,38.77701],[-9.17988,38.77703]]],[[[-9.18182,38.77885],[-9.18174,38.77892],[-9.18115,38.77829],[-9.18178,38.77814],[-9.18182,38.77829],[-9.18182,38.77885]]],[[[-9.14844,38.78901],[-9.14835,38.78916],[-9.14772,38.78916],[-9.14745,38.78901],[-9.14772,38.78893],[-9.14835,38.78893],[-9.14844,38.78901]]],[[[-9.14898,38.7898],[-9.14873,38.78964],[-9.14898,38.78948],[-9.14913,38.78964],[-9.14898,38.7898]]],[[[-9.12013,38.73477],[-9.11997,38.73486],[-9.11934,38.73486],[-9.11926,38.73477],[-9.11934,38.73451],[-9.11997,38.73451],[-9.12013,38.73477]]],[[[-9.11863,38.7354],[-9.11871,38.73519],[-9.11894,38.7354],[-9.11871,38.73551],[-9.11863,38.7354]]],[[[-9.10799,38.73937],[-9.10736,38.73937],[-9.10728,38.73918],[-9.10736,38.73909],[-9.10799,38.73909],[-9.10854,38.73855],[-9.10862,38.7384],[-9.10925,38.7382],[-9.10988,38.73796],[-9.11051,38.73826],[-9.11114,38.73826],[-9.11128,38.73855],[-9.11146,38.73918],[-9.11114,38.73944],[-9.11051,38.73944],[-9.10988,38.73977],[-9.10925,38.73944],[-9.10862,38.73961],[-9.10799,38.73937]]],[[[-9.12251,38.74864],[-9.12249,38.74866],[-9.12186,38.74866],[-9.12182,38.74864],[-9.12186,38.74863],[-9.12249,38.74863],[-9.12251,38.74864]]],[[[-9.11478,38.75054],[-9.11493,38.75044],[-9.11503,38.75054],[-9.11493,38.75063],[-9.11478,38.75054]]],[[[-9.10969,38.75684],[-9.10988,38.75642],[-9.11042,38.75684],[-9.10988,38.75691],[-9.10969,38.75684]]],[[[-9.12754,38.76341],[-9.12817,38.76341],[-9.1288,38.76327],[-9.1293,38.76378],[-9.1288,38.7642],[-9.12848,38.76441],[-9.12817,38.76457],[-9.12754,38.76457],[-9.12732,38.76441],[-9.12716,38.76378],[-9.12754,38.76341]]],[[[-9.13343,38.76567],[-9.13322,38.7659],[-9.13275,38.76567],[-9.13275,38.76504],[-9.13322,38.76485],[-9.13343,38.76504],[-9.13343,38.76567]]],[[[-9.12818,38.76693],[-9.12817,38.76695],[-9.12754,38.76695],[-9.12749,38.76693],[-9.12754,38.76691],[-9.12817,38.76691],[-9.12818,38.76693]]],[[[-9.1315,38.77009],[-9.13132,38.77023],[-9.13069,38.77023],[-9.13036,38.77009],[-9.13069,38.76988],[-9.13132,38.76988],[-9.1315,38.77009]]],[[[-9.13484,38.77072],[-9.13448,38.77122],[-9.13385,38.77122],[-9.13375,38.77072],[-9.13385,38.77063],[-9.13448,38.77063],[-9.13484,38.77072]]],[[[-9.12123,38.77755],[-9.12186,38.77763],[-9.12249,38.77763],[-9.12252,38.77766],[-9.12256,38.77829],[-9.12249,38.7784],[-9.12186,38.7784],[-9.12123,38.77865],[-9.1211,38.77829],[-9.12107,38.77766],[-9.12123,38.77755]]],[[[-9.09209,38.7909],[-9.09213,38.79027],[-9.09205,38.78964],[-9.09222,38.78941],[-9.09285,38.78936],[-9.09348,38.78936],[-9.09411,38.7892],[-9.09474,38.78927],[-9.09504,38.78964],[-9.09474,38.79004],[-9.09459,38.79027],[-9.0944,38.7909],[-9.0944,38.79153],[-9.09411,38.79188],[-9.09356,38.79216],[-9.09348,38.79217],[-9.09285,38.79217],[-9.09283,38.79216],[-9.09222,38.79164],[-9.09207,38.79153],[-9.09209,38.7909]]]]},"properties":{"class":8,"label":"> 2","fill":"#cc4c02"}}]}