{"type":"FeatureCollection","features":[{"type":"Feature","geometry":{"type":"MultiPolygon","coordinates":[[[[-9.20449,38.71836],[-9.2045,38.71837],[-9.20449,38.71839],[-9.20386,38.71839],[-9.20385,38.71837],[-9.20386,38.71836],[-9.20449,38.71836]]],[[[-9.20386,38.71951],[-9.20449,38.71951],[-9.20452,38.71963],[-9.20452,38.72026],[-9.20449,38.72037],[-9.20386,38.72037],[-9.2038,38.72026],[-9.20378,38.71963],[-9.20386,38.71951]]],[[[-9.19124,38.72105],[-9.19105,38.72089],[-9.19124,38.72085],[-9.19129,38.72089],[-9.19124,38.72105]]],[[[-9.18809,38.72255],[-9.18748,38.72215],[-9.18746,38.72212],[-9.18744,38.72215],[-9.18729,38.72278],[-9.18714,38.72341],[-9.18683,38.72352],[-9.1862,38.72352],[-9.18594,38.72341],[-9.18557,38.72288],[-9.18548,38.72278],[-9.18523,38.72215],[-9.18494,38.72168],[-9.18488,38.72152],[-9.18431,38.7209],[-9.18368,38.7209],[-9.18363,38.72089],[-9.18336,38.72026],[-9.18342,38.71963],[-9.18368,38.71944],[-9.18431,38.71944],[-9.18456,38.71963],[-9.18457,38.72026],[-9.18494,38.72049],[-9.18557,38.72043],[-9.18594,38.72089],[-9.18591,38.72152],[-9.1862,38.72169],[-9.18683,38.72169],[-9.1871,38.72152],[-9.18702,38.72089],[-9.18746,38.7206],[-9.18784,38.72089],[-9.18809,38.72111],[-9.18825,38.72089],[-9.18809,38.7206],[-9.18785,38.72026],[-9.18785,38.71963],[-9.18809,38.71952],[-9.18872,38.71937],[-9.18931,38.71963],[-9.18931,38.72026],[-9.18935,38.72034],[-9.18998,38.72034],[-9.19037,38.72089],[-9.19061,38.72133],[-9.19077,38.72152],[-9.19066,38.72215],[-9.19124,38.7223],[-9.19174,38.72278],[-9.19124,38.72337],[-9.19061,38.72328],[-9.18998,38.7234],[-9.18935,38.7234],[-9.18925,38.72341],[-9.18874,38.72404],[-9.18872,38.72407],[-9.18871,38.72404],[-9.18833,38.72341],[-9.1883,38.72278],[-9.18809,38.72255]],[[-9.18879,38.72215],[-9.18872,38.7221],[-9.18863,38.72215],[-9.18872,38.72224],[-9.18879,38.72215]]],[[[-9.19377,38.72766],[-9.1944,38.7274],[-9.19457,38.72783],[-9.19453,38.72846],[-9.1944,38.72876],[-9.19377,38.72852],[-9.19339,38.72846],[-9.19331,38.72783],[-9.19377,38.72766]]],[[[-9.19187,38.72772],[-9.19251,38.72772],[-9.19292,38.72783],[-9.19282,38.72846],[-9.19251,38.72849],[-9.19187,38.72849],[-9.19181,38.72846],[-9.19173,38.72783],[-9.19187,38.72772]]],[[[-9.19629,38.72901],[-9.19612,38.72846],[-9.19629,38.72807],[-9.19653,38.72846],[-9.19629,38.72901]]],[[[-9.19314,38.74012],[-9.19267,38.73981],[-9.19251,38.73959],[-9.19187,38.73959],[-9.19168,38.73918],[-9.19124,38.73874],[-9.19068,38.73855],[-9.19061,38.73847],[-9.19032,38.73792],[-9.19061,38.73775],[-9.19088,38.73729],[-9.19118,38.73666],[-9.19124,38.73663],[-9.19186,38.73603],[-9.19187,38.73602],[-9.19251,38.73602],[-9.19253,38.73603],[-9.19314,38.73646],[-9.19377,38.73626],[-9.19403,38.73603],[-9.1944,38.73565],[-9.1949,38.7354],[-9.19503,38.73518],[-9.19566,38.73518],[-9.19605,38.73477],[-9.19611,38.73414],[-9.19629,38.73358],[-9.19635,38.73351],[-9.19639,38.73287],[-9.19639,38.73224],[-9.19629,38.73207],[-9.19566,38.73209],[-9.19503,38.73209],[-9.19492,38.73161],[-9.19503,38.73137],[-9.19566,38.73137],[-9.19619,38.73098],[-9.19629,38.73088],[-9.19684,38.73035],[-9.19692,38.7302],[-9.19755,38.72996],[-9.19806,38.72972],[-9.19818,38.72964],[-9.19881,38.72964],[-9.19927,38.72909],[-9.19944,38.72861],[-9.19961,38.72846],[-9.20007,38.72816],[-9.20037,38.72783],[-9.20007,38.72733],[-9.19996,38.7272],[-9.19944,38.72668],[-9.19924,38.72657],[-9.19936,38.72594],[-9.19925,38.72531],[-9.19944,38.72513],[-9.20007,38.72504],[-9.20051,38.72468],[-9.2007,38.72455],[-9.20134,38.72455],[-9.20197,38.72464],[-9.20203,38.72468],[-9.20197,38.7252],[-9.20134,38.72519],[-9.2007,38.72519],[-9.20063,38.72531],[-9.2007,38.72539],[-9.20134,38.72539],[-9.20197,38.72538],[-9.20202,38.72594],[-9.20202,38.72657],[-9.20212,38.7272],[-9.20242,38.72783],[-9.20249,38.72846],[-9.20211,38.72909],[-9.20197,38.72929],[-9.20145,38.72972],[-9.20197,38.73012],[-9.20202,38.73035],[-9.20197,38.73052],[-9.20148,38.73098],[-9.20134,38.73106],[-9.2007,38.73106],[-9.20013,38.73098],[-9.20007,38.73097],[-9.20007,38.73098],[-9.19998,38.73161],[-9.19988,38.73224],[-9.19975,38.73287],[-9.19951,38.73351],[-9.19944,38.73358],[-9.19907,38.73414],[-9.19881,38.73461],[-9.19868,38.73477],[-9.19847,38.7354],[-9.19823,38.73603],[-9.19818,38.73612],[-9.19755,38.73612],[-9.19736,38.73666],[-9.19755,38.73688],[-9.19818,38.73688],[-9.19848,38.73729],[-9.19818,38.73776],[-9.19755,38.73776],[-9.19721,38.73792],[-9.19692,38.73822],[-9.19667,38.73855],[-9.19667,38.73918],[-9.19629,38.73978],[-9.19627,38.73981],[-9.19598,38.74044],[-9.19566,38.74064],[-9.19503,38.74064],[-9.1946,38.74107],[-9.1944,38.74119],[-9.19415,38.74107],[-9.19377,38.74069],[-9.19352,38.74044],[-9.19314,38.74012]]],[[[-9.17989,38.71863],[-9.17981,38.71837],[-9.17989,38.71828],[-9.18036,38.71837],[-9.17989,38.71863]]],[[[-9.18115,38.71876],[-9.18127,38.719],[-9.18115,38.71905],[-9.18052,38.71905],[-9.18044,38.719],[-9.18052,38.71876],[-9.18115,38.71876]]],[[[-9.18278,38.71963],[-9.18284,38.72026],[-9.18241,38.72066],[-9.18218,38.72026],[-9.18205,38.71963],[-9.18241,38.71918],[-9.18278,38.71963]]],[[[-9.18304,38.72174],[-9.18277,38.72152],[-9.18304,38.72115],[-9.18323,38.72152],[-9.18304,38.72174]]],[[[-9.18746,38.72468],[-9.18746,38.72468],[-9.18746,38.72467],[-9.18748,38.72468],[-9.18746,38.72468]]],[[[-9.18512,38.7417],[-9.18494,38.74137],[-9.18459,38.74107],[-9.18491,38.74044],[-9.18462,38.73981],[-9.18454,38.73918],[-9.18446,38.73855],[-9.18431,38.73842],[-9.18368,38.7381],[-9.18304,38.7381],[-9.18281,38.73792],[-9.18241,38.73761],[-9.18188,38.73792],[-9.18178,38.73797],[-9.18172,38.73792],[-9.18115,38.73763],[-9.18052,38.73763],[-9.17989,38.7373],[-9.17987,38.73729],[-9.17958,38.73666],[-9.17943,38.73603],[-9.17926,38.73543],[-9.17915,38.7354],[-9.17926,38.73535],[-9.17966,38.73477],[-9.17989,38.73453],[-9.18052,38.73472],[-9.18115,38.73472],[-9.18147,38.73414],[-9.18115,38.73401],[-9.18052,38.73401],[-9.17989,38.73358],[-9.17985,38.73351],[-9.17926,38.73309],[-9.17863,38.73313],[-9.17852,38.73287],[-9.17852,38.73224],[-9.17842,38.73161],[-9.178,38.7311],[-9.17737,38.7311],[-9.1773,38.73098],[-9.17724,38.73035],[-9.17689,38.72972],[-9.17721,38.72909],[-9.17699,38.72846],[-9.17682,38.72783],[-9.17685,38.7272],[-9.17725,38.72657],[-9.17726,38.72594],[-9.17737,38.72588],[-9.178,38.72588],[-9.17826,38.72594],[-9.17834,38.72657],[-9.17863,38.72674],[-9.17926,38.72696],[-9.17977,38.72657],[-9.1798,38.72594],[-9.17989,38.72582],[-9.18052,38.72592],[-9.18115,38.72592],[-9.18178,38.72591],[-9.18184,38.72594],[-9.18184,38.72657],[-9.18241,38.72708],[-9.18304,38.72719],[-9.18306,38.7272],[-9.1832,38.72783],[-9.18304,38.7284],[-9.18303,38.72846],[-9.18283,38.72909],[-9.18255,38.72972],[-9.18241,38.73005],[-9.18222,38.73035],[-9.18241,38.73074],[-9.18253,38.73098],[-9.18241,38.73127],[-9.18223,38.73161],[-9.18216,38.73224],[-9.18205,38.73287],[-9.182,38.73351],[-9.18241,38.7339],[-9.18251,38.73414],[-9.18241,38.73447],[-9.18223,38.73477],[-9.18241,38.73499],[-9.18288,38.7354],[-9.18304,38.73553],[-9.18368,38.73553],[-9.18431,38.73592],[-9.18494,38.736],[-9.18497,38.73603],[-9.18557,38.73662],[-9.1862,38.73648],[-9.18683,38.73648],[-9.1872,38.73666],[-9.18746,38.73688],[-9.18809,38.73709],[-9.1883,38.73729],[-9.18856,38.73792],[-9.18809,38.73854],[-9.18801,38.73855],[-9.18746,38.7391],[-9.1873,38.73918],[-9.18683,38.73925],[-9.1862,38.73925],[-9.18598,38.73981],[-9.1862,38.74005],[-9.18683,38.74005],[-9.18739,38.74044],[-9.18746,38.74062],[-9.18755,38.74044],[-9.18765,38.73981],[-9.18809,38.73921],[-9.1883,38.73981],[-9.18849,38.74044],[-9.18809,38.74077],[-9.18766,38.74107],[-9.18785,38.7417],[-9.18746,38.74224],[-9.18683,38.74196],[-9.1862,38.74196],[-9.18557,38.74226],[-9.18512,38.7417]]],[[[-9.09174,38.7548],[-9.09222,38.7548],[-9.09237,38.75495],[-9.0924,38.75558],[-9.09222,38.75608],[-9.09159,38.75608],[-9.09159,38.75558],[-9.09159,38.75495],[-9.09174,38.7548]]],[[[-9.09033,38.76126],[-9.09033,38.76063],[-9.09033,38.76],[-9.09033,38.75937],[-9.09033,38.75873],[-9.09096,38.7581],[-9.09096,38.75747],[-9.09096,38.75684],[-9.09151,38.75629],[-9.09159,38.75629],[-9.09214,38.75684],[-9.09189,38.75747],[-9.09195,38.7581],[-9.09163,38.75873],[-9.09164,38.75937],[-9.09206,38.76],[-9.09182,38.76063],[-9.09189,38.76126],[-9.09193,38.76189],[-9.09203,38.76252],[-9.09222,38.76289],[-9.09243,38.76315],[-9.09243,38.76357],[-9.09222,38.76378],[-9.09159,38.76315],[-9.09096,38.76252],[-9.09096,38.76189],[-9.09033,38.76126]]]]},"properties":{"class":0,"label":"< 30","fill":"#ffffcc"}},{"type":"Feature","geometry":{"type":"MultiPolygon","coordinates":[[[[-9.22256,38.69188],[-9.22278,38.69188],[-9.22341,38.69188],[-9.22404,38.69251],[-9.22402,38.69253],[-9.22341,38.69253],[-9.22278,38.69254],[-9.22256,38.69251],[-9.22256,38.69188]]],[[[-9.22972,38.6944],[-9.23004,38.69473],[-9.23003,38.69475],[-9.22961,38.6952],[-9.22984,38.69533],[-9.22967,38.69563],[-9.22955,38.69503],[-9.22955,38.6944],[-9.22972,38.6944]]],[[[-9.20007,38.71672],[-9.19999,38.71648],[-9.20007,38.7163],[-9.20039,38.71648],[-9.20007,38.71672]]],[[[-9.1994,38.72152],[-9.19944,38.72142],[-9.19979,38.72089],[-9.20007,38.72075],[-9.2007,38.72067],[-9.20134,38.72067],[-9.20197,38.72073],[-9.2026,38.72065],[-9.20309,38.72026],[-9.2029,38.71963],[-9.20296,38.719],[-9.2026,38.71842],[-9.20249,38.71837],[-9.20197,38.71797],[-9.20161,38.71774],[-9.20193,38.71711],[-9.20197,38.71708],[-9.2026,38.71708],[-9.20263,38.71711],[-9.20323,38.71744],[-9.20386,38.71753],[-9.20449,38.71753],[-9.20512,38.71756],[-9.20571,38.71774],[-9.20575,38.71797],[-9.20638,38.71811],[-9.20661,38.71837],[-9.20651,38.719],[-9.20638,38.7191],[-9.20575,38.7192],[-9.20512,38.71949],[-9.20502,38.71963],[-9.20502,38.72026],[-9.20482,38.72089],[-9.20449,38.72121],[-9.20386,38.72121],[-9.20323,38.72121],[-9.2026,38.72112],[-9.20197,38.72103],[-9.2014,38.72152],[-9.20134,38.72162],[-9.2007,38.72162],[-9.20007,38.72156],[-9.19944,38.72159],[-9.1994,38.72152]],[[-9.20378,38.71963],[-9.2038,38.72026],[-9.20386,38.72037],[-9.20449,38.72037],[-9.20452,38.72026],[-9.20452,38.71963],[-9.20449,38.71951],[-9.20386,38.71951],[-9.20378,38.71963]],[[-9.20386,38.71839],[-9.20449,38.71839],[-9.2045,38.71837],[-9.20449,38.71836],[-9.20386,38.71836],[-9.20385,38.71837],[-9.20386,38.71839]]],[[[-9.20134,38.71957],[-9.2014,38.71963],[-9.20134,38.71969],[-9.2007,38.71969],[-9.20064,38.71963],[-9.2007,38.71957],[-9.20134,38.71957]]],[[[-9.19818,38.72009],[-9.19881,38.72009],[-9.19944,38.71994],[-9.19957,38.72026],[-9.19944,38.72052],[-9.19881,38.7204],[-9.19818,38.7204],[-9.19814,38.72026],[-9.19818,38.72009]]],[[[-9.18872,38.72224],[-9.18863,38.72215],[-9.18872,38.7221],[-9.18879,38.72215],[-9.18872,38.72224]]],[[[-9.19927,38.72404],[-9.19881,38.72412],[-9.19818,38.72412],[-9.19803,38.72404],[-9.19818,38.7239],[-9.19881,38.7239],[-9.19927,38.72404]]],[[[-9.18914,38.7272],[-9.18872,38.72761],[-9.18809,38.72752],[-9.18776,38.7272],[-9.18809,38.72682],[-9.18872,38.72667],[-9.18914,38.7272]]],[[[-9.18683,38.7426],[-9.18693,38.74234],[-9.18683,38.74228],[-9.1862,38.74228],[-9.18609,38.74234],[-9.18557,38.74252],[-9.1853,38.74234],[-9.18494,38.74192],[-9.18455,38.7417],[-9.18431,38.74149],[-9.18403,38.74107],[-9.18431,38.74069],[-9.1845,38.74044],[-9.18431,38.73997],[-9.18421,38.73981],[-9.18368,38.73933],[-9.18304,38.73933],[-9.1829,38.73918],[-9.18272,38.73855],[-9.18241,38.73834],[-9.18178,38.73848],[-9.18115,38.73803],[-9.18052,38.73803],[-9.18028,38.73792],[-9.17989,38.73774],[-9.17926,38.73739],[-9.17911,38.73729],[-9.17903,38.73666],[-9.17863,38.73633],[-9.17839,38.73603],[-9.17807,38.7354],[-9.17863,38.73484],[-9.17873,38.73477],[-9.17863,38.7345],[-9.17846,38.73414],[-9.17838,38.73351],[-9.17817,38.73287],[-9.17815,38.73224],[-9.178,38.73161],[-9.178,38.73161],[-9.17737,38.73161],[-9.177,38.73098],[-9.17679,38.73035],[-9.17674,38.73026],[-9.17657,38.72972],[-9.17674,38.7292],[-9.17679,38.72909],[-9.17674,38.72898],[-9.17649,38.72846],[-9.17643,38.72783],[-9.17649,38.7272],[-9.17674,38.72673],[-9.17685,38.72657],[-9.17685,38.72594],[-9.17737,38.72566],[-9.178,38.72566],[-9.17863,38.72579],[-9.17926,38.72592],[-9.17971,38.72531],[-9.17989,38.72525],[-9.1803,38.72531],[-9.18052,38.72537],[-9.18115,38.72537],[-9.18178,38.72552],[-9.18241,38.72569],[-9.18304,38.72581],[-9.18368,38.72583],[-9.18431,38.72583],[-9.18494,38.72576],[-9.18533,38.72594],[-9.18532,38.72657],[-9.18494,38.72708],[-9.18487,38.7272],[-9.18441,38.72783],[-9.18431,38.72811],[-9.18368,38.72811],[-9.18355,38.72846],[-9.18327,38.72909],[-9.18304,38.72938],[-9.18282,38.72972],[-9.18262,38.73035],[-9.18293,38.73098],[-9.18294,38.73161],[-9.18275,38.73224],[-9.18272,38.73287],[-9.1826,38.73351],[-9.18279,38.73414],[-9.18276,38.73477],[-9.18304,38.73503],[-9.18368,38.73503],[-9.18431,38.7354],[-9.18494,38.73565],[-9.18539,38.73603],[-9.18557,38.73621],[-9.1862,38.73622],[-9.18683,38.73622],[-9.18746,38.73639],[-9.18809,38.73659],[-9.18872,38.73665],[-9.18891,38.73666],[-9.18935,38.73673],[-9.18998,38.73673],[-9.19036,38.73666],[-9.19061,38.73664],[-9.19124,38.73637],[-9.19159,38.73603],[-9.19187,38.73584],[-9.19251,38.73584],[-9.19284,38.73603],[-9.19314,38.73624],[-9.19366,38.73603],[-9.19345,38.7354],[-9.19377,38.73511],[-9.1944,38.73502],[-9.19453,38.73477],[-9.19503,38.73436],[-9.19566,38.73436],[-9.19578,38.73414],[-9.19597,38.73351],[-9.19566,38.73316],[-9.19503,38.73316],[-9.1948,38.73287],[-9.19479,38.73224],[-9.19468,38.73161],[-9.1944,38.73103],[-9.19436,38.73098],[-9.1944,38.73094],[-9.19492,38.73035],[-9.19503,38.73016],[-9.19566,38.73016],[-9.19629,38.72987],[-9.19637,38.72972],[-9.19629,38.72967],[-9.19566,38.72941],[-9.19503,38.72941],[-9.19446,38.72972],[-9.1944,38.72975],[-9.19385,38.72972],[-9.19386,38.72909],[-9.19377,38.72902],[-9.19353,38.72909],[-9.19314,38.72923],[-9.19298,38.72909],[-9.19251,38.72884],[-9.19187,38.72884],[-9.19124,38.72853],[-9.19118,38.72846],[-9.19093,38.72783],[-9.19124,38.72764],[-9.19187,38.72722],[-9.19251,38.72722],[-9.19314,38.72744],[-9.1936,38.7272],[-9.19377,38.72706],[-9.1944,38.72691],[-9.19466,38.7272],[-9.19503,38.72767],[-9.19566,38.72767],[-9.19629,38.72751],[-9.19691,38.7272],[-9.19692,38.72715],[-9.19701,38.72657],[-9.19755,38.72609],[-9.19777,38.72594],[-9.19818,38.72537],[-9.19881,38.72537],[-9.19883,38.72531],[-9.19944,38.72474],[-9.19968,38.72468],[-9.20007,38.72419],[-9.2007,38.72416],[-9.20134,38.72416],[-9.20167,38.72404],[-9.20197,38.72392],[-9.2026,38.72379],[-9.20305,38.72341],[-9.20323,38.72308],[-9.20357,38.72341],[-9.20323,38.72398],[-9.20319,38.72404],[-9.20284,38.72468],[-9.20298,38.72531],[-9.203,38.72594],[-9.203,38.72657],[-9.20323,38.72673],[-9.20354,38.7272],[-9.20382,38.72783],[-9.2037,38.72846],[-9.20337,38.72909],[-9.20323,38.72921],[-9.20287,38.72972],[-9.2026,38.73009],[-9.20241,38.73035],[-9.20223,38.73098],[-9.20197,38.73161],[-9.20197,38.73162],[-9.20142,38.73224],[-9.20134,38.7325],[-9.2007,38.7325],[-9.20048,38.73287],[-9.20016,38.73351],[-9.20007,38.73405],[-9.19999,38.73414],[-9.19944,38.73443],[-9.19931,38.73477],[-9.19893,38.7354],[-9.19881,38.73573],[-9.19869,38.73603],[-9.19844,38.73666],[-9.19873,38.73729],[-9.19866,38.73792],[-9.19881,38.73838],[-9.19883,38.73855],[-9.19881,38.73859],[-9.19832,38.73918],[-9.19826,38.73981],[-9.19818,38.73986],[-9.19755,38.73986],[-9.197,38.74044],[-9.19692,38.74056],[-9.19656,38.74107],[-9.19629,38.74124],[-9.19566,38.7411],[-9.19503,38.7411],[-9.1944,38.74145],[-9.19377,38.74124],[-9.19314,38.7416],[-9.1927,38.74107],[-9.19276,38.74044],[-9.19251,38.74031],[-9.19187,38.74031],[-9.19124,38.74034],[-9.19105,38.74044],[-9.19124,38.74072],[-9.19164,38.74107],[-9.19161,38.7417],[-9.19124,38.74202],[-9.19075,38.7417],[-9.19061,38.74157],[-9.19036,38.7417],[-9.18998,38.74194],[-9.18935,38.74194],[-9.18872,38.74217],[-9.18861,38.74234],[-9.18809,38.74281],[-9.18746,38.74276],[-9.18705,38.74297],[-9.18683,38.743],[-9.1862,38.743],[-9.18613,38.74297],[-9.1862,38.7426],[-9.18683,38.7426]],[[-9.19653,38.72846],[-9.19629,38.72807],[-9.19612,38.72846],[-9.19629,38.72901],[-9.19653,38.72846]],[[-9.19331,38.72783],[-9.19339,38.72846],[-9.19377,38.72852],[-9.1944,38.72876],[-9.19453,38.72846],[-9.19457,38.72783],[-9.1944,38.7274],[-9.19377,38.72766],[-9.19331,38.72783]],[[-9.19173,38.72783],[-9.19181,38.72846],[-9.19187,38.72849],[-9.19251,38.72849],[-9.19282,38.72846],[-9.19292,38.72783],[-9.19251,38.72772],[-9.19187,38.72772],[-9.19173,38.72783]],[[-9.19627,38.73981],[-9.19629,38.73978],[-9.19667,38.73918],[-9.19667,38.73855],[-9.19692,38.73822],[-9.19721,38.73792],[-9.19755,38.73776],[-9.19818,38.73776],[-9.19848,38.73729],[-9.19818,38.73688],[-9.19755,38.73688],[-9.19736,38.73666],[-9.19755,38.73612],[-9.19818,38.73612],[-9.19823,38.73603],[-9.19847,38.7354],[-9.19868,38.73477],[-9.19881,38.73461],[-9.19907,38.73414],[-9.19944,38.73358],[-9.19951,38.73351],[-9.19975,38.73287],[-9.19988,38.73224],[-9.19998,38.73161],[-9.20007,38.73098],[-9.20007,38.73097],[-9.20013,38.73098],[-9.2007,38.73106],[-9.20134,38.73106],[-9.20148,38.73098],[-9.20197,38.73052],[-9.20202,38.73035],[-9.20197,38.73012],[-9.20145,38.72972],[-9.20197,38.72929],[-9.20211,38.72909],[-9.20249,38.72846],[-9.20242,38.72783],[-9.20212,38.7272],[-9.20202,38.72657],[-9.20202,38.72594],[-9.20197,38.72538],[-9.20134,38.72539],[-9.2007,38.72539],[-9.20063,38.72531],[-9.2007,38.72519],[-9.20134,38.72519],[-9.20197,38.7252],[-9.20203,38.72468],[-9.20197,38.72464],[-9.20134,38.72455],[-9.2007,38.72455],[-9.20051,38.72468],[-9.20007,38.72504],[-9.19944,38.72513],[-9.19925,38.72531],[-9.19936,38.72594],[-9.19924,38.72657],[-9.19944,38.72668],[-9.19996,38.7272],[-9.20007,38.72733],[-9.20037,38.72783],[-9.20007,38.72816],[-9.19961,38.72846],[-9.19944,38.72861],[-9.19927,38.72909],[-9.19881,38.72964],[-9.19818,38.72964],[-9.19806,38.72972],[-9.19755,38.72996],[-9.19692,38.7302],[-9.19684,38.73035],[-9.19629,38.73088],[-9.19619,38.73098],[-9.19566,38.73137],[-9.19503,38.73137],[-9.19492,38.73161],[-9.19503,38.73209],[-9.19566,38.73209],[-9.19629,38.73207],[-9.19639,38.73224],[-9.19639,38.73287],[-9.19635,38.73351],[-9.19629,38.73358],[-9.19611,38.73414],[-9.19605,38.73477],[-9.19566,38.73518],[-9.19503,38.73518],[-9.1949,38.7354],[-9.1944,38.73565],[-9.19403,38.73603],[-9.19377,38.73626],[-9.19314,38.73646],[-9.19253,38.73603],[-9.19251,38.73602],[-9.19187,38.73602],[-9.19186,38.73603],[-9.19124,38.73663],[-9.19118,38.73666],[-9.19088,38.73729],[-9.19061,38.73775],[-9.19032,38.73792],[-9.19061,38.73847],[-9.19068,38.73855],[-9.19124,38.73874],[-9.19168,38.73918],[-9.19187,38.73959],[-9.19251,38.73959],[-9.19267,38.73981],[-9.19314,38.74012],[-9.19352,38.74044],[-9.19377,38.74069],[-9.19415,38.74107],[-9.1944,38.74119],[-9.1946,38.74107],[-9.19503,38.74064],[-9.19566,38.74064],[-9.19598,38.74044],[-9.19627,38.73981]],[[-9.19067,38.73981],[-9.19061,38.73974],[-9.19006,38.73981],[-9.19061,38.73992],[-9.19067,38.73981]],[[-9.18864,38.73918],[-9.18872,38.73931],[-9.1889,38.73918],[-9.18881,38.73855],[-9.18872,38.73845],[-9.18864,38.73855],[-9.18864,38.73918]],[[-9.1883,38.73981],[-9.18809,38.73921],[-9.18765,38.73981],[-9.18755,38.74044],[-9.18746,38.74062],[-9.18739,38.74044],[-9.18683,38.74005],[-9.1862,38.74005],[-9.18598,38.73981],[-9.1862,38.73925],[-9.18683,38.73925],[-9.1873,38.73918],[-9.18746,38.7391],[-9.18801,38.73855],[-9.18809,38.73854],[-9.18856,38.73792],[-9.1883,38.73729],[-9.18809,38.73709],[-9.18746,38.73688],[-9.1872,38.73666],[-9.18683,38.73648],[-9.1862,38.73648],[-9.18557,38.73662],[-9.18497,38.73603],[-9.18494,38.736],[-9.18431,38.73592],[-9.18368,38.73553],[-9.18304,38.73553],[-9.18288,38.7354],[-9.18241,38.73499],[-9.18223,38.73477],[-9.18241,38.73447],[-9.18251,38.73414],[-9.18241,38.7339],[-9.182,38.73351],[-9.18205,38.73287],[-9.18216,38.73224],[-9.18223,38.73161],[-9.18241,38.73127],[-9.18253,38.73098],[-9.18241,38.73074],[-9.18222,38.73035],[-9.18241,38.73005],[-9.18255,38.72972],[-9.18283,38.72909],[-9.18303,38.72846],[-9.18304,38.7284],[-9.1832,38.72783],[-9.18306,38.7272],[-9.18304,38.72719],[-9.18241,38.72708],[-9.18184,38.72657],[-9.18184,38.72594],[-9.18178,38.72591],[-9.18115,38.72592],[-9.18052,38.72592],[-9.17989,38.72582],[-9.1798,38.72594],[-9.17977,38.72657],[-9.17926,38.72696],[-9.17863,38.72674],[-9.17834,38.72657],[-9.17826,38.72594],[-9.178,38.72588],[-9.17737,38.72588],[-9.17726,38.72594],[-9.17725,38.72657],[-9.17685,38.7272],[-9.17682,38.72783],[-9.17699,38.72846],[-9.17721,38.72909],[-9.17689,38.72972],[-9.17724,38.73035],[-9.1773,38.73098],[-9.17737,38.7311],[-9.178,38.7311],[-9.17842,38.73161],[-9.17852,38.73224],[-9.17852,38.73287],[-9.17863,38.73313],[-9.17926,38.73309],[-9.17985,38.73351],[-9.17989,38.73358],[-9.18052,38.73401],[-9.18115,38.73401],[-9.18147,38.73414],[-9.18115,38.73472],[-9.18052,38.73472],[-9.17989,38.73453],[-9.17966,38.73477],[-9.17926,38.73535],[-9.17915,38.7354],[-9.17926,38.73543],[-9.17943,38.73603],[-9.17958,38.73666],[-9.17987,38.73729],[-9.17989,38.7373],[-9.18052,38.73763],[-9.18115,38.73763],[-9.18172,38.73792],[-9.18178,38.73797],[-9.18188,38.73792],[-9.18241,38.73761],[-9.18281,38.73792],[-9.18304,38.7381],[-9.18368,38.7381],[-9.18431,38.73842],[-9.18446,38.73855],[-9.18454,38.73918],[-9.18462,38.73981],[-9.18491,38.74044],[-9.18459,38.74107],[-9.18494,38.74137],[-9.18512,38.7417],[-9.18557,38.74226],[-9.1862,38.74196],[-9.18683,38.74196],[-9.18746,38.74224],[-9.18785,38.7417],[-9.18766,38.74107],[-9.18809,38.74077],[-9.18849,38.74044],[-9.1883,38.73981]],[[-9.19818,38.72713],[-9.19792,38.7272],[-9.19778,38.72783],[-9.19755,38.72824],[-9.19741,38.72846],[-9.19755,38.72889],[-9.19818,38.72891],[-9.19881,38.72891],[-9.19891,38.72846],[-9.19912,38.72783],[-9.1989,38.7272],[-9.19881,38.72713],[-9.19818,38.72713]]],[[[-9.1871,38.72468],[-9.18746,38.72423],[-9.188,38.72404],[-9.18746,38.72383],[-9.18692,38.72404],[-9.18683,38.7241],[-9.1862,38.7241],[-9.18612,38.72404],[-9.18557,38.72378],[-9.18511,38.72341],[-9.18494,38.72324],[-9.18431,38.72311],[-9.18368,38.72311],[-9.18304,38.7228],[-9.18303,38.72278],[-9.18241,38.72227],[-9.18225,38.72215],[-9.18204,38.72152],[-9.18178,38.72125],[-9.18153,38.72089],[-9.18115,38.72051],[-9.18052,38.72051],[-9.18022,38.72026],[-9.18022,38.71963],[-9.17989,38.71932],[-9.17957,38.719],[-9.17927,38.71837],[-9.1798,38.71774],[-9.17989,38.7173],[-9.17992,38.71711],[-9.18052,38.71668],[-9.18115,38.71668],[-9.18163,38.71648],[-9.18178,38.71645],[-9.18184,38.71648],[-9.18178,38.71693],[-9.18175,38.71711],[-9.18178,38.71721],[-9.18188,38.71774],[-9.18195,38.71837],[-9.18241,38.71864],[-9.18304,38.71874],[-9.18368,38.71883],[-9.18431,38.71883],[-9.18494,38.71864],[-9.18547,38.719],[-9.18557,38.71912],[-9.18574,38.719],[-9.1862,38.71885],[-9.18683,38.71885],[-9.18701,38.719],[-9.18746,38.71941],[-9.18809,38.71916],[-9.18872,38.719],[-9.18935,38.71934],[-9.18998,38.71934],[-9.19061,38.71915],[-9.19115,38.71963],[-9.19115,38.72026],[-9.19124,38.72035],[-9.19141,38.72026],[-9.19141,38.71963],[-9.19187,38.71944],[-9.1922,38.71963],[-9.19251,38.71994],[-9.19283,38.72026],[-9.19251,38.72079],[-9.19187,38.72079],[-9.19183,38.72089],[-9.19187,38.72096],[-9.19251,38.72096],[-9.19293,38.72152],[-9.19314,38.72181],[-9.19331,38.72215],[-9.19343,38.72278],[-9.19338,38.72341],[-9.19314,38.72369],[-9.19272,38.72404],[-9.19251,38.72414],[-9.19187,38.72414],[-9.19125,38.72468],[-9.19124,38.72472],[-9.19083,38.72531],[-9.19061,38.72535],[-9.19044,38.72531],[-9.18998,38.72488],[-9.18935,38.72488],[-9.18872,38.72497],[-9.18835,38.72531],[-9.18809,38.72563],[-9.18772,38.72594],[-9.18772,38.72657],[-9.18746,38.72678],[-9.18695,38.72657],[-9.18695,38.72594],[-9.18723,38.72531],[-9.1871,38.72468]],[[-9.18748,38.72468],[-9.18746,38.72467],[-9.18746,38.72468],[-9.18746,38.72468],[-9.18748,38.72468]],[[-9.18323,38.72152],[-9.18304,38.72115],[-9.18277,38.72152],[-9.18304,38.72174],[-9.18323,38.72152]],[[-9.18218,38.72026],[-9.18241,38.72066],[-9.18284,38.72026],[-9.18278,38.71963],[-9.18241,38.71918],[-9.18205,38.71963],[-9.18218,38.72026]],[[-9.18052,38.71905],[-9.18115,38.71905],[-9.18127,38.719],[-9.18115,38.71876],[-9.18052,38.71876],[-9.18044,38.719],[-9.18052,38.71905]],[[-9.18036,38.71837],[-9.17989,38.71828],[-9.17981,38.71837],[-9.17989,38.71863],[-9.18036,38.71837]],[[-9.19061,38.72328],[-9.19124,38.72337],[-9.19174,38.72278],[-9.19124,38.7223],[-9.19066,38.72215],[-9.19077,38.72152],[-9.19061,38.72133],[-9.19037,38.72089],[-9.18998,38.72034],[-9.18935,38.72034],[-9.18931,38.72026],[-9.18931,38.71963],[-9.18872,38.71937],[-9.18809,38.71952],[-9.18785,38.71963],[-9.18785,38.72026],[-9.18809,38.7206],[-9.18825,38.72089],[-9.18809,38.72111],[-9.18784,38.72089],[-9.18746,38.7206],[-9.18702,38.72089],[-9.1871,38.72152],[-9.18683,38.72169],[-9.1862,38.72169],[-9.18591,38.72152],[-9.18594,38.72089],[-9.18557,38.72043],[-9.18494,38.72049],[-9.18457,38.72026],[-9.18456,38.71963],[-9.18431,38.71944],[-9.18368,38.71944],[-9.18342,38.71963],[-9.18336,38.72026],[-9.18363,38.72089],[-9.18368,38.7209],[-9.18431,38.7209],[-9.18488,38.72152],[-9.18494,38.72168],[-9.18523,38.72215],[-9.18548,38.72278],[-9.18557,38.72288],[-9.18594,38.72341],[-9.1862,38.72352],[-9.18683,38.72352],[-9.18714,38.72341],[-9.18729,38.72278],[-9.18744,38.72215],[-9.18746,38.72212],[-9.18748,38.72215],[-9.18809,38.72255],[-9.1883,38.72278],[-9.18833,38.72341],[-9.18871,38.72404],[-9.18872,38.72407],[-9.18874,38.72404],[-9.18925,38.72341],[-9.18935,38.7234],[-9.18998,38.7234],[-9.19061,38.72328]],[[-9.19129,38.72089],[-9.19124,38.72085],[-9.19105,38.72089],[-9.19124,38.72105],[-9.19129,38.72089]]],[[[-9.18557,38.72472],[-9.1855,38.72468],[-9.18557,38.72462],[-9.18561,38.72468],[-9.18557,38.72472]]],[[[-9.1761,38.73477],[-9.17611,38.73476],[-9.17615,38.73477],[-9.17611,38.73478],[-9.1761,38.73477]]],[[[-9.10236,38.73477],[-9.10231,38.73492],[-9.10168,38.73492],[-9.10168,38.73477],[-9.10173,38.73471],[-9.10231,38.73471],[-9.10236,38.73477]]],[[[-9.17674,38.73554],[-9.17658,38.7354],[-9.17674,38.73512],[-9.17722,38.7354],[-9.17674,38.73554]]],[[[-9.18557,38.73546],[-9.18553,38.7354],[-9.18557,38.73539],[-9.18558,38.7354],[-9.18557,38.73546]]],[[[-9.09285,38.75306],[-9.09348,38.75306],[-9.09364,38.75306],[-9.09364,38.75369],[-9.09348,38.75408],[-9.09285,38.75408],[-9.09222,38.75408],[-9.09222,38.75369],[-9.09285,38.75306]]],[[[-9.09189,38.76126],[-9.09182,38.76063],[-9.09206,38.76],[-9.09164,38.75937],[-9.09163,38.75873],[-9.09195,38.7581],[-9.09189,38.75747],[-9.09214,38.75684],[-9.09159,38.75629],[-9.09151,38.75629],[-9.09159,38.75621],[-9.09159,38.75608],[-9.09222,38.75608],[-9.0924,38.75558],[-9.09237,38.75495],[-9.09222,38.7548],[-9.09174,38.7548],[-9.09209,38.75445],[-9.09222,38.75445],[-9.09272,38.75495],[-9.09266,38.75558],[-9.09256,38.75621],[-9.09248,38.75684],[-9.09222,38.75739],[-9.09218,38.75747],[-9.09211,38.7581],[-9.09195,38.75873],[-9.09202,38.75937],[-9.09222,38.75966],[-9.09236,38.76],[-9.09222,38.76031],[-9.09207,38.76063],[-9.09208,38.76126],[-9.09207,38.76189],[-9.09222,38.7624],[-9.09268,38.76252],[-9.09282,38.76315],[-9.09282,38.76318],[-9.09243,38.76357],[-9.09243,38.76315],[-9.09222,38.76289],[-9.09203,38.76252],[-9.09193,38.76189],[-9.09189,38.76126]]],[[[-9.09166,38.77324],[-9.09159,38.77333],[-9.09105,38.77333],[-9.09096,38.77324],[-9.09108,38.77312],[-9.09159,38.77312],[-9.09166,38.77324]]]]},"properties":{"class":1,"label":"30 a 31","fill":"#fff1a9"}},{"type":"Feature","geometry":{"type":"MultiPolygon","coordinates":[[[[-9.21584,38.69125],[-9.21647,38.69125],[-9.21668,38.69146],[-9.21668,38.69188],[-9.21647,38.69204],[-9.21584,38.69204],[-9.21523,38.69188],[-9.21523,38.69125],[-9.21584,38.69125]]],[[[-9.22152,38.69263],[-9.22141,38.69251],[-9.22152,38.69251],[-9.22215,38.69188],[-9.22256,38.69188],[-9.22256,38.69251],[-9.22278,38.69254],[-9.22341,38.69253],[-9.22402,38.69253],[-9.22387,38.69268],[-9.22341,38.69268],[-9.22278,38.6927],[-9.22215,38.69263],[-9.22152,38.69263]]],[[[-9.22845,38.69504],[-9.22846,38.69503],[-9.22909,38.6944],[-9.22955,38.6944],[-9.22955,38.69503],[-9.22967,38.69563],[-9.22962,38.69571],[-9.22953,38.69566],[-9.22909,38.69505],[-9.22846,38.69505],[-9.22845,38.69504]]],[[[-9.22026,38.71029],[-9.21993,38.71017],[-9.22026,38.70972],[-9.22038,38.71017],[-9.22026,38.71029]]],[[[-9.19435,38.71837],[-9.19436,38.71774],[-9.1944,38.71762],[-9.19503,38.71765],[-9.19566,38.71765],[-9.1958,38.71774],[-9.19629,38.71805],[-9.19685,38.71837],[-9.19629,38.71875],[-9.19566,38.7187],[-9.19503,38.7187],[-9.1944,38.71843],[-9.19435,38.71837]]],[[[-9.19755,38.72824],[-9.19778,38.72783],[-9.19792,38.7272],[-9.19818,38.72713],[-9.19881,38.72713],[-9.1989,38.7272],[-9.19912,38.72783],[-9.19891,38.72846],[-9.19881,38.72891],[-9.19818,38.72891],[-9.19755,38.72889],[-9.19741,38.72846],[-9.19755,38.72824]]],[[[-9.18586,38.74297],[-9.18557,38.74274],[-9.18499,38.74234],[-9.18494,38.74228],[-9.1844,38.74234],[-9.18431,38.74234],[-9.18429,38.74234],[-9.18383,38.7417],[-9.18368,38.74128],[-9.18304,38.74128],[-9.18297,38.74107],[-9.18254,38.74044],[-9.18241,38.74035],[-9.18222,38.73981],[-9.18178,38.73939],[-9.18124,38.73918],[-9.18124,38.73855],[-9.18115,38.73848],[-9.18052,38.73848],[-9.17989,38.73818],[-9.17956,38.73792],[-9.17926,38.73774],[-9.17863,38.73732],[-9.17856,38.73729],[-9.17806,38.73666],[-9.17803,38.73603],[-9.178,38.73597],[-9.17737,38.73597],[-9.17674,38.73597],[-9.17653,38.73603],[-9.17611,38.7362],[-9.17601,38.73603],[-9.17611,38.73554],[-9.17615,38.7354],[-9.17611,38.73535],[-9.17579,38.73477],[-9.17611,38.73441],[-9.17643,38.73414],[-9.17674,38.73366],[-9.1771,38.73351],[-9.17688,38.73287],[-9.17687,38.73224],[-9.17674,38.73213],[-9.17633,38.73161],[-9.17667,38.73098],[-9.17644,38.73035],[-9.17631,38.72972],[-9.17611,38.72914],[-9.17606,38.72909],[-9.17604,38.72846],[-9.17604,38.72783],[-9.17611,38.72761],[-9.17617,38.7272],[-9.1764,38.72657],[-9.1764,38.72594],[-9.17674,38.72572],[-9.17737,38.72544],[-9.178,38.72544],[-9.17863,38.72556],[-9.17907,38.72531],[-9.17926,38.72489],[-9.17989,38.72496],[-9.18052,38.72481],[-9.18115,38.72481],[-9.18178,38.7249],[-9.18241,38.72481],[-9.1828,38.72531],[-9.18304,38.72544],[-9.18334,38.72531],[-9.1835,38.72468],[-9.18327,38.72404],[-9.18304,38.72384],[-9.18247,38.72341],[-9.18241,38.72331],[-9.18223,38.72278],[-9.18178,38.72241],[-9.1815,38.72215],[-9.18144,38.72152],[-9.18117,38.72089],[-9.18115,38.72087],[-9.18052,38.72087],[-9.1803,38.72089],[-9.17989,38.72096],[-9.17963,38.72089],[-9.17926,38.72081],[-9.17903,38.72026],[-9.17903,38.71963],[-9.17893,38.719],[-9.1787,38.71837],[-9.17863,38.718],[-9.17858,38.71774],[-9.17863,38.71742],[-9.17872,38.71711],[-9.17888,38.71648],[-9.17926,38.71622],[-9.17989,38.71633],[-9.18052,38.71623],[-9.18115,38.71623],[-9.18178,38.71622],[-9.18228,38.71648],[-9.18241,38.71709],[-9.18243,38.71711],[-9.18241,38.71712],[-9.18225,38.71774],[-9.18241,38.71809],[-9.18304,38.71816],[-9.18317,38.71837],[-9.18368,38.71851],[-9.18431,38.71851],[-9.18467,38.71837],[-9.18494,38.71793],[-9.18557,38.71835],[-9.18564,38.71837],[-9.1862,38.7185],[-9.18683,38.7185],[-9.18745,38.719],[-9.18746,38.719],[-9.18747,38.719],[-9.18809,38.71888],[-9.18872,38.71879],[-9.18927,38.719],[-9.18935,38.71904],[-9.18998,38.71904],[-9.19009,38.719],[-9.19061,38.71866],[-9.19124,38.7188],[-9.19177,38.719],[-9.19187,38.71905],[-9.19251,38.71942],[-9.19314,38.71942],[-9.19377,38.71958],[-9.19378,38.71963],[-9.19377,38.72026],[-9.19377,38.72027],[-9.19347,38.72089],[-9.19361,38.72152],[-9.19373,38.72215],[-9.19377,38.72225],[-9.19393,38.72278],[-9.19402,38.72341],[-9.19415,38.72404],[-9.19377,38.72436],[-9.19314,38.72433],[-9.19257,38.72468],[-9.19251,38.72499],[-9.19187,38.72499],[-9.19182,38.72531],[-9.19187,38.72541],[-9.19251,38.72541],[-9.19314,38.72575],[-9.19377,38.72567],[-9.19428,38.72594],[-9.19428,38.72657],[-9.1944,38.72659],[-9.19497,38.7272],[-9.19503,38.72728],[-9.19566,38.72728],[-9.19605,38.7272],[-9.19614,38.72657],[-9.19614,38.72594],[-9.19629,38.7257],[-9.19692,38.72563],[-9.19727,38.72531],[-9.19755,38.72483],[-9.19818,38.72492],[-9.19881,38.72492],[-9.19908,38.72468],[-9.19881,38.72447],[-9.19818,38.72447],[-9.19755,38.72437],[-9.19728,38.72404],[-9.19755,38.72394],[-9.19808,38.72341],[-9.19818,38.72327],[-9.19881,38.72327],[-9.19944,38.72317],[-9.20007,38.72289],[-9.20055,38.72341],[-9.2007,38.72356],[-9.20134,38.72356],[-9.20197,38.72343],[-9.2026,38.72345],[-9.20264,38.72341],[-9.2026,38.72329],[-9.20197,38.72328],[-9.20162,38.72278],[-9.20134,38.72263],[-9.2007,38.72263],[-9.20007,38.72233],[-9.19944,38.72245],[-9.19906,38.72215],[-9.19881,38.72162],[-9.19818,38.72162],[-9.19816,38.72152],[-9.198,38.72089],[-9.1978,38.72026],[-9.19788,38.71963],[-9.19755,38.71906],[-9.1975,38.719],[-9.19755,38.71889],[-9.19818,38.71898],[-9.19881,38.71898],[-9.1993,38.71837],[-9.19944,38.7183],[-9.2,38.71774],[-9.19948,38.71711],[-9.19964,38.71648],[-9.19997,38.71584],[-9.20007,38.71555],[-9.2007,38.7154],[-9.20134,38.7154],[-9.20197,38.71573],[-9.20211,38.71584],[-9.2026,38.71645],[-9.20263,38.71648],[-9.20322,38.71711],[-9.20323,38.71711],[-9.20324,38.71711],[-9.20386,38.71695],[-9.20449,38.71695],[-9.20509,38.71711],[-9.20512,38.71712],[-9.20575,38.71728],[-9.20614,38.71711],[-9.20638,38.71702],[-9.20668,38.71711],[-9.20701,38.71729],[-9.20764,38.71729],[-9.2081,38.71774],[-9.20826,38.71837],[-9.20764,38.71876],[-9.20701,38.71876],[-9.20691,38.719],[-9.20638,38.71941],[-9.20608,38.71963],[-9.20608,38.72026],[-9.20575,38.72064],[-9.20539,38.72089],[-9.20575,38.72126],[-9.20638,38.72151],[-9.20639,38.72152],[-9.20638,38.72153],[-9.20605,38.72215],[-9.20579,38.72278],[-9.20575,38.72282],[-9.20512,38.72333],[-9.20506,38.72341],[-9.20488,38.72404],[-9.20449,38.72449],[-9.20386,38.72449],[-9.20359,38.72468],[-9.20359,38.72531],[-9.20376,38.72594],[-9.20377,38.72657],[-9.20386,38.72668],[-9.20449,38.72668],[-9.20488,38.7272],[-9.20489,38.72783],[-9.2051,38.72846],[-9.20465,38.72909],[-9.20449,38.72934],[-9.20386,38.72934],[-9.20336,38.72972],[-9.20323,38.72983],[-9.20287,38.73035],[-9.20265,38.73098],[-9.2026,38.73108],[-9.20237,38.73161],[-9.20197,38.73201],[-9.20176,38.73224],[-9.20194,38.73287],[-9.20134,38.73333],[-9.2007,38.73333],[-9.2006,38.73351],[-9.20063,38.73414],[-9.20012,38.73477],[-9.20007,38.73484],[-9.19944,38.7352],[-9.19931,38.7354],[-9.19919,38.73603],[-9.19925,38.73666],[-9.19901,38.73729],[-9.19907,38.73792],[-9.19904,38.73855],[-9.19881,38.73908],[-9.19873,38.73918],[-9.19881,38.73951],[-9.19888,38.73981],[-9.19881,38.74008],[-9.19818,38.74028],[-9.19755,38.74028],[-9.1974,38.74044],[-9.19698,38.74107],[-9.19692,38.74115],[-9.19629,38.74152],[-9.19566,38.7414],[-9.19503,38.7414],[-9.19442,38.7417],[-9.1944,38.74171],[-9.19377,38.74174],[-9.19314,38.74232],[-9.19251,38.74204],[-9.19187,38.74204],[-9.19152,38.74234],[-9.19124,38.74254],[-9.19061,38.74238],[-9.18998,38.74277],[-9.18935,38.74277],[-9.18872,38.74258],[-9.18832,38.74297],[-9.18809,38.74316],[-9.18746,38.74308],[-9.18683,38.74315],[-9.1862,38.74315],[-9.18586,38.74297]],[[-9.18872,38.74217],[-9.18935,38.74194],[-9.18998,38.74194],[-9.19036,38.7417],[-9.19061,38.74157],[-9.19075,38.7417],[-9.19124,38.74202],[-9.19161,38.7417],[-9.19164,38.74107],[-9.19124,38.74072],[-9.19105,38.74044],[-9.19124,38.74034],[-9.19187,38.74031],[-9.19251,38.74031],[-9.19276,38.74044],[-9.1927,38.74107],[-9.19314,38.7416],[-9.19377,38.74124],[-9.1944,38.74145],[-9.19503,38.7411],[-9.19566,38.7411],[-9.19629,38.74124],[-9.19656,38.74107],[-9.19692,38.74056],[-9.197,38.74044],[-9.19755,38.73986],[-9.19818,38.73986],[-9.19826,38.73981],[-9.19832,38.73918],[-9.19881,38.73859],[-9.19883,38.73855],[-9.19881,38.73838],[-9.19866,38.73792],[-9.19873,38.73729],[-9.19844,38.73666],[-9.19869,38.73603],[-9.19881,38.73573],[-9.19893,38.7354],[-9.19931,38.73477],[-9.19944,38.73443],[-9.19999,38.73414],[-9.20007,38.73405],[-9.20016,38.73351],[-9.20048,38.73287],[-9.2007,38.7325],[-9.20134,38.7325],[-9.20142,38.73224],[-9.20197,38.73162],[-9.20197,38.73161],[-9.20223,38.73098],[-9.20241,38.73035],[-9.2026,38.73009],[-9.20287,38.72972],[-9.20323,38.72921],[-9.20337,38.72909],[-9.2037,38.72846],[-9.20382,38.72783],[-9.20354,38.7272],[-9.20323,38.72673],[-9.203,38.72657],[-9.203,38.72594],[-9.20298,38.72531],[-9.20284,38.72468],[-9.20319,38.72404],[-9.20323,38.72398],[-9.20357,38.72341],[-9.20323,38.72308],[-9.20305,38.72341],[-9.2026,38.72379],[-9.20197,38.72392],[-9.20167,38.72404],[-9.20134,38.72416],[-9.2007,38.72416],[-9.20007,38.72419],[-9.19968,38.72468],[-9.19944,38.72474],[-9.19883,38.72531],[-9.19881,38.72537],[-9.19818,38.72537],[-9.19777,38.72594],[-9.19755,38.72609],[-9.19701,38.72657],[-9.19692,38.72715],[-9.19691,38.7272],[-9.19629,38.72751],[-9.19566,38.72767],[-9.19503,38.72767],[-9.19466,38.7272],[-9.1944,38.72691],[-9.19377,38.72706],[-9.1936,38.7272],[-9.19314,38.72744],[-9.19251,38.72722],[-9.19187,38.72722],[-9.19124,38.72764],[-9.19093,38.72783],[-9.19118,38.72846],[-9.19124,38.72853],[-9.19187,38.72884],[-9.19251,38.72884],[-9.19298,38.72909],[-9.19314,38.72923],[-9.19353,38.72909],[-9.19377,38.72902],[-9.19386,38.72909],[-9.19385,38.72972],[-9.1944,38.72975],[-9.19446,38.72972],[-9.19503,38.72941],[-9.19566,38.72941],[-9.19629,38.72967],[-9.19637,38.72972],[-9.19629,38.72987],[-9.19566,38.73016],[-9.19503,38.73016],[-9.19492,38.73035],[-9.1944,38.73094],[-9.19436,38.73098],[-9.1944,38.73103],[-9.19468,38.73161],[-9.19479,38.73224],[-9.1948,38.73287],[-9.19503,38.73316],[-9.19566,38.73316],[-9.19597,38.73351],[-9.19578,38.73414],[-9.19566,38.73436],[-9.19503,38.73436],[-9.19453,38.73477],[-9.1944,38.73502],[-9.19377,38.73511],[-9.19345,38.7354],[-9.19366,38.73603],[-9.19314,38.73624],[-9.19284,38.73603],[-9.19251,38.73584],[-9.19187,38.73584],[-9.19159,38.73603],[-9.19124,38.73637],[-9.19061,38.73664],[-9.19036,38.73666],[-9.18998,38.73673],[-9.18935,38.73673],[-9.18891,38.73666],[-9.18872,38.73665],[-9.18809,38.73659],[-9.18746,38.73639],[-9.18683,38.73622],[-9.1862,38.73622],[-9.18557,38.73621],[-9.18539,38.73603],[-9.18494,38.73565],[-9.18431,38.7354],[-9.18368,38.73503],[-9.18304,38.73503],[-9.18276,38.73477],[-9.18279,38.73414],[-9.1826,38.73351],[-9.18272,38.73287],[-9.18275,38.73224],[-9.18294,38.73161],[-9.18293,38.73098],[-9.18262,38.73035],[-9.18282,38.72972],[-9.18304,38.72938],[-9.18327,38.72909],[-9.18355,38.72846],[-9.18368,38.72811],[-9.18431,38.72811],[-9.18441,38.72783],[-9.18487,38.7272],[-9.18494,38.72708],[-9.18532,38.72657],[-9.18533,38.72594],[-9.18494,38.72576],[-9.18431,38.72583],[-9.18368,38.72583],[-9.18304,38.72581],[-9.18241,38.72569],[-9.18178,38.72552],[-9.18115,38.72537],[-9.18052,38.72537],[-9.1803,38.72531],[-9.17989,38.72525],[-9.17971,38.72531],[-9.17926,38.72592],[-9.17863,38.72579],[-9.178,38.72566],[-9.17737,38.72566],[-9.17685,38.72594],[-9.17685,38.72657],[-9.17674,38.72673],[-9.17649,38.7272],[-9.17643,38.72783],[-9.17649,38.72846],[-9.17674,38.72898],[-9.17679,38.72909],[-9.17674,38.7292],[-9.17657,38.72972],[-9.17674,38.73026],[-9.17679,38.73035],[-9.177,38.73098],[-9.17737,38.73161],[-9.178,38.73161],[-9.178,38.73161],[-9.17815,38.73224],[-9.17817,38.73287],[-9.17838,38.73351],[-9.17846,38.73414],[-9.17863,38.7345],[-9.17873,38.73477],[-9.17863,38.73484],[-9.17807,38.7354],[-9.17839,38.73603],[-9.17863,38.73633],[-9.17903,38.73666],[-9.17911,38.73729],[-9.17926,38.73739],[-9.17989,38.73774],[-9.18028,38.73792],[-9.18052,38.73803],[-9.18115,38.73803],[-9.18178,38.73848],[-9.18241,38.73834],[-9.18272,38.73855],[-9.1829,38.73918],[-9.18304,38.73933],[-9.18368,38.73933],[-9.18421,38.73981],[-9.18431,38.73997],[-9.1845,38.74044],[-9.18431,38.74069],[-9.18403,38.74107],[-9.18431,38.74149],[-9.18455,38.7417],[-9.18494,38.74192],[-9.1853,38.74234],[-9.18557,38.74252],[-9.18609,38.74234],[-9.1862,38.74228],[-9.18683,38.74228],[-9.18693,38.74234],[-9.18683,38.7426],[-9.1862,38.7426],[-9.18613,38.74297],[-9.1862,38.743],[-9.18683,38.743],[-9.18705,38.74297],[-9.18746,38.74276],[-9.18809,38.74281],[-9.18861,38.74234],[-9.18872,38.74217]],[[-9.17722,38.7354],[-9.17674,38.73512],[-9.17658,38.7354],[-9.17674,38.73554],[-9.17722,38.7354]],[[-9.17615,38.73477],[-9.17611,38.73476],[-9.1761,38.73477],[-9.17611,38.73478],[-9.17615,38.73477]],[[-9.19818,38.72412],[-9.19881,38.72412],[-9.19927,38.72404],[-9.19881,38.7239],[-9.19818,38.7239],[-9.19803,38.72404],[-9.19818,38.72412]],[[-9.20256,38.72152],[-9.20197,38.72145],[-9.20188,38.72152],[-9.20197,38.72178],[-9.20256,38.72152]],[[-9.20386,38.72121],[-9.20449,38.72121],[-9.20482,38.72089],[-9.20502,38.72026],[-9.20502,38.71963],[-9.20512,38.71949],[-9.20575,38.7192],[-9.20638,38.7191],[-9.20651,38.719],[-9.20661,38.71837],[-9.20638,38.71811],[-9.20575,38.71797],[-9.20571,38.71774],[-9.20512,38.71756],[-9.20449,38.71753],[-9.20386,38.71753],[-9.20323,38.71744],[-9.20263,38.71711],[-9.2026,38.71708],[-9.20197,38.71708],[-9.20193,38.71711],[-9.20161,38.71774],[-9.20197,38.71797],[-9.20249,38.71837],[-9.2026,38.71842],[-9.20296,38.719],[-9.2029,38.71963],[-9.20309,38.72026],[-9.2026,38.72065],[-9.20197,38.72073],[-9.20134,38.72067],[-9.2007,38.72067],[-9.20007,38.72075],[-9.19979,38.72089],[-9.19944,38.72142],[-9.1994,38.72152],[-9.19944,38.72159],[-9.20007,38.72156],[-9.2007,38.72162],[-9.20134,38.72162],[-9.2014,38.72152],[-9.20197,38.72103],[-9.2026,38.72112],[-9.20323,38.72121],[-9.20386,38.72121]],[[-9.20296,38.72215],[-9.20323,38.72248],[-9.20386,38.72263],[-9.20449,38.72263],[-9.20487,38.72215],[-9.20449,38.72174],[-9.20386,38.72174],[-9.20323,38.72182],[-9.20296,38.72215]],[[-9.19453,38.73035],[-9.1944,38.7302],[-9.19399,38.73035],[-9.1944,38.73051],[-9.19453,38.73035]],[[-9.19314,38.73539],[-9.19377,38.73482],[-9.19387,38.73477],[-9.19421,38.73414],[-9.1944,38.73399],[-9.1949,38.73351],[-9.1945,38.73287],[-9.19452,38.73224],[-9.19445,38.73161],[-9.1944,38.73151],[-9.19388,38.73098],[-9.19377,38.73062],[-9.19368,38.73035],[-9.19314,38.72977],[-9.19311,38.72972],[-9.19251,38.72916],[-9.19187,38.72916],[-9.19172,38.72909],[-9.19124,38.72884],[-9.19091,38.72846],[-9.19061,38.72808],[-9.18998,38.72814],[-9.18935,38.72814],[-9.18872,38.72806],[-9.18809,38.72789],[-9.18801,38.72783],[-9.18746,38.72729],[-9.18683,38.72735],[-9.1862,38.72735],[-9.18559,38.72783],[-9.18557,38.72784],[-9.18494,38.72835],[-9.18493,38.72846],[-9.18431,38.72891],[-9.18368,38.72891],[-9.18358,38.72909],[-9.18368,38.72942],[-9.18431,38.72942],[-9.18439,38.72972],[-9.18446,38.73035],[-9.18431,38.73076],[-9.18412,38.73098],[-9.18408,38.73161],[-9.18379,38.73224],[-9.18379,38.73287],[-9.18368,38.73344],[-9.18304,38.73344],[-9.18303,38.73351],[-9.18304,38.73363],[-9.18368,38.73363],[-9.18373,38.73414],[-9.18386,38.73477],[-9.18431,38.73509],[-9.18494,38.73533],[-9.18557,38.73525],[-9.18585,38.7354],[-9.1862,38.73592],[-9.18683,38.73592],[-9.18746,38.73596],[-9.18764,38.73603],[-9.18809,38.73626],[-9.18872,38.7363],[-9.18935,38.73631],[-9.18998,38.73631],[-9.19061,38.73632],[-9.19124,38.73611],[-9.19132,38.73603],[-9.19187,38.73567],[-9.19251,38.73567],[-9.19312,38.7354],[-9.19314,38.73539]],[[-9.18558,38.7354],[-9.18557,38.73539],[-9.18553,38.7354],[-9.18557,38.73546],[-9.18558,38.7354]],[[-9.20052,38.719],[-9.2007,38.71903],[-9.20134,38.71903],[-9.20197,38.71927],[-9.20203,38.719],[-9.20197,38.71895],[-9.20134,38.71896],[-9.2007,38.71896],[-9.20052,38.719]],[[-9.2007,38.72028],[-9.20134,38.72028],[-9.20186,38.72026],[-9.20134,38.72023],[-9.2007,38.72023],[-9.20018,38.72026],[-9.2007,38.72028]],[[-9.20039,38.71648],[-9.20007,38.7163],[-9.19999,38.71648],[-9.20007,38.71672],[-9.20039,38.71648]],[[-9.19814,38.72026],[-9.19818,38.7204],[-9.19881,38.7204],[-9.19944,38.72052],[-9.19957,38.72026],[-9.19944,38.71994],[-9.19881,38.72009],[-9.19818,38.72009],[-9.19814,38.72026]],[[-9.19071,38.72657],[-9.19061,38.72607],[-9.19054,38.72657],[-9.19061,38.72706],[-9.19071,38.72657]],[[-9.18809,38.72752],[-9.18872,38.72761],[-9.18914,38.7272],[-9.18872,38.72667],[-9.18809,38.72682],[-9.18776,38.7272],[-9.18809,38.72752]],[[-9.18872,38.72497],[-9.18935,38.72488],[-9.18998,38.72488],[-9.19044,38.72531],[-9.19061,38.72535],[-9.19083,38.72531],[-9.19124,38.72472],[-9.19125,38.72468],[-9.19187,38.72414],[-9.19251,38.72414],[-9.19272,38.72404],[-9.19314,38.72369],[-9.19338,38.72341],[-9.19343,38.72278],[-9.19331,38.72215],[-9.19314,38.72181],[-9.19293,38.72152],[-9.19251,38.72096],[-9.19187,38.72096],[-9.19183,38.72089],[-9.19187,38.72079],[-9.19251,38.72079],[-9.19283,38.72026],[-9.19251,38.71994],[-9.1922,38.71963],[-9.19187,38.71944],[-9.19141,38.71963],[-9.19141,38.72026],[-9.19124,38.72035],[-9.19115,38.72026],[-9.19115,38.71963],[-9.19061,38.71915],[-9.18998,38.71934],[-9.18935,38.71934],[-9.18872,38.719],[-9.18809,38.71916],[-9.18746,38.71941],[-9.18701,38.719],[-9.18683,38.71885],[-9.1862,38.71885],[-9.18574,38.719],[-9.18557,38.71912],[-9.18547,38.719],[-9.18494,38.71864],[-9.18431,38.71883],[-9.18368,38.71883],[-9.18304,38.71874],[-9.18241,38.71864],[-9.18195,38.71837],[-9.18188,38.71774],[-9.18178,38.71721],[-9.18175,38.71711],[-9.18178,38.71693],[-9.18184,38.71648],[-9.18178,38.71645],[-9.18163,38.71648],[-9.18115,38.71668],[-9.18052,38.71668],[-9.17992,38.71711],[-9.17989,38.7173],[-9.1798,38.71774],[-9.17927,38.71837],[-9.17957,38.719],[-9.17989,38.71932],[-9.18022,38.71963],[-9.18022,38.72026],[-9.18052,38.72051],[-9.18115,38.72051],[-9.18153,38.72089],[-9.18178,38.72125],[-9.18204,38.72152],[-9.18225,38.72215],[-9.18241,38.72227],[-9.18303,38.72278],[-9.18304,38.7228],[-9.18368,38.72311],[-9.18431,38.72311],[-9.18494,38.72324],[-9.18511,38.72341],[-9.18557,38.72378],[-9.18612,38.72404],[-9.1862,38.7241],[-9.18683,38.7241],[-9.18692,38.72404],[-9.18746,38.72383],[-9.188,38.72404],[-9.18746,38.72423],[-9.1871,38.72468],[-9.18723,38.72531],[-9.18695,38.72594],[-9.18695,38.72657],[-9.18746,38.72678],[-9.18772,38.72657],[-9.18772,38.72594],[-9.18809,38.72563],[-9.18835,38.72531],[-9.18872,38.72497]],[[-9.18561,38.72468],[-9.18557,38.72462],[-9.1855,38.72468],[-9.18557,38.72472],[-9.18561,38.72468]],[[-9.18304,38.73043],[-9.18368,38.73043],[-9.18378,38.73035],[-9.18368,38.73018],[-9.18304,38.73012],[-9.18301,38.73035],[-9.18304,38.73043]],[[-9.2007,38.71969],[-9.20134,38.71969],[-9.2014,38.71963],[-9.20134,38.71957],[-9.2007,38.71957],[-9.20064,38.71963],[-9.2007,38.71969]]],[[[-9.1889,38.73918],[-9.18872,38.73931],[-9.18864,38.73918],[-9.18864,38.73855],[-9.18872,38.73845],[-9.18881,38.73855],[-9.1889,38.73918]]],[[[-9.19006,38.73981],[-9.19061,38.73974],[-9.19067,38.73981],[-9.19061,38.73992],[-9.19006,38.73981]]],[[[-9.18368,38.71621],[-9.18431,38.71621],[-9.1847,38.71648],[-9.18453,38.71711],[-9.18431,38.71752],[-9.18368,38.71752],[-9.18344,38.71711],[-9.18338,38.71648],[-9.18368,38.71621]]],[[[-9.10236,38.73477],[-9.10231,38.73471],[-9.10173,38.73471],[-9.10183,38.73462],[-9.10231,38.73462],[-9.10246,38.73477],[-9.10231,38.73521],[-9.10168,38.73521],[-9.10168,38.73492],[-9.10231,38.73492],[-9.10236,38.73477]]],[[[-9.096,38.74549],[-9.09663,38.74486],[-9.09663,38.74423],[-9.09679,38.74407],[-9.09727,38.74407],[-9.09739,38.74423],[-9.09728,38.74486],[-9.09727,38.74508],[-9.09712,38.74549],[-9.09677,38.74612],[-9.09677,38.74675],[-9.09663,38.74697],[-9.096,38.74697],[-9.096,38.74675],[-9.096,38.74612],[-9.096,38.74549]]],[[[-9.09207,38.76189],[-9.09208,38.76126],[-9.09207,38.76063],[-9.09222,38.76031],[-9.09236,38.76],[-9.09222,38.75966],[-9.09202,38.75937],[-9.09195,38.75873],[-9.09211,38.7581],[-9.09218,38.75747],[-9.09222,38.75739],[-9.09248,38.75684],[-9.09256,38.75621],[-9.09266,38.75558],[-9.09272,38.75495],[-9.09222,38.75445],[-9.09209,38.75445],[-9.09222,38.75432],[-9.09222,38.75408],[-9.09285,38.75408],[-9.09348,38.75408],[-9.09364,38.75369],[-9.09364,38.75306],[-9.0939,38.75306],[-9.0939,38.75369],[-9.0937,38.75432],[-9.09366,38.75495],[-9.09356,38.75558],[-9.09359,38.75621],[-9.09348,38.75665],[-9.09285,38.75665],[-9.0928,38.75684],[-9.09243,38.75747],[-9.09236,38.7581],[-9.09229,38.75873],[-9.09238,38.75937],[-9.09259,38.76],[-9.09237,38.76063],[-9.09236,38.76126],[-9.09222,38.76175],[-9.09221,38.76189],[-9.09222,38.76192],[-9.09285,38.76217],[-9.09348,38.76217],[-9.09379,38.76252],[-9.09379,38.76315],[-9.09348,38.76315],[-9.09285,38.76315],[-9.09282,38.76318],[-9.09282,38.76315],[-9.09268,38.76252],[-9.09222,38.7624],[-9.09207,38.76189]]],[[[-9.09166,38.77324],[-9.09159,38.77312],[-9.09108,38.77312],[-9.09147,38.77272],[-9.09159,38.77272],[-9.0919,38.77324],[-9.09159,38.77363],[-9.09134,38.77363],[-9.09105,38.77333],[-9.09159,38.77333],[-9.09166,38.77324]]],[[[-9.09109,38.77438],[-9.09159,38.77438],[-9.09167,38.7745],[-9.09176,38.77513],[-9.09159,38.77541],[-9.09096,38.77541],[-9.09096,38.77513],[-9.09096,38.7745],[-9.09109,38.77438]]],[[[-9.09159,38.77631],[-9.09162,38.77639],[-9.09159,38.77649],[-9.09096,38.77649],[-9.09096,38.77639],[-9.09096,38.77631],[-9.09159,38.77631]]],[[[-9.09159,38.78003],[-9.09175,38.78018],[-9.09169,38.78081],[-9.09159,38.78101],[-9.09096,38.78101],[-9.09096,38.78081],[-9.09096,38.78018],[-9.09096,38.78003],[-9.09159,38.78003]]],[[[-9.09102,38.79469],[-9.09096,38.7953],[-9.09033,38.7953],[-9.09033,38.79469],[-9.09033,38.79408],[-9.09096,38.79408],[-9.09102,38.79469]]]]},"properties":{"class":2,"label":"31 a 32","fill":"#fee187"}},{"type":"Feature","geometry":{"type":"MultiPolygon","coordinates":[[[[-9.21415,38.69188],[-9.21458,38.69188],[-9.21521,38.69125],[-9.21523,38.69125],[-9.21523,38.69188],[-9.21584,38.69204],[-9.21647,38.69204],[-9.21668,38.69188],[-9.21668,38.69146],[-9.21695,38.69173],[-9.21695,38.69188],[-9.21647,38.69225],[-9.21584,38.69225],[-9.21521,38.69222],[-9.21458,38.69216],[-9.21415,38.69188]]],[[[-9.21332,38.69188],[-9.21354,38.69188],[-9.21354,38.69251],[-9.21332,38.69257],[-9.21269,38.69257],[-9.2121,38.69251],[-9.2121,38.69188],[-9.21269,38.69188],[-9.21332,38.69188]]],[[[-9.22124,38.69251],[-9.22141,38.69251],[-9.22152,38.69263],[-9.22215,38.69263],[-9.22278,38.6927],[-9.22341,38.69268],[-9.22387,38.69268],[-9.22373,38.69282],[-9.22341,38.69282],[-9.22278,38.69286],[-9.22215,38.69281],[-9.22152,38.69281],[-9.22124,38.69251]]],[[[-9.20252,38.6944],[-9.20252,38.69377],[-9.2026,38.69377],[-9.20323,38.69377],[-9.20386,38.69377],[-9.20449,38.69377],[-9.20512,38.69314],[-9.20523,38.69314],[-9.20523,38.69377],[-9.20523,38.6944],[-9.20512,38.69453],[-9.20449,38.69463],[-9.20386,38.69463],[-9.20323,38.69458],[-9.2026,38.69441],[-9.20252,38.6944]]],[[[-9.22845,38.69504],[-9.22846,38.69505],[-9.22909,38.69505],[-9.22953,38.69566],[-9.22962,38.69571],[-9.22958,38.69578],[-9.22939,38.69566],[-9.22909,38.69524],[-9.22846,38.69524],[-9.22834,38.69515],[-9.22845,38.69504]]],[[[-9.21823,38.70449],[-9.21773,38.70488],[-9.2171,38.7046],[-9.21701,38.70449],[-9.2171,38.70444],[-9.21773,38.7043],[-9.21823,38.70449]]],[[[-9.21919,38.70575],[-9.21942,38.70512],[-9.21916,38.70449],[-9.21935,38.70386],[-9.21963,38.70362],[-9.22024,38.70386],[-9.22026,38.70389],[-9.22057,38.70449],[-9.22089,38.70482],[-9.2211,38.70512],[-9.22114,38.70575],[-9.22089,38.70605],[-9.22029,38.70638],[-9.22029,38.70701],[-9.22032,38.70765],[-9.22026,38.70767],[-9.22023,38.70765],[-9.22024,38.70701],[-9.22024,38.70638],[-9.21963,38.70584],[-9.21919,38.70575]]],[[[-9.21773,38.71418],[-9.21757,38.71395],[-9.21772,38.71332],[-9.2177,38.71269],[-9.21773,38.71266],[-9.21837,38.71238],[-9.219,38.71238],[-9.2194,38.71206],[-9.21906,38.71143],[-9.219,38.71111],[-9.21837,38.71111],[-9.21833,38.7108],[-9.21836,38.71017],[-9.21837,38.71006],[-9.219,38.71006],[-9.21903,38.70954],[-9.21943,38.70891],[-9.21963,38.70863],[-9.22026,38.7086],[-9.22071,38.70891],[-9.22089,38.70927],[-9.22095,38.70954],[-9.22093,38.71017],[-9.22089,38.71048],[-9.22063,38.7108],[-9.22089,38.71119],[-9.22092,38.71143],[-9.22089,38.71144],[-9.22036,38.71206],[-9.22054,38.71269],[-9.22054,38.71332],[-9.22039,38.71395],[-9.22026,38.71415],[-9.21976,38.71458],[-9.21963,38.71474],[-9.219,38.71471],[-9.21837,38.71471],[-9.21823,38.71458],[-9.21773,38.71418]],[[-9.21985,38.71332],[-9.21963,38.71307],[-9.21925,38.71332],[-9.21963,38.71372],[-9.21985,38.71332]],[[-9.22038,38.71017],[-9.22026,38.70972],[-9.21993,38.71017],[-9.22026,38.71029],[-9.22038,38.71017]]],[[[-9.20134,38.71896],[-9.20197,38.71895],[-9.20203,38.719],[-9.20197,38.71927],[-9.20134,38.71903],[-9.2007,38.71903],[-9.20052,38.719],[-9.2007,38.71896],[-9.20134,38.71896]]],[[[-9.20186,38.72026],[-9.20134,38.72028],[-9.2007,38.72028],[-9.20018,38.72026],[-9.2007,38.72023],[-9.20134,38.72023],[-9.20186,38.72026]]],[[[-9.20188,38.72152],[-9.20197,38.72145],[-9.20256,38.72152],[-9.20197,38.72178],[-9.20188,38.72152]]],[[[-9.20386,38.72174],[-9.20449,38.72174],[-9.20487,38.72215],[-9.20449,38.72263],[-9.20386,38.72263],[-9.20323,38.72248],[-9.20296,38.72215],[-9.20323,38.72182],[-9.20386,38.72174]]],[[[-9.19054,38.72657],[-9.19061,38.72607],[-9.19071,38.72657],[-9.19061,38.72706],[-9.19054,38.72657]]],[[[-9.18935,38.74311],[-9.18895,38.74297],[-9.18872,38.74285],[-9.1886,38.74297],[-9.18809,38.7434],[-9.18746,38.74328],[-9.18683,38.7433],[-9.1862,38.7433],[-9.18558,38.74297],[-9.18557,38.74296],[-9.18494,38.74269],[-9.18431,38.74261],[-9.1838,38.74234],[-9.18368,38.74218],[-9.18304,38.74218],[-9.18264,38.7417],[-9.18241,38.74126],[-9.18234,38.74107],[-9.18212,38.74044],[-9.18196,38.73981],[-9.18178,38.73964],[-9.18135,38.73981],[-9.18115,38.73991],[-9.18052,38.73991],[-9.18043,38.73981],[-9.17989,38.73923],[-9.1798,38.73918],[-9.17969,38.73855],[-9.17926,38.73829],[-9.17904,38.73792],[-9.17863,38.73764],[-9.178,38.73767],[-9.17737,38.73767],[-9.17722,38.73729],[-9.17674,38.73683],[-9.17611,38.73712],[-9.17598,38.73666],[-9.1757,38.73603],[-9.17548,38.73575],[-9.17484,38.73575],[-9.17455,38.7354],[-9.17484,38.73479],[-9.17548,38.73479],[-9.17548,38.73477],[-9.17548,38.73467],[-9.17484,38.73467],[-9.17474,38.73414],[-9.17477,38.73351],[-9.17484,38.7334],[-9.17548,38.7334],[-9.17606,38.73287],[-9.17606,38.73224],[-9.17589,38.73161],[-9.17608,38.73098],[-9.17608,38.73035],[-9.17599,38.72972],[-9.17548,38.7291],[-9.17484,38.7291],[-9.17484,38.72909],[-9.17469,38.72846],[-9.17484,38.72784],[-9.17548,38.72784],[-9.17548,38.72783],[-9.17548,38.7278],[-9.17484,38.7278],[-9.17473,38.7272],[-9.17484,38.72702],[-9.17548,38.72702],[-9.17585,38.72657],[-9.17585,38.72594],[-9.17611,38.72578],[-9.17674,38.72541],[-9.17703,38.72531],[-9.17737,38.72514],[-9.178,38.72514],[-9.17848,38.72531],[-9.17863,38.72534],[-9.17868,38.72531],[-9.179,38.72468],[-9.17926,38.72426],[-9.17987,38.72404],[-9.17959,38.72341],[-9.17989,38.72314],[-9.18035,38.72278],[-9.18023,38.72215],[-9.17989,38.72178],[-9.17946,38.72152],[-9.17926,38.72145],[-9.17863,38.72136],[-9.17849,38.72089],[-9.17863,38.72074],[-9.17876,38.72026],[-9.17876,38.71963],[-9.17863,38.71939],[-9.17802,38.719],[-9.17803,38.71837],[-9.17803,38.71774],[-9.178,38.71766],[-9.17737,38.71766],[-9.17718,38.71711],[-9.17737,38.71674],[-9.178,38.71674],[-9.17816,38.71648],[-9.17842,38.71584],[-9.17832,38.71521],[-9.17863,38.71488],[-9.17913,38.71521],[-9.17926,38.71546],[-9.17989,38.71569],[-9.18052,38.71581],[-9.18115,38.71581],[-9.18122,38.71584],[-9.18178,38.716],[-9.18225,38.71584],[-9.18241,38.71574],[-9.18304,38.71576],[-9.18368,38.71559],[-9.18431,38.71559],[-9.18488,38.71521],[-9.18485,38.71458],[-9.18494,38.71429],[-9.18502,38.71458],[-9.18507,38.71521],[-9.1852,38.71584],[-9.18545,38.71648],[-9.18557,38.71702],[-9.18558,38.71711],[-9.18557,38.71715],[-9.18537,38.71774],[-9.18557,38.71791],[-9.1862,38.71824],[-9.18683,38.71824],[-9.18699,38.71837],[-9.18746,38.71878],[-9.18809,38.71868],[-9.18872,38.71859],[-9.18935,38.71871],[-9.18998,38.71871],[-9.19043,38.71837],[-9.19061,38.71825],[-9.19091,38.71837],[-9.19124,38.71851],[-9.19154,38.71837],[-9.19186,38.71774],[-9.19187,38.71773],[-9.1919,38.71774],[-9.19233,38.71837],[-9.19246,38.719],[-9.19251,38.71903],[-9.19314,38.71903],[-9.1932,38.719],[-9.19336,38.71837],[-9.19377,38.71811],[-9.19397,38.71774],[-9.19421,38.71711],[-9.1944,38.71693],[-9.19479,38.71711],[-9.19503,38.71725],[-9.19566,38.71725],[-9.19629,38.71755],[-9.19692,38.71736],[-9.19737,38.71774],[-9.19755,38.71798],[-9.19818,38.71798],[-9.19881,38.71798],[-9.1993,38.71774],[-9.19907,38.71711],[-9.19931,38.71648],[-9.19944,38.71625],[-9.19967,38.71584],[-9.19991,38.71521],[-9.20007,38.71496],[-9.2007,38.71491],[-9.20134,38.71491],[-9.20197,38.71481],[-9.20233,38.71521],[-9.2026,38.71547],[-9.20293,38.71584],[-9.20323,38.71614],[-9.20357,38.71648],[-9.20386,38.71667],[-9.20449,38.71667],[-9.20512,38.71656],[-9.20575,38.71682],[-9.20638,38.71667],[-9.20701,38.71679],[-9.20764,38.71679],[-9.20827,38.71704],[-9.2089,38.71672],[-9.2093,38.71648],[-9.20953,38.7164],[-9.21017,38.7164],[-9.21034,38.71648],[-9.21017,38.71676],[-9.20953,38.71676],[-9.20934,38.71711],[-9.20902,38.71774],[-9.2089,38.7179],[-9.20859,38.71837],[-9.20827,38.71867],[-9.20791,38.719],[-9.20764,38.71929],[-9.20701,38.71929],[-9.20653,38.71963],[-9.20653,38.72026],[-9.2065,38.72089],[-9.20699,38.72152],[-9.20701,38.72157],[-9.20764,38.72157],[-9.208,38.72215],[-9.20796,38.72278],[-9.20764,38.72308],[-9.20701,38.72308],[-9.20638,38.72313],[-9.20609,38.72341],[-9.20575,38.72401],[-9.20573,38.72404],[-9.20512,38.72455],[-9.205,38.72468],[-9.20484,38.72531],[-9.20512,38.7257],[-9.20547,38.72531],[-9.20575,38.72491],[-9.20597,38.72531],[-9.20575,38.72592],[-9.20573,38.72594],[-9.20575,38.72609],[-9.20578,38.72657],[-9.20598,38.7272],[-9.20621,38.72783],[-9.20575,38.72842],[-9.20573,38.72846],[-9.20512,38.72906],[-9.2051,38.72909],[-9.20471,38.72972],[-9.20449,38.73],[-9.20386,38.73],[-9.20345,38.73035],[-9.20323,38.73081],[-9.20317,38.73098],[-9.20283,38.73161],[-9.20275,38.73224],[-9.20273,38.73287],[-9.2026,38.73304],[-9.20212,38.73351],[-9.20197,38.73366],[-9.20163,38.73414],[-9.20134,38.73442],[-9.2007,38.73442],[-9.2004,38.73477],[-9.20007,38.73531],[-9.19993,38.7354],[-9.19967,38.73603],[-9.19962,38.73666],[-9.19944,38.73703],[-9.19929,38.73729],[-9.19939,38.73792],[-9.19924,38.73855],[-9.1991,38.73918],[-9.19921,38.73981],[-9.19901,38.74044],[-9.19881,38.74095],[-9.19818,38.74069],[-9.19755,38.74069],[-9.19727,38.74107],[-9.19692,38.74154],[-9.19657,38.7417],[-9.19629,38.74185],[-9.19566,38.74171],[-9.19503,38.74171],[-9.1944,38.74195],[-9.19377,38.74204],[-9.19345,38.74234],[-9.19314,38.74261],[-9.19251,38.74252],[-9.19187,38.74252],[-9.19135,38.74297],[-9.19124,38.74301],[-9.19111,38.74297],[-9.19061,38.74268],[-9.19026,38.74297],[-9.18998,38.74311],[-9.18935,38.74311]],[[-9.19124,38.74254],[-9.19152,38.74234],[-9.19187,38.74204],[-9.19251,38.74204],[-9.19314,38.74232],[-9.19377,38.74174],[-9.1944,38.74171],[-9.19442,38.7417],[-9.19503,38.7414],[-9.19566,38.7414],[-9.19629,38.74152],[-9.19692,38.74115],[-9.19698,38.74107],[-9.1974,38.74044],[-9.19755,38.74028],[-9.19818,38.74028],[-9.19881,38.74008],[-9.19888,38.73981],[-9.19881,38.73951],[-9.19873,38.73918],[-9.19881,38.73908],[-9.19904,38.73855],[-9.19907,38.73792],[-9.19901,38.73729],[-9.19925,38.73666],[-9.19919,38.73603],[-9.19931,38.7354],[-9.19944,38.7352],[-9.20007,38.73484],[-9.20012,38.73477],[-9.20063,38.73414],[-9.2006,38.73351],[-9.2007,38.73333],[-9.20134,38.73333],[-9.20194,38.73287],[-9.20176,38.73224],[-9.20197,38.73201],[-9.20237,38.73161],[-9.2026,38.73108],[-9.20265,38.73098],[-9.20287,38.73035],[-9.20323,38.72983],[-9.20336,38.72972],[-9.20386,38.72934],[-9.20449,38.72934],[-9.20465,38.72909],[-9.2051,38.72846],[-9.20489,38.72783],[-9.20488,38.7272],[-9.20449,38.72668],[-9.20386,38.72668],[-9.20377,38.72657],[-9.20376,38.72594],[-9.20359,38.72531],[-9.20359,38.72468],[-9.20386,38.72449],[-9.20449,38.72449],[-9.20488,38.72404],[-9.20506,38.72341],[-9.20512,38.72333],[-9.20575,38.72282],[-9.20579,38.72278],[-9.20605,38.72215],[-9.20638,38.72153],[-9.20639,38.72152],[-9.20638,38.72151],[-9.20575,38.72126],[-9.20539,38.72089],[-9.20575,38.72064],[-9.20608,38.72026],[-9.20608,38.71963],[-9.20638,38.71941],[-9.20691,38.719],[-9.20701,38.71876],[-9.20764,38.71876],[-9.20826,38.71837],[-9.2081,38.71774],[-9.20764,38.71729],[-9.20701,38.71729],[-9.20668,38.71711],[-9.20638,38.71702],[-9.20614,38.71711],[-9.20575,38.71728],[-9.20512,38.71712],[-9.20509,38.71711],[-9.20449,38.71695],[-9.20386,38.71695],[-9.20324,38.71711],[-9.20323,38.71711],[-9.20322,38.71711],[-9.20263,38.71648],[-9.2026,38.71645],[-9.20211,38.71584],[-9.20197,38.71573],[-9.20134,38.7154],[-9.2007,38.7154],[-9.20007,38.71555],[-9.19997,38.71584],[-9.19964,38.71648],[-9.19948,38.71711],[-9.2,38.71774],[-9.19944,38.7183],[-9.1993,38.71837],[-9.19881,38.71898],[-9.19818,38.71898],[-9.19755,38.71889],[-9.1975,38.719],[-9.19755,38.71906],[-9.19788,38.71963],[-9.1978,38.72026],[-9.198,38.72089],[-9.19816,38.72152],[-9.19818,38.72162],[-9.19881,38.72162],[-9.19906,38.72215],[-9.19944,38.72245],[-9.20007,38.72233],[-9.2007,38.72263],[-9.20134,38.72263],[-9.20162,38.72278],[-9.20197,38.72328],[-9.2026,38.72329],[-9.20264,38.72341],[-9.2026,38.72345],[-9.20197,38.72343],[-9.20134,38.72356],[-9.2007,38.72356],[-9.20055,38.72341],[-9.20007,38.72289],[-9.19944,38.72317],[-9.19881,38.72327],[-9.19818,38.72327],[-9.19808,38.72341],[-9.19755,38.72394],[-9.19728,38.72404],[-9.19755,38.72437],[-9.19818,38.72447],[-9.19881,38.72447],[-9.19908,38.72468],[-9.19881,38.72492],[-9.19818,38.72492],[-9.19755,38.72483],[-9.19727,38.72531],[-9.19692,38.72563],[-9.19629,38.7257],[-9.19614,38.72594],[-9.19614,38.72657],[-9.19605,38.7272],[-9.19566,38.72728],[-9.19503,38.72728],[-9.19497,38.7272],[-9.1944,38.72659],[-9.19428,38.72657],[-9.19428,38.72594],[-9.19377,38.72567],[-9.19314,38.72575],[-9.19251,38.72541],[-9.19187,38.72541],[-9.19182,38.72531],[-9.19187,38.72499],[-9.19251,38.72499],[-9.19257,38.72468],[-9.19314,38.72433],[-9.19377,38.72436],[-9.19415,38.72404],[-9.19402,38.72341],[-9.19393,38.72278],[-9.19377,38.72225],[-9.19373,38.72215],[-9.19361,38.72152],[-9.19347,38.72089],[-9.19377,38.72027],[-9.19377,38.72026],[-9.19378,38.71963],[-9.19377,38.71958],[-9.19314,38.71942],[-9.19251,38.71942],[-9.19187,38.71905],[-9.19177,38.719],[-9.19124,38.7188],[-9.19061,38.71866],[-9.19009,38.719],[-9.18998,38.71904],[-9.18935,38.71904],[-9.18927,38.719],[-9.18872,38.71879],[-9.18809,38.71888],[-9.18747,38.719],[-9.18746,38.719],[-9.18745,38.719],[-9.18683,38.7185],[-9.1862,38.7185],[-9.18564,38.71837],[-9.18557,38.71835],[-9.18494,38.71793],[-9.18467,38.71837],[-9.18431,38.71851],[-9.18368,38.71851],[-9.18317,38.71837],[-9.18304,38.71816],[-9.18241,38.71809],[-9.18225,38.71774],[-9.18241,38.71712],[-9.18243,38.71711],[-9.18241,38.71709],[-9.18228,38.71648],[-9.18178,38.71622],[-9.18115,38.71623],[-9.18052,38.71623],[-9.17989,38.71633],[-9.17926,38.71622],[-9.17888,38.71648],[-9.17872,38.71711],[-9.17863,38.71742],[-9.17858,38.71774],[-9.17863,38.718],[-9.1787,38.71837],[-9.17893,38.719],[-9.17903,38.71963],[-9.17903,38.72026],[-9.17926,38.72081],[-9.17963,38.72089],[-9.17989,38.72096],[-9.1803,38.72089],[-9.18052,38.72087],[-9.18115,38.72087],[-9.18117,38.72089],[-9.18144,38.72152],[-9.1815,38.72215],[-9.18178,38.72241],[-9.18223,38.72278],[-9.18241,38.72331],[-9.18247,38.72341],[-9.18304,38.72384],[-9.18327,38.72404],[-9.1835,38.72468],[-9.18334,38.72531],[-9.18304,38.72544],[-9.1828,38.72531],[-9.18241,38.72481],[-9.18178,38.7249],[-9.18115,38.72481],[-9.18052,38.72481],[-9.17989,38.72496],[-9.17926,38.72489],[-9.17907,38.72531],[-9.17863,38.72556],[-9.178,38.72544],[-9.17737,38.72544],[-9.17674,38.72572],[-9.1764,38.72594],[-9.1764,38.72657],[-9.17617,38.7272],[-9.17611,38.72761],[-9.17604,38.72783],[-9.17604,38.72846],[-9.17606,38.72909],[-9.17611,38.72914],[-9.17631,38.72972],[-9.17644,38.73035],[-9.17667,38.73098],[-9.17633,38.73161],[-9.17674,38.73213],[-9.17687,38.73224],[-9.17688,38.73287],[-9.1771,38.73351],[-9.17674,38.73366],[-9.17643,38.73414],[-9.17611,38.73441],[-9.17579,38.73477],[-9.17611,38.73535],[-9.17615,38.7354],[-9.17611,38.73554],[-9.17601,38.73603],[-9.17611,38.7362],[-9.17653,38.73603],[-9.17674,38.73597],[-9.17737,38.73597],[-9.178,38.73597],[-9.17803,38.73603],[-9.17806,38.73666],[-9.17856,38.73729],[-9.17863,38.73732],[-9.17926,38.73774],[-9.17956,38.73792],[-9.17989,38.73818],[-9.18052,38.73848],[-9.18115,38.73848],[-9.18124,38.73855],[-9.18124,38.73918],[-9.18178,38.73939],[-9.18222,38.73981],[-9.18241,38.74035],[-9.18254,38.74044],[-9.18297,38.74107],[-9.18304,38.74128],[-9.18368,38.74128],[-9.18383,38.7417],[-9.18429,38.74234],[-9.18431,38.74234],[-9.1844,38.74234],[-9.18494,38.74228],[-9.18499,38.74234],[-9.18557,38.74274],[-9.18586,38.74297],[-9.1862,38.74315],[-9.18683,38.74315],[-9.18746,38.74308],[-9.18809,38.74316],[-9.18832,38.74297],[-9.18872,38.74258],[-9.18935,38.74277],[-9.18998,38.74277],[-9.19061,38.74238],[-9.19124,38.74254]],[[-9.19692,38.72367],[-9.19755,38.72354],[-9.19768,38.72341],[-9.19789,38.72278],[-9.19778,38.72215],[-9.19766,38.72152],[-9.19767,38.72089],[-9.19755,38.72054],[-9.19692,38.72053],[-9.19668,38.72026],[-9.1967,38.71963],[-9.19629,38.71921],[-9.19566,38.71915],[-9.19503,38.71915],[-9.1944,38.71946],[-9.19429,38.71963],[-9.19429,38.72026],[-9.19402,38.72089],[-9.19409,38.72152],[-9.19398,38.72215],[-9.19426,38.72278],[-9.1944,38.7233],[-9.19503,38.72322],[-9.19566,38.72322],[-9.19586,38.72341],[-9.19566,38.72374],[-9.19503,38.72374],[-9.19471,38.72404],[-9.1944,38.72453],[-9.19416,38.72468],[-9.1944,38.72492],[-9.19493,38.72468],[-9.19503,38.72464],[-9.19566,38.72464],[-9.19629,38.72409],[-9.19634,38.72404],[-9.19692,38.72367]],[[-9.18344,38.71711],[-9.18368,38.71752],[-9.18431,38.71752],[-9.18453,38.71711],[-9.1847,38.71648],[-9.18431,38.71621],[-9.18368,38.71621],[-9.18338,38.71648],[-9.18344,38.71711]],[[-9.1944,38.71762],[-9.19436,38.71774],[-9.19435,38.71837],[-9.1944,38.71843],[-9.19503,38.7187],[-9.19566,38.7187],[-9.19629,38.71875],[-9.19685,38.71837],[-9.19629,38.71805],[-9.1958,38.71774],[-9.19566,38.71765],[-9.19503,38.71765],[-9.1944,38.71762]]],[[[-9.1944,38.73051],[-9.19399,38.73035],[-9.1944,38.7302],[-9.19453,38.73035],[-9.1944,38.73051]]],[[[-9.17498,38.69769],[-9.17498,38.69818],[-9.17484,38.69832],[-9.17421,38.69829],[-9.17413,38.69818],[-9.17421,38.69818],[-9.17484,38.69755],[-9.17498,38.69769]]],[[[-9.1891,38.71143],[-9.18935,38.71135],[-9.18998,38.71135],[-9.19018,38.71143],[-9.19044,38.71206],[-9.18998,38.71227],[-9.18935,38.71227],[-9.18872,38.71226],[-9.18856,38.71206],[-9.18872,38.71185],[-9.1891,38.71143]]],[[[-9.18805,38.71458],[-9.18809,38.71453],[-9.18814,38.71458],[-9.18809,38.7146],[-9.18805,38.71458]]],[[[-9.18378,38.73035],[-9.18368,38.73043],[-9.18304,38.73043],[-9.18301,38.73035],[-9.18304,38.73012],[-9.18368,38.73018],[-9.18378,38.73035]]],[[[-9.18809,38.73626],[-9.18764,38.73603],[-9.18746,38.73596],[-9.18683,38.73592],[-9.1862,38.73592],[-9.18585,38.7354],[-9.18557,38.73525],[-9.18494,38.73533],[-9.18431,38.73509],[-9.18386,38.73477],[-9.18373,38.73414],[-9.18368,38.73363],[-9.18304,38.73363],[-9.18303,38.73351],[-9.18304,38.73344],[-9.18368,38.73344],[-9.18379,38.73287],[-9.18379,38.73224],[-9.18408,38.73161],[-9.18412,38.73098],[-9.18431,38.73076],[-9.18446,38.73035],[-9.18439,38.72972],[-9.18431,38.72942],[-9.18368,38.72942],[-9.18358,38.72909],[-9.18368,38.72891],[-9.18431,38.72891],[-9.18493,38.72846],[-9.18494,38.72835],[-9.18557,38.72784],[-9.18559,38.72783],[-9.1862,38.72735],[-9.18683,38.72735],[-9.18746,38.72729],[-9.18801,38.72783],[-9.18809,38.72789],[-9.18872,38.72806],[-9.18935,38.72814],[-9.18998,38.72814],[-9.19061,38.72808],[-9.19091,38.72846],[-9.19124,38.72884],[-9.19172,38.72909],[-9.19187,38.72916],[-9.19251,38.72916],[-9.19311,38.72972],[-9.19314,38.72977],[-9.19368,38.73035],[-9.19377,38.73062],[-9.19388,38.73098],[-9.1944,38.73151],[-9.19445,38.73161],[-9.19452,38.73224],[-9.1945,38.73287],[-9.1949,38.73351],[-9.1944,38.73399],[-9.19421,38.73414],[-9.19387,38.73477],[-9.19377,38.73482],[-9.19314,38.73539],[-9.19312,38.7354],[-9.19251,38.73567],[-9.19187,38.73567],[-9.19132,38.73603],[-9.19124,38.73611],[-9.19061,38.73632],[-9.18998,38.73631],[-9.18935,38.73631],[-9.18872,38.7363],[-9.18809,38.73626]],[[-9.19377,38.73346],[-9.194,38.73287],[-9.19377,38.73251],[-9.1937,38.73224],[-9.19377,38.7321],[-9.19411,38.73161],[-9.19377,38.73126],[-9.19337,38.73098],[-9.19321,38.73035],[-9.19314,38.73028],[-9.19281,38.72972],[-9.19251,38.72944],[-9.19187,38.72944],[-9.19124,38.72917],[-9.19116,38.72909],[-9.19064,38.72846],[-9.19061,38.72842],[-9.19049,38.72846],[-9.18998,38.72859],[-9.18935,38.72859],[-9.18896,38.72846],[-9.18872,38.72838],[-9.18809,38.72814],[-9.18768,38.72783],[-9.18746,38.72761],[-9.18686,38.72783],[-9.18683,38.72786],[-9.1862,38.72786],[-9.18557,38.72833],[-9.18543,38.72846],[-9.18516,38.72909],[-9.18494,38.72942],[-9.18469,38.72972],[-9.18474,38.73035],[-9.18443,38.73098],[-9.18444,38.73161],[-9.18431,38.73213],[-9.18426,38.73224],[-9.18426,38.73287],[-9.18412,38.73351],[-9.18422,38.73414],[-9.18429,38.73477],[-9.18431,38.73478],[-9.18494,38.73506],[-9.18557,38.73512],[-9.18612,38.7354],[-9.1862,38.73551],[-9.18683,38.73551],[-9.18746,38.73573],[-9.18809,38.73593],[-9.18872,38.73594],[-9.18935,38.73594],[-9.18998,38.73594],[-9.19061,38.73597],[-9.19124,38.73584],[-9.19187,38.7355],[-9.19251,38.7355],[-9.19273,38.7354],[-9.19314,38.73504],[-9.19345,38.73477],[-9.19358,38.73414],[-9.19375,38.73351],[-9.19377,38.73346]]],[[[-9.10231,38.73521],[-9.10246,38.73477],[-9.10231,38.73462],[-9.10183,38.73462],[-9.10193,38.73452],[-9.10231,38.73452],[-9.10256,38.73477],[-9.10238,38.7354],[-9.10231,38.73558],[-9.10168,38.73558],[-9.10149,38.73558],[-9.10168,38.7354],[-9.10168,38.73521],[-9.10231,38.73521]]],[[[-9.10043,38.73855],[-9.10042,38.73858],[-9.09979,38.73858],[-9.09979,38.73855],[-9.0998,38.73854],[-9.10042,38.73854],[-9.10043,38.73855]]],[[[-9.09792,38.74234],[-9.0979,38.74245],[-9.09727,38.74245],[-9.09727,38.74234],[-9.09733,38.74227],[-9.0979,38.74227],[-9.09792,38.74234]]],[[[-9.09677,38.74612],[-9.09712,38.74549],[-9.09727,38.74508],[-9.09728,38.74486],[-9.09739,38.74423],[-9.09727,38.74407],[-9.09679,38.74407],[-9.09695,38.74391],[-9.09727,38.74391],[-9.09753,38.74423],[-9.09748,38.74486],[-9.09744,38.74549],[-9.09727,38.74576],[-9.09699,38.74612],[-9.09699,38.74675],[-9.09663,38.74734],[-9.096,38.74734],[-9.096,38.74697],[-9.09663,38.74697],[-9.09677,38.74675],[-9.09677,38.74612]]],[[[-9.09222,38.76192],[-9.09221,38.76189],[-9.09222,38.76175],[-9.09236,38.76126],[-9.09237,38.76063],[-9.09259,38.76],[-9.09238,38.75937],[-9.09229,38.75873],[-9.09236,38.7581],[-9.09243,38.75747],[-9.0928,38.75684],[-9.09285,38.75665],[-9.09348,38.75665],[-9.09359,38.75621],[-9.09356,38.75558],[-9.09366,38.75495],[-9.0937,38.75432],[-9.0939,38.75369],[-9.0939,38.75306],[-9.09411,38.75306],[-9.09414,38.75303],[-9.09414,38.75306],[-9.0942,38.75369],[-9.09411,38.754],[-9.09405,38.75432],[-9.09396,38.75495],[-9.09386,38.75558],[-9.09394,38.75621],[-9.09377,38.75684],[-9.09348,38.75717],[-9.09285,38.75717],[-9.09267,38.75747],[-9.09277,38.7581],[-9.09269,38.75873],[-9.09272,38.75937],[-9.09282,38.76],[-9.09275,38.76063],[-9.09285,38.76103],[-9.09348,38.76103],[-9.09354,38.76126],[-9.09361,38.76189],[-9.09411,38.76248],[-9.09417,38.76252],[-9.09414,38.76315],[-9.09414,38.76318],[-9.09411,38.76315],[-9.09379,38.76315],[-9.09379,38.76252],[-9.09348,38.76217],[-9.09285,38.76217],[-9.09222,38.76192]]],[[[-9.09096,38.77703],[-9.09096,38.77649],[-9.09159,38.77649],[-9.09162,38.77639],[-9.09159,38.77631],[-9.09096,38.77631],[-9.09096,38.77576],[-9.09096,38.77541],[-9.09159,38.77541],[-9.09176,38.77513],[-9.09167,38.7745],[-9.09159,38.77438],[-9.09109,38.77438],[-9.09159,38.77387],[-9.09134,38.77363],[-9.09159,38.77363],[-9.0919,38.77324],[-9.09159,38.77272],[-9.09147,38.77272],[-9.09159,38.77261],[-9.09159,38.77198],[-9.09159,38.77135],[-9.09159,38.77132],[-9.09222,38.77132],[-9.09224,38.77135],[-9.09224,38.77198],[-9.09282,38.77261],[-9.09222,38.77303],[-9.09214,38.77324],[-9.09222,38.77367],[-9.09231,38.77387],[-9.09222,38.77403],[-9.09203,38.7745],[-9.09206,38.77513],[-9.09173,38.77576],[-9.09187,38.77639],[-9.09175,38.77703],[-9.09204,38.77766],[-9.09194,38.77829],[-9.09194,38.77892],[-9.09159,38.7795],[-9.09096,38.7795],[-9.09096,38.77892],[-9.09096,38.77829],[-9.09096,38.77766],[-9.09096,38.77703]]],[[[-9.09096,38.78207],[-9.09096,38.78144],[-9.09096,38.78101],[-9.09159,38.78101],[-9.09169,38.78081],[-9.09175,38.78018],[-9.09159,38.78003],[-9.09096,38.78003],[-9.09096,38.77956],[-9.09159,38.77956],[-9.09222,38.78007],[-9.09224,38.78018],[-9.09231,38.78081],[-9.09226,38.78144],[-9.09222,38.78152],[-9.0919,38.78207],[-9.0918,38.7827],[-9.092,38.78333],[-9.0919,38.78396],[-9.09159,38.78435],[-9.09096,38.78435],[-9.09096,38.78396],[-9.09096,38.78333],[-9.09096,38.7827],[-9.09096,38.78207]]],[[[-9.0918,38.78649],[-9.09159,38.78676],[-9.09096,38.78676],[-9.09096,38.78649],[-9.09117,38.78628],[-9.09159,38.78628],[-9.0918,38.78649]]],[[[-9.09102,38.79469],[-9.09096,38.79408],[-9.09033,38.79408],[-9.09033,38.79406],[-9.09033,38.79375],[-9.09096,38.79375],[-9.0911,38.79406],[-9.09123,38.79469],[-9.09126,38.79532],[-9.09096,38.79556],[-9.09057,38.79556],[-9.09033,38.79532],[-9.09033,38.7953],[-9.09096,38.7953],[-9.09102,38.79469]]]]},"properties":{"class":3,"label":"32 a 33","fill":"#fec965"}},{"type":"Feature","geometry":{"type":"MultiPolygon","coordinates":[[[[-9.21143,38.69251],[-9.21206,38.69188],[-9.2121,38.69188],[-9.2121,38.69251],[-9.21269,38.69257],[-9.21332,38.69257],[-9.21354,38.69251],[-9.21354,38.69188],[-9.21395,38.69188],[-9.21415,38.69188],[-9.21458,38.69216],[-9.21521,38.69222],[-9.21584,38.69225],[-9.21647,38.69225],[-9.21695,38.69188],[-9.21695,38.69173],[-9.2171,38.69188],[-9.21773,38.69188],[-9.21789,38.69203],[-9.21789,38.69251],[-9.21773,38.69267],[-9.2171,38.69264],[-9.21671,38.69251],[-9.21647,38.69245],[-9.21584,38.69245],[-9.21544,38.69251],[-9.21521,38.6926],[-9.21496,38.69251],[-9.21458,38.69244],[-9.2144,38.69251],[-9.21395,38.69268],[-9.21332,38.69278],[-9.21269,38.69278],[-9.21206,38.69297],[-9.21143,38.69313],[-9.21108,38.69251],[-9.21143,38.69251]]],[[[-9.22152,38.69281],[-9.22215,38.69281],[-9.22278,38.69286],[-9.22341,38.69282],[-9.22373,38.69282],[-9.22358,38.69297],[-9.22341,38.69297],[-9.22278,38.69302],[-9.22215,38.69299],[-9.22152,38.69299],[-9.22108,38.69251],[-9.22124,38.69251],[-9.22152,38.69281]]],[[[-9.20833,38.69251],[-9.20833,38.69314],[-9.20827,38.69318],[-9.20764,38.69322],[-9.20756,38.69314],[-9.20764,38.69314],[-9.20827,38.69251],[-9.20833,38.69251]]],[[[-9.22398,38.69377],[-9.22398,38.69371],[-9.22404,38.69377],[-9.22413,38.69386],[-9.22413,38.6944],[-9.22404,38.69445],[-9.22398,38.6944],[-9.22398,38.69377]]],[[[-9.20523,38.69314],[-9.20546,38.69314],[-9.20546,38.69377],[-9.20546,38.6944],[-9.20512,38.69478],[-9.20458,38.69503],[-9.20449,38.69511],[-9.20386,38.69511],[-9.20377,38.69503],[-9.20323,38.6948],[-9.2026,38.69466],[-9.20197,38.69455],[-9.20134,38.69455],[-9.20115,38.6944],[-9.20134,38.6944],[-9.20197,38.69377],[-9.20252,38.69377],[-9.20252,38.6944],[-9.2026,38.69441],[-9.20323,38.69458],[-9.20386,38.69463],[-9.20449,38.69463],[-9.20512,38.69453],[-9.20523,38.6944],[-9.20523,38.69377],[-9.20523,38.69314]]],[[[-9.19944,38.6944],[-9.19955,38.6944],[-9.19955,38.69503],[-9.19944,38.6951],[-9.19881,38.69517],[-9.19818,38.69517],[-9.19755,38.69516],[-9.19727,38.69503],[-9.19755,38.69503],[-9.19818,38.6944],[-9.19881,38.6944],[-9.19944,38.6944]]],[[[-9.19377,38.69566],[-9.1944,38.69503],[-9.1944,38.69566],[-9.19377,38.69566]]],[[[-9.22958,38.69578],[-9.22954,38.69584],[-9.22925,38.69566],[-9.22909,38.69543],[-9.22846,38.69543],[-9.22822,38.69526],[-9.22834,38.69515],[-9.22846,38.69524],[-9.22909,38.69524],[-9.22939,38.69566],[-9.22958,38.69578]]],[[[-9.19157,38.69566],[-9.19157,38.69629],[-9.19124,38.69636],[-9.19061,38.69636],[-9.19052,38.69629],[-9.19061,38.69629],[-9.19124,38.69566],[-9.19157,38.69566]]],[[[-9.18761,38.69629],[-9.18761,38.69692],[-9.18746,38.697],[-9.18683,38.697],[-9.18676,38.69692],[-9.18683,38.69692],[-9.18746,38.69629],[-9.18761,38.69629]]],[[[-9.214,38.69818],[-9.21395,38.69828],[-9.2139,38.69818],[-9.21395,38.69813],[-9.214,38.69818]]],[[[-9.21793,38.7026],[-9.21773,38.7029],[-9.21747,38.7026],[-9.21773,38.7025],[-9.21793,38.7026]]],[[[-9.21735,38.70828],[-9.2171,38.70806],[-9.21647,38.70781],[-9.21584,38.70781],[-9.21578,38.70765],[-9.21521,38.70708],[-9.2151,38.70701],[-9.2151,38.70638],[-9.21514,38.70575],[-9.21458,38.70532],[-9.21416,38.70512],[-9.21434,38.70449],[-9.21458,38.70426],[-9.21521,38.70429],[-9.21552,38.70386],[-9.21521,38.70351],[-9.21476,38.70323],[-9.21509,38.7026],[-9.2147,38.70197],[-9.21458,38.70182],[-9.21422,38.70134],[-9.21458,38.70091],[-9.21503,38.70134],[-9.21521,38.70149],[-9.21556,38.70197],[-9.21529,38.7026],[-9.21584,38.70287],[-9.21647,38.70287],[-9.2171,38.70317],[-9.21718,38.70323],[-9.2171,38.70327],[-9.21688,38.70386],[-9.2171,38.70403],[-9.21773,38.70392],[-9.21788,38.70386],[-9.21801,38.70323],[-9.21837,38.70298],[-9.219,38.70298],[-9.21963,38.70307],[-9.2201,38.7026],[-9.22026,38.70235],[-9.22089,38.70235],[-9.22145,38.70197],[-9.22152,38.7019],[-9.22215,38.7019],[-9.22223,38.70197],[-9.22236,38.7026],[-9.22215,38.70293],[-9.22152,38.70293],[-9.22133,38.70323],[-9.22117,38.70386],[-9.22152,38.70418],[-9.22215,38.70418],[-9.22256,38.70449],[-9.22243,38.70512],[-9.22234,38.70575],[-9.22215,38.7062],[-9.22152,38.7062],[-9.22135,38.70638],[-9.22126,38.70701],[-9.22119,38.70765],[-9.22152,38.70807],[-9.22215,38.70807],[-9.22227,38.70828],[-9.22215,38.70846],[-9.22152,38.70846],[-9.22116,38.70891],[-9.22126,38.70954],[-9.22152,38.71],[-9.22215,38.71],[-9.22226,38.71017],[-9.22215,38.7104],[-9.22152,38.7104],[-9.22129,38.7108],[-9.22152,38.71115],[-9.22215,38.71115],[-9.22228,38.71143],[-9.22215,38.71172],[-9.22152,38.71172],[-9.22089,38.71188],[-9.22074,38.71206],[-9.22089,38.71237],[-9.22102,38.71269],[-9.22102,38.71332],[-9.22089,38.71355],[-9.22067,38.71395],[-9.22026,38.71455],[-9.22022,38.71458],[-9.21967,38.71521],[-9.21963,38.71527],[-9.21931,38.71521],[-9.219,38.71516],[-9.21837,38.71516],[-9.21778,38.71458],[-9.21773,38.71455],[-9.21731,38.71395],[-9.2171,38.71336],[-9.21703,38.71332],[-9.21676,38.71269],[-9.2171,38.71241],[-9.21746,38.71206],[-9.21772,38.71143],[-9.21771,38.7108],[-9.21771,38.71017],[-9.21742,38.70954],[-9.21773,38.70921],[-9.21802,38.70891],[-9.21773,38.70862],[-9.21735,38.70828]],[[-9.219,38.71006],[-9.21837,38.71006],[-9.21836,38.71017],[-9.21833,38.7108],[-9.21837,38.71111],[-9.219,38.71111],[-9.21906,38.71143],[-9.2194,38.71206],[-9.219,38.71238],[-9.21837,38.71238],[-9.21773,38.71266],[-9.2177,38.71269],[-9.21772,38.71332],[-9.21757,38.71395],[-9.21773,38.71418],[-9.21823,38.71458],[-9.21837,38.71471],[-9.219,38.71471],[-9.21963,38.71474],[-9.21976,38.71458],[-9.22026,38.71415],[-9.22039,38.71395],[-9.22054,38.71332],[-9.22054,38.71269],[-9.22036,38.71206],[-9.22089,38.71144],[-9.22092,38.71143],[-9.22089,38.71119],[-9.22063,38.7108],[-9.22089,38.71048],[-9.22093,38.71017],[-9.22095,38.70954],[-9.22089,38.70927],[-9.22071,38.70891],[-9.22026,38.7086],[-9.21963,38.70863],[-9.21943,38.70891],[-9.21903,38.70954],[-9.219,38.71006]],[[-9.21773,38.70768],[-9.21778,38.70765],[-9.21773,38.70754],[-9.21771,38.70765],[-9.21773,38.70768]],[[-9.21746,38.70638],[-9.2171,38.70611],[-9.21675,38.70638],[-9.21675,38.70701],[-9.2171,38.70716],[-9.21746,38.70701],[-9.21746,38.70638]],[[-9.22026,38.70767],[-9.22032,38.70765],[-9.22029,38.70701],[-9.22029,38.70638],[-9.22089,38.70605],[-9.22114,38.70575],[-9.2211,38.70512],[-9.22089,38.70482],[-9.22057,38.70449],[-9.22026,38.70389],[-9.22024,38.70386],[-9.21963,38.70362],[-9.21935,38.70386],[-9.21916,38.70449],[-9.21942,38.70512],[-9.21919,38.70575],[-9.21963,38.70584],[-9.22024,38.70638],[-9.22024,38.70701],[-9.22023,38.70765],[-9.22026,38.70767]],[[-9.21773,38.7043],[-9.2171,38.70444],[-9.21701,38.70449],[-9.2171,38.7046],[-9.21773,38.70488],[-9.21823,38.70449],[-9.21773,38.7043]]],[[[-9.21963,38.71372],[-9.21925,38.71332],[-9.21963,38.71307],[-9.21985,38.71332],[-9.21963,38.71372]]],[[[-9.19194,38.71395],[-9.19187,38.71404],[-9.19163,38.71395],[-9.19187,38.71382],[-9.19194,38.71395]]],[[[-9.21167,38.71395],[-9.21206,38.71365],[-9.21269,38.71379],[-9.21332,38.71379],[-9.21343,38.71395],[-9.21332,38.71454],[-9.21269,38.71454],[-9.21268,38.71458],[-9.21253,38.71521],[-9.21206,38.71554],[-9.21157,38.71521],[-9.21143,38.71501],[-9.21117,38.71458],[-9.21143,38.71416],[-9.21167,38.71395]]],[[[-9.19629,38.71921],[-9.1967,38.71963],[-9.19668,38.72026],[-9.19692,38.72053],[-9.19755,38.72054],[-9.19767,38.72089],[-9.19766,38.72152],[-9.19778,38.72215],[-9.19789,38.72278],[-9.19768,38.72341],[-9.19755,38.72354],[-9.19692,38.72367],[-9.19634,38.72404],[-9.19629,38.72409],[-9.19566,38.72464],[-9.19503,38.72464],[-9.19493,38.72468],[-9.1944,38.72492],[-9.19416,38.72468],[-9.1944,38.72453],[-9.19471,38.72404],[-9.19503,38.72374],[-9.19566,38.72374],[-9.19586,38.72341],[-9.19566,38.72322],[-9.19503,38.72322],[-9.1944,38.7233],[-9.19426,38.72278],[-9.19398,38.72215],[-9.19409,38.72152],[-9.19402,38.72089],[-9.19429,38.72026],[-9.19429,38.71963],[-9.1944,38.71946],[-9.19503,38.71915],[-9.19566,38.71915],[-9.19629,38.71921]],[[-9.19629,38.72355],[-9.19648,38.72341],[-9.19683,38.72278],[-9.19687,38.72215],[-9.19692,38.72199],[-9.1971,38.72152],[-9.19692,38.72118],[-9.19671,38.72089],[-9.19629,38.72035],[-9.19566,38.72059],[-9.19503,38.72059],[-9.19462,38.72089],[-9.1945,38.72152],[-9.1944,38.72168],[-9.19421,38.72215],[-9.1944,38.72252],[-9.1948,38.72278],[-9.19503,38.72289],[-9.19566,38.72289],[-9.1962,38.72341],[-9.19629,38.72355]],[[-9.19629,38.71979],[-9.1963,38.71963],[-9.19629,38.71962],[-9.19622,38.71963],[-9.19629,38.71979]]],[[[-9.18178,38.7404],[-9.18115,38.74023],[-9.18052,38.74023],[-9.18013,38.73981],[-9.17989,38.73956],[-9.17926,38.73939],[-9.17919,38.73918],[-9.17901,38.73855],[-9.17863,38.73799],[-9.178,38.73818],[-9.17737,38.73818],[-9.1768,38.73792],[-9.17675,38.73729],[-9.17674,38.73728],[-9.17672,38.73729],[-9.17611,38.73783],[-9.17566,38.73729],[-9.17548,38.73689],[-9.17484,38.73689],[-9.17472,38.73666],[-9.17454,38.73603],[-9.17422,38.7354],[-9.17421,38.73537],[-9.17358,38.73517],[-9.17335,38.73477],[-9.17358,38.73451],[-9.17413,38.73414],[-9.17421,38.73409],[-9.17452,38.73351],[-9.17484,38.73304],[-9.17548,38.73304],[-9.17566,38.73287],[-9.17566,38.73224],[-9.17555,38.73161],[-9.1757,38.73098],[-9.17548,38.7305],[-9.17484,38.7305],[-9.17479,38.73035],[-9.17484,38.72998],[-9.17548,38.72998],[-9.17553,38.72972],[-9.17548,38.72965],[-9.17484,38.72965],[-9.17421,38.72916],[-9.17414,38.72909],[-9.17421,38.72889],[-9.17429,38.72846],[-9.17421,38.72803],[-9.17417,38.72783],[-9.17418,38.7272],[-9.17421,38.72709],[-9.17447,38.72657],[-9.17465,38.72594],[-9.17461,38.72531],[-9.17484,38.72508],[-9.17548,38.72508],[-9.17597,38.72531],[-9.17611,38.72534],[-9.17618,38.72531],[-9.17674,38.72483],[-9.17737,38.72473],[-9.178,38.72473],[-9.17863,38.72473],[-9.17866,38.72468],[-9.17871,38.72404],[-9.17863,38.72364],[-9.17851,38.72341],[-9.17863,38.72332],[-9.1789,38.72278],[-9.17863,38.72243],[-9.178,38.72224],[-9.17737,38.72224],[-9.17733,38.72215],[-9.17737,38.72208],[-9.178,38.72208],[-9.17812,38.72152],[-9.178,38.72131],[-9.17737,38.72131],[-9.17674,38.72125],[-9.17644,38.72089],[-9.17651,38.72026],[-9.17651,38.71963],[-9.17674,38.71925],[-9.17693,38.719],[-9.17688,38.71837],[-9.17674,38.71805],[-9.17653,38.71774],[-9.17666,38.71711],[-9.17674,38.71677],[-9.17684,38.71648],[-9.17737,38.71594],[-9.178,38.71594],[-9.17805,38.71584],[-9.178,38.71533],[-9.17737,38.71533],[-9.17732,38.71521],[-9.17737,38.71514],[-9.178,38.71514],[-9.17835,38.71458],[-9.178,38.71431],[-9.17737,38.71431],[-9.17727,38.71395],[-9.17727,38.71332],[-9.17737,38.71317],[-9.178,38.71327],[-9.17863,38.71327],[-9.17876,38.71332],[-9.17872,38.71395],[-9.17926,38.71451],[-9.17931,38.71458],[-9.17981,38.71521],[-9.17989,38.71526],[-9.18052,38.71537],[-9.18115,38.71537],[-9.18178,38.71524],[-9.18241,38.7153],[-9.18265,38.71521],[-9.18257,38.71458],[-9.18304,38.71398],[-9.18352,38.71395],[-9.18352,38.71332],[-9.18304,38.71309],[-9.18297,38.71269],[-9.18304,38.71243],[-9.18368,38.71257],[-9.18431,38.71257],[-9.18478,38.71269],[-9.18494,38.71275],[-9.18557,38.71272],[-9.1862,38.71273],[-9.18683,38.71273],[-9.18684,38.71269],[-9.18705,38.71206],[-9.18746,38.71167],[-9.18809,38.71159],[-9.18824,38.71143],[-9.18872,38.71111],[-9.18935,38.71085],[-9.18998,38.71085],[-9.19061,38.71106],[-9.19093,38.71143],[-9.19124,38.71185],[-9.19133,38.71206],[-9.19138,38.71269],[-9.19124,38.71303],[-9.19102,38.71332],[-9.19102,38.71395],[-9.19061,38.71444],[-9.19014,38.71395],[-9.18998,38.7137],[-9.18935,38.7137],[-9.18917,38.71395],[-9.18918,38.71458],[-9.18899,38.71521],[-9.18872,38.71536],[-9.18853,38.71521],[-9.18809,38.7149],[-9.18749,38.71458],[-9.18766,38.71395],[-9.18766,38.71332],[-9.18746,38.71326],[-9.1873,38.71332],[-9.1873,38.71395],[-9.18733,38.71458],[-9.18731,38.71521],[-9.18683,38.71548],[-9.1862,38.71548],[-9.18593,38.71584],[-9.1862,38.71627],[-9.18683,38.71627],[-9.18688,38.71648],[-9.18683,38.71658],[-9.1862,38.71658],[-9.18586,38.71711],[-9.18576,38.71774],[-9.1862,38.71803],[-9.18683,38.71803],[-9.18724,38.71837],[-9.18746,38.71856],[-9.18809,38.71848],[-9.18872,38.71838],[-9.18935,38.71838],[-9.18998,38.71838],[-9.19,38.71837],[-9.19061,38.71797],[-9.19124,38.71807],[-9.19148,38.71774],[-9.19187,38.71751],[-9.19235,38.71774],[-9.19251,38.71793],[-9.19314,38.71793],[-9.19341,38.71774],[-9.19377,38.71741],[-9.1939,38.71711],[-9.19377,38.71684],[-9.19362,38.71648],[-9.19377,38.71634],[-9.19412,38.71648],[-9.1944,38.71662],[-9.19497,38.71648],[-9.19503,38.71646],[-9.19566,38.71646],[-9.19572,38.71648],[-9.19629,38.71683],[-9.19692,38.71695],[-9.19739,38.71711],[-9.19755,38.71721],[-9.19772,38.71711],[-9.19818,38.71689],[-9.19881,38.71689],[-9.19901,38.71648],[-9.19933,38.71584],[-9.19944,38.71568],[-9.19964,38.71521],[-9.20004,38.71458],[-9.20007,38.71454],[-9.2007,38.71443],[-9.20134,38.71443],[-9.20197,38.71418],[-9.20256,38.71458],[-9.2026,38.71463],[-9.20323,38.71502],[-9.20336,38.71521],[-9.20349,38.71584],[-9.20386,38.7162],[-9.20449,38.7162],[-9.20512,38.71623],[-9.20575,38.71624],[-9.20638,38.71632],[-9.20701,38.71637],[-9.20764,38.71637],[-9.20782,38.71648],[-9.20827,38.7167],[-9.20865,38.71648],[-9.2089,38.71636],[-9.20953,38.71615],[-9.21017,38.71615],[-9.2108,38.71639],[-9.21085,38.71648],[-9.2108,38.71653],[-9.21037,38.71711],[-9.21017,38.71742],[-9.20953,38.71742],[-9.20933,38.71774],[-9.2089,38.71836],[-9.2089,38.71837],[-9.20827,38.71898],[-9.20826,38.719],[-9.20791,38.71963],[-9.20791,38.72026],[-9.20764,38.72038],[-9.20701,38.72038],[-9.20685,38.72089],[-9.20701,38.7211],[-9.20764,38.7211],[-9.20827,38.72134],[-9.2089,38.72139],[-9.20907,38.72152],[-9.20906,38.72215],[-9.2089,38.72247],[-9.20867,38.72278],[-9.20827,38.72315],[-9.208,38.72341],[-9.20764,38.7239],[-9.20701,38.7239],[-9.2069,38.72404],[-9.20701,38.72431],[-9.20764,38.72431],[-9.20772,38.72468],[-9.20764,38.72485],[-9.20723,38.72531],[-9.20764,38.72572],[-9.20776,38.72594],[-9.20777,38.72657],[-9.20771,38.7272],[-9.20787,38.72783],[-9.20764,38.72843],[-9.20763,38.72846],[-9.20701,38.72871],[-9.20638,38.72871],[-9.20597,38.72909],[-9.20575,38.72925],[-9.20522,38.72972],[-9.20512,38.72981],[-9.20466,38.73035],[-9.20449,38.7305],[-9.20386,38.7305],[-9.20347,38.73098],[-9.20334,38.73161],[-9.20323,38.73193],[-9.20313,38.73224],[-9.20311,38.73287],[-9.2026,38.7335],[-9.20259,38.73351],[-9.20197,38.73413],[-9.20196,38.73414],[-9.20134,38.73474],[-9.2007,38.73474],[-9.20068,38.73477],[-9.20053,38.7354],[-9.20011,38.73603],[-9.20007,38.73608],[-9.19985,38.73666],[-9.20007,38.73714],[-9.20017,38.73729],[-9.20007,38.7376],[-9.19989,38.73792],[-9.20007,38.73824],[-9.20015,38.73855],[-9.20013,38.73918],[-9.20007,38.73947],[-9.19978,38.73981],[-9.19944,38.74001],[-9.19926,38.74044],[-9.19902,38.74107],[-9.19881,38.74131],[-9.19818,38.74123],[-9.19755,38.74123],[-9.19738,38.7417],[-9.19692,38.74187],[-9.19629,38.74228],[-9.19566,38.74226],[-9.19503,38.74226],[-9.1944,38.74218],[-9.19379,38.74234],[-9.19377,38.74235],[-9.19314,38.74289],[-9.19251,38.74289],[-9.19187,38.74289],[-9.19178,38.74297],[-9.19124,38.74317],[-9.19061,38.74303],[-9.18998,38.7433],[-9.18935,38.7433],[-9.1889,38.7436],[-9.18872,38.74373],[-9.18809,38.74367],[-9.18794,38.7436],[-9.18746,38.74348],[-9.18683,38.74345],[-9.1862,38.74345],[-9.18557,38.7433],[-9.18494,38.74309],[-9.1846,38.74297],[-9.18431,38.74288],[-9.18368,38.74277],[-9.18304,38.74277],[-9.18283,38.74234],[-9.18241,38.74188],[-9.18178,38.74176],[-9.18173,38.7417],[-9.18178,38.74151],[-9.18194,38.74107],[-9.18179,38.74044],[-9.18178,38.7404]],[[-9.18998,38.71227],[-9.19044,38.71206],[-9.19018,38.71143],[-9.18998,38.71135],[-9.18935,38.71135],[-9.1891,38.71143],[-9.18872,38.71185],[-9.18856,38.71206],[-9.18872,38.71226],[-9.18935,38.71227],[-9.18998,38.71227]],[[-9.18809,38.7146],[-9.18814,38.71458],[-9.18809,38.71453],[-9.18805,38.71458],[-9.18809,38.7146]],[[-9.19924,38.73855],[-9.19939,38.73792],[-9.19929,38.73729],[-9.19944,38.73703],[-9.19962,38.73666],[-9.19967,38.73603],[-9.19993,38.7354],[-9.20007,38.73531],[-9.2004,38.73477],[-9.2007,38.73442],[-9.20134,38.73442],[-9.20163,38.73414],[-9.20197,38.73366],[-9.20212,38.73351],[-9.2026,38.73304],[-9.20273,38.73287],[-9.20275,38.73224],[-9.20283,38.73161],[-9.20317,38.73098],[-9.20323,38.73081],[-9.20345,38.73035],[-9.20386,38.73],[-9.20449,38.73],[-9.20471,38.72972],[-9.2051,38.72909],[-9.20512,38.72906],[-9.20573,38.72846],[-9.20575,38.72842],[-9.20621,38.72783],[-9.20598,38.7272],[-9.20578,38.72657],[-9.20575,38.72609],[-9.20573,38.72594],[-9.20575,38.72592],[-9.20597,38.72531],[-9.20575,38.72491],[-9.20547,38.72531],[-9.20512,38.7257],[-9.20484,38.72531],[-9.205,38.72468],[-9.20512,38.72455],[-9.20573,38.72404],[-9.20575,38.72401],[-9.20609,38.72341],[-9.20638,38.72313],[-9.20701,38.72308],[-9.20764,38.72308],[-9.20796,38.72278],[-9.208,38.72215],[-9.20764,38.72157],[-9.20701,38.72157],[-9.20699,38.72152],[-9.2065,38.72089],[-9.20653,38.72026],[-9.20653,38.71963],[-9.20701,38.71929],[-9.20764,38.71929],[-9.20791,38.719],[-9.20827,38.71867],[-9.20859,38.71837],[-9.2089,38.7179],[-9.20902,38.71774],[-9.20934,38.71711],[-9.20953,38.71676],[-9.21017,38.71676],[-9.21034,38.71648],[-9.21017,38.7164],[-9.20953,38.7164],[-9.2093,38.71648],[-9.2089,38.71672],[-9.20827,38.71704],[-9.20764,38.71679],[-9.20701,38.71679],[-9.20638,38.71667],[-9.20575,38.71682],[-9.20512,38.71656],[-9.20449,38.71667],[-9.20386,38.71667],[-9.20357,38.71648],[-9.20323,38.71614],[-9.20293,38.71584],[-9.2026,38.71547],[-9.20233,38.71521],[-9.20197,38.71481],[-9.20134,38.71491],[-9.2007,38.71491],[-9.20007,38.71496],[-9.19991,38.71521],[-9.19967,38.71584],[-9.19944,38.71625],[-9.19931,38.71648],[-9.19907,38.71711],[-9.1993,38.71774],[-9.19881,38.71798],[-9.19818,38.71798],[-9.19755,38.71798],[-9.19737,38.71774],[-9.19692,38.71736],[-9.19629,38.71755],[-9.19566,38.71725],[-9.19503,38.71725],[-9.19479,38.71711],[-9.1944,38.71693],[-9.19421,38.71711],[-9.19397,38.71774],[-9.19377,38.71811],[-9.19336,38.71837],[-9.1932,38.719],[-9.19314,38.71903],[-9.19251,38.71903],[-9.19246,38.719],[-9.19233,38.71837],[-9.1919,38.71774],[-9.19187,38.71773],[-9.19186,38.71774],[-9.19154,38.71837],[-9.19124,38.71851],[-9.19091,38.71837],[-9.19061,38.71825],[-9.19043,38.71837],[-9.18998,38.71871],[-9.18935,38.71871],[-9.18872,38.71859],[-9.18809,38.71868],[-9.18746,38.71878],[-9.18699,38.71837],[-9.18683,38.71824],[-9.1862,38.71824],[-9.18557,38.71791],[-9.18537,38.71774],[-9.18557,38.71715],[-9.18558,38.71711],[-9.18557,38.71702],[-9.18545,38.71648],[-9.1852,38.71584],[-9.18507,38.71521],[-9.18502,38.71458],[-9.18494,38.71429],[-9.18485,38.71458],[-9.18488,38.71521],[-9.18431,38.71559],[-9.18368,38.71559],[-9.18304,38.71576],[-9.18241,38.71574],[-9.18225,38.71584],[-9.18178,38.716],[-9.18122,38.71584],[-9.18115,38.71581],[-9.18052,38.71581],[-9.17989,38.71569],[-9.17926,38.71546],[-9.17913,38.71521],[-9.17863,38.71488],[-9.17832,38.71521],[-9.17842,38.71584],[-9.17816,38.71648],[-9.178,38.71674],[-9.17737,38.71674],[-9.17718,38.71711],[-9.17737,38.71766],[-9.178,38.71766],[-9.17803,38.71774],[-9.17803,38.71837],[-9.17802,38.719],[-9.17863,38.71939],[-9.17876,38.71963],[-9.17876,38.72026],[-9.17863,38.72074],[-9.17849,38.72089],[-9.17863,38.72136],[-9.17926,38.72145],[-9.17946,38.72152],[-9.17989,38.72178],[-9.18023,38.72215],[-9.18035,38.72278],[-9.17989,38.72314],[-9.17959,38.72341],[-9.17987,38.72404],[-9.17926,38.72426],[-9.179,38.72468],[-9.17868,38.72531],[-9.17863,38.72534],[-9.17848,38.72531],[-9.178,38.72514],[-9.17737,38.72514],[-9.17703,38.72531],[-9.17674,38.72541],[-9.17611,38.72578],[-9.17585,38.72594],[-9.17585,38.72657],[-9.17548,38.72702],[-9.17484,38.72702],[-9.17473,38.7272],[-9.17484,38.7278],[-9.17548,38.7278],[-9.17548,38.72783],[-9.17548,38.72784],[-9.17484,38.72784],[-9.17469,38.72846],[-9.17484,38.72909],[-9.17484,38.7291],[-9.17548,38.7291],[-9.17599,38.72972],[-9.17608,38.73035],[-9.17608,38.73098],[-9.17589,38.73161],[-9.17606,38.73224],[-9.17606,38.73287],[-9.17548,38.7334],[-9.17484,38.7334],[-9.17477,38.73351],[-9.17474,38.73414],[-9.17484,38.73467],[-9.17548,38.73467],[-9.17548,38.73477],[-9.17548,38.73479],[-9.17484,38.73479],[-9.17455,38.7354],[-9.17484,38.73575],[-9.17548,38.73575],[-9.1757,38.73603],[-9.17598,38.73666],[-9.17611,38.73712],[-9.17674,38.73683],[-9.17722,38.73729],[-9.17737,38.73767],[-9.178,38.73767],[-9.17863,38.73764],[-9.17904,38.73792],[-9.17926,38.73829],[-9.17969,38.73855],[-9.1798,38.73918],[-9.17989,38.73923],[-9.18043,38.73981],[-9.18052,38.73991],[-9.18115,38.73991],[-9.18135,38.73981],[-9.18178,38.73964],[-9.18196,38.73981],[-9.18212,38.74044],[-9.18234,38.74107],[-9.18241,38.74126],[-9.18264,38.7417],[-9.18304,38.74218],[-9.18368,38.74218],[-9.1838,38.74234],[-9.18431,38.74261],[-9.18494,38.74269],[-9.18557,38.74296],[-9.18558,38.74297],[-9.1862,38.7433],[-9.18683,38.7433],[-9.18746,38.74328],[-9.18809,38.7434],[-9.1886,38.74297],[-9.18872,38.74285],[-9.18895,38.74297],[-9.18935,38.74311],[-9.18998,38.74311],[-9.19026,38.74297],[-9.19061,38.74268],[-9.19111,38.74297],[-9.19124,38.74301],[-9.19135,38.74297],[-9.19187,38.74252],[-9.19251,38.74252],[-9.19314,38.74261],[-9.19345,38.74234],[-9.19377,38.74204],[-9.1944,38.74195],[-9.19503,38.74171],[-9.19566,38.74171],[-9.19629,38.74185],[-9.19657,38.7417],[-9.19692,38.74154],[-9.19727,38.74107],[-9.19755,38.74069],[-9.19818,38.74069],[-9.19881,38.74095],[-9.19901,38.74044],[-9.19921,38.73981],[-9.1991,38.73918],[-9.19924,38.73855]]],[[[-9.18426,38.73224],[-9.18431,38.73213],[-9.18444,38.73161],[-9.18443,38.73098],[-9.18474,38.73035],[-9.18469,38.72972],[-9.18494,38.72942],[-9.18516,38.72909],[-9.18543,38.72846],[-9.18557,38.72833],[-9.1862,38.72786],[-9.18683,38.72786],[-9.18686,38.72783],[-9.18746,38.72761],[-9.18768,38.72783],[-9.18809,38.72814],[-9.18872,38.72838],[-9.18896,38.72846],[-9.18935,38.72859],[-9.18998,38.72859],[-9.19049,38.72846],[-9.19061,38.72842],[-9.19064,38.72846],[-9.19116,38.72909],[-9.19124,38.72917],[-9.19187,38.72944],[-9.19251,38.72944],[-9.19281,38.72972],[-9.19314,38.73028],[-9.19321,38.73035],[-9.19337,38.73098],[-9.19377,38.73126],[-9.19411,38.73161],[-9.19377,38.7321],[-9.1937,38.73224],[-9.19377,38.73251],[-9.194,38.73287],[-9.19377,38.73346],[-9.19375,38.73351],[-9.19358,38.73414],[-9.19345,38.73477],[-9.19314,38.73504],[-9.19273,38.7354],[-9.19251,38.7355],[-9.19187,38.7355],[-9.19124,38.73584],[-9.19061,38.73597],[-9.18998,38.73594],[-9.18935,38.73594],[-9.18872,38.73594],[-9.18809,38.73593],[-9.18746,38.73573],[-9.18683,38.73551],[-9.1862,38.73551],[-9.18612,38.7354],[-9.18557,38.73512],[-9.18494,38.73506],[-9.18431,38.73478],[-9.18429,38.73477],[-9.18422,38.73414],[-9.18412,38.73351],[-9.18426,38.73287],[-9.18426,38.73224]],[[-9.18998,38.72886],[-9.18935,38.72886],[-9.18872,38.72883],[-9.18825,38.72846],[-9.18809,38.7284],[-9.18785,38.72846],[-9.18746,38.72854],[-9.18683,38.72871],[-9.1862,38.72871],[-9.18557,38.72881],[-9.18542,38.72909],[-9.18508,38.72972],[-9.18503,38.73035],[-9.18494,38.73044],[-9.1846,38.73098],[-9.18471,38.73161],[-9.18482,38.73224],[-9.18482,38.73287],[-9.18456,38.73351],[-9.18452,38.73414],[-9.18488,38.73477],[-9.18494,38.73479],[-9.18557,38.73498],[-9.1862,38.7351],[-9.18683,38.7351],[-9.18723,38.7354],[-9.18746,38.73549],[-9.18809,38.73556],[-9.18872,38.73553],[-9.18935,38.73561],[-9.18998,38.73561],[-9.19057,38.7354],[-9.19061,38.73538],[-9.19066,38.7354],[-9.19124,38.73556],[-9.19161,38.7354],[-9.19154,38.73477],[-9.19187,38.73456],[-9.19251,38.73456],[-9.19314,38.73463],[-9.19332,38.73414],[-9.1933,38.73351],[-9.19358,38.73287],[-9.19347,38.73224],[-9.19374,38.73161],[-9.19314,38.73115],[-9.19285,38.73098],[-9.19266,38.73035],[-9.19251,38.72972],[-9.19251,38.72971],[-9.19187,38.72971],[-9.19124,38.72965],[-9.19065,38.72909],[-9.19061,38.72904],[-9.18998,38.72886]]],[[[-9.17519,38.69818],[-9.17484,38.69853],[-9.17421,38.69847],[-9.17399,38.69818],[-9.17413,38.69818],[-9.17421,38.69829],[-9.17484,38.69832],[-9.17498,38.69818],[-9.17498,38.69769],[-9.17519,38.6979],[-9.17519,38.69818]]],[[[-9.17676,38.69882],[-9.17679,38.69945],[-9.17674,38.69947],[-9.17664,38.69945],[-9.17664,38.69882],[-9.17674,38.69882],[-9.17676,38.69882]]],[[[-9.15931,38.71521],[-9.15946,38.71458],[-9.15971,38.71444],[-9.15982,38.71458],[-9.15982,38.71521],[-9.15971,38.71531],[-9.15931,38.71521]]],[[[-9.14759,38.71711],[-9.14728,38.71648],[-9.14772,38.71642],[-9.14781,38.71648],[-9.14823,38.71711],[-9.14772,38.71724],[-9.14759,38.71711]]],[[[-9.15032,38.71711],[-9.15025,38.71725],[-9.14993,38.71711],[-9.15025,38.71698],[-9.15032,38.71711]]],[[[-9.14718,38.71774],[-9.14709,38.71805],[-9.14651,38.71774],[-9.14709,38.71765],[-9.14718,38.71774]]],[[[-9.14948,38.719],[-9.14898,38.71843],[-9.14835,38.71843],[-9.14783,38.719],[-9.14772,38.7196],[-9.14743,38.719],[-9.14743,38.71837],[-9.14772,38.71829],[-9.14835,38.71787],[-9.14898,38.71787],[-9.14902,38.71774],[-9.14962,38.71729],[-9.14988,38.71774],[-9.15025,38.71824],[-9.15035,38.71837],[-9.15025,38.71855],[-9.14988,38.719],[-9.14962,38.71924],[-9.14948,38.719]]],[[[-9.14738,38.72089],[-9.14738,38.72026],[-9.14772,38.71965],[-9.14793,38.72026],[-9.14793,38.72089],[-9.14772,38.72136],[-9.14738,38.72089]]],[[[-9.178,38.72374],[-9.17843,38.72404],[-9.178,38.72442],[-9.17737,38.72442],[-9.17726,38.72404],[-9.17737,38.72374],[-9.178,38.72374]]],[[[-9.15295,38.72846],[-9.15277,38.72899],[-9.15256,38.72846],[-9.15277,38.72824],[-9.15295,38.72846]]],[[[-9.15391,38.72909],[-9.15383,38.72846],[-9.15403,38.72825],[-9.15466,38.72825],[-9.15478,38.72846],[-9.15529,38.72892],[-9.15551,38.72909],[-9.15529,38.72939],[-9.15495,38.72972],[-9.15466,38.73004],[-9.15403,38.73004],[-9.1534,38.7299],[-9.15321,38.72972],[-9.1534,38.72956],[-9.15391,38.72909]]],[[[-9.17126,38.74486],[-9.17106,38.74501],[-9.17043,38.7451],[-9.1698,38.74504],[-9.16971,38.74486],[-9.16953,38.74423],[-9.1698,38.7438],[-9.17043,38.74362],[-9.17044,38.7436],[-9.17043,38.74357],[-9.1703,38.74297],[-9.17043,38.7429],[-9.17106,38.74285],[-9.17169,38.7427],[-9.17232,38.7427],[-9.17248,38.74297],[-9.17248,38.7436],[-9.17232,38.74385],[-9.17169,38.74385],[-9.17119,38.74423],[-9.17126,38.74486]]],[[[-9.15565,38.76946],[-9.15592,38.76933],[-9.15606,38.76946],[-9.15592,38.76969],[-9.15565,38.77009],[-9.15529,38.77045],[-9.15488,38.77009],[-9.15529,38.7697],[-9.15565,38.76946]]],[[[-9.17081,38.77198],[-9.17043,38.77218],[-9.17019,38.77198],[-9.17043,38.77189],[-9.17081,38.77198]]],[[[-9.16854,38.77519],[-9.16851,38.77513],[-9.16854,38.77512],[-9.16917,38.77512],[-9.16923,38.77513],[-9.16917,38.77519],[-9.16854,38.77519]]],[[[-9.17056,38.77513],[-9.17049,38.77576],[-9.17043,38.77584],[-9.17027,38.77576],[-9.16992,38.77513],[-9.17043,38.77495],[-9.17056,38.77513]]],[[[-9.16698,38.77576],[-9.16665,38.77592],[-9.16653,38.77576],[-9.16665,38.77536],[-9.16698,38.77576]]],[[[-9.17616,38.77892],[-9.17611,38.77914],[-9.176,38.77892],[-9.17611,38.77873],[-9.17616,38.77892]]],[[[-9.17548,38.77982],[-9.17583,38.78018],[-9.17583,38.78038],[-9.17568,38.78041],[-9.17517,38.78025],[-9.17517,38.78018],[-9.17548,38.77982]]],[[[-9.14117,38.70512],[-9.14117,38.70575],[-9.14079,38.70595],[-9.14015,38.70595],[-9.13995,38.70575],[-9.14015,38.70575],[-9.14079,38.70512],[-9.14117,38.70512]]],[[[-9.11997,38.71476],[-9.11997,38.71458],[-9.12012,38.71444],[-9.1206,38.71444],[-9.12075,38.71458],[-9.1206,38.71476],[-9.11997,38.71476]]],[[[-9.14438,38.71711],[-9.14457,38.71689],[-9.1452,38.71677],[-9.14546,38.71711],[-9.1458,38.71774],[-9.1452,38.71799],[-9.14501,38.71774],[-9.14457,38.71744],[-9.14438,38.71711]]],[[[-9.14457,38.71864],[-9.1442,38.71837],[-9.14394,38.71822],[-9.14338,38.71774],[-9.14394,38.71758],[-9.14423,38.71774],[-9.14457,38.71819],[-9.14481,38.71837],[-9.14457,38.71864]]],[[[-9.10483,38.72783],[-9.10536,38.7273],[-9.10546,38.7273],[-9.10563,38.72783],[-9.10555,38.72846],[-9.10546,38.72901],[-9.10483,38.72901],[-9.10483,38.72846],[-9.10483,38.72783]]],[[[-9.10105,38.73603],[-9.10149,38.73558],[-9.10168,38.73558],[-9.10231,38.73558],[-9.10238,38.7354],[-9.10256,38.73477],[-9.10231,38.73452],[-9.10193,38.73452],[-9.10203,38.73442],[-9.10231,38.73442],[-9.10266,38.73477],[-9.10258,38.7354],[-9.10234,38.73603],[-9.10231,38.73607],[-9.10168,38.73607],[-9.10105,38.73607],[-9.10105,38.73603]]],[[[-9.10058,38.73855],[-9.10042,38.73894],[-9.09979,38.73894],[-9.09979,38.73858],[-9.10042,38.73858],[-9.10043,38.73855],[-9.10042,38.73854],[-9.0998,38.73854],[-9.09996,38.73838],[-9.10042,38.73838],[-9.10058,38.73855]]],[[[-9.09945,38.73952],[-9.09979,38.73952],[-9.09999,38.73981],[-9.09995,38.74044],[-9.09989,38.74107],[-9.09979,38.74117],[-9.09916,38.74117],[-9.09853,38.74146],[-9.09814,38.74146],[-9.09853,38.74107],[-9.09853,38.74044],[-9.09916,38.73981],[-9.09945,38.73952]]],[[[-9.09733,38.74227],[-9.09776,38.74185],[-9.0979,38.74185],[-9.09811,38.74234],[-9.09799,38.74297],[-9.0979,38.74313],[-9.09727,38.74313],[-9.09727,38.74297],[-9.09727,38.74245],[-9.0979,38.74245],[-9.09792,38.74234],[-9.0979,38.74227],[-9.09733,38.74227]]],[[[-9.09722,38.74612],[-9.09722,38.74675],[-9.09689,38.74738],[-9.09663,38.74786],[-9.096,38.74786],[-9.096,38.74738],[-9.096,38.74734],[-9.09663,38.74734],[-9.09699,38.74675],[-9.09699,38.74612],[-9.09727,38.74576],[-9.09744,38.74549],[-9.09748,38.74486],[-9.09753,38.74423],[-9.09727,38.74391],[-9.09695,38.74391],[-9.09711,38.74375],[-9.09727,38.74375],[-9.09766,38.74423],[-9.09769,38.74486],[-9.09764,38.74549],[-9.09727,38.74606],[-9.09722,38.74612]]],[[[-9.09377,38.75684],[-9.09394,38.75621],[-9.09386,38.75558],[-9.09396,38.75495],[-9.09405,38.75432],[-9.09411,38.754],[-9.0942,38.75369],[-9.09414,38.75306],[-9.09414,38.75303],[-9.09432,38.75284],[-9.09432,38.75306],[-9.09471,38.75369],[-9.09457,38.75432],[-9.09436,38.75495],[-9.09419,38.75558],[-9.09439,38.75621],[-9.09411,38.75681],[-9.0941,38.75684],[-9.09411,38.75692],[-9.09426,38.75747],[-9.09411,38.75773],[-9.09393,38.7581],[-9.09389,38.75873],[-9.0938,38.75937],[-9.09402,38.76],[-9.09396,38.76063],[-9.09394,38.76126],[-9.0941,38.76189],[-9.09411,38.76191],[-9.09474,38.76194],[-9.09495,38.76252],[-9.09474,38.76275],[-9.0945,38.76315],[-9.09452,38.76356],[-9.09414,38.76318],[-9.09414,38.76315],[-9.09417,38.76252],[-9.09411,38.76248],[-9.09361,38.76189],[-9.09354,38.76126],[-9.09348,38.76103],[-9.09285,38.76103],[-9.09275,38.76063],[-9.09282,38.76],[-9.09272,38.75937],[-9.09269,38.75873],[-9.09277,38.7581],[-9.09267,38.75747],[-9.09285,38.75717],[-9.09348,38.75717],[-9.09377,38.75684]]],[[[-9.09474,38.76446],[-9.09474,38.76441],[-9.09474,38.76434],[-9.09537,38.76434],[-9.0954,38.76441],[-9.09537,38.76446],[-9.09474,38.76446]]],[[[-9.09159,38.7678],[-9.09159,38.76756],[-9.09222,38.76693],[-9.09232,38.76693],[-9.09232,38.76756],[-9.09222,38.7678],[-9.09159,38.7678]]],[[[-9.09194,38.77892],[-9.09194,38.77829],[-9.09204,38.77766],[-9.09175,38.77703],[-9.09187,38.77639],[-9.09173,38.77576],[-9.09206,38.77513],[-9.09203,38.7745],[-9.09222,38.77403],[-9.09231,38.77387],[-9.09222,38.77367],[-9.09214,38.77324],[-9.09222,38.77303],[-9.09282,38.77261],[-9.09224,38.77198],[-9.09224,38.77135],[-9.09222,38.77132],[-9.09159,38.77132],[-9.09159,38.77072],[-9.09159,38.77034],[-9.09222,38.77034],[-9.09285,38.7706],[-9.09348,38.7706],[-9.09411,38.7707],[-9.09413,38.77072],[-9.09426,38.77135],[-9.09426,38.77198],[-9.09411,38.7723],[-9.09395,38.77261],[-9.09375,38.77324],[-9.09354,38.77387],[-9.09348,38.77395],[-9.09285,38.77395],[-9.09266,38.7745],[-9.09281,38.77513],[-9.09231,38.77576],[-9.09222,38.77596],[-9.09213,38.77639],[-9.09218,38.77703],[-9.09222,38.7771],[-9.09262,38.77766],[-9.0925,38.77829],[-9.0925,38.77892],[-9.09281,38.77955],[-9.09275,38.78018],[-9.09285,38.78032],[-9.09348,38.78032],[-9.0938,38.78081],[-9.09354,38.78144],[-9.09348,38.78151],[-9.09285,38.78151],[-9.09253,38.78207],[-9.09243,38.7827],[-9.09263,38.78333],[-9.0923,38.78396],[-9.09222,38.78411],[-9.09188,38.78459],[-9.09159,38.78488],[-9.09125,38.78488],[-9.09096,38.78459],[-9.09096,38.78435],[-9.09159,38.78435],[-9.0919,38.78396],[-9.092,38.78333],[-9.0918,38.7827],[-9.0919,38.78207],[-9.09222,38.78152],[-9.09226,38.78144],[-9.09231,38.78081],[-9.09224,38.78018],[-9.09222,38.78007],[-9.09159,38.77956],[-9.09096,38.77956],[-9.09096,38.77955],[-9.09096,38.7795],[-9.09159,38.7795],[-9.09194,38.77892]]],[[[-9.09427,38.77955],[-9.09411,38.77963],[-9.0938,38.77955],[-9.09411,38.77949],[-9.09427,38.77955]]],[[[-9.09208,38.78649],[-9.09159,38.78711],[-9.09096,38.78711],[-9.09096,38.78676],[-9.09159,38.78676],[-9.0918,38.78649],[-9.09159,38.78628],[-9.09117,38.78628],[-9.09145,38.786],[-9.09159,38.786],[-9.09208,38.78649]]],[[[-9.09123,38.79469],[-9.0911,38.79406],[-9.09096,38.79375],[-9.09033,38.79375],[-9.09033,38.79344],[-9.09096,38.79344],[-9.09124,38.79406],[-9.09145,38.79469],[-9.09157,38.79532],[-9.09096,38.7958],[-9.09081,38.7958],[-9.09057,38.79556],[-9.09096,38.79556],[-9.09126,38.79532],[-9.09123,38.79469]]]]},"properties":{"class":4,"label":"33 a 34","fill":"#feab49"}},{"type":"Feature","geometry":{"type":"MultiPolygon","coordinates":[[[[-9.21332,38.69278],[-9.21395,38.69268],[-9.2144,38.69251],[-9.21458,38.69244],[-9.21496,38.69251],[-9.21521,38.6926],[-9.21544,38.69251],[-9.21584,38.69245],[-9.21647,38.69245],[-9.21671,38.69251],[-9.2171,38.69264],[-9.21773,38.69267],[-9.21789,38.69251],[-9.21789,38.69203],[-9.21816,38.6923],[-9.21816,38.69251],[-9.21773,38.69295],[-9.2171,38.69294],[-9.21647,38.69279],[-9.21584,38.69279],[-9.21529,38.69314],[-9.21521,38.6932],[-9.21505,38.69314],[-9.21458,38.69292],[-9.21395,38.69301],[-9.21332,38.693],[-9.21269,38.693],[-9.21238,38.69314],[-9.21206,38.69337],[-9.21143,38.69346],[-9.2108,38.69324],[-9.21017,38.69324],[-9.20967,38.69314],[-9.20967,38.69251],[-9.21017,38.69251],[-9.2108,38.69251],[-9.21108,38.69251],[-9.21143,38.69313],[-9.21206,38.69297],[-9.21269,38.69278],[-9.21332,38.69278]]],[[[-9.2071,38.69314],[-9.20756,38.69314],[-9.20764,38.69322],[-9.20827,38.69318],[-9.20833,38.69314],[-9.20833,38.69251],[-9.20865,38.69251],[-9.20865,38.69314],[-9.20827,38.69343],[-9.20764,38.69368],[-9.2071,38.69314]]],[[[-9.22152,38.69323],[-9.22114,38.69314],[-9.22091,38.69251],[-9.22108,38.69251],[-9.22152,38.69299],[-9.22215,38.69299],[-9.22278,38.69302],[-9.22341,38.69297],[-9.22358,38.69297],[-9.22344,38.69311],[-9.22341,38.69311],[-9.22315,38.69314],[-9.22329,38.69377],[-9.22329,38.6944],[-9.22278,38.69472],[-9.2225,38.6944],[-9.2225,38.69377],[-9.22215,38.69323],[-9.22152,38.69323]]],[[[-9.22351,38.69377],[-9.22351,38.69323],[-9.22398,38.69371],[-9.22398,38.69377],[-9.22398,38.6944],[-9.22404,38.69445],[-9.22413,38.6944],[-9.22413,38.69386],[-9.22467,38.6944],[-9.2253,38.6944],[-9.22544,38.69453],[-9.22544,38.69503],[-9.2253,38.69512],[-9.22467,38.69512],[-9.22442,38.69503],[-9.22404,38.69485],[-9.22351,38.6944],[-9.22351,38.69377]]],[[[-9.20569,38.69314],[-9.20569,38.69377],[-9.20569,38.6944],[-9.20513,38.69503],[-9.20512,38.69506],[-9.20449,38.69557],[-9.20386,38.69557],[-9.20324,38.69503],[-9.20323,38.69502],[-9.2026,38.69491],[-9.20197,38.69474],[-9.20134,38.69474],[-9.20093,38.6944],[-9.20115,38.6944],[-9.20134,38.69455],[-9.20197,38.69455],[-9.2026,38.69466],[-9.20323,38.6948],[-9.20377,38.69503],[-9.20386,38.69511],[-9.20449,38.69511],[-9.20458,38.69503],[-9.20512,38.69478],[-9.20546,38.6944],[-9.20546,38.69377],[-9.20546,38.69314],[-9.20569,38.69314]]],[[[-9.19993,38.6944],[-9.19993,38.69503],[-9.19944,38.69537],[-9.19881,38.69542],[-9.19818,38.69542],[-9.19755,38.69539],[-9.19704,38.69566],[-9.19692,38.69574],[-9.19629,38.69574],[-9.19566,38.69571],[-9.19503,38.69571],[-9.1944,38.69588],[-9.19377,38.69596],[-9.19352,38.69566],[-9.19376,38.69566],[-9.19377,38.69566],[-9.1944,38.69566],[-9.1944,38.69503],[-9.19503,38.69503],[-9.19566,38.69503],[-9.19629,38.69503],[-9.19692,38.69503],[-9.19727,38.69503],[-9.19755,38.69516],[-9.19818,38.69517],[-9.19881,38.69517],[-9.19944,38.6951],[-9.19955,38.69503],[-9.19955,38.6944],[-9.19993,38.6944]]],[[[-9.2267,38.69517],[-9.2267,38.69566],[-9.22656,38.69583],[-9.22632,38.69566],[-9.22632,38.69503],[-9.22656,38.69503],[-9.2267,38.69517]]],[[[-9.22909,38.69563],[-9.22846,38.69563],[-9.22811,38.69538],[-9.22822,38.69526],[-9.22846,38.69543],[-9.22909,38.69543],[-9.22925,38.69566],[-9.22954,38.69584],[-9.22951,38.69591],[-9.22911,38.69566],[-9.22909,38.69563]]],[[[-9.19205,38.69566],[-9.19205,38.69629],[-9.19187,38.6964],[-9.19124,38.69652],[-9.19061,38.69653],[-9.19032,38.69629],[-9.19052,38.69629],[-9.19061,38.69636],[-9.19124,38.69636],[-9.19157,38.69629],[-9.19157,38.69566],[-9.19187,38.69566],[-9.19205,38.69566]]],[[[-9.1866,38.69692],[-9.18676,38.69692],[-9.18683,38.697],[-9.18746,38.697],[-9.18761,38.69692],[-9.18761,38.69629],[-9.18796,38.69629],[-9.18796,38.69692],[-9.18746,38.69719],[-9.18683,38.69719],[-9.1866,38.69692]]],[[[-9.17664,38.69882],[-9.17664,38.69945],[-9.17674,38.69947],[-9.17679,38.69945],[-9.17676,38.69882],[-9.17712,38.69882],[-9.17737,38.69934],[-9.17746,38.69945],[-9.17737,38.69954],[-9.17674,38.69978],[-9.17611,38.69968],[-9.17572,38.69945],[-9.1757,38.69882],[-9.1757,38.69841],[-9.17611,38.69882],[-9.17664,38.69882]]],[[[-9.21746,38.70638],[-9.21746,38.70701],[-9.2171,38.70716],[-9.21675,38.70701],[-9.21675,38.70638],[-9.2171,38.70611],[-9.21746,38.70638]]],[[[-9.21773,38.70754],[-9.21778,38.70765],[-9.21773,38.70768],[-9.21771,38.70765],[-9.21773,38.70754]]],[[[-9.19061,38.7093],[-9.1909,38.70954],[-9.19061,38.70974],[-9.19047,38.70954],[-9.19061,38.7093]]],[[[-9.17989,38.71258],[-9.18006,38.71269],[-9.17989,38.71292],[-9.17976,38.71269],[-9.17989,38.71258]]],[[[-9.19314,38.71564],[-9.19318,38.71584],[-9.19314,38.7159],[-9.19251,38.7159],[-9.19246,38.71584],[-9.19251,38.71564],[-9.19314,38.71564]]],[[[-9.19629,38.71962],[-9.1963,38.71963],[-9.19629,38.71979],[-9.19622,38.71963],[-9.19629,38.71962]]],[[[-9.18115,38.74136],[-9.18052,38.74136],[-9.18024,38.74107],[-9.18013,38.74044],[-9.17989,38.74014],[-9.17926,38.74024],[-9.17863,38.73992],[-9.17854,38.73981],[-9.17854,38.73918],[-9.17863,38.73875],[-9.17865,38.73855],[-9.17863,38.73852],[-9.178,38.73851],[-9.17737,38.73851],[-9.17691,38.73855],[-9.17674,38.73858],[-9.17669,38.73855],[-9.17611,38.73828],[-9.17559,38.73792],[-9.17548,38.73777],[-9.17484,38.73777],[-9.17432,38.73729],[-9.17421,38.73683],[-9.17358,38.73669],[-9.17354,38.73666],[-9.17358,38.7366],[-9.17383,38.73603],[-9.17358,38.73578],[-9.17335,38.7354],[-9.17295,38.73482],[-9.1729,38.73477],[-9.1729,38.73414],[-9.17295,38.73401],[-9.17358,38.73388],[-9.17421,38.73363],[-9.17428,38.73351],[-9.17421,38.73316],[-9.17409,38.73287],[-9.17421,38.73256],[-9.1744,38.73224],[-9.17455,38.73161],[-9.17429,38.73098],[-9.17448,38.73035],[-9.17421,38.72985],[-9.17396,38.72972],[-9.17358,38.72937],[-9.17343,38.72909],[-9.17332,38.72846],[-9.17358,38.72795],[-9.17365,38.72783],[-9.17363,38.7272],[-9.17361,38.72657],[-9.17421,38.72596],[-9.17423,38.72594],[-9.17421,38.7259],[-9.17358,38.72575],[-9.17354,38.72531],[-9.17358,38.72521],[-9.17421,38.72494],[-9.1745,38.72468],[-9.17429,38.72404],[-9.17421,38.72399],[-9.17389,38.72341],[-9.17421,38.72286],[-9.17426,38.72278],[-9.17462,38.72215],[-9.17484,38.72204],[-9.17548,38.72204],[-9.1758,38.72152],[-9.17548,38.7209],[-9.17484,38.7209],[-9.17421,38.72146],[-9.17415,38.72089],[-9.17421,38.72084],[-9.1748,38.72026],[-9.17464,38.71963],[-9.17484,38.71919],[-9.17548,38.71919],[-9.17567,38.719],[-9.17548,38.71861],[-9.17484,38.71861],[-9.17467,38.71837],[-9.1744,38.71774],[-9.17484,38.71728],[-9.17548,38.71728],[-9.17611,38.71726],[-9.17618,38.71711],[-9.17611,38.71699],[-9.17548,38.71665],[-9.17484,38.71665],[-9.17481,38.71648],[-9.17476,38.71584],[-9.17484,38.71564],[-9.17548,38.71564],[-9.17603,38.71521],[-9.17611,38.71514],[-9.17674,38.71464],[-9.17679,38.71458],[-9.17691,38.71395],[-9.17691,38.71332],[-9.17674,38.7127],[-9.17673,38.71269],[-9.17674,38.71268],[-9.17737,38.71258],[-9.17748,38.71269],[-9.178,38.71292],[-9.17863,38.71292],[-9.17926,38.71308],[-9.17963,38.71332],[-9.17956,38.71395],[-9.17982,38.71458],[-9.17989,38.71466],[-9.18018,38.71458],[-9.18052,38.7144],[-9.18115,38.7144],[-9.18178,38.71442],[-9.18197,38.71395],[-9.18178,38.71349],[-9.18115,38.71356],[-9.18052,38.71356],[-9.18024,38.71332],[-9.18052,38.71311],[-9.18115,38.71311],[-9.1814,38.71269],[-9.18129,38.71206],[-9.18178,38.71183],[-9.18241,38.71188],[-9.18304,38.71176],[-9.18337,38.71143],[-9.18368,38.71121],[-9.18431,38.71121],[-9.18494,38.71123],[-9.18557,38.7113],[-9.1862,38.71109],[-9.18683,38.71109],[-9.18746,38.71083],[-9.18767,38.7108],[-9.18809,38.71068],[-9.18872,38.71069],[-9.18935,38.7103],[-9.18998,38.7103],[-9.19061,38.71033],[-9.19124,38.71051],[-9.19143,38.7108],[-9.19182,38.71143],[-9.19158,38.71206],[-9.19187,38.71265],[-9.19201,38.71269],[-9.19223,38.71332],[-9.19248,38.71395],[-9.19206,38.71458],[-9.19187,38.71518],[-9.19186,38.71521],[-9.19129,38.71584],[-9.19124,38.71595],[-9.19098,38.71648],[-9.19081,38.71711],[-9.19124,38.7174],[-9.19187,38.7173],[-9.1922,38.71711],[-9.19251,38.7168],[-9.19314,38.7168],[-9.19337,38.71648],[-9.19377,38.71611],[-9.1944,38.71625],[-9.19503,38.71607],[-9.19566,38.71607],[-9.19629,38.71602],[-9.1968,38.71648],[-9.19692,38.71653],[-9.19755,38.71656],[-9.19772,38.71648],[-9.19818,38.716],[-9.19881,38.716],[-9.19886,38.71584],[-9.19931,38.71521],[-9.19944,38.71504],[-9.19969,38.71458],[-9.20007,38.71406],[-9.20068,38.71395],[-9.20068,38.71332],[-9.2007,38.71332],[-9.20134,38.71332],[-9.20197,38.71306],[-9.2026,38.71304],[-9.2029,38.71332],[-9.20305,38.71395],[-9.20323,38.71422],[-9.20364,38.71458],[-9.20386,38.71509],[-9.20449,38.71509],[-9.20454,38.71521],[-9.20489,38.71584],[-9.20512,38.71594],[-9.20535,38.71584],[-9.20575,38.71558],[-9.20615,38.71584],[-9.20638,38.71597],[-9.20701,38.71597],[-9.20764,38.71597],[-9.20827,38.71637],[-9.2089,38.71611],[-9.20953,38.71591],[-9.21017,38.71591],[-9.21047,38.71584],[-9.21049,38.71521],[-9.21069,38.71458],[-9.2108,38.71422],[-9.21099,38.71395],[-9.21107,38.71332],[-9.21129,38.71269],[-9.21143,38.7126],[-9.21206,38.71224],[-9.21269,38.71226],[-9.21332,38.71226],[-9.21395,38.71248],[-9.21426,38.71269],[-9.2145,38.71332],[-9.21458,38.71348],[-9.21521,38.71364],[-9.21541,38.71332],[-9.21521,38.71286],[-9.21507,38.71269],[-9.21521,38.71257],[-9.21584,38.71222],[-9.21647,38.71222],[-9.21668,38.71206],[-9.21673,38.71143],[-9.21692,38.7108],[-9.21686,38.71017],[-9.2166,38.70954],[-9.21647,38.70913],[-9.21584,38.70913],[-9.21582,38.70891],[-9.21531,38.70828],[-9.21521,38.70787],[-9.21458,38.70768],[-9.21456,38.70765],[-9.21396,38.70701],[-9.21396,38.70638],[-9.21431,38.70575],[-9.21395,38.7056],[-9.21339,38.70575],[-9.21332,38.70579],[-9.21269,38.70579],[-9.21268,38.70575],[-9.21269,38.70567],[-9.21332,38.70567],[-9.21345,38.70512],[-9.21332,38.70457],[-9.21269,38.70457],[-9.2126,38.70449],[-9.21269,38.70411],[-9.21332,38.70411],[-9.21334,38.70386],[-9.21353,38.70323],[-9.21353,38.7026],[-9.21332,38.7021],[-9.21269,38.7021],[-9.21266,38.70197],[-9.21206,38.70135],[-9.21204,38.70134],[-9.21158,38.70071],[-9.21158,38.70008],[-9.21143,38.69998],[-9.21115,38.69945],[-9.21143,38.69907],[-9.21192,38.69882],[-9.21187,38.69818],[-9.21189,38.69755],[-9.21206,38.69745],[-9.21269,38.6973],[-9.21332,38.6973],[-9.21395,38.69716],[-9.21436,38.69755],[-9.21458,38.6978],[-9.21503,38.69755],[-9.21521,38.69741],[-9.21543,38.69755],[-9.21584,38.6979],[-9.21647,38.6979],[-9.21678,38.69818],[-9.2171,38.69838],[-9.21773,38.69844],[-9.21798,38.69882],[-9.21789,38.69945],[-9.218,38.70008],[-9.218,38.70071],[-9.21837,38.70101],[-9.219,38.70101],[-9.21924,38.70071],[-9.21924,38.70008],[-9.21963,38.69995],[-9.21978,38.70008],[-9.21984,38.70071],[-9.22026,38.70093],[-9.22089,38.70104],[-9.22152,38.70115],[-9.22215,38.70115],[-9.22278,38.70098],[-9.22341,38.70116],[-9.22396,38.70134],[-9.22404,38.70137],[-9.22416,38.70134],[-9.22467,38.7009],[-9.2253,38.7009],[-9.22566,38.70071],[-9.22593,38.70064],[-9.22597,38.70071],[-9.22593,38.70093],[-9.22569,38.70134],[-9.22593,38.7018],[-9.22596,38.70197],[-9.22593,38.70204],[-9.22573,38.7026],[-9.22554,38.70323],[-9.2253,38.70348],[-9.22467,38.70348],[-9.22444,38.70386],[-9.2241,38.70449],[-9.22404,38.70457],[-9.22359,38.70512],[-9.22341,38.70573],[-9.22278,38.70527],[-9.22261,38.70575],[-9.22249,38.70638],[-9.22249,38.70639],[-9.22246,38.7064],[-9.22224,38.70657],[-9.22215,38.70676],[-9.2222,38.70708],[-9.22244,38.70751],[-9.22226,38.70765],[-9.22256,38.70828],[-9.22215,38.7089],[-9.22152,38.7089],[-9.22152,38.70891],[-9.22152,38.70894],[-9.22215,38.70894],[-9.22223,38.70954],[-9.22262,38.71017],[-9.22249,38.7108],[-9.2226,38.71143],[-9.22233,38.71206],[-9.22215,38.71235],[-9.22152,38.71235],[-9.22133,38.71269],[-9.22132,38.71332],[-9.22099,38.71395],[-9.22089,38.71407],[-9.22055,38.71458],[-9.22026,38.71492],[-9.22,38.71521],[-9.21963,38.7157],[-9.219,38.7155],[-9.21837,38.7155],[-9.21773,38.71537],[-9.21762,38.71521],[-9.2171,38.71487],[-9.21647,38.71482],[-9.21584,38.71482],[-9.21537,38.71458],[-9.21521,38.71427],[-9.21458,38.71448],[-9.21454,38.71458],[-9.21395,38.71479],[-9.21363,38.71521],[-9.21332,38.71563],[-9.21269,38.71563],[-9.21239,38.71584],[-9.21206,38.71626],[-9.21143,38.71634],[-9.21132,38.71648],[-9.2108,38.71698],[-9.21071,38.71711],[-9.21067,38.71774],[-9.21034,38.71837],[-9.21017,38.7186],[-9.20953,38.7186],[-9.20927,38.719],[-9.2089,38.71927],[-9.20854,38.71963],[-9.20881,38.72026],[-9.20829,38.72089],[-9.2089,38.72103],[-9.20937,38.72089],[-9.20953,38.72052],[-9.21017,38.72052],[-9.21031,38.72089],[-9.21019,38.72152],[-9.21017,38.72168],[-9.20953,38.72168],[-9.2095,38.72215],[-9.20915,38.72278],[-9.20901,38.72335],[-9.20817,38.72387],[-9.20795,38.72416],[-9.2081,38.72461],[-9.20806,38.72468],[-9.20788,38.72531],[-9.20815,38.72594],[-9.20817,38.72657],[-9.20827,38.72676],[-9.20852,38.7272],[-9.2089,38.72774],[-9.20914,38.72774],[-9.20918,38.72788],[-9.2089,38.7279],[-9.20857,38.72846],[-9.20832,38.72909],[-9.20827,38.72945],[-9.20764,38.72964],[-9.20701,38.72947],[-9.20638,38.72947],[-9.20575,38.72965],[-9.20567,38.72972],[-9.20512,38.73025],[-9.20503,38.73035],[-9.20449,38.73084],[-9.20386,38.73084],[-9.20375,38.73098],[-9.20377,38.73161],[-9.20346,38.73224],[-9.20345,38.73287],[-9.20323,38.7334],[-9.20315,38.73351],[-9.20302,38.73414],[-9.2026,38.73454],[-9.20236,38.73477],[-9.20197,38.73516],[-9.20168,38.7354],[-9.20134,38.73575],[-9.2007,38.73575],[-9.2005,38.73603],[-9.2007,38.73641],[-9.20134,38.73641],[-9.20146,38.73666],[-9.20134,38.73685],[-9.2007,38.73685],[-9.20046,38.73729],[-9.20031,38.73792],[-9.20039,38.73855],[-9.20036,38.73918],[-9.20028,38.73981],[-9.20007,38.74001],[-9.19955,38.74044],[-9.19944,38.74065],[-9.19928,38.74107],[-9.19881,38.7416],[-9.19861,38.7417],[-9.19823,38.74234],[-9.19818,38.74238],[-9.19755,38.74238],[-9.19742,38.74234],[-9.19692,38.74217],[-9.19667,38.74234],[-9.19629,38.74265],[-9.19566,38.74255],[-9.19503,38.74255],[-9.1944,38.74252],[-9.19377,38.74274],[-9.19349,38.74297],[-9.19314,38.74312],[-9.19251,38.7432],[-9.19187,38.7432],[-9.19124,38.74334],[-9.19073,38.7436],[-9.19061,38.74371],[-9.19036,38.7436],[-9.18998,38.74349],[-9.18935,38.74349],[-9.18919,38.7436],[-9.18872,38.74395],[-9.18809,38.74407],[-9.18746,38.74387],[-9.18683,38.74361],[-9.1862,38.74361],[-9.18557,38.74366],[-9.1854,38.7436],[-9.18494,38.74344],[-9.18437,38.7436],[-9.18431,38.74361],[-9.18368,38.7436],[-9.18304,38.7436],[-9.18279,38.74297],[-9.18253,38.74234],[-9.18241,38.7422],[-9.18178,38.74209],[-9.18145,38.7417],[-9.18115,38.74136]],[[-9.19944,38.74001],[-9.19978,38.73981],[-9.20007,38.73947],[-9.20013,38.73918],[-9.20015,38.73855],[-9.20007,38.73824],[-9.19989,38.73792],[-9.20007,38.7376],[-9.20017,38.73729],[-9.20007,38.73714],[-9.19985,38.73666],[-9.20007,38.73608],[-9.20011,38.73603],[-9.20053,38.7354],[-9.20068,38.73477],[-9.2007,38.73474],[-9.20134,38.73474],[-9.20196,38.73414],[-9.20197,38.73413],[-9.20259,38.73351],[-9.2026,38.7335],[-9.20311,38.73287],[-9.20313,38.73224],[-9.20323,38.73193],[-9.20334,38.73161],[-9.20347,38.73098],[-9.20386,38.7305],[-9.20449,38.7305],[-9.20466,38.73035],[-9.20512,38.72981],[-9.20522,38.72972],[-9.20575,38.72925],[-9.20597,38.72909],[-9.20638,38.72871],[-9.20701,38.72871],[-9.20763,38.72846],[-9.20764,38.72843],[-9.20787,38.72783],[-9.20771,38.7272],[-9.20777,38.72657],[-9.20776,38.72594],[-9.20764,38.72572],[-9.20723,38.72531],[-9.20764,38.72485],[-9.20772,38.72468],[-9.20764,38.72431],[-9.20701,38.72431],[-9.2069,38.72404],[-9.20701,38.7239],[-9.20764,38.7239],[-9.208,38.72341],[-9.20827,38.72315],[-9.20867,38.72278],[-9.2089,38.72247],[-9.20906,38.72215],[-9.20907,38.72152],[-9.2089,38.72139],[-9.20827,38.72134],[-9.20764,38.7211],[-9.20701,38.7211],[-9.20685,38.72089],[-9.20701,38.72038],[-9.20764,38.72038],[-9.20791,38.72026],[-9.20791,38.71963],[-9.20826,38.719],[-9.20827,38.71898],[-9.2089,38.71837],[-9.2089,38.71836],[-9.20933,38.71774],[-9.20953,38.71742],[-9.21017,38.71742],[-9.21037,38.71711],[-9.2108,38.71653],[-9.21085,38.71648],[-9.2108,38.71639],[-9.21017,38.71615],[-9.20953,38.71615],[-9.2089,38.71636],[-9.20865,38.71648],[-9.20827,38.7167],[-9.20782,38.71648],[-9.20764,38.71637],[-9.20701,38.71637],[-9.20638,38.71632],[-9.20575,38.71624],[-9.20512,38.71623],[-9.20449,38.7162],[-9.20386,38.7162],[-9.20349,38.71584],[-9.20336,38.71521],[-9.20323,38.71502],[-9.2026,38.71463],[-9.20256,38.71458],[-9.20197,38.71418],[-9.20134,38.71443],[-9.2007,38.71443],[-9.20007,38.71454],[-9.20004,38.71458],[-9.19964,38.71521],[-9.19944,38.71568],[-9.19933,38.71584],[-9.19901,38.71648],[-9.19881,38.71689],[-9.19818,38.71689],[-9.19772,38.71711],[-9.19755,38.71721],[-9.19739,38.71711],[-9.19692,38.71695],[-9.19629,38.71683],[-9.19572,38.71648],[-9.19566,38.71646],[-9.19503,38.71646],[-9.19497,38.71648],[-9.1944,38.71662],[-9.19412,38.71648],[-9.19377,38.71634],[-9.19362,38.71648],[-9.19377,38.71684],[-9.1939,38.71711],[-9.19377,38.71741],[-9.19341,38.71774],[-9.19314,38.71793],[-9.19251,38.71793],[-9.19235,38.71774],[-9.19187,38.71751],[-9.19148,38.71774],[-9.19124,38.71807],[-9.19061,38.71797],[-9.19,38.71837],[-9.18998,38.71838],[-9.18935,38.71838],[-9.18872,38.71838],[-9.18809,38.71848],[-9.18746,38.71856],[-9.18724,38.71837],[-9.18683,38.71803],[-9.1862,38.71803],[-9.18576,38.71774],[-9.18586,38.71711],[-9.1862,38.71658],[-9.18683,38.71658],[-9.18688,38.71648],[-9.18683,38.71627],[-9.1862,38.71627],[-9.18593,38.71584],[-9.1862,38.71548],[-9.18683,38.71548],[-9.18731,38.71521],[-9.18733,38.71458],[-9.1873,38.71395],[-9.1873,38.71332],[-9.18746,38.71326],[-9.18766,38.71332],[-9.18766,38.71395],[-9.18749,38.71458],[-9.18809,38.7149],[-9.18853,38.71521],[-9.18872,38.71536],[-9.18899,38.71521],[-9.18918,38.71458],[-9.18917,38.71395],[-9.18935,38.7137],[-9.18998,38.7137],[-9.19014,38.71395],[-9.19061,38.71444],[-9.19102,38.71395],[-9.19102,38.71332],[-9.19124,38.71303],[-9.19138,38.71269],[-9.19133,38.71206],[-9.19124,38.71185],[-9.19093,38.71143],[-9.19061,38.71106],[-9.18998,38.71085],[-9.18935,38.71085],[-9.18872,38.71111],[-9.18824,38.71143],[-9.18809,38.71159],[-9.18746,38.71167],[-9.18705,38.71206],[-9.18684,38.71269],[-9.18683,38.71273],[-9.1862,38.71273],[-9.18557,38.71272],[-9.18494,38.71275],[-9.18478,38.71269],[-9.18431,38.71257],[-9.18368,38.71257],[-9.18304,38.71243],[-9.18297,38.71269],[-9.18304,38.71309],[-9.18352,38.71332],[-9.18352,38.71395],[-9.18304,38.71398],[-9.18257,38.71458],[-9.18265,38.71521],[-9.18241,38.7153],[-9.18178,38.71524],[-9.18115,38.71537],[-9.18052,38.71537],[-9.17989,38.71526],[-9.17981,38.71521],[-9.17931,38.71458],[-9.17926,38.71451],[-9.17872,38.71395],[-9.17876,38.71332],[-9.17863,38.71327],[-9.178,38.71327],[-9.17737,38.71317],[-9.17727,38.71332],[-9.17727,38.71395],[-9.17737,38.71431],[-9.178,38.71431],[-9.17835,38.71458],[-9.178,38.71514],[-9.17737,38.71514],[-9.17732,38.71521],[-9.17737,38.71533],[-9.178,38.71533],[-9.17805,38.71584],[-9.178,38.71594],[-9.17737,38.71594],[-9.17684,38.71648],[-9.17674,38.71677],[-9.17666,38.71711],[-9.17653,38.71774],[-9.17674,38.71805],[-9.17688,38.71837],[-9.17693,38.719],[-9.17674,38.71925],[-9.17651,38.71963],[-9.17651,38.72026],[-9.17644,38.72089],[-9.17674,38.72125],[-9.17737,38.72131],[-9.178,38.72131],[-9.17812,38.72152],[-9.178,38.72208],[-9.17737,38.72208],[-9.17733,38.72215],[-9.17737,38.72224],[-9.178,38.72224],[-9.17863,38.72243],[-9.1789,38.72278],[-9.17863,38.72332],[-9.17851,38.72341],[-9.17863,38.72364],[-9.17871,38.72404],[-9.17866,38.72468],[-9.17863,38.72473],[-9.178,38.72473],[-9.17737,38.72473],[-9.17674,38.72483],[-9.17618,38.72531],[-9.17611,38.72534],[-9.17597,38.72531],[-9.17548,38.72508],[-9.17484,38.72508],[-9.17461,38.72531],[-9.17465,38.72594],[-9.17447,38.72657],[-9.17421,38.72709],[-9.17418,38.7272],[-9.17417,38.72783],[-9.17421,38.72803],[-9.17429,38.72846],[-9.17421,38.72889],[-9.17414,38.72909],[-9.17421,38.72916],[-9.17484,38.72965],[-9.17548,38.72965],[-9.17553,38.72972],[-9.17548,38.72998],[-9.17484,38.72998],[-9.17479,38.73035],[-9.17484,38.7305],[-9.17548,38.7305],[-9.1757,38.73098],[-9.17555,38.73161],[-9.17566,38.73224],[-9.17566,38.73287],[-9.17548,38.73304],[-9.17484,38.73304],[-9.17452,38.73351],[-9.17421,38.73409],[-9.17413,38.73414],[-9.17358,38.73451],[-9.17335,38.73477],[-9.17358,38.73517],[-9.17421,38.73537],[-9.17422,38.7354],[-9.17454,38.73603],[-9.17472,38.73666],[-9.17484,38.73689],[-9.17548,38.73689],[-9.17566,38.73729],[-9.17611,38.73783],[-9.17672,38.73729],[-9.17674,38.73728],[-9.17675,38.73729],[-9.1768,38.73792],[-9.17737,38.73818],[-9.178,38.73818],[-9.17863,38.73799],[-9.17901,38.73855],[-9.17919,38.73918],[-9.17926,38.73939],[-9.17989,38.73956],[-9.18013,38.73981],[-9.18052,38.74023],[-9.18115,38.74023],[-9.18178,38.7404],[-9.18179,38.74044],[-9.18194,38.74107],[-9.18178,38.74151],[-9.18173,38.7417],[-9.18178,38.74176],[-9.18241,38.74188],[-9.18283,38.74234],[-9.18304,38.74277],[-9.18368,38.74277],[-9.18431,38.74288],[-9.1846,38.74297],[-9.18494,38.74309],[-9.18557,38.7433],[-9.1862,38.74345],[-9.18683,38.74345],[-9.18746,38.74348],[-9.18794,38.7436],[-9.18809,38.74367],[-9.18872,38.74373],[-9.1889,38.7436],[-9.18935,38.7433],[-9.18998,38.7433],[-9.19061,38.74303],[-9.19124,38.74317],[-9.19178,38.74297],[-9.19187,38.74289],[-9.19251,38.74289],[-9.19314,38.74289],[-9.19377,38.74235],[-9.19379,38.74234],[-9.1944,38.74218],[-9.19503,38.74226],[-9.19566,38.74226],[-9.19629,38.74228],[-9.19692,38.74187],[-9.19738,38.7417],[-9.19755,38.74123],[-9.19818,38.74123],[-9.19881,38.74131],[-9.19902,38.74107],[-9.19926,38.74044],[-9.19944,38.74001]],[[-9.19163,38.71395],[-9.19187,38.71404],[-9.19194,38.71395],[-9.19187,38.71382],[-9.19163,38.71395]],[[-9.2139,38.69818],[-9.21395,38.69828],[-9.214,38.69818],[-9.21395,38.69813],[-9.2139,38.69818]],[[-9.22116,38.70891],[-9.22152,38.70846],[-9.22215,38.70846],[-9.22227,38.70828],[-9.22215,38.70807],[-9.22152,38.70807],[-9.22119,38.70765],[-9.22126,38.70701],[-9.22135,38.70638],[-9.22152,38.7062],[-9.22215,38.7062],[-9.22234,38.70575],[-9.22243,38.70512],[-9.22256,38.70449],[-9.22215,38.70418],[-9.22152,38.70418],[-9.22117,38.70386],[-9.22133,38.70323],[-9.22152,38.70293],[-9.22215,38.70293],[-9.22236,38.7026],[-9.22223,38.70197],[-9.22215,38.7019],[-9.22152,38.7019],[-9.22145,38.70197],[-9.22089,38.70235],[-9.22026,38.70235],[-9.2201,38.7026],[-9.21963,38.70307],[-9.219,38.70298],[-9.21837,38.70298],[-9.21801,38.70323],[-9.21788,38.70386],[-9.21773,38.70392],[-9.2171,38.70403],[-9.21688,38.70386],[-9.2171,38.70327],[-9.21718,38.70323],[-9.2171,38.70317],[-9.21647,38.70287],[-9.21584,38.70287],[-9.21529,38.7026],[-9.21556,38.70197],[-9.21521,38.70149],[-9.21503,38.70134],[-9.21458,38.70091],[-9.21422,38.70134],[-9.21458,38.70182],[-9.2147,38.70197],[-9.21509,38.7026],[-9.21476,38.70323],[-9.21521,38.70351],[-9.21552,38.70386],[-9.21521,38.70429],[-9.21458,38.70426],[-9.21434,38.70449],[-9.21416,38.70512],[-9.21458,38.70532],[-9.21514,38.70575],[-9.2151,38.70638],[-9.2151,38.70701],[-9.21521,38.70708],[-9.21578,38.70765],[-9.21584,38.70781],[-9.21647,38.70781],[-9.2171,38.70806],[-9.21735,38.70828],[-9.21773,38.70862],[-9.21802,38.70891],[-9.21773,38.70921],[-9.21742,38.70954],[-9.21771,38.71017],[-9.21771,38.7108],[-9.21772,38.71143],[-9.21746,38.71206],[-9.2171,38.71241],[-9.21676,38.71269],[-9.21703,38.71332],[-9.2171,38.71336],[-9.21731,38.71395],[-9.21773,38.71455],[-9.21778,38.71458],[-9.21837,38.71516],[-9.219,38.71516],[-9.21931,38.71521],[-9.21963,38.71527],[-9.21967,38.71521],[-9.22022,38.71458],[-9.22026,38.71455],[-9.22067,38.71395],[-9.22089,38.71355],[-9.22102,38.71332],[-9.22102,38.71269],[-9.22089,38.71237],[-9.22074,38.71206],[-9.22089,38.71188],[-9.22152,38.71172],[-9.22215,38.71172],[-9.22228,38.71143],[-9.22215,38.71115],[-9.22152,38.71115],[-9.22129,38.7108],[-9.22152,38.7104],[-9.22215,38.7104],[-9.22226,38.71017],[-9.22215,38.71],[-9.22152,38.71],[-9.22126,38.70954],[-9.22116,38.70891]],[[-9.21167,38.71395],[-9.21143,38.71416],[-9.21117,38.71458],[-9.21143,38.71501],[-9.21157,38.71521],[-9.21206,38.71554],[-9.21253,38.71521],[-9.21268,38.71458],[-9.21269,38.71454],[-9.21332,38.71454],[-9.21343,38.71395],[-9.21332,38.71379],[-9.21269,38.71379],[-9.21206,38.71365],[-9.21167,38.71395]],[[-9.18935,38.71799],[-9.18998,38.71799],[-9.1905,38.71774],[-9.19051,38.71711],[-9.18998,38.71653],[-9.18935,38.71653],[-9.18932,38.71648],[-9.18911,38.71584],[-9.18872,38.71568],[-9.18811,38.71521],[-9.18809,38.7152],[-9.18806,38.71521],[-9.18752,38.71584],[-9.18746,38.71586],[-9.18709,38.71648],[-9.18683,38.71702],[-9.1862,38.71702],[-9.18614,38.71711],[-9.18607,38.71774],[-9.1862,38.71782],[-9.18683,38.71782],[-9.18746,38.71834],[-9.18809,38.71827],[-9.18872,38.71802],[-9.18935,38.71799]],[[-9.17737,38.72442],[-9.178,38.72442],[-9.17843,38.72404],[-9.178,38.72374],[-9.17737,38.72374],[-9.17726,38.72404],[-9.17737,38.72442]],[[-9.17562,38.72026],[-9.17611,38.72066],[-9.17618,38.72026],[-9.17618,38.71963],[-9.17611,38.71942],[-9.1759,38.71963],[-9.17562,38.72026]],[[-9.17484,38.7237],[-9.17548,38.7237],[-9.17564,38.72341],[-9.17548,38.72325],[-9.17484,38.72325],[-9.1746,38.72341],[-9.17484,38.7237]],[[-9.21747,38.7026],[-9.21773,38.7029],[-9.21793,38.7026],[-9.21773,38.7025],[-9.21747,38.7026]],[[-9.21763,38.70197],[-9.21773,38.702],[-9.21782,38.70197],[-9.21773,38.70191],[-9.21763,38.70197]]],[[[-9.21143,38.72061],[-9.21145,38.72089],[-9.21143,38.72092],[-9.21134,38.72089],[-9.21143,38.72061]]],[[[-9.19566,38.72289],[-9.19503,38.72289],[-9.1948,38.72278],[-9.1944,38.72252],[-9.19421,38.72215],[-9.1944,38.72168],[-9.1945,38.72152],[-9.19462,38.72089],[-9.19503,38.72059],[-9.19566,38.72059],[-9.19629,38.72035],[-9.19671,38.72089],[-9.19692,38.72118],[-9.1971,38.72152],[-9.19692,38.72199],[-9.19687,38.72215],[-9.19683,38.72278],[-9.19648,38.72341],[-9.19629,38.72355],[-9.1962,38.72341],[-9.19566,38.72289]],[[-9.19611,38.72152],[-9.19566,38.7212],[-9.19503,38.7212],[-9.19486,38.72152],[-9.19456,38.72215],[-9.19503,38.72243],[-9.19566,38.72243],[-9.19629,38.72235],[-9.19637,38.72215],[-9.19629,38.72185],[-9.19611,38.72152]]],[[[-9.18503,38.73035],[-9.18508,38.72972],[-9.18542,38.72909],[-9.18557,38.72881],[-9.1862,38.72871],[-9.18683,38.72871],[-9.18746,38.72854],[-9.18785,38.72846],[-9.18809,38.7284],[-9.18825,38.72846],[-9.18872,38.72883],[-9.18935,38.72886],[-9.18998,38.72886],[-9.19061,38.72904],[-9.19065,38.72909],[-9.19124,38.72965],[-9.19187,38.72971],[-9.19251,38.72971],[-9.19251,38.72972],[-9.19266,38.73035],[-9.19285,38.73098],[-9.19314,38.73115],[-9.19374,38.73161],[-9.19347,38.73224],[-9.19358,38.73287],[-9.1933,38.73351],[-9.19332,38.73414],[-9.19314,38.73463],[-9.19251,38.73456],[-9.19187,38.73456],[-9.19154,38.73477],[-9.19161,38.7354],[-9.19124,38.73556],[-9.19066,38.7354],[-9.19061,38.73538],[-9.19057,38.7354],[-9.18998,38.73561],[-9.18935,38.73561],[-9.18872,38.73553],[-9.18809,38.73556],[-9.18746,38.73549],[-9.18723,38.7354],[-9.18683,38.7351],[-9.1862,38.7351],[-9.18557,38.73498],[-9.18494,38.73479],[-9.18488,38.73477],[-9.18452,38.73414],[-9.18456,38.73351],[-9.18482,38.73287],[-9.18482,38.73224],[-9.18471,38.73161],[-9.1846,38.73098],[-9.18494,38.73044],[-9.18503,38.73035]],[[-9.18872,38.72922],[-9.18809,38.72909],[-9.18746,38.72873],[-9.18691,38.72909],[-9.18683,38.72918],[-9.1862,38.72918],[-9.18567,38.72972],[-9.18557,38.72989],[-9.18531,38.73035],[-9.18494,38.73071],[-9.18477,38.73098],[-9.18494,38.73153],[-9.18534,38.73161],[-9.18521,38.73224],[-9.18519,38.73287],[-9.18501,38.73351],[-9.18494,38.73363],[-9.18478,38.73414],[-9.18494,38.73438],[-9.18533,38.73477],[-9.18557,38.73484],[-9.18604,38.73477],[-9.1862,38.73467],[-9.18683,38.73467],[-9.18703,38.73477],[-9.18746,38.73501],[-9.18809,38.73485],[-9.18872,38.73498],[-9.18935,38.73477],[-9.18998,38.73477],[-9.19061,38.73498],[-9.19091,38.73477],[-9.19124,38.73441],[-9.19177,38.73414],[-9.19183,38.73351],[-9.19184,38.73287],[-9.19187,38.73283],[-9.19251,38.73283],[-9.19261,38.73287],[-9.19314,38.73314],[-9.19327,38.73287],[-9.19324,38.73224],[-9.19335,38.73161],[-9.19314,38.73145],[-9.19251,38.73118],[-9.19187,38.73118],[-9.19173,38.73098],[-9.19159,38.73035],[-9.19124,38.73003],[-9.19097,38.72972],[-9.19061,38.72938],[-9.18998,38.7292],[-9.18935,38.7292],[-9.18872,38.72922]]],[[[-9.18809,38.74794],[-9.18825,38.74801],[-9.18809,38.74812],[-9.188,38.74801],[-9.18809,38.74794]]],[[[-9.18935,38.7486],[-9.18939,38.74864],[-9.18935,38.74866],[-9.18872,38.74866],[-9.1887,38.74864],[-9.18872,38.7486],[-9.18935,38.7486]]],[[[-9.2026,38.7485],[-9.20278,38.74864],[-9.2026,38.7491],[-9.20241,38.74864],[-9.2026,38.7485]]],[[[-9.19944,38.75242],[-9.19947,38.75243],[-9.19944,38.75246],[-9.19942,38.75243],[-9.19944,38.75242]]],[[[-9.17611,38.75393],[-9.17644,38.75432],[-9.17611,38.75451],[-9.1756,38.75432],[-9.17611,38.75393]]],[[[-9.19944,38.75534],[-9.19889,38.75558],[-9.19881,38.75561],[-9.19862,38.75558],[-9.1986,38.75495],[-9.19844,38.75432],[-9.19881,38.75406],[-9.19944,38.75399],[-9.19981,38.75432],[-9.20007,38.75466],[-9.20023,38.75432],[-9.2007,38.75371],[-9.20134,38.75371],[-9.20181,38.75432],[-9.2017,38.75495],[-9.20134,38.75517],[-9.2007,38.75517],[-9.20029,38.75558],[-9.20007,38.75566],[-9.19976,38.75558],[-9.19944,38.75534]]],[[[-9.19716,38.75495],[-9.19711,38.75558],[-9.19692,38.75568],[-9.19688,38.75558],[-9.19677,38.75495],[-9.19692,38.75479],[-9.19716,38.75495]]],[[[-9.19629,38.75613],[-9.19647,38.75621],[-9.19629,38.75624],[-9.19623,38.75621],[-9.19629,38.75613]]],[[[-9.17548,38.76057],[-9.17563,38.76063],[-9.17548,38.76076],[-9.17539,38.76063],[-9.17548,38.76057]]],[[[-9.17674,38.76262],[-9.17655,38.76252],[-9.17611,38.76198],[-9.17601,38.76189],[-9.17577,38.76126],[-9.17611,38.7609],[-9.17666,38.76126],[-9.17674,38.76149],[-9.17685,38.76126],[-9.17737,38.76099],[-9.178,38.76099],[-9.17863,38.76119],[-9.1789,38.76126],[-9.17926,38.76179],[-9.1793,38.76189],[-9.17926,38.76193],[-9.17863,38.76212],[-9.17836,38.76189],[-9.178,38.7616],[-9.17737,38.7616],[-9.17694,38.76189],[-9.17707,38.76252],[-9.17674,38.76262]]],[[[-9.17549,38.77198],[-9.17548,38.77217],[-9.17545,38.77198],[-9.17548,38.77193],[-9.17549,38.77198]]],[[[-9.17385,38.69818],[-9.17399,38.69818],[-9.17421,38.69847],[-9.17484,38.69853],[-9.17519,38.69818],[-9.17519,38.6979],[-9.17541,38.69811],[-9.17541,38.69818],[-9.17484,38.69874],[-9.17421,38.69864],[-9.17385,38.69818]]],[[[-9.16349,38.70008],[-9.16412,38.69945],[-9.16475,38.69945],[-9.16486,38.69945],[-9.16486,38.70008],[-9.16475,38.70016],[-9.16412,38.70039],[-9.16349,38.70039],[-9.16318,38.70039],[-9.16349,38.70008]]],[[[-9.1616,38.70213],[-9.16156,38.70201],[-9.1616,38.70197],[-9.1616,38.70134],[-9.16223,38.70071],[-9.16246,38.70071],[-9.16259,38.70134],[-9.16286,38.70172],[-9.163,38.70197],[-9.16349,38.70249],[-9.16412,38.70249],[-9.16418,38.7026],[-9.16412,38.70265],[-9.16349,38.70265],[-9.16286,38.7027],[-9.16265,38.7026],[-9.16223,38.70213],[-9.1616,38.70213]]],[[[-9.16475,38.70187],[-9.16488,38.70197],[-9.16475,38.70205],[-9.1646,38.70197],[-9.16475,38.70187]]],[[[-9.16485,38.70701],[-9.16485,38.70765],[-9.16475,38.70792],[-9.16458,38.70765],[-9.16458,38.70701],[-9.16475,38.70677],[-9.16485,38.70701]]],[[[-9.16223,38.7066],[-9.16286,38.70642],[-9.16302,38.70638],[-9.16349,38.70632],[-9.16412,38.70632],[-9.16426,38.70638],[-9.16412,38.70647],[-9.16379,38.70701],[-9.16379,38.70765],[-9.16361,38.70828],[-9.16349,38.70839],[-9.16286,38.70839],[-9.16272,38.70828],[-9.16223,38.70789],[-9.16201,38.70765],[-9.16201,38.70701],[-9.16223,38.7066]]],[[[-9.16412,38.70868],[-9.16451,38.70891],[-9.16412,38.70917],[-9.1639,38.70891],[-9.16412,38.70868]]],[[[-9.1698,38.70934],[-9.16985,38.70954],[-9.1698,38.70957],[-9.16917,38.70957],[-9.16854,38.70958],[-9.16849,38.70954],[-9.16854,38.70951],[-9.16917,38.70934],[-9.1698,38.70934]]],[[[-9.15615,38.71332],[-9.15624,38.71269],[-9.15592,38.71247],[-9.15529,38.7124],[-9.15466,38.7124],[-9.15432,38.71206],[-9.15466,38.71177],[-9.15529,38.71177],[-9.15561,38.71143],[-9.15581,38.7108],[-9.15592,38.7106],[-9.15644,38.7108],[-9.15646,38.71143],[-9.15655,38.71163],[-9.15718,38.71171],[-9.15782,38.71171],[-9.15803,38.71143],[-9.15845,38.71117],[-9.15863,38.71143],[-9.15908,38.71188],[-9.15971,38.71185],[-9.15988,38.71206],[-9.15987,38.71269],[-9.16034,38.71295],[-9.16097,38.71295],[-9.16117,38.71332],[-9.16117,38.71395],[-9.16141,38.71458],[-9.16123,38.71521],[-9.16132,38.71584],[-9.16097,38.7162],[-9.16034,38.7162],[-9.15974,38.71584],[-9.15971,38.71582],[-9.15948,38.71584],[-9.15908,38.71591],[-9.15845,38.71602],[-9.15831,38.71584],[-9.15845,38.71543],[-9.15853,38.71521],[-9.1586,38.71458],[-9.15845,38.71398],[-9.15819,38.71458],[-9.15828,38.71521],[-9.15782,38.71539],[-9.15718,38.71539],[-9.15655,38.71534],[-9.15646,38.71521],[-9.15655,38.71462],[-9.15657,38.71458],[-9.15655,38.71458],[-9.15615,38.71395],[-9.15615,38.71332]],[[-9.15931,38.71521],[-9.15971,38.71531],[-9.15982,38.71521],[-9.15982,38.71458],[-9.15971,38.71444],[-9.15946,38.71458],[-9.15931,38.71521]]],[[[-9.17421,38.71454],[-9.1743,38.71458],[-9.17421,38.71471],[-9.17415,38.71458],[-9.17421,38.71454]]],[[[-9.15845,38.72202],[-9.15854,38.72215],[-9.15845,38.72261],[-9.15782,38.72228],[-9.15718,38.72228],[-9.15711,38.72215],[-9.15718,38.72178],[-9.15782,38.72178],[-9.15845,38.72202]]],[[[-9.17358,38.72204],[-9.17396,38.72215],[-9.17358,38.72276],[-9.17347,38.72215],[-9.17358,38.72204]]],[[[-9.15908,38.7234],[-9.15923,38.72341],[-9.15908,38.72344],[-9.15845,38.7239],[-9.15804,38.72341],[-9.15845,38.72289],[-9.15908,38.7234]]],[[[-9.15655,38.72315],[-9.15686,38.72341],[-9.15655,38.72368],[-9.15633,38.72341],[-9.15655,38.72315]]],[[[-9.15592,38.724],[-9.15598,38.72404],[-9.15592,38.72409],[-9.15586,38.72404],[-9.15592,38.724]]],[[[-9.15997,38.72594],[-9.15971,38.72564],[-9.15908,38.72537],[-9.15845,38.72557],[-9.15817,38.72531],[-9.15832,38.72468],[-9.15845,38.72436],[-9.15908,38.72461],[-9.15913,38.72468],[-9.15971,38.7251],[-9.16034,38.72504],[-9.16097,38.72504],[-9.16118,38.72468],[-9.1616,38.72447],[-9.16178,38.72468],[-9.1616,38.72514],[-9.16128,38.72531],[-9.16109,38.72594],[-9.16097,38.72609],[-9.16034,38.72609],[-9.15997,38.72594]]],[[[-9.15403,38.72562],[-9.15395,38.72531],[-9.15403,38.72526],[-9.15466,38.72526],[-9.15529,38.72515],[-9.15592,38.72529],[-9.15594,38.72531],[-9.15609,38.72594],[-9.15623,38.72657],[-9.15623,38.7272],[-9.15592,38.72763],[-9.15566,38.7272],[-9.15566,38.72657],[-9.15529,38.72619],[-9.1547,38.72594],[-9.15466,38.72562],[-9.15403,38.72562]]],[[[-9.15529,38.73124],[-9.15537,38.73161],[-9.15529,38.73178],[-9.15509,38.73161],[-9.15529,38.73124]]],[[[-9.16854,38.74291],[-9.16917,38.74291],[-9.1698,38.74282],[-9.17043,38.74258],[-9.17106,38.74256],[-9.17149,38.74234],[-9.17169,38.74218],[-9.17232,38.74218],[-9.17251,38.74234],[-9.17283,38.74297],[-9.17293,38.7436],[-9.17295,38.74382],[-9.17307,38.74423],[-9.17295,38.74441],[-9.17269,38.74486],[-9.17295,38.74542],[-9.17343,38.74549],[-9.17343,38.74612],[-9.17295,38.74614],[-9.17232,38.74632],[-9.17169,38.74632],[-9.17106,38.74615],[-9.17043,38.74619],[-9.1698,38.74635],[-9.16917,38.74637],[-9.16854,38.74637],[-9.16791,38.74619],[-9.16777,38.74612],[-9.16777,38.74549],[-9.16728,38.74519],[-9.16709,38.74486],[-9.16728,38.74463],[-9.16776,38.74423],[-9.16791,38.74406],[-9.16854,38.74384],[-9.16917,38.74384],[-9.16933,38.7436],[-9.16917,38.74323],[-9.16854,38.74323],[-9.16847,38.74297],[-9.16854,38.74291]],[[-9.17169,38.74385],[-9.17232,38.74385],[-9.17248,38.7436],[-9.17248,38.74297],[-9.17232,38.7427],[-9.17169,38.7427],[-9.17106,38.74285],[-9.17043,38.7429],[-9.1703,38.74297],[-9.17043,38.74357],[-9.17044,38.7436],[-9.17043,38.74362],[-9.1698,38.7438],[-9.16953,38.74423],[-9.16971,38.74486],[-9.1698,38.74504],[-9.17043,38.7451],[-9.17106,38.74501],[-9.17126,38.74486],[-9.17119,38.74423],[-9.17169,38.74385]],[[-9.16854,38.74515],[-9.16917,38.74515],[-9.16923,38.74486],[-9.16917,38.74471],[-9.16854,38.74471],[-9.16842,38.74486],[-9.16854,38.74515]]],[[[-9.17358,38.74476],[-9.1737,38.74486],[-9.17358,38.74541],[-9.17344,38.74486],[-9.17358,38.74476]]],[[[-9.16917,38.75935],[-9.16918,38.75937],[-9.16917,38.7594],[-9.16854,38.7594],[-9.1685,38.75937],[-9.16854,38.75935],[-9.16917,38.75935]]],[[[-9.16791,38.75983],[-9.16806,38.76],[-9.16791,38.76038],[-9.16756,38.76],[-9.16791,38.75983]]],[[[-9.17358,38.76111],[-9.17385,38.76126],[-9.17358,38.76152],[-9.1734,38.76126],[-9.17358,38.76111]]],[[[-9.17106,38.76119],[-9.17111,38.76126],[-9.17106,38.76145],[-9.1708,38.76126],[-9.17106,38.76119]]],[[[-9.17204,38.77198],[-9.17187,38.77261],[-9.17232,38.7732],[-9.17237,38.77324],[-9.17232,38.77333],[-9.17169,38.7736],[-9.17106,38.7736],[-9.17076,38.77324],[-9.17043,38.77284],[-9.1702,38.77261],[-9.1698,38.77225],[-9.16954,38.77198],[-9.1698,38.77164],[-9.17043,38.77153],[-9.17067,38.77135],[-9.17067,38.77072],[-9.17043,38.77043],[-9.16999,38.77009],[-9.17043,38.76961],[-9.17106,38.76967],[-9.17169,38.76983],[-9.17217,38.77009],[-9.17232,38.77029],[-9.17264,38.77072],[-9.17264,38.77135],[-9.17232,38.77157],[-9.17204,38.77198]],[[-9.17019,38.77198],[-9.17043,38.77218],[-9.17081,38.77198],[-9.17043,38.77189],[-9.17019,38.77198]]],[[[-9.15845,38.77136],[-9.1586,38.77198],[-9.15845,38.77219],[-9.1582,38.77198],[-9.15845,38.77136]]],[[[-9.1698,38.77317],[-9.16987,38.77324],[-9.1698,38.77331],[-9.16973,38.77324],[-9.1698,38.77317]]],[[[-9.17043,38.77444],[-9.17106,38.77442],[-9.17169,38.77442],[-9.17188,38.7745],[-9.17169,38.77463],[-9.17106,38.77463],[-9.17093,38.77513],[-9.17085,38.77576],[-9.17043,38.77628],[-9.1698,38.77598],[-9.16917,38.77618],[-9.16854,38.77618],[-9.16791,38.77635],[-9.16764,38.77639],[-9.16728,38.77645],[-9.16691,38.77639],[-9.16665,38.77637],[-9.16621,38.77576],[-9.16601,38.77546],[-9.16538,38.77546],[-9.16514,38.77513],[-9.16538,38.77497],[-9.16601,38.77497],[-9.16665,38.77451],[-9.16728,38.77451],[-9.16729,38.7745],[-9.16728,38.77444],[-9.16724,38.77387],[-9.16728,38.77384],[-9.16739,38.77387],[-9.16791,38.77417],[-9.16845,38.77387],[-9.16854,38.77383],[-9.16917,38.77383],[-9.16922,38.77387],[-9.1698,38.77419],[-9.17043,38.77444]],[[-9.16653,38.77576],[-9.16665,38.77592],[-9.16698,38.77576],[-9.16665,38.77536],[-9.16653,38.77576]],[[-9.17027,38.77576],[-9.17043,38.77584],[-9.17049,38.77576],[-9.17056,38.77513],[-9.17043,38.77495],[-9.16992,38.77513],[-9.17027,38.77576]],[[-9.16854,38.77519],[-9.16917,38.77519],[-9.16923,38.77513],[-9.16917,38.77512],[-9.16854,38.77512],[-9.16851,38.77513],[-9.16854,38.77519]]],[[[-9.1628,38.77766],[-9.1628,38.77703],[-9.16286,38.77688],[-9.16349,38.77688],[-9.16412,38.77696],[-9.16475,38.77659],[-9.16538,38.77702],[-9.16601,38.77702],[-9.16602,38.77703],[-9.16602,38.77766],[-9.16601,38.77768],[-9.16538,38.77768],[-9.16475,38.77785],[-9.16412,38.77773],[-9.16349,38.77769],[-9.16286,38.77769],[-9.1628,38.77766]]],[[[-9.17517,38.78025],[-9.17513,38.78023],[-9.17391,38.78057],[-9.17386,38.78072],[-9.17358,38.78044],[-9.17336,38.78018],[-9.17358,38.77976],[-9.17421,38.77976],[-9.17484,38.77976],[-9.17501,38.77955],[-9.17548,38.77903],[-9.17554,38.77892],[-9.17595,38.77829],[-9.17611,38.77813],[-9.17622,38.77829],[-9.17639,38.77892],[-9.17671,38.77955],[-9.17671,38.77992],[-9.17645,38.77986],[-9.17589,38.78036],[-9.17583,38.78038],[-9.17583,38.78018],[-9.17548,38.77982],[-9.17517,38.78018],[-9.17517,38.78025]],[[-9.176,38.77892],[-9.17611,38.77914],[-9.17616,38.77892],[-9.17611,38.77873],[-9.176,38.77892]]],[[[-9.16198,38.78081],[-9.1616,38.78022],[-9.16158,38.78018],[-9.1616,38.78015],[-9.16223,38.78],[-9.16286,38.78012],[-9.16349,38.78012],[-9.16354,38.78018],[-9.16349,38.78038],[-9.16286,38.78038],[-9.16265,38.78081],[-9.16223,38.7813],[-9.16207,38.78144],[-9.1616,38.78191],[-9.16145,38.78144],[-9.1616,38.78122],[-9.16198,38.78081]]],[[[-9.16983,38.78396],[-9.16983,38.78449],[-9.16977,38.78462],[-9.16917,38.7847],[-9.16854,38.7847],[-9.16845,38.78459],[-9.16854,38.78418],[-9.16917,38.78418],[-9.16964,38.78396],[-9.16972,38.78333],[-9.1698,38.78331],[-9.16983,38.78333],[-9.16983,38.78396]]],[[[-9.1452,38.70529],[-9.14481,38.70512],[-9.14481,38.70449],[-9.1452,38.70449],[-9.14583,38.70449],[-9.14646,38.70449],[-9.14665,38.70468],[-9.14665,38.70512],[-9.14646,38.70525],[-9.14583,38.70525],[-9.1452,38.70529]]],[[[-9.14154,38.70512],[-9.14154,38.70575],[-9.14142,38.70589],[-9.14079,38.70616],[-9.14015,38.70616],[-9.13974,38.70575],[-9.13995,38.70575],[-9.14015,38.70595],[-9.14079,38.70595],[-9.14117,38.70575],[-9.14117,38.70512],[-9.14142,38.70512],[-9.14154,38.70512]]],[[[-9.13763,38.70655],[-9.13746,38.70638],[-9.13763,38.70638],[-9.13826,38.70575],[-9.13846,38.70575],[-9.13846,38.70638],[-9.13826,38.70651],[-9.13763,38.70655]]],[[[-9.15529,38.71015],[-9.15531,38.71017],[-9.15529,38.71018],[-9.15466,38.71018],[-9.15466,38.71017],[-9.15466,38.71015],[-9.15529,38.71015]]],[[[-9.15403,38.71142],[-9.15404,38.71143],[-9.15403,38.71145],[-9.15402,38.71143],[-9.15403,38.71142]]],[[[-9.1534,38.71186],[-9.15373,38.71206],[-9.1534,38.71242],[-9.15312,38.71206],[-9.1534,38.71186]]],[[[-9.15214,38.71454],[-9.15219,38.71458],[-9.15214,38.7146],[-9.15151,38.7146],[-9.15149,38.71458],[-9.15151,38.71454],[-9.15214,38.71454]]],[[[-9.14331,38.71981],[-9.14268,38.71981],[-9.14256,38.71963],[-9.14223,38.719],[-9.14205,38.71886],[-9.14142,38.71897],[-9.14123,38.71837],[-9.14138,38.71774],[-9.14142,38.71761],[-9.14205,38.71721],[-9.14236,38.71711],[-9.14268,38.71688],[-9.14331,38.71688],[-9.14353,38.71711],[-9.14394,38.71721],[-9.14403,38.71711],[-9.14394,38.71677],[-9.14365,38.71648],[-9.14394,38.7163],[-9.14446,38.71648],[-9.14457,38.7165],[-9.14463,38.71648],[-9.14478,38.71584],[-9.14457,38.71554],[-9.14418,38.71521],[-9.14457,38.71472],[-9.14513,38.71521],[-9.1452,38.71525],[-9.14583,38.71523],[-9.14646,38.71523],[-9.14688,38.71584],[-9.14709,38.71597],[-9.14738,38.71584],[-9.14772,38.7156],[-9.14809,38.71584],[-9.14835,38.71601],[-9.14898,38.71601],[-9.14962,38.71602],[-9.15025,38.71632],[-9.15058,38.71648],[-9.1507,38.71711],[-9.15088,38.71747],[-9.15104,38.71774],[-9.15095,38.71837],[-9.15088,38.71856],[-9.15068,38.719],[-9.15025,38.71954],[-9.15015,38.71963],[-9.15025,38.71989],[-9.15088,38.71979],[-9.15111,38.72026],[-9.15111,38.72089],[-9.15088,38.72112],[-9.15028,38.72152],[-9.15088,38.72187],[-9.15133,38.72215],[-9.15089,38.72278],[-9.15122,38.72341],[-9.15088,38.7237],[-9.15035,38.72404],[-9.15025,38.72415],[-9.14971,38.72404],[-9.14962,38.724],[-9.14912,38.72341],[-9.14898,38.72334],[-9.14835,38.72334],[-9.14791,38.72278],[-9.14772,38.7226],[-9.14709,38.72233],[-9.14646,38.72243],[-9.14583,38.72243],[-9.14537,38.72215],[-9.1455,38.72152],[-9.1452,38.72106],[-9.14499,38.72089],[-9.14499,38.72026],[-9.14457,38.71971],[-9.14411,38.72026],[-9.14411,38.72089],[-9.14394,38.72104],[-9.14376,38.72089],[-9.14376,38.72026],[-9.14331,38.71981]],[[-9.14988,38.71774],[-9.14962,38.71729],[-9.14902,38.71774],[-9.14898,38.71787],[-9.14835,38.71787],[-9.14772,38.71829],[-9.14743,38.71837],[-9.14743,38.719],[-9.14772,38.7196],[-9.14783,38.719],[-9.14835,38.71843],[-9.14898,38.71843],[-9.14948,38.719],[-9.14962,38.71924],[-9.14988,38.719],[-9.15025,38.71855],[-9.15035,38.71837],[-9.15025,38.71824],[-9.14988,38.71774]],[[-9.14835,38.71908],[-9.14898,38.71908],[-9.14903,38.719],[-9.14898,38.71895],[-9.14835,38.71895],[-9.14831,38.719],[-9.14835,38.71908]],[[-9.14738,38.72089],[-9.14772,38.72136],[-9.14793,38.72089],[-9.14793,38.72026],[-9.14772,38.71965],[-9.14738,38.72026],[-9.14738,38.72089]],[[-9.14651,38.71774],[-9.14709,38.71805],[-9.14718,38.71774],[-9.14709,38.71765],[-9.14651,38.71774]],[[-9.14583,38.71685],[-9.14646,38.71685],[-9.14661,38.71648],[-9.14646,38.71622],[-9.14583,38.71622],[-9.14559,38.71648],[-9.14583,38.71685]],[[-9.14501,38.71774],[-9.1452,38.71799],[-9.1458,38.71774],[-9.14546,38.71711],[-9.1452,38.71677],[-9.14457,38.71689],[-9.14438,38.71711],[-9.14457,38.71744],[-9.14501,38.71774]],[[-9.1442,38.71837],[-9.14457,38.71864],[-9.14481,38.71837],[-9.14457,38.71819],[-9.14423,38.71774],[-9.14394,38.71758],[-9.14338,38.71774],[-9.14394,38.71822],[-9.1442,38.71837]],[[-9.14993,38.71711],[-9.15025,38.71725],[-9.15032,38.71711],[-9.15025,38.71698],[-9.14993,38.71711]],[[-9.14759,38.71711],[-9.14772,38.71724],[-9.14823,38.71711],[-9.14781,38.71648],[-9.14772,38.71642],[-9.14728,38.71648],[-9.14759,38.71711]]],[[[-9.14047,38.72089],[-9.14043,38.72152],[-9.14015,38.72164],[-9.13952,38.72164],[-9.13938,38.72152],[-9.13916,38.72089],[-9.13916,38.72026],[-9.13937,38.71963],[-9.13952,38.71956],[-9.14015,38.71956],[-9.1402,38.71963],[-9.14047,38.72026],[-9.14047,38.72089]]],[[[-9.1482,38.72404],[-9.14835,38.72436],[-9.14898,38.72436],[-9.149,38.72468],[-9.14962,38.72526],[-9.14969,38.72531],[-9.14962,38.72536],[-9.14898,38.72536],[-9.14835,38.72536],[-9.14772,38.72535],[-9.14766,38.72531],[-9.14771,38.72468],[-9.14757,38.72404],[-9.14772,38.72396],[-9.1482,38.72404]]],[[[-9.14913,38.72657],[-9.14913,38.7272],[-9.14898,38.72738],[-9.14835,38.72738],[-9.14808,38.7272],[-9.14808,38.72657],[-9.14835,38.7265],[-9.14898,38.7265],[-9.14913,38.72657]]],[[[-9.14709,38.72757],[-9.14665,38.7272],[-9.14665,38.72657],[-9.14709,38.7264],[-9.14758,38.72657],[-9.14758,38.7272],[-9.14772,38.72751],[-9.14794,38.72783],[-9.14772,38.72796],[-9.14753,38.72783],[-9.14709,38.72757]]],[[[-9.15132,38.72468],[-9.1515,38.72404],[-9.15151,38.72403],[-9.15214,38.72403],[-9.1522,38.72404],[-9.15259,38.72468],[-9.15266,38.72531],[-9.15245,38.72594],[-9.15277,38.72622],[-9.15338,38.72657],[-9.15326,38.7272],[-9.1534,38.72727],[-9.15403,38.72727],[-9.15466,38.72727],[-9.15529,38.72781],[-9.15534,38.72783],[-9.15592,38.72802],[-9.15641,38.72783],[-9.15655,38.72776],[-9.15663,38.72783],[-9.15655,38.72841],[-9.15655,38.72846],[-9.15617,38.72909],[-9.156,38.72972],[-9.15592,38.72997],[-9.15559,38.73035],[-9.15529,38.73075],[-9.15509,38.73098],[-9.15466,38.73124],[-9.15403,38.73124],[-9.1534,38.73149],[-9.15289,38.73098],[-9.15277,38.73084],[-9.15243,38.73035],[-9.15214,38.73014],[-9.15151,38.73014],[-9.15115,38.72972],[-9.151,38.72909],[-9.15088,38.72899],[-9.15025,38.72875],[-9.14962,38.7288],[-9.14918,38.72846],[-9.14951,38.72783],[-9.14962,38.72774],[-9.15003,38.7272],[-9.15003,38.72657],[-9.15025,38.72631],[-9.15088,38.72614],[-9.15113,38.72594],[-9.15113,38.72531],[-9.15132,38.72468]],[[-9.15391,38.72909],[-9.1534,38.72956],[-9.15321,38.72972],[-9.1534,38.7299],[-9.15403,38.73004],[-9.15466,38.73004],[-9.15495,38.72972],[-9.15529,38.72939],[-9.15551,38.72909],[-9.15529,38.72892],[-9.15478,38.72846],[-9.15466,38.72825],[-9.15403,38.72825],[-9.15383,38.72846],[-9.15391,38.72909]],[[-9.15256,38.72846],[-9.15277,38.72899],[-9.15295,38.72846],[-9.15277,38.72824],[-9.15256,38.72846]]],[[[-9.14709,38.72828],[-9.14721,38.72846],[-9.14709,38.72859],[-9.14689,38.72846],[-9.14709,38.72828]]],[[[-9.13787,38.73035],[-9.13795,38.73098],[-9.13763,38.73132],[-9.137,38.73132],[-9.13644,38.73098],[-9.13667,38.73035],[-9.13637,38.72995],[-9.13616,38.72972],[-9.13637,38.72948],[-9.137,38.72953],[-9.13763,38.72953],[-9.13773,38.72972],[-9.13787,38.73035]]],[[[-9.14394,38.73215],[-9.14406,38.73224],[-9.14394,38.7323],[-9.14378,38.73224],[-9.14394,38.73215]]],[[[-9.13763,38.73217],[-9.13768,38.73224],[-9.13763,38.73229],[-9.137,38.73229],[-9.13695,38.73224],[-9.137,38.73217],[-9.13763,38.73217]]],[[[-9.14215,38.73414],[-9.14244,38.73351],[-9.14244,38.73287],[-9.14268,38.73247],[-9.14331,38.73247],[-9.14352,38.73287],[-9.14352,38.73351],[-9.14335,38.73414],[-9.14331,38.73417],[-9.14268,38.73417],[-9.14215,38.73414]]],[[[-9.14592,38.73287],[-9.14592,38.73351],[-9.14583,38.73398],[-9.1452,38.73398],[-9.14507,38.73351],[-9.14507,38.73287],[-9.1452,38.73281],[-9.14583,38.73281],[-9.14592,38.73287]]],[[[-9.14037,38.73414],[-9.14024,38.73477],[-9.14015,38.73505],[-9.13952,38.73505],[-9.13942,38.73477],[-9.139,38.73414],[-9.13952,38.73367],[-9.14015,38.73367],[-9.14037,38.73414]]],[[[-9.14501,38.73477],[-9.1452,38.7342],[-9.14583,38.7342],[-9.14646,38.73458],[-9.14709,38.73442],[-9.14772,38.73471],[-9.14835,38.73457],[-9.14898,38.73457],[-9.14914,38.73477],[-9.14898,38.73498],[-9.14835,38.73498],[-9.14772,38.7348],[-9.14709,38.73503],[-9.14659,38.7354],[-9.14646,38.73558],[-9.1463,38.7354],[-9.14583,38.73501],[-9.1452,38.73501],[-9.14501,38.73477]]],[[[-9.15088,38.73593],[-9.15095,38.73603],[-9.15088,38.73623],[-9.15025,38.73612],[-9.15013,38.73603],[-9.15025,38.73559],[-9.15088,38.73593]]],[[[-9.14772,38.7357],[-9.14793,38.73603],[-9.14772,38.73617],[-9.1473,38.73603],[-9.14772,38.7357]]],[[[-9.14205,38.73649],[-9.14157,38.73666],[-9.14142,38.73676],[-9.14102,38.73666],[-9.14079,38.73655],[-9.14069,38.73603],[-9.14037,38.7354],[-9.14079,38.73522],[-9.14112,38.7354],[-9.14142,38.7357],[-9.14205,38.7356],[-9.14238,38.73603],[-9.14205,38.73649]]],[[[-9.14457,38.73591],[-9.14474,38.73603],[-9.14457,38.73625],[-9.14394,38.7362],[-9.14379,38.73603],[-9.14394,38.73594],[-9.14457,38.73591]]],[[[-9.1534,38.73731],[-9.1532,38.73729],[-9.15277,38.73711],[-9.15214,38.73699],[-9.15151,38.73699],[-9.15113,38.73666],[-9.15151,38.73648],[-9.15214,38.73648],[-9.15277,38.73638],[-9.1532,38.73603],[-9.1534,38.73544],[-9.15345,38.7354],[-9.15403,38.73526],[-9.15466,38.73526],[-9.15529,38.73523],[-9.15556,38.7354],[-9.15589,38.73603],[-9.15551,38.73666],[-9.15529,38.73674],[-9.15466,38.73688],[-9.15403,38.73688],[-9.15343,38.73729],[-9.1534,38.73731]]],[[[-9.14457,38.73694],[-9.14483,38.73729],[-9.14478,38.73792],[-9.1452,38.73843],[-9.14583,38.73843],[-9.1459,38.73855],[-9.14583,38.73859],[-9.1452,38.73859],[-9.14457,38.73869],[-9.14394,38.73897],[-9.14352,38.73855],[-9.14331,38.73834],[-9.14268,38.73834],[-9.14242,38.73855],[-9.14205,38.73897],[-9.14174,38.73855],[-9.14142,38.73811],[-9.14079,38.73804],[-9.14071,38.73792],[-9.14079,38.73772],[-9.14142,38.73768],[-9.14201,38.73792],[-9.14205,38.73794],[-9.14206,38.73792],[-9.14235,38.73729],[-9.14268,38.73703],[-9.14331,38.73703],[-9.14394,38.73702],[-9.14457,38.73694]]],[[[-9.14079,38.74216],[-9.14103,38.74234],[-9.14079,38.74256],[-9.14059,38.74234],[-9.14079,38.74216]]],[[[-9.15025,38.74973],[-9.15039,38.7499],[-9.15025,38.75026],[-9.15001,38.75054],[-9.14962,38.75089],[-9.14931,38.75117],[-9.14898,38.75153],[-9.14835,38.75153],[-9.14772,38.75176],[-9.14709,38.75164],[-9.14646,38.75122],[-9.14583,38.75122],[-9.1452,38.75122],[-9.14511,38.75117],[-9.14495,38.75054],[-9.1452,38.75012],[-9.14583,38.75012],[-9.14641,38.7499],[-9.14646,38.74988],[-9.14702,38.74927],[-9.14709,38.74922],[-9.14731,38.74927],[-9.14772,38.7496],[-9.1481,38.7499],[-9.14835,38.75005],[-9.14898,38.75005],[-9.14916,38.7499],[-9.14962,38.74963],[-9.15025,38.74973]],[[-9.14709,38.75069],[-9.14772,38.75085],[-9.14805,38.75054],[-9.14772,38.75009],[-9.14709,38.7505],[-9.14704,38.75054],[-9.14709,38.75069]]],[[[-9.15033,38.75243],[-9.15032,38.75306],[-9.15025,38.75319],[-9.14962,38.75329],[-9.14928,38.75306],[-9.14962,38.75245],[-9.14966,38.75243],[-9.14962,38.75237],[-9.14946,38.7518],[-9.14962,38.75166],[-9.15025,38.75163],[-9.15033,38.7518],[-9.15033,38.75243]]],[[[-9.14709,38.75253],[-9.14749,38.75306],[-9.14709,38.75309],[-9.14706,38.75306],[-9.14709,38.75253]]],[[[-9.15277,38.76753],[-9.15287,38.76756],[-9.153,38.7682],[-9.1534,38.76845],[-9.15381,38.76883],[-9.15403,38.76898],[-9.15466,38.76898],[-9.15481,38.76883],[-9.15492,38.7682],[-9.15529,38.76778],[-9.15592,38.76819],[-9.15593,38.7682],[-9.15655,38.76856],[-9.15718,38.76856],[-9.15751,38.76883],[-9.15741,38.76946],[-9.15782,38.76965],[-9.15819,38.76946],[-9.15845,38.76928],[-9.15893,38.76946],[-9.15908,38.76952],[-9.1594,38.77009],[-9.15909,38.77072],[-9.15909,38.77135],[-9.15908,38.77136],[-9.1586,38.77135],[-9.1586,38.77072],[-9.15845,38.7704],[-9.15842,38.77072],[-9.15842,38.77135],[-9.15782,38.7715],[-9.15729,38.77198],[-9.15718,38.77203],[-9.15655,38.77203],[-9.15592,38.7722],[-9.15569,38.77198],[-9.15529,38.77161],[-9.15507,38.77135],[-9.15507,38.77072],[-9.15466,38.77033],[-9.15403,38.77033],[-9.15373,38.77009],[-9.1534,38.7698],[-9.15277,38.76972],[-9.15214,38.76958],[-9.15151,38.76956],[-9.15088,38.76956],[-9.15077,38.76946],[-9.15088,38.76921],[-9.15151,38.76921],[-9.15207,38.76883],[-9.15214,38.76873],[-9.15258,38.7682],[-9.15272,38.76756],[-9.15277,38.76753]],[[-9.15488,38.77009],[-9.15529,38.77045],[-9.15565,38.77009],[-9.15592,38.76969],[-9.15606,38.76946],[-9.15592,38.76933],[-9.15565,38.76946],[-9.15529,38.7697],[-9.15488,38.77009]]],[[[-9.12943,38.70839],[-9.12922,38.70828],[-9.12943,38.70828],[-9.13006,38.70765],[-9.13023,38.70765],[-9.13024,38.70828],[-9.13006,38.70837],[-9.12943,38.70839]]],[[[-9.12565,38.70978],[-9.12541,38.70978],[-9.12565,38.70954],[-9.12628,38.70891],[-9.1265,38.70891],[-9.12642,38.70954],[-9.12628,38.70963],[-9.12565,38.70978]]],[[[-9.13309,38.71395],[-9.13259,38.71371],[-9.1323,38.71395],[-9.1323,38.71458],[-9.13196,38.715],[-9.13132,38.715],[-9.13104,38.71458],[-9.13104,38.71395],[-9.13069,38.71338],[-9.13064,38.71332],[-9.13069,38.71325],[-9.13132,38.71317],[-9.13196,38.71317],[-9.13259,38.71284],[-9.13322,38.71295],[-9.13359,38.71332],[-9.13337,38.71395],[-9.13337,38.71458],[-9.13322,38.71466],[-9.13309,38.71458],[-9.13309,38.71395]]],[[[-9.11997,38.71476],[-9.1206,38.71476],[-9.12075,38.71458],[-9.1206,38.71444],[-9.12012,38.71444],[-9.12029,38.71426],[-9.1206,38.71426],[-9.12092,38.71458],[-9.1206,38.71496],[-9.11997,38.71496],[-9.11997,38.71476]]],[[[-9.11091,38.72302],[-9.11114,38.72278],[-9.11177,38.72215],[-9.11237,38.72155],[-9.1124,38.72155],[-9.11264,38.72215],[-9.1124,38.72237],[-9.11183,38.72278],[-9.11177,38.72283],[-9.11114,38.72302],[-9.11091,38.72302]]],[[[-9.10483,38.72909],[-9.10483,38.72901],[-9.10546,38.72901],[-9.10555,38.72846],[-9.10563,38.72783],[-9.10546,38.7273],[-9.10536,38.7273],[-9.10546,38.7272],[-9.10576,38.72691],[-9.1061,38.72691],[-9.10639,38.7272],[-9.1061,38.72741],[-9.1058,38.72783],[-9.10582,38.72846],[-9.10565,38.72909],[-9.10561,38.72972],[-9.10546,38.73009],[-9.10483,38.73009],[-9.10483,38.72972],[-9.10483,38.72909]]],[[[-9.1288,38.73017],[-9.12932,38.73035],[-9.1288,38.7305],[-9.12817,38.7305],[-9.12792,38.73035],[-9.12817,38.73017],[-9.1288,38.73017]]],[[[-9.12943,38.73042],[-9.12982,38.73098],[-9.12943,38.73133],[-9.1292,38.73098],[-9.12943,38.73042]]],[[[-9.13322,38.73085],[-9.13366,38.73098],[-9.13322,38.73137],[-9.13259,38.73137],[-9.13205,38.73098],[-9.13259,38.7307],[-9.13322,38.73085]]],[[[-9.13448,38.73169],[-9.13457,38.73224],[-9.13448,38.73237],[-9.13385,38.73237],[-9.13378,38.73224],[-9.13385,38.73169],[-9.13448,38.73169]]],[[[-9.10234,38.73603],[-9.10258,38.7354],[-9.10266,38.73477],[-9.10231,38.73442],[-9.10203,38.73442],[-9.10212,38.73432],[-9.10231,38.73432],[-9.10276,38.73477],[-9.10279,38.7354],[-9.10249,38.73603],[-9.10231,38.73634],[-9.10168,38.73634],[-9.10105,38.73634],[-9.10105,38.73607],[-9.10168,38.73607],[-9.10231,38.73607],[-9.10234,38.73603]]],[[[-9.13364,38.73666],[-9.13375,38.73729],[-9.13385,38.73738],[-9.13448,38.73738],[-9.13455,38.73729],[-9.13511,38.7369],[-9.13539,38.73729],[-9.13533,38.73792],[-9.13566,38.73855],[-9.13574,38.73864],[-9.13617,38.73918],[-9.13617,38.73981],[-9.13637,38.73996],[-9.13685,38.74044],[-9.13637,38.74104],[-9.13628,38.74107],[-9.13574,38.74134],[-9.13554,38.74107],[-9.13515,38.74044],[-9.13514,38.73981],[-9.13514,38.73918],[-9.13511,38.73916],[-9.1347,38.73855],[-9.13448,38.73835],[-9.13385,38.73835],[-9.13339,38.73792],[-9.13322,38.73772],[-9.13269,38.73729],[-9.13259,38.73684],[-9.13196,38.73688],[-9.13132,38.7369],[-9.13069,38.7369],[-9.13058,38.73666],[-9.13069,38.7366],[-9.13132,38.7366],[-9.13196,38.7366],[-9.13259,38.73664],[-9.13322,38.73657],[-9.13364,38.73666]]],[[[-9.1288,38.74232],[-9.12882,38.74234],[-9.1288,38.74235],[-9.12817,38.74235],[-9.12754,38.7424],[-9.12747,38.74234],[-9.12754,38.74226],[-9.12817,38.74232],[-9.1288,38.74232]]],[[[-9.09776,38.74185],[-9.0979,38.7417],[-9.09814,38.74146],[-9.09853,38.74146],[-9.09916,38.74117],[-9.09979,38.74117],[-9.09989,38.74107],[-9.09995,38.74044],[-9.09999,38.73981],[-9.09979,38.73952],[-9.09945,38.73952],[-9.09979,38.73918],[-9.09979,38.73894],[-9.10042,38.73894],[-9.10058,38.73855],[-9.10042,38.73838],[-9.09996,38.73838],[-9.10011,38.73822],[-9.10042,38.73822],[-9.10072,38.73855],[-9.10105,38.73911],[-9.1011,38.73918],[-9.10105,38.73929],[-9.10042,38.73961],[-9.10036,38.73981],[-9.10035,38.74044],[-9.10009,38.74107],[-9.09979,38.74136],[-9.09916,38.74136],[-9.0987,38.7417],[-9.09853,38.74192],[-9.09829,38.74234],[-9.09828,38.74297],[-9.09794,38.7436],[-9.0979,38.74365],[-9.09779,38.74423],[-9.09789,38.74486],[-9.09783,38.74549],[-9.09751,38.74612],[-9.09751,38.74675],[-9.09727,38.7472],[-9.09717,38.74738],[-9.0968,38.74801],[-9.09676,38.74864],[-9.09663,38.74913],[-9.096,38.74913],[-9.09551,38.74913],[-9.096,38.74864],[-9.096,38.74801],[-9.096,38.74786],[-9.09663,38.74786],[-9.09689,38.74738],[-9.09722,38.74675],[-9.09722,38.74612],[-9.09727,38.74606],[-9.09764,38.74549],[-9.09769,38.74486],[-9.09766,38.74423],[-9.09727,38.74375],[-9.09711,38.74375],[-9.09727,38.7436],[-9.09727,38.74313],[-9.0979,38.74313],[-9.09799,38.74297],[-9.09811,38.74234],[-9.0979,38.74185],[-9.09776,38.74185]]],[[[-9.13826,38.74495],[-9.13763,38.74525],[-9.137,38.74525],[-9.13637,38.74525],[-9.13596,38.74549],[-9.13596,38.74612],[-9.13574,38.74638],[-9.13551,38.74612],[-9.13551,38.74549],[-9.13561,38.74486],[-9.13511,38.74425],[-9.13509,38.74423],[-9.13498,38.7436],[-9.13511,38.74341],[-9.13574,38.74333],[-9.13592,38.74297],[-9.13574,38.7427],[-9.13552,38.74234],[-9.13574,38.74191],[-9.13637,38.74178],[-9.137,38.74227],[-9.13763,38.74227],[-9.13792,38.74234],[-9.13826,38.74239],[-9.13873,38.74297],[-9.13857,38.7436],[-9.13854,38.74423],[-9.13831,38.74486],[-9.13826,38.74495]]],[[[-9.13574,38.75472],[-9.13637,38.75494],[-9.137,38.75494],[-9.13708,38.75495],[-9.137,38.75496],[-9.13637,38.75496],[-9.13574,38.75515],[-9.13511,38.75519],[-9.13448,38.75532],[-9.13385,38.75532],[-9.13322,38.75502],[-9.13259,38.75529],[-9.1324,38.75495],[-9.13196,38.75459],[-9.13176,38.75432],[-9.13175,38.75369],[-9.1315,38.75306],[-9.13196,38.75287],[-9.13259,38.75306],[-9.13229,38.75369],[-9.13259,38.75378],[-9.1331,38.75432],[-9.13322,38.75481],[-9.13385,38.75461],[-9.13448,38.75461],[-9.13511,38.75468],[-9.13574,38.75472]]],[[[-9.1321,38.75873],[-9.13196,38.75861],[-9.13139,38.7581],[-9.13132,38.75779],[-9.13069,38.75779],[-9.13066,38.75747],[-9.13056,38.75684],[-9.13069,38.75671],[-9.13132,38.75671],[-9.13147,38.75684],[-9.13196,38.75707],[-9.13259,38.75723],[-9.13285,38.75747],[-9.13322,38.75791],[-9.13342,38.7581],[-9.13322,38.75852],[-9.13301,38.75873],[-9.13301,38.75937],[-9.13259,38.7598],[-9.1321,38.75937],[-9.1321,38.75873]]],[[[-9.09393,38.7581],[-9.09411,38.75773],[-9.09426,38.75747],[-9.09411,38.75692],[-9.0941,38.75684],[-9.09411,38.75681],[-9.09439,38.75621],[-9.09419,38.75558],[-9.09436,38.75495],[-9.09457,38.75432],[-9.09471,38.75369],[-9.09432,38.75306],[-9.09432,38.75284],[-9.09451,38.75266],[-9.09451,38.75306],[-9.09474,38.75342],[-9.09501,38.75369],[-9.09494,38.75432],[-9.09491,38.75495],[-9.09474,38.75532],[-9.09468,38.75558],[-9.09474,38.75574],[-9.09511,38.75621],[-9.09537,38.75666],[-9.09547,38.75684],[-9.09537,38.75694],[-9.09494,38.75747],[-9.09486,38.7581],[-9.09482,38.75873],[-9.09482,38.75937],[-9.09474,38.7595],[-9.09454,38.76],[-9.09461,38.76063],[-9.09474,38.76088],[-9.09517,38.76126],[-9.09529,38.76189],[-9.09537,38.76211],[-9.09553,38.76252],[-9.09555,38.76315],[-9.09569,38.76378],[-9.09579,38.76441],[-9.09542,38.76504],[-9.09542,38.76567],[-9.09537,38.76574],[-9.09474,38.76574],[-9.09474,38.76567],[-9.09474,38.76504],[-9.09474,38.76446],[-9.09537,38.76446],[-9.0954,38.76441],[-9.09537,38.76434],[-9.09474,38.76434],[-9.09474,38.76378],[-9.09452,38.76356],[-9.0945,38.76315],[-9.09474,38.76275],[-9.09495,38.76252],[-9.09474,38.76194],[-9.09411,38.76191],[-9.0941,38.76189],[-9.09394,38.76126],[-9.09396,38.76063],[-9.09402,38.76],[-9.0938,38.75937],[-9.09389,38.75873],[-9.09393,38.7581]]],[[[-9.1124,38.7625],[-9.11242,38.76252],[-9.1124,38.76257],[-9.11238,38.76252],[-9.1124,38.7625]]],[[[-9.11114,38.76271],[-9.11121,38.76315],[-9.11114,38.76318],[-9.11051,38.76318],[-9.11041,38.76315],[-9.11051,38.76271],[-9.11114,38.76271]]],[[[-9.11808,38.76659],[-9.11836,38.76693],[-9.11838,38.76756],[-9.1183,38.7682],[-9.11808,38.76837],[-9.11745,38.76832],[-9.11717,38.7682],[-9.11682,38.7681],[-9.11619,38.7681],[-9.11556,38.76756],[-9.11619,38.76706],[-9.11682,38.76706],[-9.117,38.76693],[-9.11745,38.7663],[-9.11808,38.76659]]],[[[-9.11493,38.76775],[-9.11481,38.76756],[-9.11493,38.76746],[-9.11556,38.76756],[-9.11493,38.76775]]],[[[-9.09159,38.7682],[-9.09159,38.7678],[-9.09222,38.7678],[-9.09232,38.76756],[-9.09232,38.76693],[-9.09257,38.76693],[-9.09257,38.76756],[-9.09239,38.7682],[-9.09222,38.7686],[-9.09159,38.7686],[-9.09159,38.7682]]],[[[-9.11429,38.76882],[-9.11433,38.76883],[-9.11429,38.76884],[-9.11429,38.76883],[-9.11429,38.76882]]],[[[-9.09663,38.7721],[-9.09686,38.77261],[-9.09663,38.77285],[-9.096,38.77285],[-9.09571,38.77261],[-9.096,38.7721],[-9.09663,38.7721]]],[[[-9.0938,38.78081],[-9.09348,38.78032],[-9.09285,38.78032],[-9.09275,38.78018],[-9.09281,38.77955],[-9.0925,38.77892],[-9.0925,38.77829],[-9.09262,38.77766],[-9.09222,38.7771],[-9.09218,38.77703],[-9.09213,38.77639],[-9.09222,38.77596],[-9.09231,38.77576],[-9.09281,38.77513],[-9.09266,38.7745],[-9.09285,38.77395],[-9.09348,38.77395],[-9.09354,38.77387],[-9.09375,38.77324],[-9.09395,38.77261],[-9.09411,38.7723],[-9.09426,38.77198],[-9.09426,38.77135],[-9.09413,38.77072],[-9.09411,38.7707],[-9.09348,38.7706],[-9.09285,38.7706],[-9.09222,38.77034],[-9.09159,38.77034],[-9.09159,38.77009],[-9.09159,38.76946],[-9.09159,38.76894],[-9.09222,38.76894],[-9.09285,38.76938],[-9.09348,38.76938],[-9.09366,38.76946],[-9.09348,38.76992],[-9.09285,38.76992],[-9.09277,38.77009],[-9.09285,38.77014],[-9.09348,38.77014],[-9.09377,38.77009],[-9.09411,38.77],[-9.09421,38.77009],[-9.09472,38.77072],[-9.09473,38.77135],[-9.09473,38.77198],[-9.09474,38.77205],[-9.09512,38.77261],[-9.09522,38.77324],[-9.09537,38.77352],[-9.09565,38.77387],[-9.09537,38.77419],[-9.09487,38.7745],[-9.09507,38.77513],[-9.09537,38.77569],[-9.09585,38.77576],[-9.09537,38.77588],[-9.09523,38.77639],[-9.09506,38.77703],[-9.09474,38.77705],[-9.09472,38.77703],[-9.09411,38.77659],[-9.0937,38.77703],[-9.09395,38.77766],[-9.09411,38.77784],[-9.09446,38.77829],[-9.09451,38.77892],[-9.09474,38.77909],[-9.09537,38.77917],[-9.096,38.77938],[-9.09663,38.77938],[-9.0967,38.77955],[-9.09669,38.78018],[-9.09663,38.78034],[-9.096,38.78034],[-9.09577,38.78081],[-9.096,38.78132],[-9.09663,38.78132],[-9.09668,38.78144],[-9.09663,38.7815],[-9.096,38.7815],[-9.09561,38.78144],[-9.09537,38.78139],[-9.09474,38.78141],[-9.09469,38.78144],[-9.09474,38.78154],[-9.095,38.78207],[-9.09474,38.78252],[-9.09462,38.7827],[-9.09411,38.78314],[-9.09401,38.78333],[-9.09411,38.78363],[-9.09421,38.78396],[-9.09411,38.78405],[-9.09391,38.78396],[-9.09348,38.78376],[-9.09285,38.78376],[-9.09272,38.78396],[-9.09266,38.78459],[-9.09264,38.78523],[-9.09265,38.78586],[-9.09273,38.78649],[-9.09234,38.78712],[-9.09222,38.78713],[-9.09159,38.78761],[-9.09096,38.78761],[-9.09096,38.78712],[-9.09096,38.78711],[-9.09159,38.78711],[-9.09208,38.78649],[-9.09159,38.786],[-9.09145,38.786],[-9.09159,38.78586],[-9.09159,38.78523],[-9.09125,38.78488],[-9.09159,38.78488],[-9.09188,38.78459],[-9.09222,38.78411],[-9.0923,38.78396],[-9.09263,38.78333],[-9.09243,38.7827],[-9.09253,38.78207],[-9.09285,38.78151],[-9.09348,38.78151],[-9.09354,38.78144],[-9.0938,38.78081]],[[-9.0938,38.77955],[-9.09411,38.77963],[-9.09427,38.77955],[-9.09411,38.77949],[-9.0938,38.77955]]],[[[-9.09159,38.78796],[-9.09171,38.78838],[-9.09159,38.78855],[-9.09096,38.78855],[-9.09096,38.78838],[-9.09096,38.78796],[-9.09159,38.78796]]],[[[-9.09104,38.7909],[-9.09102,38.79153],[-9.09096,38.79175],[-9.09033,38.79175],[-9.09033,38.79153],[-9.09033,38.7909],[-9.09033,38.79048],[-9.09096,38.79048],[-9.09104,38.7909]]],[[[-9.09257,38.79532],[-9.09285,38.79592],[-9.09348,38.79592],[-9.09351,38.79595],[-9.09351,38.79638],[-9.09322,38.79633],[-9.09255,38.7963],[-9.09253,38.79621],[-9.09231,38.79618],[-9.0912,38.79619],[-9.09096,38.79595],[-9.09081,38.7958],[-9.09096,38.7958],[-9.09157,38.79532],[-9.09145,38.79469],[-9.09124,38.79406],[-9.09096,38.79344],[-9.09033,38.79344],[-9.09033,38.79342],[-9.09033,38.79279],[-9.09033,38.79243],[-9.09096,38.79243],[-9.09118,38.79279],[-9.09118,38.79342],[-9.09139,38.79406],[-9.09159,38.79456],[-9.09203,38.79469],[-9.09222,38.79477],[-9.09257,38.79532]]]]},"properties":{"class":5,"label":"34 a 35","fill":"#fd8d3c"}},{"type":"Feature","geometry":{"type":"MultiPolygon","coordinates":[[[[-9.21963,38.69356],[-9.2192,38.69314],[-9.21963,38.69314],[-9.22026,38.69251],[-9.22089,38.69251],[-9.22091,38.69251],[-9.22114,38.69314],[-9.22152,38.69323],[-9.22215,38.69323],[-9.2225,38.69377],[-9.2225,38.6944],[-9.22278,38.69472],[-9.22329,38.6944],[-9.22329,38.69377],[-9.22315,38.69314],[-9.22341,38.69311],[-9.22344,38.69311],[-9.22341,38.69314],[-9.22351,38.69323],[-9.22351,38.69377],[-9.22351,38.6944],[-9.22404,38.69485],[-9.22442,38.69503],[-9.22467,38.69512],[-9.2253,38.69512],[-9.22544,38.69503],[-9.22544,38.69453],[-9.22588,38.69497],[-9.22588,38.69503],[-9.2253,38.69541],[-9.22467,38.69541],[-9.22404,38.69521],[-9.22361,38.69503],[-9.22341,38.69488],[-9.22302,38.69503],[-9.22278,38.69518],[-9.22215,38.69505],[-9.22152,38.69505],[-9.22151,38.69503],[-9.22152,38.69497],[-9.22215,38.69497],[-9.22218,38.6944],[-9.22217,38.69377],[-9.22215,38.69374],[-9.22152,38.69374],[-9.22139,38.69377],[-9.22133,38.6944],[-9.22089,38.69457],[-9.22026,38.69464],[-9.22001,38.6944],[-9.22001,38.69377],[-9.21963,38.69356]]],[[[-9.22598,38.69503],[-9.22632,38.69503],[-9.22632,38.69566],[-9.22656,38.69583],[-9.2267,38.69566],[-9.2267,38.69517],[-9.22689,38.69536],[-9.22689,38.69566],[-9.22656,38.69606],[-9.22598,38.69566],[-9.22598,38.69503]]],[[[-9.22846,38.69584],[-9.22824,38.69566],[-9.228,38.69549],[-9.22811,38.69538],[-9.22846,38.69563],[-9.22909,38.69563],[-9.22911,38.69566],[-9.22951,38.69591],[-9.22945,38.69601],[-9.22909,38.69585],[-9.22846,38.69584]]],[[[-9.19124,38.69667],[-9.19061,38.6967],[-9.19011,38.69629],[-9.19032,38.69629],[-9.19061,38.69653],[-9.19124,38.69652],[-9.19187,38.6964],[-9.19205,38.69629],[-9.19205,38.69566],[-9.19234,38.69566],[-9.19234,38.69629],[-9.19187,38.69658],[-9.19124,38.69667]]],[[[-9.18746,38.69738],[-9.18683,38.69738],[-9.18644,38.69692],[-9.1866,38.69692],[-9.18683,38.69719],[-9.18746,38.69719],[-9.18796,38.69692],[-9.18796,38.69629],[-9.18809,38.69629],[-9.18852,38.69629],[-9.18852,38.69692],[-9.18809,38.69713],[-9.18746,38.69738]]],[[[-9.22255,38.69755],[-9.22215,38.69794],[-9.22152,38.69794],[-9.22106,38.69755],[-9.22152,38.69715],[-9.22215,38.69715],[-9.22255,38.69755]]],[[[-9.22404,38.69876],[-9.22409,38.69882],[-9.22404,38.69886],[-9.22399,38.69882],[-9.22404,38.69876]]],[[[-9.21773,38.70191],[-9.21782,38.70197],[-9.21773,38.702],[-9.21763,38.70197],[-9.21773,38.70191]]],[[[-9.20764,38.70583],[-9.20701,38.70583],[-9.20695,38.70575],[-9.20701,38.70573],[-9.20764,38.70573],[-9.20777,38.70575],[-9.20764,38.70583]]],[[[-9.20575,38.706],[-9.20614,38.70638],[-9.20614,38.70701],[-9.20638,38.70732],[-9.20658,38.70765],[-9.20638,38.70785],[-9.20604,38.70765],[-9.20575,38.70742],[-9.20544,38.70701],[-9.20555,38.70638],[-9.20575,38.706]]],[[[-9.21231,38.70765],[-9.21206,38.70783],[-9.21143,38.70789],[-9.2113,38.70765],[-9.21143,38.70752],[-9.21206,38.70747],[-9.21231,38.70765]]],[[[-9.2026,38.71143],[-9.20261,38.71143],[-9.2026,38.71153],[-9.20257,38.71143],[-9.2026,38.71143]]],[[[-9.20007,38.71262],[-9.19994,38.71206],[-9.2,38.71143],[-9.20007,38.71137],[-9.2007,38.71138],[-9.20134,38.71138],[-9.2015,38.71143],[-9.20161,38.71206],[-9.20134,38.71241],[-9.2007,38.71241],[-9.20007,38.71262]]],[[[-9.21143,38.71634],[-9.21206,38.71626],[-9.21239,38.71584],[-9.21269,38.71563],[-9.21332,38.71563],[-9.21363,38.71521],[-9.21395,38.71479],[-9.21454,38.71458],[-9.21458,38.71448],[-9.21521,38.71427],[-9.21537,38.71458],[-9.21584,38.71482],[-9.21647,38.71482],[-9.2171,38.71487],[-9.21762,38.71521],[-9.21773,38.71537],[-9.21837,38.7155],[-9.219,38.7155],[-9.21963,38.7157],[-9.22,38.71521],[-9.22026,38.71492],[-9.22055,38.71458],[-9.22089,38.71407],[-9.22099,38.71395],[-9.22132,38.71332],[-9.22133,38.71269],[-9.22152,38.71235],[-9.22215,38.71235],[-9.22233,38.71206],[-9.2226,38.71143],[-9.22249,38.7108],[-9.22262,38.71017],[-9.22223,38.70954],[-9.22215,38.70894],[-9.22152,38.70894],[-9.22152,38.70891],[-9.22152,38.7089],[-9.22215,38.7089],[-9.22256,38.70828],[-9.22226,38.70765],[-9.22244,38.70751],[-9.22308,38.70868],[-9.2231,38.70883],[-9.22278,38.70883],[-9.22276,38.70891],[-9.22268,38.70954],[-9.22278,38.70971],[-9.22326,38.70971],[-9.22333,38.71008],[-9.22325,38.71074],[-9.22298,38.71181],[-9.22278,38.71181],[-9.22268,38.71206],[-9.2225,38.71269],[-9.22271,38.71291],[-9.22262,38.71329],[-9.22242,38.71372],[-9.22215,38.71372],[-9.22152,38.71372],[-9.22143,38.71395],[-9.22089,38.71456],[-9.22087,38.71458],[-9.22034,38.71521],[-9.22026,38.71541],[-9.22,38.71584],[-9.21963,38.71601],[-9.21904,38.71584],[-9.219,38.71583],[-9.21837,38.71583],[-9.21827,38.71584],[-9.21773,38.71616],[-9.2171,38.71615],[-9.21647,38.71626],[-9.21584,38.71634],[-9.21547,38.71584],[-9.21584,38.71551],[-9.21647,38.71551],[-9.21709,38.71521],[-9.21647,38.71511],[-9.21584,38.71511],[-9.21536,38.71521],[-9.21521,38.71539],[-9.21458,38.71563],[-9.21421,38.71584],[-9.21395,38.71625],[-9.21332,38.71631],[-9.21269,38.71631],[-9.21255,38.71648],[-9.21269,38.7167],[-9.21332,38.7167],[-9.21376,38.71711],[-9.21395,38.71744],[-9.21434,38.71774],[-9.21458,38.71784],[-9.21495,38.71837],[-9.21485,38.719],[-9.21485,38.71963],[-9.21458,38.71988],[-9.21395,38.71989],[-9.21332,38.72019],[-9.21269,38.72019],[-9.21266,38.72026],[-9.21206,38.72057],[-9.21176,38.72089],[-9.21143,38.72127],[-9.21098,38.72152],[-9.2108,38.7217],[-9.21051,38.72215],[-9.21051,38.72242],[-9.20901,38.72335],[-9.20915,38.72278],[-9.2095,38.72215],[-9.20953,38.72168],[-9.21017,38.72168],[-9.21019,38.72152],[-9.21031,38.72089],[-9.21017,38.72052],[-9.20953,38.72052],[-9.20937,38.72089],[-9.2089,38.72103],[-9.20829,38.72089],[-9.20881,38.72026],[-9.20854,38.71963],[-9.2089,38.71927],[-9.20927,38.719],[-9.20953,38.7186],[-9.21017,38.7186],[-9.21034,38.71837],[-9.21067,38.71774],[-9.21071,38.71711],[-9.2108,38.71698],[-9.21132,38.71648],[-9.21143,38.71634]],[[-9.209,38.71963],[-9.2089,38.71958],[-9.20886,38.71963],[-9.2089,38.71972],[-9.209,38.71963]],[[-9.21145,38.72089],[-9.21143,38.72061],[-9.21134,38.72089],[-9.21143,38.72092],[-9.21145,38.72089]],[[-9.21163,38.71837],[-9.21206,38.71779],[-9.21216,38.71774],[-9.21206,38.71763],[-9.21143,38.71756],[-9.21129,38.71774],[-9.2109,38.71837],[-9.21143,38.71849],[-9.21163,38.71837]]],[[[-9.18935,38.71799],[-9.18872,38.71802],[-9.18809,38.71827],[-9.18746,38.71834],[-9.18683,38.71782],[-9.1862,38.71782],[-9.18607,38.71774],[-9.18614,38.71711],[-9.1862,38.71702],[-9.18683,38.71702],[-9.18709,38.71648],[-9.18746,38.71586],[-9.18752,38.71584],[-9.18806,38.71521],[-9.18809,38.7152],[-9.18811,38.71521],[-9.18872,38.71568],[-9.18911,38.71584],[-9.18932,38.71648],[-9.18935,38.71653],[-9.18998,38.71653],[-9.19051,38.71711],[-9.1905,38.71774],[-9.18998,38.71799],[-9.18935,38.71799]],[[-9.18872,38.71757],[-9.18919,38.71711],[-9.1889,38.71648],[-9.18872,38.71617],[-9.18809,38.71612],[-9.18746,38.71621],[-9.1873,38.71648],[-9.1871,38.71711],[-9.18705,38.71774],[-9.18746,38.71806],[-9.18809,38.71804],[-9.18862,38.71774],[-9.18872,38.71757]]],[[[-9.21468,38.71711],[-9.21458,38.71742],[-9.21436,38.71711],[-9.21458,38.71689],[-9.21468,38.71711]]],[[[-9.19486,38.72152],[-9.19503,38.7212],[-9.19566,38.7212],[-9.19611,38.72152],[-9.19629,38.72185],[-9.19637,38.72215],[-9.19629,38.72235],[-9.19566,38.72243],[-9.19503,38.72243],[-9.19456,38.72215],[-9.19486,38.72152]]],[[[-9.18809,38.74638],[-9.1883,38.74675],[-9.18872,38.74703],[-9.18935,38.74703],[-9.18966,38.74675],[-9.18935,38.74638],[-9.18872,38.74638],[-9.1883,38.74612],[-9.18809,38.74592],[-9.18796,38.74549],[-9.18793,38.74486],[-9.18746,38.74446],[-9.18683,38.74446],[-9.1862,38.74446],[-9.18593,38.74423],[-9.18557,38.74402],[-9.18494,38.74419],[-9.18431,38.74397],[-9.18368,38.74393],[-9.18304,38.74393],[-9.18256,38.7436],[-9.18241,38.74302],[-9.18239,38.74297],[-9.18178,38.74251],[-9.18158,38.74234],[-9.18117,38.7417],[-9.18115,38.74169],[-9.18052,38.74169],[-9.17991,38.74107],[-9.17989,38.74102],[-9.17926,38.741],[-9.17863,38.74078],[-9.1782,38.74044],[-9.178,38.74018],[-9.17737,38.74018],[-9.17703,38.73981],[-9.17697,38.73918],[-9.17674,38.73909],[-9.17662,38.73918],[-9.17657,38.73981],[-9.17611,38.74015],[-9.17556,38.73981],[-9.17556,38.73918],[-9.17548,38.73908],[-9.17484,38.73908],[-9.17424,38.73855],[-9.17421,38.73851],[-9.17398,38.73792],[-9.17365,38.73729],[-9.17358,38.73723],[-9.17295,38.73723],[-9.17283,38.73666],[-9.17277,38.73603],[-9.17295,38.73566],[-9.17303,38.7354],[-9.17295,38.73528],[-9.17244,38.73477],[-9.17241,38.73414],[-9.17232,38.73354],[-9.17169,38.73354],[-9.17169,38.73351],[-9.17169,38.7335],[-9.17232,38.7335],[-9.17295,38.73309],[-9.1734,38.73287],[-9.17354,38.73224],[-9.1735,38.73161],[-9.17358,38.73146],[-9.17371,38.73098],[-9.17358,38.7308],[-9.17321,38.73035],[-9.17295,38.72994],[-9.17281,38.72972],[-9.17286,38.72909],[-9.17285,38.72846],[-9.17273,38.72783],[-9.17273,38.7272],[-9.17295,38.72705],[-9.17316,38.72657],[-9.17319,38.72594],[-9.17298,38.72531],[-9.17322,38.72468],[-9.17295,38.72413],[-9.17232,38.72409],[-9.17169,38.72409],[-9.17164,38.72404],[-9.17169,38.72398],[-9.17232,38.72398],[-9.17285,38.72341],[-9.17262,38.72278],[-9.17295,38.72248],[-9.17312,38.72215],[-9.17295,38.7216],[-9.17271,38.72152],[-9.17295,38.72108],[-9.17303,38.72152],[-9.17358,38.72169],[-9.17379,38.72152],[-9.17358,38.72104],[-9.17306,38.72089],[-9.17358,38.7203],[-9.1739,38.72026],[-9.17358,38.7202],[-9.17335,38.71963],[-9.17358,38.71935],[-9.17421,38.71958],[-9.17429,38.719],[-9.17421,38.71891],[-9.17384,38.71837],[-9.1739,38.71774],[-9.17385,38.71711],[-9.17421,38.71658],[-9.1743,38.71648],[-9.17429,38.71584],[-9.17421,38.7157],[-9.17385,38.71521],[-9.1736,38.71458],[-9.17358,38.71448],[-9.17335,38.71395],[-9.17335,38.71332],[-9.17358,38.71296],[-9.17376,38.71332],[-9.17374,38.71395],[-9.17421,38.71413],[-9.17466,38.71395],[-9.17464,38.71332],[-9.17484,38.71297],[-9.17548,38.71297],[-9.17579,38.71269],[-9.17611,38.71238],[-9.17631,38.71206],[-9.17674,38.71186],[-9.17737,38.71148],[-9.17784,38.71206],[-9.178,38.71222],[-9.17863,38.71222],[-9.17926,38.71253],[-9.17979,38.71206],[-9.17989,38.71195],[-9.18052,38.71164],[-9.18115,38.71164],[-9.18178,38.71154],[-9.18241,38.71151],[-9.18304,38.71144],[-9.18305,38.71143],[-9.18368,38.71099],[-9.18431,38.71099],[-9.18494,38.71102],[-9.18557,38.71107],[-9.18601,38.7108],[-9.1862,38.71065],[-9.18683,38.71065],[-9.18746,38.71031],[-9.18763,38.71017],[-9.18809,38.70989],[-9.18863,38.71017],[-9.18872,38.71023],[-9.18881,38.71017],[-9.18894,38.70954],[-9.18923,38.70891],[-9.18924,38.70828],[-9.18918,38.70765],[-9.18872,38.70705],[-9.1887,38.70701],[-9.18872,38.70699],[-9.18935,38.70688],[-9.18998,38.70688],[-9.19014,38.70701],[-9.1903,38.70765],[-9.19061,38.70809],[-9.19069,38.70828],[-9.19101,38.70891],[-9.19124,38.70914],[-9.19161,38.70954],[-9.19187,38.70989],[-9.1921,38.71017],[-9.19187,38.71079],[-9.19187,38.7108],[-9.19187,38.71081],[-9.19214,38.71143],[-9.19187,38.71198],[-9.19184,38.71206],[-9.19187,38.71214],[-9.19251,38.71233],[-9.19314,38.71233],[-9.19361,38.71269],[-9.19349,38.71332],[-9.19356,38.71395],[-9.19332,38.71458],[-9.19377,38.71509],[-9.19389,38.71521],[-9.19377,38.71561],[-9.19367,38.71584],[-9.19377,38.71589],[-9.19423,38.71584],[-9.1944,38.71581],[-9.1949,38.71521],[-9.19503,38.71508],[-9.19566,38.71508],[-9.19629,38.71504],[-9.19657,38.71521],[-9.19692,38.71547],[-9.19755,38.71545],[-9.19787,38.71521],[-9.19818,38.71518],[-9.19881,38.71518],[-9.19922,38.71458],[-9.19944,38.71413],[-9.19952,38.71395],[-9.19952,38.71332],[-9.20007,38.71271],[-9.2007,38.71282],[-9.20134,38.71282],[-9.2019,38.71269],[-9.20197,38.71265],[-9.2026,38.71215],[-9.20323,38.71218],[-9.20386,38.71222],[-9.20449,38.71222],[-9.20504,38.71269],[-9.20512,38.71274],[-9.20551,38.71269],[-9.20561,38.71206],[-9.20575,38.71195],[-9.20638,38.71194],[-9.20681,38.71206],[-9.20644,38.71269],[-9.20638,38.71284],[-9.20575,38.71274],[-9.20553,38.71332],[-9.20569,38.71395],[-9.20575,38.71406],[-9.20638,38.71398],[-9.20643,38.71395],[-9.20668,38.71332],[-9.20701,38.71316],[-9.20764,38.71316],[-9.20827,38.71289],[-9.2084,38.71332],[-9.2083,38.71395],[-9.20827,38.71397],[-9.20764,38.71415],[-9.20701,38.71415],[-9.2067,38.71458],[-9.20666,38.71521],[-9.20701,38.71558],[-9.20764,38.71558],[-9.20796,38.71584],[-9.20827,38.71606],[-9.2089,38.71585],[-9.20892,38.71584],[-9.20943,38.71521],[-9.20953,38.7151],[-9.21017,38.7151],[-9.21048,38.71458],[-9.21047,38.71395],[-9.21017,38.71365],[-9.20953,38.71365],[-9.20921,38.71332],[-9.2089,38.71273],[-9.20867,38.71269],[-9.20859,38.71206],[-9.20827,38.71199],[-9.20764,38.71199],[-9.20701,38.71199],[-9.20673,38.71143],[-9.20701,38.71101],[-9.20764,38.71101],[-9.20827,38.71122],[-9.20881,38.7108],[-9.2089,38.71066],[-9.20898,38.7108],[-9.20922,38.71143],[-9.20953,38.71163],[-9.21017,38.71163],[-9.21062,38.71143],[-9.2108,38.71133],[-9.21143,38.71106],[-9.21173,38.71143],[-9.21206,38.71167],[-9.21232,38.71143],[-9.2125,38.7108],[-9.21269,38.71071],[-9.21332,38.71071],[-9.21346,38.7108],[-9.21395,38.71106],[-9.21458,38.71134],[-9.21476,38.71143],[-9.21521,38.71162],[-9.21538,38.71143],[-9.21562,38.7108],[-9.21556,38.71017],[-9.21538,38.70954],[-9.21549,38.70891],[-9.21521,38.7086],[-9.21477,38.70828],[-9.21458,38.70812],[-9.2142,38.70765],[-9.21395,38.70738],[-9.21332,38.70742],[-9.21269,38.70742],[-9.21236,38.70701],[-9.21236,38.70638],[-9.21223,38.70575],[-9.21206,38.70554],[-9.21143,38.7056],[-9.2108,38.70562],[-9.21049,38.70575],[-9.21068,38.70638],[-9.21068,38.70701],[-9.21017,38.70722],[-9.20953,38.70722],[-9.2089,38.7075],[-9.20832,38.70701],[-9.20832,38.70638],[-9.20855,38.70575],[-9.20877,38.70512],[-9.2089,38.705],[-9.20925,38.70512],[-9.20953,38.70542],[-9.21017,38.70542],[-9.2103,38.70512],[-9.21051,38.70449],[-9.2108,38.70441],[-9.21129,38.70386],[-9.21143,38.70367],[-9.21206,38.70364],[-9.21237,38.70323],[-9.2124,38.7026],[-9.21235,38.70197],[-9.21206,38.70167],[-9.21156,38.70134],[-9.21143,38.70119],[-9.2108,38.70082],[-9.21017,38.70082],[-9.21012,38.70071],[-9.21012,38.70008],[-9.2101,38.69945],[-9.21017,38.6993],[-9.2108,38.6993],[-9.21111,38.69882],[-9.21117,38.69818],[-9.21112,38.69755],[-9.2108,38.69731],[-9.21017,38.69731],[-9.20954,38.69692],[-9.21017,38.69651],[-9.2108,38.69651],[-9.21121,38.69629],[-9.21143,38.69606],[-9.21206,38.6958],[-9.21222,38.69566],[-9.21206,38.69561],[-9.21167,38.69503],[-9.21143,38.69446],[-9.2108,38.69441],[-9.21017,38.69441],[-9.21006,38.6944],[-9.21006,38.69377],[-9.20953,38.69374],[-9.2089,38.69364],[-9.20827,38.69369],[-9.20809,38.69377],[-9.20809,38.6944],[-9.20764,38.69473],[-9.20701,38.69473],[-9.20638,38.69461],[-9.20575,38.6948],[-9.20556,38.69503],[-9.20559,38.69566],[-9.20568,38.69629],[-9.20512,38.69674],[-9.20453,38.69692],[-9.20449,38.69694],[-9.20386,38.69694],[-9.20329,38.69755],[-9.20371,38.69818],[-9.20331,38.69882],[-9.20357,38.69945],[-9.20326,38.70008],[-9.20326,38.70071],[-9.20323,38.70076],[-9.20277,38.70134],[-9.2026,38.70146],[-9.20225,38.70134],[-9.20251,38.70071],[-9.20251,38.70008],[-9.20215,38.69945],[-9.20209,38.69882],[-9.20197,38.69868],[-9.20134,38.69868],[-9.2007,38.69859],[-9.20048,38.69818],[-9.20044,38.69755],[-9.20007,38.69726],[-9.19975,38.69692],[-9.19963,38.69629],[-9.19953,38.69566],[-9.19944,38.69564],[-9.199,38.69566],[-9.19881,38.69568],[-9.19818,38.69568],[-9.1981,38.69566],[-9.19755,38.69561],[-9.19746,38.69566],[-9.19692,38.69603],[-9.19629,38.69617],[-9.19566,38.69602],[-9.19503,38.69602],[-9.1944,38.6961],[-9.19377,38.69625],[-9.19328,38.69566],[-9.19352,38.69566],[-9.19377,38.69596],[-9.1944,38.69588],[-9.19503,38.69571],[-9.19566,38.69571],[-9.19629,38.69574],[-9.19692,38.69574],[-9.19704,38.69566],[-9.19755,38.69539],[-9.19818,38.69542],[-9.19881,38.69542],[-9.19944,38.69537],[-9.19993,38.69503],[-9.19993,38.6944],[-9.20007,38.6944],[-9.2007,38.6944],[-9.20093,38.6944],[-9.20134,38.69474],[-9.20197,38.69474],[-9.2026,38.69491],[-9.20323,38.69502],[-9.20324,38.69503],[-9.20386,38.69557],[-9.20449,38.69557],[-9.20512,38.69506],[-9.20513,38.69503],[-9.20569,38.6944],[-9.20569,38.69377],[-9.20569,38.69314],[-9.20575,38.69314],[-9.20638,38.69314],[-9.20701,38.69314],[-9.2071,38.69314],[-9.20764,38.69368],[-9.20827,38.69343],[-9.20865,38.69314],[-9.20865,38.69251],[-9.2089,38.69251],[-9.20953,38.69251],[-9.20967,38.69251],[-9.20967,38.69314],[-9.21017,38.69324],[-9.2108,38.69324],[-9.21143,38.69346],[-9.21206,38.69337],[-9.21238,38.69314],[-9.21269,38.693],[-9.21332,38.693],[-9.21395,38.69301],[-9.21458,38.69292],[-9.21505,38.69314],[-9.21521,38.6932],[-9.21529,38.69314],[-9.21584,38.69279],[-9.21647,38.69279],[-9.2171,38.69294],[-9.21773,38.69295],[-9.21816,38.69251],[-9.21816,38.6923],[-9.21837,38.69251],[-9.21858,38.69272],[-9.21858,38.69314],[-9.21837,38.6933],[-9.21773,38.69336],[-9.2171,38.6934],[-9.21647,38.69325],[-9.21584,38.69325],[-9.21521,38.69366],[-9.21458,38.69367],[-9.21395,38.69373],[-9.21332,38.69361],[-9.21269,38.69361],[-9.21206,38.69373],[-9.21158,38.69377],[-9.21158,38.6944],[-9.21206,38.69451],[-9.21253,38.69503],[-9.21269,38.69539],[-9.21332,38.69539],[-9.21395,38.69525],[-9.21435,38.69566],[-9.21458,38.69629],[-9.21499,38.69566],[-9.21521,38.69534],[-9.21584,38.6956],[-9.21647,38.6956],[-9.2171,38.69564],[-9.21742,38.69566],[-9.21773,38.69571],[-9.21837,38.69594],[-9.219,38.69594],[-9.21934,38.69629],[-9.21963,38.6967],[-9.22026,38.69659],[-9.22054,38.69692],[-9.22065,38.69755],[-9.22078,38.69818],[-9.22089,38.69834],[-9.221,38.69882],[-9.22152,38.69928],[-9.22215,38.69928],[-9.22227,38.69945],[-9.22215,38.69955],[-9.22152,38.69955],[-9.22122,38.70008],[-9.22137,38.70071],[-9.22152,38.7008],[-9.22215,38.7008],[-9.22237,38.70071],[-9.22278,38.70026],[-9.22338,38.70071],[-9.22341,38.70072],[-9.22344,38.70071],[-9.22358,38.70008],[-9.22404,38.69992],[-9.22467,38.69959],[-9.2253,38.69959],[-9.2258,38.69945],[-9.22593,38.6994],[-9.22598,38.69945],[-9.22614,38.70008],[-9.22637,38.70071],[-9.22641,38.70134],[-9.22644,38.70197],[-9.22648,38.70203],[-9.22607,38.70419],[-9.22569,38.70461],[-9.22391,38.70569],[-9.22249,38.70639],[-9.22249,38.70638],[-9.22261,38.70575],[-9.22278,38.70527],[-9.22341,38.70573],[-9.22359,38.70512],[-9.22404,38.70457],[-9.2241,38.70449],[-9.22444,38.70386],[-9.22467,38.70348],[-9.2253,38.70348],[-9.22554,38.70323],[-9.22573,38.7026],[-9.22593,38.70204],[-9.22596,38.70197],[-9.22593,38.7018],[-9.22569,38.70134],[-9.22593,38.70093],[-9.22597,38.70071],[-9.22593,38.70064],[-9.22566,38.70071],[-9.2253,38.7009],[-9.22467,38.7009],[-9.22416,38.70134],[-9.22404,38.70137],[-9.22396,38.70134],[-9.22341,38.70116],[-9.22278,38.70098],[-9.22215,38.70115],[-9.22152,38.70115],[-9.22089,38.70104],[-9.22026,38.70093],[-9.21984,38.70071],[-9.21978,38.70008],[-9.21963,38.69995],[-9.21924,38.70008],[-9.21924,38.70071],[-9.219,38.70101],[-9.21837,38.70101],[-9.218,38.70071],[-9.218,38.70008],[-9.21789,38.69945],[-9.21798,38.69882],[-9.21773,38.69844],[-9.2171,38.69838],[-9.21678,38.69818],[-9.21647,38.6979],[-9.21584,38.6979],[-9.21543,38.69755],[-9.21521,38.69741],[-9.21503,38.69755],[-9.21458,38.6978],[-9.21436,38.69755],[-9.21395,38.69716],[-9.21332,38.6973],[-9.21269,38.6973],[-9.21206,38.69745],[-9.21189,38.69755],[-9.21187,38.69818],[-9.21192,38.69882],[-9.21143,38.69907],[-9.21115,38.69945],[-9.21143,38.69998],[-9.21158,38.70008],[-9.21158,38.70071],[-9.21204,38.70134],[-9.21206,38.70135],[-9.21266,38.70197],[-9.21269,38.7021],[-9.21332,38.7021],[-9.21353,38.7026],[-9.21353,38.70323],[-9.21334,38.70386],[-9.21332,38.70411],[-9.21269,38.70411],[-9.2126,38.70449],[-9.21269,38.70457],[-9.21332,38.70457],[-9.21345,38.70512],[-9.21332,38.70567],[-9.21269,38.70567],[-9.21268,38.70575],[-9.21269,38.70579],[-9.21332,38.70579],[-9.21339,38.70575],[-9.21395,38.7056],[-9.21431,38.70575],[-9.21396,38.70638],[-9.21396,38.70701],[-9.21456,38.70765],[-9.21458,38.70768],[-9.21521,38.70787],[-9.21531,38.70828],[-9.21582,38.70891],[-9.21584,38.70913],[-9.21647,38.70913],[-9.2166,38.70954],[-9.21686,38.71017],[-9.21692,38.7108],[-9.21673,38.71143],[-9.21668,38.71206],[-9.21647,38.71222],[-9.21584,38.71222],[-9.21521,38.71257],[-9.21507,38.71269],[-9.21521,38.71286],[-9.21541,38.71332],[-9.21521,38.71364],[-9.21458,38.71348],[-9.2145,38.71332],[-9.21426,38.71269],[-9.21395,38.71248],[-9.21332,38.71226],[-9.21269,38.71226],[-9.21206,38.71224],[-9.21143,38.7126],[-9.21129,38.71269],[-9.21107,38.71332],[-9.21099,38.71395],[-9.2108,38.71422],[-9.21069,38.71458],[-9.21049,38.71521],[-9.21047,38.71584],[-9.21017,38.71591],[-9.20953,38.71591],[-9.2089,38.71611],[-9.20827,38.71637],[-9.20764,38.71597],[-9.20701,38.71597],[-9.20638,38.71597],[-9.20615,38.71584],[-9.20575,38.71558],[-9.20535,38.71584],[-9.20512,38.71594],[-9.20489,38.71584],[-9.20454,38.71521],[-9.20449,38.71509],[-9.20386,38.71509],[-9.20364,38.71458],[-9.20323,38.71422],[-9.20305,38.71395],[-9.2029,38.71332],[-9.2026,38.71304],[-9.20197,38.71306],[-9.20134,38.71332],[-9.2007,38.71332],[-9.20068,38.71332],[-9.20068,38.71395],[-9.20007,38.71406],[-9.19969,38.71458],[-9.19944,38.71504],[-9.19931,38.71521],[-9.19886,38.71584],[-9.19881,38.716],[-9.19818,38.716],[-9.19772,38.71648],[-9.19755,38.71656],[-9.19692,38.71653],[-9.1968,38.71648],[-9.19629,38.71602],[-9.19566,38.71607],[-9.19503,38.71607],[-9.1944,38.71625],[-9.19377,38.71611],[-9.19337,38.71648],[-9.19314,38.7168],[-9.19251,38.7168],[-9.1922,38.71711],[-9.19187,38.7173],[-9.19124,38.7174],[-9.19081,38.71711],[-9.19098,38.71648],[-9.19124,38.71595],[-9.19129,38.71584],[-9.19186,38.71521],[-9.19187,38.71518],[-9.19206,38.71458],[-9.19248,38.71395],[-9.19223,38.71332],[-9.19201,38.71269],[-9.19187,38.71265],[-9.19158,38.71206],[-9.19182,38.71143],[-9.19143,38.7108],[-9.19124,38.71051],[-9.19061,38.71033],[-9.18998,38.7103],[-9.18935,38.7103],[-9.18872,38.71069],[-9.18809,38.71068],[-9.18767,38.7108],[-9.18746,38.71083],[-9.18683,38.71109],[-9.1862,38.71109],[-9.18557,38.7113],[-9.18494,38.71123],[-9.18431,38.71121],[-9.18368,38.71121],[-9.18337,38.71143],[-9.18304,38.71176],[-9.18241,38.71188],[-9.18178,38.71183],[-9.18129,38.71206],[-9.1814,38.71269],[-9.18115,38.71311],[-9.18052,38.71311],[-9.18024,38.71332],[-9.18052,38.71356],[-9.18115,38.71356],[-9.18178,38.71349],[-9.18197,38.71395],[-9.18178,38.71442],[-9.18115,38.7144],[-9.18052,38.7144],[-9.18018,38.71458],[-9.17989,38.71466],[-9.17982,38.71458],[-9.17956,38.71395],[-9.17963,38.71332],[-9.17926,38.71308],[-9.17863,38.71292],[-9.178,38.71292],[-9.17748,38.71269],[-9.17737,38.71258],[-9.17674,38.71268],[-9.17673,38.71269],[-9.17674,38.7127],[-9.17691,38.71332],[-9.17691,38.71395],[-9.17679,38.71458],[-9.17674,38.71464],[-9.17611,38.71514],[-9.17603,38.71521],[-9.17548,38.71564],[-9.17484,38.71564],[-9.17476,38.71584],[-9.17481,38.71648],[-9.17484,38.71665],[-9.17548,38.71665],[-9.17611,38.71699],[-9.17618,38.71711],[-9.17611,38.71726],[-9.17548,38.71728],[-9.17484,38.71728],[-9.1744,38.71774],[-9.17467,38.71837],[-9.17484,38.71861],[-9.17548,38.71861],[-9.17567,38.719],[-9.17548,38.71919],[-9.17484,38.71919],[-9.17464,38.71963],[-9.1748,38.72026],[-9.17421,38.72084],[-9.17415,38.72089],[-9.17421,38.72146],[-9.17484,38.7209],[-9.17548,38.7209],[-9.1758,38.72152],[-9.17548,38.72204],[-9.17484,38.72204],[-9.17462,38.72215],[-9.17426,38.72278],[-9.17421,38.72286],[-9.17389,38.72341],[-9.17421,38.72399],[-9.17429,38.72404],[-9.1745,38.72468],[-9.17421,38.72494],[-9.17358,38.72521],[-9.17354,38.72531],[-9.17358,38.72575],[-9.17421,38.7259],[-9.17423,38.72594],[-9.17421,38.72596],[-9.17361,38.72657],[-9.17363,38.7272],[-9.17365,38.72783],[-9.17358,38.72795],[-9.17332,38.72846],[-9.17343,38.72909],[-9.17358,38.72937],[-9.17396,38.72972],[-9.17421,38.72985],[-9.17448,38.73035],[-9.17429,38.73098],[-9.17455,38.73161],[-9.1744,38.73224],[-9.17421,38.73256],[-9.17409,38.73287],[-9.17421,38.73316],[-9.17428,38.73351],[-9.17421,38.73363],[-9.17358,38.73388],[-9.17295,38.73401],[-9.1729,38.73414],[-9.1729,38.73477],[-9.17295,38.73482],[-9.17335,38.7354],[-9.17358,38.73578],[-9.17383,38.73603],[-9.17358,38.7366],[-9.17354,38.73666],[-9.17358,38.73669],[-9.17421,38.73683],[-9.17432,38.73729],[-9.17484,38.73777],[-9.17548,38.73777],[-9.17559,38.73792],[-9.17611,38.73828],[-9.17669,38.73855],[-9.17674,38.73858],[-9.17691,38.73855],[-9.17737,38.73851],[-9.178,38.73851],[-9.17863,38.73852],[-9.17865,38.73855],[-9.17863,38.73875],[-9.17854,38.73918],[-9.17854,38.73981],[-9.17863,38.73992],[-9.17926,38.74024],[-9.17989,38.74014],[-9.18013,38.74044],[-9.18024,38.74107],[-9.18052,38.74136],[-9.18115,38.74136],[-9.18145,38.7417],[-9.18178,38.74209],[-9.18241,38.7422],[-9.18253,38.74234],[-9.18279,38.74297],[-9.18304,38.7436],[-9.18368,38.7436],[-9.18431,38.74361],[-9.18437,38.7436],[-9.18494,38.74344],[-9.1854,38.7436],[-9.18557,38.74366],[-9.1862,38.74361],[-9.18683,38.74361],[-9.18746,38.74387],[-9.18809,38.74407],[-9.18872,38.74395],[-9.18919,38.7436],[-9.18935,38.74349],[-9.18998,38.74349],[-9.19036,38.7436],[-9.19061,38.74371],[-9.19073,38.7436],[-9.19124,38.74334],[-9.19187,38.7432],[-9.19251,38.7432],[-9.19314,38.74312],[-9.19349,38.74297],[-9.19377,38.74274],[-9.1944,38.74252],[-9.19503,38.74255],[-9.19566,38.74255],[-9.19629,38.74265],[-9.19667,38.74234],[-9.19692,38.74217],[-9.19742,38.74234],[-9.19755,38.74238],[-9.19818,38.74238],[-9.19823,38.74234],[-9.19861,38.7417],[-9.19881,38.7416],[-9.19928,38.74107],[-9.19944,38.74065],[-9.19955,38.74044],[-9.20007,38.74001],[-9.20028,38.73981],[-9.20036,38.73918],[-9.20039,38.73855],[-9.20031,38.73792],[-9.20046,38.73729],[-9.2007,38.73685],[-9.20134,38.73685],[-9.20146,38.73666],[-9.20134,38.73641],[-9.2007,38.73641],[-9.2005,38.73603],[-9.2007,38.73575],[-9.20134,38.73575],[-9.20168,38.7354],[-9.20197,38.73516],[-9.20236,38.73477],[-9.2026,38.73454],[-9.20302,38.73414],[-9.20315,38.73351],[-9.20323,38.7334],[-9.20345,38.73287],[-9.20346,38.73224],[-9.20377,38.73161],[-9.20375,38.73098],[-9.20386,38.73084],[-9.20449,38.73084],[-9.20503,38.73035],[-9.20512,38.73025],[-9.20567,38.72972],[-9.20575,38.72965],[-9.20638,38.72947],[-9.20701,38.72947],[-9.20764,38.72964],[-9.20827,38.72945],[-9.20832,38.72909],[-9.20857,38.72846],[-9.2089,38.7279],[-9.20918,38.72788],[-9.20929,38.72819],[-9.2089,38.7284],[-9.20887,38.72846],[-9.20884,38.72909],[-9.2089,38.72919],[-9.20909,38.72972],[-9.20926,38.73035],[-9.20925,38.73098],[-9.2089,38.73155],[-9.20831,38.73098],[-9.20827,38.73095],[-9.20783,38.73035],[-9.20764,38.73017],[-9.2072,38.73035],[-9.20701,38.7304],[-9.20638,38.7304],[-9.20575,38.73046],[-9.20512,38.73072],[-9.20482,38.73098],[-9.20478,38.73161],[-9.20449,38.73209],[-9.20386,38.73209],[-9.20378,38.73224],[-9.20378,38.73287],[-9.20386,38.73307],[-9.20449,38.73307],[-9.20483,38.73351],[-9.20457,38.73414],[-9.20449,38.73416],[-9.20386,38.73416],[-9.20353,38.73477],[-9.20323,38.73515],[-9.2026,38.7353],[-9.2025,38.7354],[-9.20215,38.73603],[-9.20197,38.73623],[-9.20181,38.73666],[-9.20144,38.73729],[-9.20134,38.73768],[-9.2007,38.73768],[-9.20067,38.73792],[-9.20063,38.73855],[-9.20059,38.73918],[-9.20057,38.73981],[-9.20007,38.74029],[-9.19989,38.74044],[-9.19958,38.74107],[-9.19944,38.74126],[-9.19908,38.7417],[-9.19881,38.74198],[-9.19855,38.74234],[-9.19818,38.7427],[-9.19755,38.7427],[-9.19726,38.74297],[-9.19692,38.74327],[-9.19629,38.74301],[-9.1962,38.74297],[-9.19566,38.7428],[-9.19503,38.7428],[-9.19455,38.74297],[-9.1944,38.74311],[-9.19377,38.74312],[-9.19314,38.74334],[-9.19251,38.7435],[-9.19187,38.7435],[-9.19124,38.7435],[-9.19105,38.7436],[-9.19061,38.74403],[-9.18998,38.74419],[-9.18935,38.74419],[-9.18872,38.74417],[-9.18853,38.74423],[-9.18872,38.7448],[-9.18884,38.74486],[-9.18935,38.74509],[-9.18975,38.74549],[-9.18998,38.74576],[-9.19052,38.74612],[-9.19035,38.74675],[-9.1903,38.74738],[-9.19061,38.7474],[-9.19124,38.74796],[-9.19187,38.74795],[-9.19251,38.74795],[-9.19258,38.74801],[-9.19291,38.74864],[-9.19314,38.74892],[-9.19327,38.74927],[-9.1936,38.7499],[-9.19351,38.75054],[-9.19319,38.75117],[-9.19325,38.7518],[-9.19325,38.75243],[-9.19314,38.75256],[-9.19306,38.75243],[-9.19306,38.7518],[-9.19251,38.75141],[-9.19187,38.75141],[-9.19132,38.75117],[-9.1917,38.75054],[-9.19149,38.7499],[-9.19124,38.74968],[-9.19076,38.7499],[-9.19061,38.74999],[-9.19048,38.7499],[-9.18998,38.74962],[-9.18966,38.74927],[-9.18935,38.74907],[-9.18872,38.74907],[-9.18835,38.74927],[-9.18809,38.7494],[-9.18777,38.74927],[-9.18746,38.74891],[-9.18729,38.74864],[-9.18733,38.74801],[-9.18734,38.74738],[-9.18746,38.74691],[-9.18766,38.74675],[-9.18809,38.74638]],[[-9.18935,38.7486],[-9.18872,38.7486],[-9.1887,38.74864],[-9.18872,38.74866],[-9.18935,38.74866],[-9.18939,38.74864],[-9.18935,38.7486]],[[-9.18809,38.74794],[-9.188,38.74801],[-9.18809,38.74812],[-9.18825,38.74801],[-9.18809,38.74794]],[[-9.17421,38.71454],[-9.17415,38.71458],[-9.17421,38.71471],[-9.1743,38.71458],[-9.17421,38.71454]],[[-9.20197,38.69494],[-9.20134,38.69494],[-9.20074,38.69503],[-9.20134,38.69558],[-9.20197,38.69558],[-9.20227,38.69503],[-9.20197,38.69494]],[[-9.21206,38.6967],[-9.21196,38.69692],[-9.21206,38.69697],[-9.21218,38.69692],[-9.21206,38.6967]],[[-9.19314,38.71564],[-9.19251,38.71564],[-9.19246,38.71584],[-9.19251,38.7159],[-9.19314,38.7159],[-9.19318,38.71584],[-9.19314,38.71564]],[[-9.19187,38.71571],[-9.19175,38.71584],[-9.19187,38.71638],[-9.192,38.71584],[-9.19187,38.71571]],[[-9.19061,38.7093],[-9.19047,38.70954],[-9.19061,38.70974],[-9.1909,38.70954],[-9.19061,38.7093]],[[-9.17989,38.71258],[-9.17976,38.71269],[-9.17989,38.71292],[-9.18006,38.71269],[-9.17989,38.71258]],[[-9.17358,38.72204],[-9.17347,38.72215],[-9.17358,38.72276],[-9.17396,38.72215],[-9.17358,38.72204]],[[-9.18809,38.74713],[-9.18789,38.74738],[-9.18809,38.74745],[-9.18822,38.74738],[-9.18809,38.74713]]],[[[-9.20815,38.72594],[-9.20788,38.72531],[-9.20806,38.72468],[-9.2081,38.72461],[-9.20914,38.72774],[-9.2089,38.72774],[-9.20852,38.7272],[-9.20827,38.72676],[-9.20817,38.72657],[-9.20815,38.72594]]],[[[-9.18567,38.72972],[-9.1862,38.72918],[-9.18683,38.72918],[-9.18691,38.72909],[-9.18746,38.72873],[-9.18809,38.72909],[-9.18872,38.72922],[-9.18935,38.7292],[-9.18998,38.7292],[-9.19061,38.72938],[-9.19097,38.72972],[-9.19124,38.73003],[-9.19159,38.73035],[-9.19173,38.73098],[-9.19187,38.73118],[-9.19251,38.73118],[-9.19314,38.73145],[-9.19335,38.73161],[-9.19324,38.73224],[-9.19327,38.73287],[-9.19314,38.73314],[-9.19261,38.73287],[-9.19251,38.73283],[-9.19187,38.73283],[-9.19184,38.73287],[-9.19183,38.73351],[-9.19177,38.73414],[-9.19124,38.73441],[-9.19091,38.73477],[-9.19061,38.73498],[-9.18998,38.73477],[-9.18935,38.73477],[-9.18872,38.73498],[-9.18809,38.73485],[-9.18746,38.73501],[-9.18703,38.73477],[-9.18683,38.73467],[-9.1862,38.73467],[-9.18604,38.73477],[-9.18557,38.73484],[-9.18533,38.73477],[-9.18494,38.73438],[-9.18478,38.73414],[-9.18494,38.73363],[-9.18501,38.73351],[-9.18519,38.73287],[-9.18521,38.73224],[-9.18534,38.73161],[-9.18494,38.73153],[-9.18477,38.73098],[-9.18494,38.73071],[-9.18531,38.73035],[-9.18557,38.72989],[-9.18567,38.72972]],[[-9.18872,38.7295],[-9.18809,38.72945],[-9.18775,38.72909],[-9.18746,38.72892],[-9.1872,38.72909],[-9.18683,38.7295],[-9.1862,38.7295],[-9.18598,38.72972],[-9.18565,38.73035],[-9.18557,38.73049],[-9.18496,38.73098],[-9.18557,38.73112],[-9.18596,38.73161],[-9.18557,38.7322],[-9.18555,38.73224],[-9.18551,38.73287],[-9.1855,38.73351],[-9.18557,38.73366],[-9.18615,38.73414],[-9.1862,38.73415],[-9.18683,38.73415],[-9.18746,38.73417],[-9.18758,38.73414],[-9.18809,38.73391],[-9.18842,38.73414],[-9.18872,38.73426],[-9.18893,38.73414],[-9.18914,38.73351],[-9.18935,38.73324],[-9.18998,38.73324],[-9.1903,38.73351],[-9.19061,38.73383],[-9.19124,38.73371],[-9.19137,38.73351],[-9.19144,38.73287],[-9.19187,38.73237],[-9.19251,38.73237],[-9.19271,38.73224],[-9.19251,38.73192],[-9.19187,38.73192],[-9.19124,38.73167],[-9.19118,38.73161],[-9.19124,38.7313],[-9.19128,38.73098],[-9.19124,38.73071],[-9.19061,38.7307],[-9.19024,38.73035],[-9.18998,38.72985],[-9.18935,38.72985],[-9.18928,38.72972],[-9.18872,38.7295]],[[-9.19064,38.72972],[-9.19061,38.72969],[-9.19033,38.72972],[-9.19061,38.7298],[-9.19064,38.72972]]],[[[-9.20495,38.73477],[-9.20512,38.73438],[-9.20539,38.73477],[-9.20512,38.73489],[-9.20495,38.73477]]],[[[-9.20134,38.74165],[-9.20141,38.7417],[-9.20134,38.74207],[-9.2007,38.74207],[-9.20063,38.7417],[-9.2007,38.74165],[-9.20134,38.74165]]],[[[-9.20007,38.74259],[-9.20035,38.74297],[-9.20007,38.74317],[-9.19978,38.74297],[-9.20007,38.74259]]],[[[-9.20007,38.74419],[-9.20014,38.74423],[-9.20007,38.74428],[-9.20005,38.74423],[-9.20007,38.74419]]],[[[-9.20805,38.74738],[-9.20827,38.74727],[-9.20838,38.74738],[-9.20827,38.74741],[-9.20805,38.74738]]],[[[-9.19755,38.74783],[-9.19735,38.74738],[-9.19755,38.74721],[-9.19818,38.74721],[-9.19836,38.74738],[-9.19818,38.74783],[-9.19755,38.74783]]],[[[-9.20007,38.74778],[-9.20026,38.74801],[-9.20007,38.74818],[-9.19981,38.74801],[-9.20007,38.74778]]],[[[-9.19566,38.75349],[-9.19608,38.75306],[-9.19618,38.75243],[-9.19629,38.75218],[-9.19649,38.7518],[-9.19654,38.75117],[-9.19672,38.75054],[-9.19692,38.75015],[-9.19755,38.74996],[-9.19818,38.74996],[-9.19834,38.7499],[-9.19818,38.74986],[-9.19755,38.74986],[-9.19708,38.74927],[-9.19755,38.74913],[-9.19818,38.74913],[-9.19871,38.74864],[-9.19881,38.74832],[-9.19914,38.74864],[-9.19896,38.74927],[-9.19887,38.7499],[-9.19892,38.75054],[-9.19908,38.75117],[-9.19908,38.7518],[-9.19944,38.75188],[-9.20007,38.75207],[-9.20042,38.7518],[-9.20042,38.75117],[-9.2007,38.75059],[-9.20134,38.75059],[-9.2016,38.75054],[-9.20145,38.7499],[-9.20183,38.74927],[-9.20163,38.74864],[-9.2016,38.74801],[-9.20197,38.74746],[-9.20203,38.74738],[-9.20197,38.74694],[-9.20134,38.74704],[-9.2007,38.74704],[-9.20007,38.74713],[-9.1997,38.74675],[-9.19944,38.7465],[-9.19914,38.74612],[-9.19944,38.74591],[-9.20007,38.74592],[-9.20041,38.74549],[-9.20036,38.74486],[-9.2007,38.74447],[-9.20134,38.74447],[-9.20197,38.74439],[-9.20208,38.74423],[-9.2026,38.74391],[-9.203,38.74423],[-9.20323,38.74445],[-9.20386,38.74483],[-9.20449,38.74483],[-9.20452,38.74486],[-9.20452,38.74549],[-9.20449,38.74558],[-9.20386,38.74558],[-9.20352,38.74612],[-9.20353,38.74675],[-9.20367,38.74738],[-9.20386,38.74753],[-9.20449,38.74753],[-9.20465,38.74738],[-9.20512,38.7469],[-9.20575,38.74727],[-9.20638,38.74701],[-9.20701,38.74701],[-9.2075,38.74675],[-9.20764,38.74663],[-9.20779,38.74675],[-9.20764,38.74703],[-9.20751,38.74738],[-9.20701,38.74759],[-9.20638,38.74759],[-9.2061,38.74801],[-9.20585,38.74864],[-9.20575,38.74873],[-9.20517,38.74927],[-9.20512,38.74933],[-9.20476,38.7499],[-9.20454,38.75054],[-9.20449,38.75061],[-9.20386,38.7506],[-9.20323,38.7506],[-9.2026,38.75065],[-9.20197,38.75109],[-9.20195,38.75117],[-9.20195,38.7518],[-9.20197,38.75181],[-9.20248,38.75243],[-9.2026,38.75269],[-9.20286,38.75306],[-9.20297,38.75369],[-9.20323,38.75408],[-9.20386,38.75408],[-9.20415,38.75432],[-9.20404,38.75495],[-9.20434,38.75558],[-9.20386,38.75611],[-9.20323,38.75611],[-9.2026,38.75606],[-9.20197,38.75598],[-9.20134,38.75616],[-9.2007,38.75616],[-9.20007,38.75602],[-9.19978,38.75621],[-9.19944,38.75649],[-9.19881,38.75642],[-9.19818,38.75656],[-9.19755,38.75656],[-9.19692,38.75679],[-9.19629,38.75671],[-9.19566,38.75634],[-9.19503,38.75634],[-9.19482,38.75621],[-9.19503,38.75594],[-9.19566,38.75594],[-9.19595,38.75558],[-9.19566,38.75511],[-9.19503,38.75511],[-9.19493,38.75495],[-9.19503,38.75474],[-9.19566,38.75474],[-9.19595,38.75432],[-9.19566,38.75396],[-9.19503,38.75396],[-9.19486,38.75369],[-9.19503,38.75349],[-9.19566,38.75349]],[[-9.19688,38.75558],[-9.19692,38.75568],[-9.19711,38.75558],[-9.19716,38.75495],[-9.19692,38.75479],[-9.19677,38.75495],[-9.19688,38.75558]],[[-9.19623,38.75621],[-9.19629,38.75624],[-9.19647,38.75621],[-9.19629,38.75613],[-9.19623,38.75621]],[[-9.20241,38.74864],[-9.2026,38.7491],[-9.20278,38.74864],[-9.2026,38.7485],[-9.20241,38.74864]],[[-9.20134,38.75517],[-9.2017,38.75495],[-9.20181,38.75432],[-9.20134,38.75371],[-9.2007,38.75371],[-9.20023,38.75432],[-9.20007,38.75466],[-9.19981,38.75432],[-9.19944,38.75399],[-9.19881,38.75406],[-9.19844,38.75432],[-9.1986,38.75495],[-9.19862,38.75558],[-9.19881,38.75561],[-9.19889,38.75558],[-9.19944,38.75534],[-9.19976,38.75558],[-9.20007,38.75566],[-9.20029,38.75558],[-9.2007,38.75517],[-9.20134,38.75517]],[[-9.2025,38.74549],[-9.2026,38.74558],[-9.20266,38.74549],[-9.20268,38.74486],[-9.2026,38.74477],[-9.20247,38.74486],[-9.2025,38.74549]],[[-9.19942,38.75243],[-9.19944,38.75246],[-9.19947,38.75243],[-9.19944,38.75242],[-9.19942,38.75243]]],[[[-9.20007,38.75045],[-9.20055,38.75054],[-9.20007,38.75066],[-9.19988,38.75054],[-9.20007,38.75045]]],[[[-9.19503,38.7502],[-9.19566,38.7502],[-9.19599,38.75054],[-9.19566,38.75099],[-9.19503,38.75099],[-9.19486,38.75117],[-9.19442,38.7518],[-9.1944,38.75187],[-9.19439,38.7518],[-9.19404,38.75117],[-9.1944,38.75062],[-9.19449,38.75054],[-9.1944,38.75037],[-9.19408,38.7499],[-9.1944,38.7497],[-9.19461,38.7499],[-9.19503,38.7502]]],[[[-9.19373,38.75306],[-9.19377,38.75302],[-9.19379,38.75306],[-9.19377,38.75308],[-9.19373,38.75306]]],[[[-9.1944,38.75538],[-9.19469,38.75558],[-9.1944,38.75581],[-9.19422,38.75558],[-9.1944,38.75538]]],[[[-9.19377,38.75619],[-9.19379,38.75621],[-9.19377,38.75622],[-9.19372,38.75621],[-9.19377,38.75619]]],[[[-9.19445,38.77083],[-9.19442,38.77087],[-9.19436,38.77091],[-9.19436,38.77072],[-9.1944,38.77066],[-9.19445,38.77072],[-9.19445,38.77083]]],[[[-9.17106,38.69818],[-9.17155,38.69818],[-9.17155,38.69882],[-9.17106,38.69902],[-9.17043,38.69925],[-9.17,38.69882],[-9.17043,38.69882],[-9.17106,38.69818]]],[[[-9.17712,38.69882],[-9.17737,38.69882],[-9.178,38.69818],[-9.17863,38.69818],[-9.17926,38.69818],[-9.17989,38.69818],[-9.18052,38.69755],[-9.18115,38.69755],[-9.18128,38.69755],[-9.18128,38.69818],[-9.18115,38.69825],[-9.18052,38.69825],[-9.17989,38.69833],[-9.17943,38.69882],[-9.17926,38.69899],[-9.17871,38.69945],[-9.17863,38.6995],[-9.178,38.6995],[-9.17742,38.70008],[-9.17737,38.70012],[-9.17674,38.7001],[-9.17647,38.70008],[-9.17611,38.70005],[-9.17548,38.69969],[-9.17484,38.69969],[-9.17467,38.69945],[-9.17422,38.69882],[-9.17421,38.69881],[-9.17371,38.69818],[-9.17385,38.69818],[-9.17421,38.69864],[-9.17484,38.69874],[-9.17541,38.69818],[-9.17541,38.69811],[-9.17548,38.69818],[-9.1757,38.69841],[-9.1757,38.69882],[-9.17572,38.69945],[-9.17611,38.69968],[-9.17674,38.69978],[-9.17737,38.69954],[-9.17746,38.69945],[-9.17737,38.69934],[-9.17712,38.69882]]],[[[-9.16987,38.70134],[-9.1698,38.70137],[-9.16917,38.70137],[-9.16908,38.70134],[-9.16908,38.70071],[-9.16917,38.70051],[-9.1698,38.70051],[-9.16987,38.70071],[-9.16987,38.70134]]],[[[-9.18683,38.70427],[-9.18718,38.70449],[-9.18746,38.70487],[-9.18777,38.70449],[-9.18807,38.70386],[-9.18809,38.70386],[-9.1881,38.70386],[-9.18816,38.70449],[-9.18815,38.70512],[-9.18809,38.70521],[-9.18746,38.70519],[-9.18714,38.70512],[-9.18683,38.70491],[-9.1862,38.70491],[-9.18608,38.70512],[-9.18557,38.70537],[-9.18499,38.70575],[-9.18494,38.7058],[-9.18431,38.70594],[-9.18368,38.70594],[-9.18304,38.7059],[-9.18289,38.70575],[-9.18241,38.70537],[-9.18208,38.70512],[-9.18214,38.70449],[-9.18178,38.70396],[-9.18175,38.70386],[-9.18178,38.70382],[-9.18241,38.70359],[-9.18281,38.70386],[-9.18304,38.704],[-9.18334,38.70386],[-9.18342,38.70323],[-9.18368,38.70316],[-9.18431,38.70316],[-9.18438,38.70323],[-9.1844,38.70386],[-9.18491,38.70449],[-9.18494,38.7045],[-9.18496,38.70449],[-9.18557,38.70425],[-9.1862,38.70408],[-9.18683,38.70427]]],[[[-9.18123,38.70828],[-9.18178,38.70852],[-9.18241,38.7088],[-9.18245,38.70891],[-9.18241,38.70901],[-9.18178,38.7094],[-9.18115,38.70915],[-9.18052,38.70915],[-9.18027,38.70891],[-9.18,38.70828],[-9.18012,38.70765],[-9.18012,38.70701],[-9.17989,38.70696],[-9.17982,38.70701],[-9.17982,38.70765],[-9.17926,38.70796],[-9.17875,38.70765],[-9.17875,38.70701],[-9.17924,38.70638],[-9.17926,38.70631],[-9.17989,38.70615],[-9.18038,38.70575],[-9.18052,38.70515],[-9.18115,38.70515],[-9.18159,38.70575],[-9.18156,38.70638],[-9.18124,38.70701],[-9.18126,38.70765],[-9.18123,38.70828]]],[[[-9.17926,38.7108],[-9.17926,38.71083],[-9.17863,38.71092],[-9.178,38.71092],[-9.17786,38.7108],[-9.178,38.71073],[-9.17863,38.71073],[-9.17926,38.71079],[-9.17926,38.7108]]],[[[-9.18221,38.7108],[-9.18241,38.71068],[-9.1825,38.7108],[-9.18241,38.71121],[-9.18221,38.7108]]],[[[-9.17421,38.71279],[-9.17397,38.71269],[-9.17421,38.71262],[-9.17441,38.71269],[-9.17421,38.71279]]],[[[-9.17055,38.71332],[-9.17055,38.71395],[-9.17043,38.7141],[-9.17035,38.71395],[-9.17035,38.71332],[-9.17043,38.71324],[-9.17055,38.71332]]],[[[-9.17106,38.71447],[-9.17138,38.71458],[-9.17106,38.71481],[-9.17093,38.71458],[-9.17106,38.71447]]],[[[-9.1698,38.71883],[-9.16987,38.719],[-9.1698,38.71911],[-9.16917,38.71911],[-9.16903,38.719],[-9.16917,38.71883],[-9.1698,38.71883]]],[[[-9.17014,38.72026],[-9.17014,38.71963],[-9.17043,38.71942],[-9.17093,38.71963],[-9.17086,38.72026],[-9.17043,38.72052],[-9.17014,38.72026]]],[[[-9.17562,38.72026],[-9.1759,38.71963],[-9.17611,38.71942],[-9.17618,38.71963],[-9.17618,38.72026],[-9.17611,38.72066],[-9.17562,38.72026]]],[[[-9.17548,38.72325],[-9.17564,38.72341],[-9.17548,38.7237],[-9.17484,38.7237],[-9.1746,38.72341],[-9.17484,38.72325],[-9.17548,38.72325]]],[[[-9.1698,38.72841],[-9.1699,38.72846],[-9.1698,38.72852],[-9.16978,38.72846],[-9.1698,38.72841]]],[[[-9.17989,38.74232],[-9.17992,38.74234],[-9.17989,38.74235],[-9.17988,38.74234],[-9.17989,38.74232]]],[[[-9.17982,38.74423],[-9.17989,38.74398],[-9.18,38.74423],[-9.17989,38.74434],[-9.17982,38.74423]]],[[[-9.16754,38.7436],[-9.16791,38.74343],[-9.16813,38.74297],[-9.16854,38.74261],[-9.16917,38.74261],[-9.16972,38.74234],[-9.1698,38.7423],[-9.17043,38.74226],[-9.17106,38.74199],[-9.17169,38.74175],[-9.17232,38.74175],[-9.17295,38.74227],[-9.17358,38.74217],[-9.17368,38.74234],[-9.17358,38.74247],[-9.1733,38.74297],[-9.17358,38.74329],[-9.17418,38.74297],[-9.17421,38.74294],[-9.17484,38.74294],[-9.17486,38.74297],[-9.17509,38.7436],[-9.17548,38.74394],[-9.17611,38.744],[-9.17622,38.74423],[-9.1763,38.74486],[-9.17611,38.74536],[-9.17548,38.74545],[-9.17545,38.74549],[-9.17545,38.74612],[-9.17548,38.74614],[-9.17611,38.74656],[-9.17613,38.74675],[-9.17617,38.74738],[-9.17633,38.74801],[-9.17611,38.7481],[-9.17604,38.74801],[-9.176,38.74738],[-9.17548,38.74718],[-9.17505,38.74738],[-9.17484,38.74749],[-9.17421,38.74749],[-9.17358,38.74745],[-9.17357,38.74738],[-9.17295,38.74679],[-9.17232,38.74726],[-9.17169,38.74726],[-9.17106,38.74725],[-9.17043,38.74695],[-9.1698,38.74689],[-9.16917,38.74711],[-9.16854,38.74711],[-9.16791,38.74679],[-9.16728,38.7471],[-9.16689,38.74675],[-9.16696,38.74612],[-9.16696,38.74549],[-9.16675,38.74486],[-9.16726,38.74423],[-9.16728,38.74413],[-9.16754,38.7436]],[[-9.17484,38.74672],[-9.17421,38.74672],[-9.17408,38.74675],[-9.17421,38.74689],[-9.17484,38.74689],[-9.17489,38.74675],[-9.17484,38.74672]],[[-9.17358,38.74476],[-9.17344,38.74486],[-9.17358,38.74541],[-9.1737,38.74486],[-9.17358,38.74476]],[[-9.16776,38.74423],[-9.16728,38.74463],[-9.16709,38.74486],[-9.16728,38.74519],[-9.16777,38.74549],[-9.16777,38.74612],[-9.16791,38.74619],[-9.16854,38.74637],[-9.16917,38.74637],[-9.1698,38.74635],[-9.17043,38.74619],[-9.17106,38.74615],[-9.17169,38.74632],[-9.17232,38.74632],[-9.17295,38.74614],[-9.17343,38.74612],[-9.17343,38.74549],[-9.17295,38.74542],[-9.17269,38.74486],[-9.17295,38.74441],[-9.17307,38.74423],[-9.17295,38.74382],[-9.17293,38.7436],[-9.17283,38.74297],[-9.17251,38.74234],[-9.17232,38.74218],[-9.17169,38.74218],[-9.17149,38.74234],[-9.17106,38.74256],[-9.17043,38.74258],[-9.1698,38.74282],[-9.16917,38.74291],[-9.16854,38.74291],[-9.16847,38.74297],[-9.16854,38.74323],[-9.16917,38.74323],[-9.16933,38.7436],[-9.16917,38.74384],[-9.16854,38.74384],[-9.16791,38.74406],[-9.16776,38.74423]]],[[[-9.17955,38.74549],[-9.17955,38.74612],[-9.17926,38.74631],[-9.17863,38.74631],[-9.1783,38.74612],[-9.1783,38.74549],[-9.17863,38.74488],[-9.17926,38.74527],[-9.17955,38.74549]]],[[[-9.178,38.74705],[-9.17847,38.74738],[-9.178,38.74776],[-9.17737,38.74776],[-9.17709,38.74738],[-9.17737,38.74705],[-9.178,38.74705]]],[[[-9.17992,38.74738],[-9.18001,38.74801],[-9.17989,38.74814],[-9.17966,38.74801],[-9.17973,38.74738],[-9.17989,38.74729],[-9.17992,38.74738]]],[[[-9.17032,38.75117],[-9.17043,38.75109],[-9.17081,38.75117],[-9.17043,38.75161],[-9.17032,38.75117]]],[[[-9.18549,38.75243],[-9.18549,38.7518],[-9.18557,38.75173],[-9.18561,38.7518],[-9.18561,38.75243],[-9.18557,38.75258],[-9.18549,38.75243]]],[[[-9.17335,38.75243],[-9.17358,38.75257],[-9.17421,38.753],[-9.17484,38.753],[-9.17548,38.75289],[-9.17583,38.75243],[-9.17602,38.7518],[-9.17611,38.75176],[-9.17674,38.7517],[-9.17737,38.75164],[-9.178,38.75164],[-9.17863,38.75178],[-9.17926,38.75154],[-9.17944,38.7518],[-9.17955,38.75243],[-9.17968,38.75306],[-9.17989,38.75328],[-9.18023,38.75369],[-9.17989,38.75398],[-9.17927,38.75432],[-9.17926,38.75432],[-9.17863,38.75448],[-9.178,38.75475],[-9.17737,38.75475],[-9.17723,38.75495],[-9.17683,38.75558],[-9.17674,38.75591],[-9.17611,38.75563],[-9.17585,38.75558],[-9.17548,38.75531],[-9.17484,38.75526],[-9.17421,38.75526],[-9.17392,38.75495],[-9.17358,38.75467],[-9.1732,38.75432],[-9.17358,38.75381],[-9.17369,38.75369],[-9.17358,38.75354],[-9.17324,38.75306],[-9.17295,38.75266],[-9.17272,38.75243],[-9.17272,38.7518],[-9.17294,38.75117],[-9.17255,38.75054],[-9.17295,38.75046],[-9.17299,38.75054],[-9.17303,38.75117],[-9.17335,38.7518],[-9.17335,38.75243]],[[-9.17599,38.75495],[-9.17611,38.75514],[-9.17614,38.75495],[-9.17611,38.75493],[-9.17599,38.75495]],[[-9.1756,38.75432],[-9.17611,38.75451],[-9.17644,38.75432],[-9.17611,38.75393],[-9.1756,38.75432]]],[[[-9.18555,38.75369],[-9.18557,38.75364],[-9.18558,38.75369],[-9.18557,38.7537],[-9.18555,38.75369]]],[[[-9.17028,38.75937],[-9.17043,38.75928],[-9.17052,38.75937],[-9.17043,38.7595],[-9.17028,38.75937]]],[[[-9.18374,38.76],[-9.18412,38.76063],[-9.18368,38.76103],[-9.18304,38.76103],[-9.18283,38.76063],[-9.18293,38.76],[-9.18304,38.75994],[-9.18368,38.75994],[-9.18374,38.76]]],[[[-9.17148,38.76252],[-9.17106,38.7627],[-9.17043,38.76257],[-9.17039,38.76252],[-9.1698,38.76196],[-9.16928,38.76189],[-9.16917,38.76176],[-9.16854,38.76176],[-9.16791,38.76151],[-9.1673,38.76126],[-9.16728,38.76122],[-9.16726,38.76126],[-9.16665,38.76182],[-9.16601,38.76132],[-9.16538,38.76132],[-9.16537,38.76126],[-9.16538,38.76123],[-9.16601,38.76123],[-9.16628,38.76063],[-9.16665,38.76025],[-9.16685,38.76],[-9.16702,38.75937],[-9.16721,38.75873],[-9.16721,38.7581],[-9.16722,38.75747],[-9.16728,38.7574],[-9.16791,38.75725],[-9.16798,38.75747],[-9.16824,38.7581],[-9.16823,38.75873],[-9.16854,38.75885],[-9.16917,38.75885],[-9.16957,38.75937],[-9.1698,38.75967],[-9.1701,38.76],[-9.17043,38.76049],[-9.17106,38.76028],[-9.17169,38.76059],[-9.17232,38.76059],[-9.1728,38.76063],[-9.17295,38.76065],[-9.17299,38.76063],[-9.17358,38.7605],[-9.17421,38.76052],[-9.17484,38.76052],[-9.17548,38.7602],[-9.17611,38.76013],[-9.1765,38.76],[-9.17674,38.75996],[-9.17737,38.75999],[-9.178,38.75999],[-9.17802,38.76],[-9.1785,38.76063],[-9.17863,38.76069],[-9.17926,38.76066],[-9.17989,38.7607],[-9.18052,38.7607],[-9.18089,38.76126],[-9.1811,38.76189],[-9.18082,38.76252],[-9.18115,38.76302],[-9.18128,38.76315],[-9.18139,38.76378],[-9.18115,38.76427],[-9.18091,38.76378],[-9.18052,38.76339],[-9.17989,38.76339],[-9.17926,38.76358],[-9.17863,38.76362],[-9.17818,38.76315],[-9.178,38.76296],[-9.17737,38.76296],[-9.17686,38.76315],[-9.17674,38.76319],[-9.17671,38.76315],[-9.17611,38.76267],[-9.17578,38.76252],[-9.17548,38.76222],[-9.17504,38.76189],[-9.17484,38.76171],[-9.17421,38.76171],[-9.17403,38.76189],[-9.17358,38.76217],[-9.17314,38.76189],[-9.17295,38.76164],[-9.17267,38.76189],[-9.17232,38.76226],[-9.17169,38.76226],[-9.17148,38.76252]],[[-9.178,38.7616],[-9.17836,38.76189],[-9.17863,38.76212],[-9.17926,38.76193],[-9.1793,38.76189],[-9.17926,38.76179],[-9.1789,38.76126],[-9.17863,38.76119],[-9.178,38.76099],[-9.17737,38.76099],[-9.17685,38.76126],[-9.17674,38.76149],[-9.17666,38.76126],[-9.17611,38.7609],[-9.17577,38.76126],[-9.17601,38.76189],[-9.17611,38.76198],[-9.17655,38.76252],[-9.17674,38.76262],[-9.17707,38.76252],[-9.17694,38.76189],[-9.17737,38.7616],[-9.178,38.7616]],[[-9.17548,38.76057],[-9.17539,38.76063],[-9.17548,38.76076],[-9.17563,38.76063],[-9.17548,38.76057]],[[-9.17358,38.76111],[-9.1734,38.76126],[-9.17358,38.76152],[-9.17385,38.76126],[-9.17358,38.76111]],[[-9.17232,38.76077],[-9.17169,38.76077],[-9.17159,38.76126],[-9.17169,38.76149],[-9.17232,38.76149],[-9.17252,38.76126],[-9.17232,38.76077]],[[-9.17106,38.76119],[-9.1708,38.76126],[-9.17106,38.76145],[-9.17111,38.76126],[-9.17106,38.76119]],[[-9.16917,38.75935],[-9.16854,38.75935],[-9.1685,38.75937],[-9.16854,38.7594],[-9.16917,38.7594],[-9.16918,38.75937],[-9.16917,38.75935]],[[-9.16791,38.75983],[-9.16756,38.76],[-9.16791,38.76038],[-9.16806,38.76],[-9.16791,38.75983]]],[[[-9.17421,38.76253],[-9.1742,38.76252],[-9.17421,38.76248],[-9.17484,38.76248],[-9.17487,38.76252],[-9.17484,38.76253],[-9.17421,38.76253]]],[[[-9.18099,38.76504],[-9.18053,38.76567],[-9.18052,38.76568],[-9.17989,38.76568],[-9.17989,38.76567],[-9.17926,38.76506],[-9.17924,38.76504],[-9.17924,38.76441],[-9.17926,38.76433],[-9.17989,38.76419],[-9.18052,38.76419],[-9.18099,38.76441],[-9.18099,38.76504]]],[[[-9.17548,38.76816],[-9.17553,38.7682],[-9.17548,38.7683],[-9.17507,38.7682],[-9.17548,38.76816]]],[[[-9.17043,38.76815],[-9.17058,38.7682],[-9.17043,38.7684],[-9.17031,38.7682],[-9.17043,38.76815]]],[[[-9.17169,38.77842],[-9.17106,38.77842],[-9.17087,38.77829],[-9.17043,38.7778],[-9.1698,38.77783],[-9.16958,38.77766],[-9.16958,38.77703],[-9.16917,38.77683],[-9.16854,38.77683],[-9.16791,38.77702],[-9.16788,38.77703],[-9.16788,38.77766],[-9.16728,38.77786],[-9.16665,38.77797],[-9.16657,38.77829],[-9.1663,38.77892],[-9.1661,38.77955],[-9.16611,38.78018],[-9.16601,38.7804],[-9.16538,38.7804],[-9.16516,38.78018],[-9.16475,38.77968],[-9.1646,38.77955],[-9.16475,38.77896],[-9.16476,38.77892],[-9.16475,38.7789],[-9.16412,38.7789],[-9.1641,38.77892],[-9.16349,38.77947],[-9.16286,38.77947],[-9.16223,38.77933],[-9.16177,38.77892],[-9.16223,38.77869],[-9.16286,38.77854],[-9.16349,38.77854],[-9.16371,38.77829],[-9.16349,38.77818],[-9.16286,38.77818],[-9.16223,38.77786],[-9.162,38.77766],[-9.16206,38.77703],[-9.16223,38.77683],[-9.16253,38.77639],[-9.16286,38.77582],[-9.16349,38.77582],[-9.16412,38.77598],[-9.16424,38.77576],[-9.16412,38.77521],[-9.1641,38.77513],[-9.16369,38.7745],[-9.16412,38.7744],[-9.16475,38.77442],[-9.1649,38.7745],[-9.16538,38.7747],[-9.16601,38.7747],[-9.16628,38.7745],[-9.16665,38.77409],[-9.16685,38.77387],[-9.16728,38.77347],[-9.16767,38.77324],[-9.16791,38.77279],[-9.16819,38.77261],[-9.16836,38.77198],[-9.16817,38.77135],[-9.16817,38.77072],[-9.1683,38.77009],[-9.16854,38.76979],[-9.16917,38.76979],[-9.16931,38.76946],[-9.16917,38.76929],[-9.16854,38.76929],[-9.16826,38.76883],[-9.16854,38.76854],[-9.16917,38.76854],[-9.1698,38.76878],[-9.16988,38.76883],[-9.17043,38.76902],[-9.1707,38.76883],[-9.17106,38.76854],[-9.17151,38.76883],[-9.17169,38.7691],[-9.17232,38.7691],[-9.17295,38.76894],[-9.17358,38.76911],[-9.17421,38.7692],[-9.17484,38.7692],[-9.17507,38.76946],[-9.1753,38.77009],[-9.17548,38.77031],[-9.17611,38.77068],[-9.17614,38.77072],[-9.17614,38.77135],[-9.17611,38.77198],[-9.17611,38.77261],[-9.17611,38.77262],[-9.17563,38.77324],[-9.17548,38.77345],[-9.17484,38.7735],[-9.17421,38.7735],[-9.17358,38.7734],[-9.17335,38.77387],[-9.17358,38.77441],[-9.17365,38.7745],[-9.17358,38.77478],[-9.17344,38.77513],[-9.17358,38.77545],[-9.17365,38.77576],[-9.17358,38.77585],[-9.17338,38.77576],[-9.17295,38.77552],[-9.17259,38.77513],[-9.17232,38.77499],[-9.17215,38.77513],[-9.17223,38.77576],[-9.17207,38.77639],[-9.17205,38.77703],[-9.17205,38.77766],[-9.17232,38.77803],[-9.17295,38.77812],[-9.17322,38.77829],[-9.17358,38.77856],[-9.17421,38.77851],[-9.17484,38.77851],[-9.17548,38.77849],[-9.17561,38.77829],[-9.17611,38.77778],[-9.17648,38.77829],[-9.17662,38.77892],[-9.17674,38.77914],[-9.17737,38.77947],[-9.178,38.77947],[-9.17807,38.77955],[-9.17833,38.78011],[-9.17804,38.78023],[-9.17671,38.77992],[-9.17671,38.77955],[-9.17639,38.77892],[-9.17622,38.77829],[-9.17611,38.77813],[-9.17595,38.77829],[-9.17554,38.77892],[-9.17548,38.77903],[-9.17501,38.77955],[-9.17484,38.77976],[-9.17421,38.77976],[-9.17358,38.77976],[-9.17336,38.78018],[-9.17358,38.78044],[-9.17386,38.78072],[-9.17373,38.78119],[-9.1735,38.78128],[-9.17358,38.782],[-9.17325,38.78207],[-9.17323,38.78193],[-9.17281,38.78215],[-9.1722,38.78273],[-9.17119,38.78288],[-9.1711,38.78321],[-9.17086,38.7835],[-9.17047,38.78367],[-9.17023,38.78367],[-9.16983,38.78449],[-9.16983,38.78396],[-9.16983,38.78333],[-9.1698,38.78331],[-9.16972,38.78333],[-9.16964,38.78396],[-9.16917,38.78418],[-9.16854,38.78418],[-9.16845,38.78459],[-9.16854,38.7847],[-9.16917,38.7847],[-9.16977,38.78462],[-9.16958,38.785],[-9.16959,38.78506],[-9.16917,38.78507],[-9.16854,38.78507],[-9.16815,38.78459],[-9.16791,38.7841],[-9.16775,38.78396],[-9.16778,38.78333],[-9.16731,38.7827],[-9.16759,38.78207],[-9.16791,38.7819],[-9.16838,38.78207],[-9.16854,38.78226],[-9.16917,38.78226],[-9.16942,38.7827],[-9.1698,38.78294],[-9.17043,38.78321],[-9.17075,38.7827],[-9.17106,38.78233],[-9.17169,38.78233],[-9.17185,38.78207],[-9.17208,38.78144],[-9.17173,38.78081],[-9.17224,38.78018],[-9.17218,38.77955],[-9.17211,38.77892],[-9.17169,38.77842]],[[-9.16728,38.77451],[-9.16665,38.77451],[-9.16601,38.77497],[-9.16538,38.77497],[-9.16514,38.77513],[-9.16538,38.77546],[-9.16601,38.77546],[-9.16621,38.77576],[-9.16665,38.77637],[-9.16691,38.77639],[-9.16728,38.77645],[-9.16764,38.77639],[-9.16791,38.77635],[-9.16854,38.77618],[-9.16917,38.77618],[-9.1698,38.77598],[-9.17043,38.77628],[-9.17085,38.77576],[-9.17093,38.77513],[-9.17106,38.77463],[-9.17169,38.77463],[-9.17188,38.7745],[-9.17169,38.77442],[-9.17106,38.77442],[-9.17043,38.77444],[-9.1698,38.77419],[-9.16922,38.77387],[-9.16917,38.77383],[-9.16854,38.77383],[-9.16845,38.77387],[-9.16791,38.77417],[-9.16739,38.77387],[-9.16728,38.77384],[-9.16724,38.77387],[-9.16728,38.77444],[-9.16729,38.7745],[-9.16728,38.77451]],[[-9.1628,38.77766],[-9.16286,38.77769],[-9.16349,38.77769],[-9.16412,38.77773],[-9.16475,38.77785],[-9.16538,38.77768],[-9.16601,38.77768],[-9.16602,38.77766],[-9.16602,38.77703],[-9.16601,38.77702],[-9.16538,38.77702],[-9.16475,38.77659],[-9.16412,38.77696],[-9.16349,38.77688],[-9.16286,38.77688],[-9.1628,38.77703],[-9.1628,38.77766]],[[-9.17548,38.77193],[-9.17545,38.77198],[-9.17548,38.77217],[-9.17549,38.77198],[-9.17548,38.77193]],[[-9.17295,38.77182],[-9.1727,38.77198],[-9.17232,38.77236],[-9.17224,38.77261],[-9.17232,38.77271],[-9.17289,38.77324],[-9.17295,38.77333],[-9.17324,38.77324],[-9.17358,38.77287],[-9.17421,38.77296],[-9.17484,38.77296],[-9.17496,38.77261],[-9.17484,38.77228],[-9.17421,38.77228],[-9.17358,38.77252],[-9.17313,38.77198],[-9.17295,38.77182]],[[-9.17232,38.77333],[-9.17237,38.77324],[-9.17232,38.7732],[-9.17187,38.77261],[-9.17204,38.77198],[-9.17232,38.77157],[-9.17264,38.77135],[-9.17264,38.77072],[-9.17232,38.77029],[-9.17217,38.77009],[-9.17169,38.76983],[-9.17106,38.76967],[-9.17043,38.76961],[-9.16999,38.77009],[-9.17043,38.77043],[-9.17067,38.77072],[-9.17067,38.77135],[-9.17043,38.77153],[-9.1698,38.77164],[-9.16954,38.77198],[-9.1698,38.77225],[-9.1702,38.77261],[-9.17043,38.77284],[-9.17076,38.77324],[-9.17106,38.7736],[-9.17169,38.7736],[-9.17232,38.77333]],[[-9.17295,38.77948],[-9.17283,38.77955],[-9.17295,38.77966],[-9.17299,38.77955],[-9.17295,38.77948]],[[-9.1698,38.77317],[-9.16973,38.77324],[-9.1698,38.77331],[-9.16987,38.77324],[-9.1698,38.77317]]],[[[-9.1704,38.78081],[-9.17043,38.78066],[-9.17087,38.78081],[-9.17043,38.78086],[-9.1704,38.78081]]],[[[-9.16349,38.70249],[-9.163,38.70197],[-9.16286,38.70172],[-9.16259,38.70134],[-9.16246,38.70071],[-9.16286,38.70071],[-9.16318,38.70039],[-9.16349,38.70039],[-9.16412,38.70039],[-9.16475,38.70016],[-9.16486,38.70008],[-9.16486,38.69945],[-9.16538,38.69945],[-9.16601,38.69945],[-9.16665,38.69945],[-9.16728,38.69945],[-9.16791,38.69882],[-9.16841,38.69882],[-9.16841,38.69945],[-9.16791,38.69976],[-9.16728,38.69992],[-9.16667,38.70008],[-9.16704,38.70071],[-9.16704,38.70134],[-9.16728,38.70177],[-9.16738,38.70134],[-9.16738,38.70071],[-9.16791,38.7004],[-9.16835,38.70071],[-9.16835,38.70134],[-9.16814,38.70197],[-9.16791,38.70243],[-9.16728,38.70201],[-9.16692,38.7026],[-9.16665,38.70274],[-9.16601,38.70274],[-9.1657,38.7026],[-9.16538,38.70217],[-9.16475,38.70253],[-9.16468,38.7026],[-9.16412,38.70307],[-9.16349,38.70307],[-9.16286,38.70317],[-9.16223,38.70295],[-9.1616,38.70274],[-9.16139,38.7026],[-9.16128,38.70229],[-9.16156,38.70201],[-9.1616,38.70213],[-9.16223,38.70213],[-9.16265,38.7026],[-9.16286,38.7027],[-9.16349,38.70265],[-9.16412,38.70265],[-9.16418,38.7026],[-9.16412,38.70249],[-9.16349,38.70249]],[[-9.1646,38.70197],[-9.16475,38.70205],[-9.16488,38.70197],[-9.16475,38.70187],[-9.1646,38.70197]]],[[[-9.1635,38.71458],[-9.16349,38.71459],[-9.16286,38.71459],[-9.16282,38.71458],[-9.16285,38.71395],[-9.16286,38.71394],[-9.16349,38.71394],[-9.1635,38.71395],[-9.1635,38.71458]]],[[[-9.16734,38.71837],[-9.16728,38.71838],[-9.16721,38.71837],[-9.16718,38.71774],[-9.16676,38.71711],[-9.16723,38.71648],[-9.16728,38.71645],[-9.16731,38.71648],[-9.16768,38.71711],[-9.16791,38.71769],[-9.16793,38.71774],[-9.16791,38.7178],[-9.16734,38.71837]]],[[[-9.16412,38.72102],[-9.16381,38.72089],[-9.16412,38.72077],[-9.16475,38.72073],[-9.1649,38.72089],[-9.16475,38.72095],[-9.16412,38.72102]]],[[[-9.16286,38.7224],[-9.16276,38.72215],[-9.16286,38.72184],[-9.16349,38.72184],[-9.16355,38.72215],[-9.16349,38.7224],[-9.16286,38.7224]]],[[[-9.16233,38.73729],[-9.16264,38.73792],[-9.16223,38.7383],[-9.1616,38.73835],[-9.16155,38.73792],[-9.1616,38.73781],[-9.16217,38.73729],[-9.16223,38.73726],[-9.16233,38.73729]]],[[[-9.16917,38.74471],[-9.16923,38.74486],[-9.16917,38.74515],[-9.16854,38.74515],[-9.16842,38.74486],[-9.16854,38.74471],[-9.16917,38.74471]]],[[[-9.16475,38.74673],[-9.16478,38.74675],[-9.16475,38.74681],[-9.16472,38.74675],[-9.16475,38.74673]]],[[[-9.16785,38.75369],[-9.16791,38.75367],[-9.16796,38.75369],[-9.16791,38.75371],[-9.16785,38.75369]]],[[[-9.16702,38.75432],[-9.16728,38.75397],[-9.16747,38.75432],[-9.16728,38.75446],[-9.16702,38.75432]]],[[[-9.16812,38.75495],[-9.16812,38.75558],[-9.16791,38.75582],[-9.16784,38.75558],[-9.16774,38.75495],[-9.16791,38.75471],[-9.16812,38.75495]]],[[[-9.15331,38.76378],[-9.1534,38.76368],[-9.15363,38.76378],[-9.1534,38.76398],[-9.15331,38.76378]]],[[[-9.16286,38.76436],[-9.16349,38.76436],[-9.16389,38.76441],[-9.16389,38.76504],[-9.16367,38.76567],[-9.16349,38.76595],[-9.16286,38.76595],[-9.16259,38.76567],[-9.16279,38.76504],[-9.16279,38.76441],[-9.16286,38.76436]]],[[[-9.1616,38.76541],[-9.16181,38.76567],[-9.1616,38.76581],[-9.16143,38.76567],[-9.1616,38.76541]]],[[[-9.16286,38.76764],[-9.16274,38.76756],[-9.16286,38.76752],[-9.16349,38.76752],[-9.16352,38.76756],[-9.16349,38.76764],[-9.16286,38.76764]]],[[[-9.16745,38.7682],[-9.16791,38.76802],[-9.16818,38.7682],[-9.16791,38.76846],[-9.16745,38.7682]]],[[[-9.1534,38.77046],[-9.15277,38.77023],[-9.15248,38.77009],[-9.15214,38.7699],[-9.15151,38.76976],[-9.15088,38.76976],[-9.15056,38.76946],[-9.15081,38.76883],[-9.15088,38.76855],[-9.15151,38.76855],[-9.15176,38.7682],[-9.15206,38.76756],[-9.15214,38.76697],[-9.15277,38.7671],[-9.1531,38.76693],[-9.15311,38.7663],[-9.15307,38.76567],[-9.1534,38.76524],[-9.15386,38.76504],[-9.15386,38.76441],[-9.15403,38.76421],[-9.15466,38.76421],[-9.15529,38.7641],[-9.15533,38.76441],[-9.15533,38.76504],[-9.15585,38.76567],[-9.15551,38.7663],[-9.15592,38.76662],[-9.15655,38.76651],[-9.15695,38.7663],[-9.15718,38.76621],[-9.15782,38.76621],[-9.1579,38.7663],[-9.15782,38.76669],[-9.15718,38.76669],[-9.15709,38.76693],[-9.15655,38.76741],[-9.15592,38.76737],[-9.15585,38.76756],[-9.15592,38.76763],[-9.15655,38.76791],[-9.15718,38.76791],[-9.15742,38.7682],[-9.15782,38.7684],[-9.15794,38.7682],[-9.1584,38.76756],[-9.15845,38.76753],[-9.15892,38.76756],[-9.15908,38.76772],[-9.15971,38.76811],[-9.16034,38.76811],[-9.16037,38.7682],[-9.16068,38.76883],[-9.16034,38.76936],[-9.15971,38.76936],[-9.15963,38.76946],[-9.15971,38.76962],[-9.16034,38.76962],[-9.16065,38.77009],[-9.16034,38.77041],[-9.15971,38.77041],[-9.15955,38.77072],[-9.15955,38.77135],[-9.15971,38.77163],[-9.16034,38.77163],[-9.16097,38.77167],[-9.16127,38.77198],[-9.1615,38.77261],[-9.16097,38.77288],[-9.16063,38.77261],[-9.16034,38.77221],[-9.15971,38.77221],[-9.15941,38.77198],[-9.15908,38.77178],[-9.15892,38.77198],[-9.15847,38.77261],[-9.15845,38.77265],[-9.15813,38.77261],[-9.15782,38.77251],[-9.15718,38.77233],[-9.15655,38.77233],[-9.15594,38.77261],[-9.15592,38.77262],[-9.15588,38.77261],[-9.15529,38.77208],[-9.15507,38.77198],[-9.15472,38.77135],[-9.15472,38.77072],[-9.15466,38.77066],[-9.15403,38.77066],[-9.1534,38.77046]],[[-9.1582,38.77198],[-9.15845,38.77219],[-9.1586,38.77198],[-9.15845,38.77136],[-9.1582,38.77198]],[[-9.15529,38.76778],[-9.15492,38.7682],[-9.15481,38.76883],[-9.15466,38.76898],[-9.15403,38.76898],[-9.15381,38.76883],[-9.1534,38.76845],[-9.153,38.7682],[-9.15287,38.76756],[-9.15277,38.76753],[-9.15272,38.76756],[-9.15258,38.7682],[-9.15214,38.76873],[-9.15207,38.76883],[-9.15151,38.76921],[-9.15088,38.76921],[-9.15077,38.76946],[-9.15088,38.76956],[-9.15151,38.76956],[-9.15214,38.76958],[-9.15277,38.76972],[-9.1534,38.7698],[-9.15373,38.77009],[-9.15403,38.77033],[-9.15466,38.77033],[-9.15507,38.77072],[-9.15507,38.77135],[-9.15529,38.77161],[-9.15569,38.77198],[-9.15592,38.7722],[-9.15655,38.77203],[-9.15718,38.77203],[-9.15729,38.77198],[-9.15782,38.7715],[-9.15842,38.77135],[-9.15842,38.77072],[-9.15845,38.7704],[-9.1586,38.77072],[-9.1586,38.77135],[-9.15908,38.77136],[-9.15909,38.77135],[-9.15909,38.77072],[-9.1594,38.77009],[-9.15908,38.76952],[-9.15893,38.76946],[-9.15845,38.76928],[-9.15819,38.76946],[-9.15782,38.76965],[-9.15741,38.76946],[-9.15751,38.76883],[-9.15718,38.76856],[-9.15655,38.76856],[-9.15593,38.7682],[-9.15592,38.76819],[-9.15529,38.76778]]],[[[-9.16665,38.76871],[-9.16669,38.76883],[-9.16665,38.76889],[-9.16661,38.76883],[-9.16665,38.76871]]],[[[-9.16728,38.76941],[-9.16737,38.76946],[-9.16728,38.76954],[-9.16721,38.76946],[-9.16728,38.76941]]],[[[-9.16172,38.77009],[-9.16223,38.76985],[-9.16227,38.77009],[-9.16223,38.7702],[-9.16172,38.77009]]],[[[-9.16154,38.77324],[-9.1616,38.77297],[-9.16166,38.77324],[-9.1616,38.7735],[-9.16154,38.77324]]],[[[-9.16349,38.77323],[-9.1635,38.77324],[-9.16349,38.77325],[-9.16286,38.77325],[-9.16285,38.77324],[-9.16286,38.77323],[-9.16349,38.77323]]],[[[-9.15214,38.77375],[-9.15272,38.77387],[-9.15277,38.77394],[-9.15282,38.77387],[-9.1534,38.77359],[-9.15369,38.77324],[-9.15403,38.77293],[-9.15466,38.77293],[-9.15523,38.77324],[-9.15466,38.77386],[-9.15403,38.77386],[-9.15401,38.77387],[-9.1534,38.77442],[-9.1533,38.7745],[-9.15277,38.77475],[-9.1522,38.7745],[-9.15214,38.77446],[-9.15193,38.77387],[-9.15214,38.77375]]],[[[-9.15466,38.77569],[-9.15477,38.77576],[-9.15466,38.77597],[-9.15403,38.77597],[-9.15396,38.77576],[-9.15403,38.77569],[-9.15466,38.77569]]],[[[-9.15403,38.77957],[-9.15356,38.77955],[-9.15396,38.77892],[-9.15403,38.77886],[-9.15466,38.77886],[-9.15472,38.77892],[-9.1547,38.77955],[-9.15466,38.77957],[-9.15403,38.77957]]],[[[-9.15971,38.78183],[-9.15951,38.78144],[-9.15971,38.78129],[-9.16034,38.78129],[-9.16067,38.78144],[-9.16034,38.78183],[-9.15971,38.78183]]],[[[-9.16475,38.7819],[-9.16499,38.78207],[-9.16475,38.78238],[-9.16412,38.78258],[-9.16398,38.7827],[-9.16398,38.78333],[-9.16349,38.78363],[-9.16286,38.78378],[-9.16223,38.78368],[-9.1616,38.78384],[-9.16097,38.78337],[-9.16091,38.78333],[-9.16097,38.78295],[-9.16106,38.7827],[-9.16107,38.78207],[-9.16105,38.78144],[-9.16097,38.78107],[-9.16087,38.78081],[-9.16097,38.78068],[-9.16117,38.78018],[-9.1616,38.77965],[-9.16223,38.77962],[-9.16286,38.77958],[-9.16349,38.77958],[-9.16396,38.78018],[-9.16412,38.7804],[-9.16471,38.78081],[-9.16444,38.78144],[-9.16475,38.7819]],[[-9.16349,38.78012],[-9.16286,38.78012],[-9.16223,38.78],[-9.1616,38.78015],[-9.16158,38.78018],[-9.1616,38.78022],[-9.16198,38.78081],[-9.1616,38.78122],[-9.16145,38.78144],[-9.1616,38.78191],[-9.16207,38.78144],[-9.16223,38.7813],[-9.16265,38.78081],[-9.16286,38.78038],[-9.16349,38.78038],[-9.16354,38.78018],[-9.16349,38.78012]]],[[[-9.16034,38.78233],[-9.1608,38.7827],[-9.16034,38.78279],[-9.15971,38.78279],[-9.15959,38.7827],[-9.15971,38.78233],[-9.16034,38.78233]]],[[[-9.15655,38.78343],[-9.15653,38.78333],[-9.15655,38.7833],[-9.15718,38.7833],[-9.15768,38.7827],[-9.15782,38.7826],[-9.15796,38.7827],[-9.15791,38.78333],[-9.15782,38.78362],[-9.15718,38.78343],[-9.15655,38.78343]]],[[[-9.15565,38.78838],[-9.15592,38.78831],[-9.15617,38.78838],[-9.15592,38.78848],[-9.15565,38.78838]]],[[[-9.1534,38.78855],[-9.15322,38.78838],[-9.1534,38.78824],[-9.15368,38.78838],[-9.1534,38.78855]]],[[[-9.15531,38.78901],[-9.15529,38.78903],[-9.15466,38.78907],[-9.15403,38.78907],[-9.154,38.78901],[-9.15403,38.78895],[-9.15466,38.78895],[-9.15529,38.78895],[-9.15531,38.78901]]],[[[-9.15845,38.78966],[-9.15782,38.78965],[-9.1578,38.78964],[-9.15741,38.78901],[-9.15782,38.78867],[-9.15845,38.78863],[-9.15888,38.78901],[-9.15846,38.78964],[-9.15845,38.78966]]],[[[-9.15577,38.79279],[-9.15592,38.79268],[-9.15602,38.79279],[-9.15592,38.79294],[-9.15577,38.79279]]],[[[-9.14849,38.70575],[-9.14835,38.70589],[-9.14772,38.70591],[-9.14709,38.70579],[-9.14703,38.70575],[-9.14646,38.70557],[-9.14583,38.70557],[-9.1452,38.70552],[-9.14457,38.70535],[-9.14394,38.70536],[-9.14366,38.70512],[-9.14394,38.70512],[-9.14457,38.70449],[-9.14481,38.70449],[-9.14481,38.70512],[-9.1452,38.70529],[-9.14583,38.70525],[-9.14646,38.70525],[-9.14665,38.70512],[-9.14665,38.70468],[-9.14709,38.70512],[-9.14772,38.70512],[-9.14835,38.70512],[-9.14849,38.70526],[-9.14849,38.70575]]],[[[-9.14962,38.70575],[-9.15025,38.70512],[-9.15027,38.70512],[-9.15027,38.70575],[-9.15025,38.70579],[-9.14962,38.70579],[-9.14958,38.70575],[-9.14962,38.70575]]],[[[-9.14079,38.70636],[-9.14015,38.70636],[-9.13953,38.70575],[-9.13974,38.70575],[-9.14015,38.70616],[-9.14079,38.70616],[-9.14142,38.70589],[-9.14154,38.70575],[-9.14154,38.70512],[-9.14189,38.70512],[-9.14189,38.70575],[-9.14142,38.70627],[-9.14079,38.70636]]],[[[-9.13746,38.70638],[-9.13763,38.70655],[-9.13826,38.70651],[-9.13846,38.70638],[-9.13846,38.70575],[-9.13882,38.70575],[-9.13882,38.70638],[-9.13826,38.70675],[-9.13763,38.70686],[-9.13715,38.70638],[-9.13746,38.70638]]],[[[-9.13531,38.70638],[-9.13531,38.70701],[-9.13511,38.70714],[-9.13489,38.70701],[-9.13489,38.70638],[-9.13511,38.70638],[-9.13531,38.70638]]],[[[-9.13196,38.70729],[-9.13168,38.70701],[-9.13196,38.70701],[-9.13259,38.70638],[-9.13314,38.70638],[-9.13314,38.70701],[-9.13259,38.70716],[-9.13196,38.70729]]],[[[-9.12943,38.70839],[-9.13006,38.70837],[-9.13024,38.70828],[-9.13023,38.70765],[-9.13054,38.70765],[-9.13059,38.70828],[-9.13006,38.70855],[-9.12943,38.70862],[-9.12881,38.70828],[-9.12922,38.70828],[-9.12943,38.70839]]],[[[-9.14452,38.70828],[-9.14457,38.70826],[-9.1446,38.70828],[-9.14457,38.70831],[-9.14452,38.70828]]],[[[-9.14459,38.71017],[-9.14457,38.71033],[-9.14453,38.71017],[-9.14451,38.70954],[-9.14457,38.70946],[-9.14485,38.70954],[-9.14459,38.71017]]],[[[-9.13511,38.7101],[-9.1352,38.71017],[-9.13511,38.71037],[-9.13504,38.71017],[-9.13511,38.7101]]],[[[-9.13889,38.7155],[-9.13904,38.71584],[-9.13889,38.71626],[-9.13826,38.71596],[-9.1381,38.71584],[-9.13818,38.71521],[-9.13826,38.71508],[-9.13854,38.71521],[-9.13889,38.7155]]],[[[-9.14646,38.71685],[-9.14583,38.71685],[-9.14559,38.71648],[-9.14583,38.71622],[-9.14646,38.71622],[-9.14661,38.71648],[-9.14646,38.71685]]],[[[-9.13879,38.71711],[-9.13889,38.71679],[-9.13897,38.71711],[-9.13889,38.71719],[-9.13879,38.71711]]],[[[-9.14903,38.719],[-9.14898,38.71908],[-9.14835,38.71908],[-9.14831,38.719],[-9.14835,38.71895],[-9.14898,38.71895],[-9.14903,38.719]]],[[[-9.12704,38.72026],[-9.12704,38.72089],[-9.12691,38.72096],[-9.12675,38.72089],[-9.12675,38.72026],[-9.12691,38.72],[-9.12704,38.72026]]],[[[-9.12754,38.72386],[-9.12794,38.72404],[-9.12754,38.72438],[-9.12731,38.72404],[-9.12754,38.72386]]],[[[-9.1452,38.72486],[-9.14504,38.72468],[-9.1452,38.72451],[-9.14549,38.72468],[-9.1452,38.72486]]],[[[-9.13154,38.74549],[-9.13137,38.74486],[-9.13196,38.74453],[-9.13223,38.74423],[-9.13196,38.74391],[-9.13132,38.74412],[-9.13069,38.74412],[-9.13064,38.74423],[-9.13006,38.74477],[-9.12986,38.74486],[-9.12943,38.7451],[-9.12932,38.74486],[-9.1288,38.74449],[-9.12817,38.74449],[-9.12774,38.74423],[-9.12754,38.74362],[-9.12691,38.74377],[-9.12652,38.7436],[-9.12628,38.74304],[-9.12604,38.74297],[-9.12565,38.74293],[-9.12502,38.74293],[-9.12439,38.74288],[-9.12376,38.74291],[-9.12313,38.74252],[-9.12264,38.74234],[-9.12313,38.74197],[-9.12368,38.7417],[-9.12376,38.74164],[-9.12416,38.74107],[-9.12439,38.74068],[-9.12449,38.74044],[-9.12502,38.7399],[-9.12565,38.7399],[-9.12628,38.74007],[-9.1266,38.73981],[-9.1266,38.73918],[-9.12628,38.73857],[-9.12626,38.73855],[-9.12628,38.73853],[-9.12691,38.73853],[-9.12711,38.73792],[-9.12691,38.73755],[-9.1264,38.73729],[-9.1269,38.73666],[-9.12674,38.73603],[-9.12691,38.73593],[-9.12754,38.73572],[-9.12796,38.7354],[-9.12817,38.73499],[-9.1288,38.73499],[-9.12893,38.73477],[-9.12943,38.7343],[-9.12963,38.73414],[-9.12963,38.73351],[-9.12963,38.73287],[-9.12943,38.73268],[-9.12896,38.73224],[-9.1288,38.73203],[-9.12817,38.73203],[-9.12758,38.73161],[-9.12754,38.73155],[-9.12733,38.73098],[-9.12691,38.73041],[-9.12659,38.73035],[-9.12691,38.73004],[-9.12702,38.72972],[-9.12691,38.72956],[-9.12677,38.72909],[-9.12687,38.72846],[-9.12691,38.72843],[-9.12754,38.72831],[-9.12817,38.72815],[-9.1288,38.72815],[-9.12936,38.72783],[-9.12943,38.72761],[-9.12997,38.7272],[-9.12997,38.72657],[-9.12969,38.72594],[-9.13006,38.72569],[-9.1305,38.72531],[-9.13019,38.72468],[-9.13006,38.72462],[-9.12992,38.72468],[-9.12943,38.72493],[-9.12927,38.72468],[-9.12943,38.72445],[-9.12966,38.72404],[-9.13006,38.7235],[-9.13026,38.72341],[-9.13069,38.72309],[-9.13132,38.72317],[-9.13196,38.72317],[-9.13259,38.72306],[-9.13322,38.72315],[-9.13385,38.72281],[-9.13448,38.72281],[-9.1349,38.72341],[-9.13511,38.72355],[-9.13527,38.72341],[-9.13528,38.72278],[-9.13511,38.72258],[-9.13468,38.72215],[-9.13511,38.72189],[-9.13574,38.72164],[-9.13606,38.72152],[-9.13574,38.72128],[-9.13511,38.72122],[-9.1345,38.72152],[-9.13448,38.72157],[-9.13385,38.72157],[-9.13322,38.72153],[-9.1332,38.72152],[-9.13259,38.72118],[-9.13196,38.72151],[-9.13132,38.72151],[-9.13131,38.72152],[-9.13127,38.72215],[-9.13069,38.72236],[-9.13053,38.72215],[-9.13027,38.72152],[-9.13006,38.72117],[-9.12957,38.72089],[-9.12957,38.72026],[-9.12973,38.71963],[-9.12943,38.71934],[-9.129,38.71963],[-9.1288,38.71985],[-9.12817,38.71985],[-9.12773,38.71963],[-9.12817,38.71921],[-9.1288,38.71921],[-9.12891,38.719],[-9.12889,38.71837],[-9.1288,38.71828],[-9.12817,38.71828],[-9.12782,38.71837],[-9.12754,38.71852],[-9.12741,38.71837],[-9.12751,38.71774],[-9.12754,38.71762],[-9.12775,38.71711],[-9.12754,38.71688],[-9.12699,38.71711],[-9.12691,38.71713],[-9.12628,38.71771],[-9.12606,38.71711],[-9.12628,38.71669],[-9.12665,38.71648],[-9.12628,38.71623],[-9.12591,38.71648],[-9.12565,38.71658],[-9.12502,38.71658],[-9.1249,38.71648],[-9.12495,38.71584],[-9.12502,38.71583],[-9.12565,38.71583],[-9.12628,38.71565],[-9.12691,38.71568],[-9.12754,38.71545],[-9.12817,38.71566],[-9.1288,38.71566],[-9.12943,38.71573],[-9.12968,38.71521],[-9.13005,38.71458],[-9.13005,38.71395],[-9.12943,38.71349],[-9.12914,38.71332],[-9.12943,38.71323],[-9.13006,38.71282],[-9.13018,38.71269],[-9.13069,38.7122],[-9.13082,38.71206],[-9.13132,38.71161],[-9.13196,38.71161],[-9.13236,38.71143],[-9.13259,38.71134],[-9.1332,38.7108],[-9.13322,38.71075],[-9.13328,38.7108],[-9.1338,38.71143],[-9.13385,38.71146],[-9.13448,38.71146],[-9.13511,38.71201],[-9.13562,38.71143],[-9.13574,38.71115],[-9.13594,38.7108],[-9.13637,38.71059],[-9.13667,38.7108],[-9.13641,38.71143],[-9.13637,38.71159],[-9.13628,38.71206],[-9.13637,38.71238],[-9.13646,38.71269],[-9.13676,38.71332],[-9.13637,38.7136],[-9.13587,38.71332],[-9.13574,38.71305],[-9.13559,38.71332],[-9.1356,38.71395],[-9.1356,38.71458],[-9.13511,38.71519],[-9.1351,38.71521],[-9.13448,38.71553],[-9.13385,38.71553],[-9.13322,38.71557],[-9.13299,38.71584],[-9.13322,38.71616],[-9.1334,38.71648],[-9.13322,38.71682],[-9.13297,38.71711],[-9.13292,38.71774],[-9.13259,38.71799],[-9.13196,38.71804],[-9.13132,38.71804],[-9.13069,38.71804],[-9.13006,38.71824],[-9.12995,38.71837],[-9.12974,38.719],[-9.13006,38.71932],[-9.13069,38.71908],[-9.13132,38.71911],[-9.13196,38.71911],[-9.13243,38.719],[-9.13259,38.71891],[-9.13273,38.719],[-9.13322,38.71917],[-9.13337,38.719],[-9.13385,38.71872],[-9.13448,38.71872],[-9.13511,38.71885],[-9.13535,38.719],[-9.13511,38.71931],[-9.13448,38.71945],[-9.13385,38.71945],[-9.13365,38.71963],[-9.13385,38.71987],[-9.13448,38.71987],[-9.13511,38.71987],[-9.13574,38.71992],[-9.136,38.71963],[-9.13637,38.71932],[-9.137,38.71943],[-9.13763,38.71943],[-9.13802,38.719],[-9.13826,38.71849],[-9.13858,38.71837],[-9.13889,38.71833],[-9.13952,38.71805],[-9.14015,38.71805],[-9.14031,38.71837],[-9.14079,38.71857],[-9.1409,38.71837],[-9.14093,38.71774],[-9.14079,38.71744],[-9.14059,38.71711],[-9.14042,38.71648],[-9.14055,38.71584],[-9.14023,38.71521],[-9.14055,38.71458],[-9.14055,38.71395],[-9.14015,38.71344],[-9.13952,38.71344],[-9.1394,38.71332],[-9.13889,38.71304],[-9.13826,38.71315],[-9.1378,38.71269],[-9.13763,38.71228],[-9.137,38.71228],[-9.13653,38.71206],[-9.137,38.71182],[-9.13763,38.71182],[-9.13803,38.71143],[-9.13785,38.7108],[-9.13817,38.71017],[-9.13826,38.71009],[-9.13889,38.70956],[-9.13952,38.70982],[-9.13989,38.71017],[-9.13952,38.71079],[-9.13951,38.7108],[-9.13952,38.71081],[-9.14015,38.71081],[-9.14022,38.7108],[-9.14079,38.71066],[-9.14142,38.71061],[-9.14205,38.71035],[-9.14237,38.7108],[-9.14249,38.71143],[-9.14268,38.71167],[-9.14331,38.71167],[-9.14357,38.71143],[-9.14394,38.71092],[-9.14457,38.71085],[-9.14466,38.7108],[-9.1452,38.71059],[-9.14552,38.7108],[-9.14528,38.71143],[-9.14583,38.71151],[-9.14646,38.71151],[-9.14679,38.71206],[-9.14709,38.71254],[-9.14723,38.71269],[-9.14772,38.71297],[-9.1482,38.71269],[-9.14772,38.71218],[-9.1476,38.71206],[-9.14725,38.71143],[-9.14772,38.71131],[-9.14779,38.71143],[-9.14835,38.71196],[-9.14898,38.71196],[-9.14945,38.71143],[-9.14962,38.71129],[-9.14996,38.7108],[-9.14962,38.71035],[-9.1495,38.71017],[-9.14962,38.71007],[-9.15025,38.71011],[-9.15041,38.71017],[-9.15088,38.71059],[-9.15151,38.71052],[-9.15214,38.71052],[-9.15248,38.7108],[-9.15277,38.71102],[-9.1534,38.71111],[-9.15347,38.7108],[-9.1534,38.71076],[-9.15277,38.71044],[-9.15256,38.71017],[-9.15214,38.70979],[-9.15151,38.70979],[-9.1513,38.70954],[-9.15151,38.70909],[-9.15214,38.70909],[-9.15277,38.7094],[-9.15318,38.70891],[-9.1534,38.70865],[-9.15403,38.70858],[-9.15466,38.70829],[-9.15529,38.70829],[-9.15592,38.7086],[-9.15655,38.70888],[-9.15718,38.70884],[-9.15782,38.70884],[-9.15801,38.70828],[-9.15845,38.70786],[-9.15879,38.70828],[-9.1588,38.70891],[-9.15908,38.70927],[-9.1594,38.70891],[-9.15936,38.70828],[-9.15971,38.70778],[-9.15982,38.70765],[-9.15982,38.70701],[-9.16018,38.70638],[-9.16034,38.70616],[-9.16097,38.70616],[-9.16152,38.70575],[-9.1616,38.70573],[-9.16211,38.70512],[-9.16223,38.70495],[-9.16235,38.70512],[-9.16286,38.70556],[-9.16349,38.70526],[-9.16412,38.70526],[-9.16475,38.70563],[-9.16538,38.70549],[-9.16601,38.70561],[-9.16665,38.70561],[-9.16728,38.70568],[-9.1676,38.70575],[-9.16783,38.70638],[-9.16791,38.70649],[-9.16854,38.70653],[-9.16917,38.70678],[-9.1698,38.70678],[-9.17029,38.70701],[-9.17029,38.70765],[-9.17043,38.7077],[-9.17106,38.70772],[-9.1714,38.70828],[-9.17137,38.70891],[-9.17111,38.70954],[-9.17106,38.70962],[-9.17044,38.71017],[-9.17043,38.71018],[-9.1698,38.71037],[-9.16917,38.71037],[-9.16854,38.71056],[-9.16793,38.7108],[-9.16791,38.71081],[-9.1678,38.7108],[-9.16728,38.7107],[-9.16665,38.71019],[-9.16601,38.71019],[-9.16591,38.71017],[-9.16538,38.71012],[-9.16475,38.70967],[-9.16417,38.71017],[-9.16412,38.71027],[-9.16401,38.71017],[-9.16349,38.71],[-9.16286,38.71],[-9.16223,38.71001],[-9.16182,38.71017],[-9.16185,38.7108],[-9.16221,38.71143],[-9.16184,38.71206],[-9.16223,38.71245],[-9.16225,38.71269],[-9.16223,38.71272],[-9.16192,38.71332],[-9.16192,38.71395],[-9.16215,38.71458],[-9.16206,38.71521],[-9.16223,38.71539],[-9.16286,38.71554],[-9.16349,38.71554],[-9.16412,38.71572],[-9.1643,38.71584],[-9.16475,38.71632],[-9.16538,38.71618],[-9.16568,38.71648],[-9.16596,38.71711],[-9.16559,38.71774],[-9.16561,38.71837],[-9.16538,38.71853],[-9.16475,38.71868],[-9.16412,38.71882],[-9.16349,38.7185],[-9.16286,38.7185],[-9.16223,38.71849],[-9.16201,38.71837],[-9.1616,38.71813],[-9.16097,38.7183],[-9.16034,38.7183],[-9.16025,38.71837],[-9.16034,38.71854],[-9.16097,38.71854],[-9.1616,38.71872],[-9.16176,38.719],[-9.16215,38.71963],[-9.16215,38.72026],[-9.1616,38.72055],[-9.16147,38.72026],[-9.16147,38.71963],[-9.16097,38.71908],[-9.16034,38.71908],[-9.15974,38.71963],[-9.15974,38.72026],[-9.16018,38.72089],[-9.15971,38.72101],[-9.15922,38.72152],[-9.15908,38.7217],[-9.15896,38.72215],[-9.15908,38.72238],[-9.15971,38.72252],[-9.16008,38.72215],[-9.16034,38.72181],[-9.16097,38.72181],[-9.1613,38.72215],[-9.1616,38.72245],[-9.16199,38.72278],[-9.1618,38.72341],[-9.16176,38.72404],[-9.16222,38.72468],[-9.16211,38.72531],[-9.16194,38.72594],[-9.16223,38.72606],[-9.16258,38.72657],[-9.16258,38.7272],[-9.16223,38.72782],[-9.16169,38.7272],[-9.16169,38.72657],[-9.1616,38.72633],[-9.16147,38.72657],[-9.16147,38.7272],[-9.16097,38.72732],[-9.16034,38.72732],[-9.15991,38.7272],[-9.15991,38.72657],[-9.15971,38.72646],[-9.15959,38.72657],[-9.15959,38.7272],[-9.15971,38.7274],[-9.15984,38.72783],[-9.15971,38.72808],[-9.15908,38.7281],[-9.15879,38.72846],[-9.15865,38.72909],[-9.15845,38.72921],[-9.15782,38.72941],[-9.15718,38.72941],[-9.15678,38.72972],[-9.15655,38.73018],[-9.1565,38.73035],[-9.15611,38.73098],[-9.15603,38.73161],[-9.15605,38.73224],[-9.15655,38.73267],[-9.15718,38.73281],[-9.15782,38.73281],[-9.15787,38.73287],[-9.15787,38.73351],[-9.15782,38.73357],[-9.15718,38.73357],[-9.15689,38.73414],[-9.15712,38.73477],[-9.15718,38.7349],[-9.15782,38.7349],[-9.15795,38.7354],[-9.15782,38.73565],[-9.15718,38.73565],[-9.15697,38.73603],[-9.15655,38.73665],[-9.15654,38.73666],[-9.15592,38.73722],[-9.15529,38.73727],[-9.15516,38.73729],[-9.15466,38.73751],[-9.15403,38.73751],[-9.1534,38.7377],[-9.15277,38.73768],[-9.15242,38.73792],[-9.15214,38.73809],[-9.15151,38.73809],[-9.15088,38.73851],[-9.15077,38.73855],[-9.15025,38.73871],[-9.14979,38.73918],[-9.14979,38.73981],[-9.14983,38.74044],[-9.14965,38.74107],[-9.14962,38.74111],[-9.14953,38.74107],[-9.14898,38.74081],[-9.14835,38.74081],[-9.14772,38.7405],[-9.14766,38.74044],[-9.14709,38.74026],[-9.14646,38.7402],[-9.14617,38.74044],[-9.14646,38.74082],[-9.14672,38.74107],[-9.14693,38.7417],[-9.14646,38.74225],[-9.14583,38.74213],[-9.1452,38.74213],[-9.14503,38.74234],[-9.1452,38.74244],[-9.14583,38.74244],[-9.14646,38.74244],[-9.14677,38.74297],[-9.14646,38.74333],[-9.14583,38.74357],[-9.1452,38.74357],[-9.14513,38.7436],[-9.14457,38.74375],[-9.14397,38.7436],[-9.14394,38.74344],[-9.14383,38.7436],[-9.14331,38.74367],[-9.14268,38.74367],[-9.14219,38.74423],[-9.14205,38.74446],[-9.14197,38.74423],[-9.14193,38.7436],[-9.14142,38.74334],[-9.14079,38.74333],[-9.14015,38.74354],[-9.13952,38.74354],[-9.13948,38.7436],[-9.1394,38.74423],[-9.13908,38.74486],[-9.13894,38.74549],[-9.13894,38.74612],[-9.13889,38.74637],[-9.13826,38.74665],[-9.13807,38.74675],[-9.13826,38.74687],[-9.13869,38.74738],[-9.13889,38.74799],[-9.13952,38.74798],[-9.14015,38.74798],[-9.14016,38.74801],[-9.14015,38.74805],[-9.13952,38.74805],[-9.13889,38.74802],[-9.13826,38.74861],[-9.13787,38.74801],[-9.13763,38.74788],[-9.137,38.74799],[-9.13637,38.74799],[-9.13621,38.74738],[-9.13574,38.74707],[-9.13546,38.74738],[-9.13511,38.74787],[-9.13476,38.74738],[-9.13511,38.74684],[-9.13521,38.74675],[-9.13511,38.74664],[-9.13448,38.74612],[-9.13385,38.74612],[-9.13322,38.74662],[-9.13311,38.74675],[-9.13259,38.74688],[-9.13218,38.74675],[-9.13196,38.74655],[-9.13154,38.74612],[-9.13154,38.74549]],[[-9.13561,38.74486],[-9.13551,38.74549],[-9.13551,38.74612],[-9.13574,38.74638],[-9.13596,38.74612],[-9.13596,38.74549],[-9.13637,38.74525],[-9.137,38.74525],[-9.13763,38.74525],[-9.13826,38.74495],[-9.13831,38.74486],[-9.13854,38.74423],[-9.13857,38.7436],[-9.13873,38.74297],[-9.13826,38.74239],[-9.13792,38.74234],[-9.13763,38.74227],[-9.137,38.74227],[-9.13637,38.74178],[-9.13574,38.74191],[-9.13552,38.74234],[-9.13574,38.7427],[-9.13592,38.74297],[-9.13574,38.74333],[-9.13511,38.74341],[-9.13498,38.7436],[-9.13509,38.74423],[-9.13511,38.74425],[-9.13561,38.74486]],[[-9.13215,38.74297],[-9.13234,38.7436],[-9.13259,38.7438],[-9.13322,38.74416],[-9.13355,38.7436],[-9.13385,38.74337],[-9.13448,38.74337],[-9.13463,38.74297],[-9.13448,38.74287],[-9.13385,38.74287],[-9.13335,38.74234],[-9.13322,38.74187],[-9.13296,38.74234],[-9.13259,38.74264],[-9.13215,38.74297]],[[-9.132,38.73981],[-9.132,38.73918],[-9.13196,38.73911],[-9.13164,38.73918],[-9.13164,38.73981],[-9.13196,38.74023],[-9.132,38.73981]],[[-9.13006,38.74079],[-9.1298,38.74107],[-9.13006,38.74155],[-9.13031,38.7417],[-9.13069,38.74213],[-9.13132,38.74213],[-9.13167,38.7417],[-9.13132,38.74142],[-9.13069,38.74142],[-9.13045,38.74107],[-9.13006,38.74079]],[[-9.1299,38.7436],[-9.12943,38.74345],[-9.12924,38.7436],[-9.12943,38.74374],[-9.1299,38.7436]],[[-9.12882,38.74234],[-9.1288,38.74232],[-9.12817,38.74232],[-9.12754,38.74226],[-9.12747,38.74234],[-9.12754,38.7424],[-9.12817,38.74235],[-9.1288,38.74235],[-9.12882,38.74234]],[[-9.12982,38.73098],[-9.12943,38.73042],[-9.1292,38.73098],[-9.12943,38.73133],[-9.12982,38.73098]],[[-9.12932,38.73035],[-9.1288,38.73017],[-9.12817,38.73017],[-9.12792,38.73035],[-9.12817,38.7305],[-9.1288,38.7305],[-9.12932,38.73035]],[[-9.13259,38.71284],[-9.13196,38.71317],[-9.13132,38.71317],[-9.13069,38.71325],[-9.13064,38.71332],[-9.13069,38.71338],[-9.13104,38.71395],[-9.13104,38.71458],[-9.13132,38.715],[-9.13196,38.715],[-9.1323,38.71458],[-9.1323,38.71395],[-9.13259,38.71371],[-9.13309,38.71395],[-9.13309,38.71458],[-9.13322,38.71466],[-9.13337,38.71458],[-9.13337,38.71395],[-9.13359,38.71332],[-9.13322,38.71295],[-9.13259,38.71284]],[[-9.13081,38.71711],[-9.13094,38.71648],[-9.13132,38.71593],[-9.13196,38.71593],[-9.13202,38.71584],[-9.13196,38.71579],[-9.13132,38.71579],[-9.13069,38.71581],[-9.13047,38.71584],[-9.13034,38.71648],[-9.1304,38.71711],[-9.13069,38.71725],[-9.13081,38.71711]],[[-9.14136,38.71269],[-9.14079,38.71255],[-9.1407,38.71269],[-9.14079,38.7128],[-9.14136,38.71269]],[[-9.16985,38.70954],[-9.1698,38.70934],[-9.16917,38.70934],[-9.16854,38.70951],[-9.16849,38.70954],[-9.16854,38.70958],[-9.16917,38.70957],[-9.1698,38.70957],[-9.16985,38.70954]],[[-9.16485,38.70765],[-9.16485,38.70701],[-9.16475,38.70677],[-9.16458,38.70701],[-9.16458,38.70765],[-9.16475,38.70792],[-9.16485,38.70765]],[[-9.16451,38.70891],[-9.16412,38.70868],[-9.1639,38.70891],[-9.16412,38.70917],[-9.16451,38.70891]],[[-9.16286,38.70642],[-9.16223,38.7066],[-9.16201,38.70701],[-9.16201,38.70765],[-9.16223,38.70789],[-9.16272,38.70828],[-9.16286,38.70839],[-9.16349,38.70839],[-9.16361,38.70828],[-9.16379,38.70765],[-9.16379,38.70701],[-9.16412,38.70647],[-9.16426,38.70638],[-9.16412,38.70632],[-9.16349,38.70632],[-9.16302,38.70638],[-9.16286,38.70642]],[[-9.1648,38.71774],[-9.16475,38.7177],[-9.16469,38.71774],[-9.16475,38.7178],[-9.1648,38.71774]],[[-9.16203,38.71711],[-9.1616,38.71696],[-9.1615,38.71711],[-9.1616,38.71721],[-9.16203,38.71711]],[[-9.15432,38.71206],[-9.15466,38.7124],[-9.15529,38.7124],[-9.15592,38.71247],[-9.15624,38.71269],[-9.15615,38.71332],[-9.15615,38.71395],[-9.15655,38.71458],[-9.15657,38.71458],[-9.15655,38.71462],[-9.15646,38.71521],[-9.15655,38.71534],[-9.15718,38.71539],[-9.15782,38.71539],[-9.15828,38.71521],[-9.15819,38.71458],[-9.15845,38.71398],[-9.1586,38.71458],[-9.15853,38.71521],[-9.15845,38.71543],[-9.15831,38.71584],[-9.15845,38.71602],[-9.15908,38.71591],[-9.15948,38.71584],[-9.15971,38.71582],[-9.15974,38.71584],[-9.16034,38.7162],[-9.16097,38.7162],[-9.16132,38.71584],[-9.16123,38.71521],[-9.16141,38.71458],[-9.16117,38.71395],[-9.16117,38.71332],[-9.16097,38.71295],[-9.16034,38.71295],[-9.15987,38.71269],[-9.15988,38.71206],[-9.15971,38.71185],[-9.15908,38.71188],[-9.15863,38.71143],[-9.15845,38.71117],[-9.15803,38.71143],[-9.15782,38.71171],[-9.15718,38.71171],[-9.15655,38.71163],[-9.15646,38.71143],[-9.15644,38.7108],[-9.15592,38.7106],[-9.15581,38.7108],[-9.15561,38.71143],[-9.15529,38.71177],[-9.15466,38.71177],[-9.15432,38.71206]],[[-9.15974,38.71711],[-9.15971,38.71701],[-9.15908,38.71671],[-9.15845,38.71689],[-9.15827,38.71711],[-9.15845,38.7173],[-9.15908,38.71734],[-9.15971,38.71715],[-9.15974,38.71711]],[[-9.1616,38.72447],[-9.16118,38.72468],[-9.16097,38.72504],[-9.16034,38.72504],[-9.15971,38.7251],[-9.15913,38.72468],[-9.15908,38.72461],[-9.15845,38.72436],[-9.15832,38.72468],[-9.15817,38.72531],[-9.15845,38.72557],[-9.15908,38.72537],[-9.15971,38.72564],[-9.15997,38.72594],[-9.16034,38.72609],[-9.16097,38.72609],[-9.16109,38.72594],[-9.16128,38.72531],[-9.1616,38.72514],[-9.16178,38.72468],[-9.1616,38.72447]],[[-9.15466,38.73688],[-9.15529,38.73674],[-9.15551,38.73666],[-9.15589,38.73603],[-9.15556,38.7354],[-9.15529,38.73523],[-9.15466,38.73526],[-9.15403,38.73526],[-9.15345,38.7354],[-9.1534,38.73544],[-9.1532,38.73603],[-9.15277,38.73638],[-9.15214,38.73648],[-9.15151,38.73648],[-9.15113,38.73666],[-9.15151,38.73699],[-9.15214,38.73699],[-9.15277,38.73711],[-9.1532,38.73729],[-9.1534,38.73731],[-9.15343,38.73729],[-9.15403,38.73688],[-9.15466,38.73688]],[[-9.15095,38.73603],[-9.15088,38.73593],[-9.15025,38.73559],[-9.15013,38.73603],[-9.15025,38.73612],[-9.15088,38.73623],[-9.15095,38.73603]],[[-9.1481,38.73855],[-9.14772,38.73848],[-9.14709,38.73814],[-9.14695,38.73855],[-9.14709,38.73866],[-9.14772,38.73865],[-9.1481,38.73855]],[[-9.14898,38.73457],[-9.14835,38.73457],[-9.14772,38.73471],[-9.14709,38.73442],[-9.14646,38.73458],[-9.14583,38.7342],[-9.1452,38.7342],[-9.14501,38.73477],[-9.1452,38.73501],[-9.14583,38.73501],[-9.1463,38.7354],[-9.14646,38.73558],[-9.14659,38.7354],[-9.14709,38.73503],[-9.14772,38.7348],[-9.14835,38.73498],[-9.14898,38.73498],[-9.14914,38.73477],[-9.14898,38.73457]],[[-9.14605,38.73981],[-9.14605,38.73918],[-9.14583,38.73908],[-9.1452,38.73908],[-9.14506,38.73918],[-9.14506,38.73981],[-9.1452,38.74008],[-9.14583,38.74008],[-9.14605,38.73981]],[[-9.1415,38.7417],[-9.14152,38.74107],[-9.14142,38.74092],[-9.14129,38.74107],[-9.14131,38.7417],[-9.14142,38.7418],[-9.1415,38.7417]],[[-9.14103,38.74234],[-9.14079,38.74216],[-9.14059,38.74234],[-9.14079,38.74256],[-9.14103,38.74234]],[[-9.1402,38.74107],[-9.14015,38.74102],[-9.13952,38.74102],[-9.1395,38.74107],[-9.13952,38.74116],[-9.14015,38.74116],[-9.1402,38.74107]],[[-9.13196,38.73688],[-9.13259,38.73684],[-9.13269,38.73729],[-9.13322,38.73772],[-9.13339,38.73792],[-9.13385,38.73835],[-9.13448,38.73835],[-9.1347,38.73855],[-9.13511,38.73916],[-9.13514,38.73918],[-9.13514,38.73981],[-9.13515,38.74044],[-9.13554,38.74107],[-9.13574,38.74134],[-9.13628,38.74107],[-9.13637,38.74104],[-9.13685,38.74044],[-9.13637,38.73996],[-9.13617,38.73981],[-9.13617,38.73918],[-9.13574,38.73864],[-9.13566,38.73855],[-9.13533,38.73792],[-9.13539,38.73729],[-9.13511,38.7369],[-9.13455,38.73729],[-9.13448,38.73738],[-9.13385,38.73738],[-9.13375,38.73729],[-9.13364,38.73666],[-9.13322,38.73657],[-9.13259,38.73664],[-9.13196,38.7366],[-9.13132,38.7366],[-9.13069,38.7366],[-9.13058,38.73666],[-9.13069,38.7369],[-9.13132,38.7369],[-9.13196,38.73688]],[[-9.1328,38.74107],[-9.13259,38.74105],[-9.13248,38.74107],[-9.13259,38.74112],[-9.1328,38.74107]],[[-9.13018,38.73855],[-9.13006,38.73851],[-9.13003,38.73855],[-9.13006,38.7387],[-9.13018,38.73855]],[[-9.12962,38.73603],[-9.12943,38.73585],[-9.12925,38.73603],[-9.12943,38.73626],[-9.12962,38.73603]],[[-9.14091,38.71143],[-9.14079,38.7112],[-9.14075,38.71143],[-9.14079,38.7115],[-9.14091,38.71143]],[[-9.16171,38.70891],[-9.1616,38.70882],[-9.16134,38.70891],[-9.1616,38.70906],[-9.16171,38.70891]],[[-9.15976,38.70954],[-9.15971,38.70952],[-9.15969,38.70954],[-9.15971,38.70955],[-9.15976,38.70954]],[[-9.15911,38.71017],[-9.15908,38.71012],[-9.15904,38.71017],[-9.15908,38.71019],[-9.15911,38.71017]],[[-9.15656,38.71017],[-9.15655,38.71014],[-9.15654,38.71017],[-9.15655,38.71017],[-9.15656,38.71017]],[[-9.15531,38.71017],[-9.15529,38.71015],[-9.15466,38.71015],[-9.15466,38.71017],[-9.15466,38.71018],[-9.15529,38.71018],[-9.15531,38.71017]],[[-9.15923,38.72341],[-9.15908,38.7234],[-9.15845,38.72289],[-9.15804,38.72341],[-9.15845,38.7239],[-9.15908,38.72344],[-9.15923,38.72341]],[[-9.15537,38.73161],[-9.15529,38.73124],[-9.15509,38.73161],[-9.15529,38.73178],[-9.15537,38.73161]],[[-9.15214,38.72403],[-9.15151,38.72403],[-9.1515,38.72404],[-9.15132,38.72468],[-9.15113,38.72531],[-9.15113,38.72594],[-9.15088,38.72614],[-9.15025,38.72631],[-9.15003,38.72657],[-9.15003,38.7272],[-9.14962,38.72774],[-9.14951,38.72783],[-9.14918,38.72846],[-9.14962,38.7288],[-9.15025,38.72875],[-9.15088,38.72899],[-9.151,38.72909],[-9.15115,38.72972],[-9.15151,38.73014],[-9.15214,38.73014],[-9.15243,38.73035],[-9.15277,38.73084],[-9.15289,38.73098],[-9.1534,38.73149],[-9.15403,38.73124],[-9.15466,38.73124],[-9.15509,38.73098],[-9.15529,38.73075],[-9.15559,38.73035],[-9.15592,38.72997],[-9.156,38.72972],[-9.15617,38.72909],[-9.15655,38.72846],[-9.15655,38.72841],[-9.15663,38.72783],[-9.15655,38.72776],[-9.15641,38.72783],[-9.15592,38.72802],[-9.15534,38.72783],[-9.15529,38.72781],[-9.15466,38.72727],[-9.15403,38.72727],[-9.1534,38.72727],[-9.15326,38.7272],[-9.15338,38.72657],[-9.15277,38.72622],[-9.15245,38.72594],[-9.15266,38.72531],[-9.15259,38.72468],[-9.1522,38.72404],[-9.15214,38.72403]],[[-9.15279,38.73414],[-9.15277,38.73412],[-9.15276,38.73414],[-9.15277,38.73414],[-9.15279,38.73414]],[[-9.15116,38.73224],[-9.15088,38.73215],[-9.1508,38.73224],[-9.15088,38.73231],[-9.15116,38.73224]],[[-9.15025,38.73414],[-9.15025,38.73413],[-9.15023,38.73414],[-9.15025,38.73415],[-9.15025,38.73414]],[[-9.14793,38.73603],[-9.14772,38.7357],[-9.1473,38.73603],[-9.14772,38.73617],[-9.14793,38.73603]],[[-9.14925,38.73098],[-9.14898,38.73088],[-9.14835,38.73088],[-9.14772,38.73076],[-9.14754,38.73098],[-9.14772,38.73134],[-9.14835,38.73138],[-9.14898,38.73138],[-9.14925,38.73098]],[[-9.14721,38.72846],[-9.14709,38.72828],[-9.14689,38.72846],[-9.14709,38.72859],[-9.14721,38.72846]],[[-9.14651,38.73161],[-9.14654,38.73098],[-9.14646,38.73077],[-9.14583,38.73077],[-9.14573,38.73098],[-9.14583,38.73108],[-9.14641,38.73161],[-9.14646,38.73172],[-9.14651,38.73161]],[[-9.14592,38.73351],[-9.14592,38.73287],[-9.14583,38.73281],[-9.1452,38.73281],[-9.14507,38.73287],[-9.14507,38.73351],[-9.1452,38.73398],[-9.14583,38.73398],[-9.14592,38.73351]],[[-9.14394,38.73897],[-9.14457,38.73869],[-9.1452,38.73859],[-9.14583,38.73859],[-9.1459,38.73855],[-9.14583,38.73843],[-9.1452,38.73843],[-9.14478,38.73792],[-9.14483,38.73729],[-9.14457,38.73694],[-9.14394,38.73702],[-9.14331,38.73703],[-9.14268,38.73703],[-9.14235,38.73729],[-9.14206,38.73792],[-9.14205,38.73794],[-9.14201,38.73792],[-9.14142,38.73768],[-9.14079,38.73772],[-9.14071,38.73792],[-9.14079,38.73804],[-9.14142,38.73811],[-9.14174,38.73855],[-9.14205,38.73897],[-9.14242,38.73855],[-9.14268,38.73834],[-9.14331,38.73834],[-9.14352,38.73855],[-9.14394,38.73897]],[[-9.13763,38.73625],[-9.137,38.73625],[-9.13673,38.73666],[-9.13637,38.73723],[-9.13632,38.73729],[-9.13637,38.73735],[-9.137,38.73789],[-9.13763,38.73789],[-9.13826,38.73754],[-9.13889,38.73788],[-9.13952,38.7379],[-9.14015,38.7379],[-9.14037,38.73729],[-9.14015,38.73694],[-9.13952,38.73694],[-9.13907,38.73666],[-9.13889,38.73646],[-9.13826,38.73659],[-9.13763,38.73625]],[[-9.13587,38.73351],[-9.13587,38.73287],[-9.13574,38.7328],[-9.13537,38.73287],[-9.13537,38.73351],[-9.13574,38.73369],[-9.13587,38.73351]],[[-9.1322,38.73477],[-9.13254,38.7354],[-9.13259,38.73551],[-9.13322,38.73561],[-9.13353,38.7354],[-9.13385,38.73511],[-9.13448,38.73511],[-9.1348,38.73477],[-9.13448,38.73431],[-9.13385,38.73431],[-9.13357,38.73414],[-9.13322,38.73376],[-9.13284,38.73414],[-9.13259,38.73439],[-9.1322,38.73477]],[[-9.13199,38.73414],[-9.13196,38.73411],[-9.13195,38.73414],[-9.13196,38.73417],[-9.13199,38.73414]],[[-9.13006,38.72809],[-9.12956,38.72846],[-9.13006,38.72889],[-9.13036,38.72909],[-9.13069,38.72938],[-9.13132,38.72938],[-9.1316,38.72909],[-9.13132,38.72868],[-9.13069,38.72868],[-9.13055,38.72846],[-9.13006,38.72809]],[[-9.15854,38.72215],[-9.15845,38.72202],[-9.15782,38.72178],[-9.15718,38.72178],[-9.15711,38.72215],[-9.15718,38.72228],[-9.15782,38.72228],[-9.15845,38.72261],[-9.15854,38.72215]],[[-9.15676,38.72594],[-9.15655,38.72582],[-9.1565,38.72594],[-9.15655,38.72623],[-9.15676,38.72594]],[[-9.15395,38.72531],[-9.15403,38.72562],[-9.15466,38.72562],[-9.1547,38.72594],[-9.15529,38.72619],[-9.15566,38.72657],[-9.15566,38.7272],[-9.15592,38.72763],[-9.15623,38.7272],[-9.15623,38.72657],[-9.15609,38.72594],[-9.15594,38.72531],[-9.15592,38.72529],[-9.15529,38.72515],[-9.15466,38.72526],[-9.15403,38.72526],[-9.15395,38.72531]],[[-9.15535,38.7272],[-9.15535,38.72657],[-9.15529,38.72651],[-9.15519,38.72657],[-9.15519,38.7272],[-9.15529,38.72729],[-9.15535,38.7272]],[[-9.14835,38.71601],[-9.14809,38.71584],[-9.14772,38.7156],[-9.14738,38.71584],[-9.14709,38.71597],[-9.14688,38.71584],[-9.14646,38.71523],[-9.14583,38.71523],[-9.1452,38.71525],[-9.14513,38.71521],[-9.14457,38.71472],[-9.14418,38.71521],[-9.14457,38.71554],[-9.14478,38.71584],[-9.14463,38.71648],[-9.14457,38.7165],[-9.14446,38.71648],[-9.14394,38.7163],[-9.14365,38.71648],[-9.14394,38.71677],[-9.14403,38.71711],[-9.14394,38.71721],[-9.14353,38.71711],[-9.14331,38.71688],[-9.14268,38.71688],[-9.14236,38.71711],[-9.14205,38.71721],[-9.14142,38.71761],[-9.14138,38.71774],[-9.14123,38.71837],[-9.14142,38.71897],[-9.14205,38.71886],[-9.14223,38.719],[-9.14256,38.71963],[-9.14268,38.71981],[-9.14331,38.71981],[-9.14376,38.72026],[-9.14376,38.72089],[-9.14394,38.72104],[-9.14411,38.72089],[-9.14411,38.72026],[-9.14457,38.71971],[-9.14499,38.72026],[-9.14499,38.72089],[-9.1452,38.72106],[-9.1455,38.72152],[-9.14537,38.72215],[-9.14583,38.72243],[-9.14646,38.72243],[-9.14709,38.72233],[-9.14772,38.7226],[-9.14791,38.72278],[-9.14835,38.72334],[-9.14898,38.72334],[-9.14912,38.72341],[-9.14962,38.724],[-9.14971,38.72404],[-9.15025,38.72415],[-9.15035,38.72404],[-9.15088,38.7237],[-9.15122,38.72341],[-9.15089,38.72278],[-9.15133,38.72215],[-9.15088,38.72187],[-9.15028,38.72152],[-9.15088,38.72112],[-9.15111,38.72089],[-9.15111,38.72026],[-9.15088,38.71979],[-9.15025,38.71989],[-9.15015,38.71963],[-9.15025,38.71954],[-9.15068,38.719],[-9.15088,38.71856],[-9.15095,38.71837],[-9.15104,38.71774],[-9.15088,38.71747],[-9.1507,38.71711],[-9.15058,38.71648],[-9.15025,38.71632],[-9.14962,38.71602],[-9.14898,38.71601],[-9.14835,38.71601]],[[-9.14772,38.72535],[-9.14835,38.72536],[-9.14898,38.72536],[-9.14962,38.72536],[-9.14969,38.72531],[-9.14962,38.72526],[-9.149,38.72468],[-9.14898,38.72436],[-9.14835,38.72436],[-9.1482,38.72404],[-9.14772,38.72396],[-9.14757,38.72404],[-9.14771,38.72468],[-9.14766,38.72531],[-9.14772,38.72535]],[[-9.14913,38.7272],[-9.14913,38.72657],[-9.14898,38.7265],[-9.14835,38.7265],[-9.14808,38.72657],[-9.14808,38.7272],[-9.14835,38.72738],[-9.14898,38.72738],[-9.14913,38.7272]],[[-9.14709,38.7264],[-9.14665,38.72657],[-9.14665,38.7272],[-9.14709,38.72757],[-9.14753,38.72783],[-9.14772,38.72796],[-9.14794,38.72783],[-9.14772,38.72751],[-9.14758,38.7272],[-9.14758,38.72657],[-9.14709,38.7264]],[[-9.14474,38.73603],[-9.14457,38.73591],[-9.14394,38.73594],[-9.14379,38.73603],[-9.14394,38.7362],[-9.14457,38.73625],[-9.14474,38.73603]],[[-9.14268,38.73247],[-9.14244,38.73287],[-9.14244,38.73351],[-9.14215,38.73414],[-9.14268,38.73417],[-9.14331,38.73417],[-9.14335,38.73414],[-9.14352,38.73351],[-9.14352,38.73287],[-9.14331,38.73247],[-9.14268,38.73247]],[[-9.14157,38.73666],[-9.14205,38.73649],[-9.14238,38.73603],[-9.14205,38.7356],[-9.14142,38.7357],[-9.14112,38.7354],[-9.14079,38.73522],[-9.14037,38.7354],[-9.14069,38.73603],[-9.14079,38.73655],[-9.14102,38.73666],[-9.14142,38.73676],[-9.14157,38.73666]],[[-9.14024,38.73477],[-9.14037,38.73414],[-9.14015,38.73367],[-9.13952,38.73367],[-9.139,38.73414],[-9.13942,38.73477],[-9.13952,38.73505],[-9.14015,38.73505],[-9.14024,38.73477]],[[-9.13768,38.73224],[-9.13763,38.73217],[-9.137,38.73217],[-9.13695,38.73224],[-9.137,38.73229],[-9.13763,38.73229],[-9.13768,38.73224]],[[-9.13457,38.73224],[-9.13448,38.73169],[-9.13385,38.73169],[-9.13378,38.73224],[-9.13385,38.73237],[-9.13448,38.73237],[-9.13457,38.73224]],[[-9.13366,38.73098],[-9.13322,38.73085],[-9.13259,38.7307],[-9.13205,38.73098],[-9.13259,38.73137],[-9.13322,38.73137],[-9.13366,38.73098]],[[-9.15686,38.72341],[-9.15655,38.72315],[-9.15633,38.72341],[-9.15655,38.72368],[-9.15686,38.72341]],[[-9.15598,38.72404],[-9.15592,38.724],[-9.15586,38.72404],[-9.15592,38.72409],[-9.15598,38.72404]],[[-9.15467,38.72215],[-9.15466,38.72213],[-9.15403,38.72213],[-9.1534,38.72214],[-9.15338,38.72215],[-9.1534,38.72217],[-9.15403,38.72217],[-9.15466,38.72217],[-9.15467,38.72215]],[[-9.151,38.71458],[-9.15088,38.71436],[-9.15073,38.71458],[-9.15088,38.71473],[-9.151,38.71458]],[[-9.1498,38.71269],[-9.14962,38.71255],[-9.14938,38.71269],[-9.14962,38.7128],[-9.1498,38.71269]],[[-9.14367,38.71332],[-9.14349,38.71269],[-9.14331,38.7124],[-9.14268,38.7124],[-9.14234,38.71206],[-9.14205,38.71182],[-9.14187,38.71206],[-9.14205,38.71252],[-9.14222,38.71269],[-9.14221,38.71332],[-9.14268,38.71361],[-9.14331,38.71361],[-9.14367,38.71332]],[[-9.14205,38.71584],[-9.14205,38.71583],[-9.14142,38.71566],[-9.14116,38.71584],[-9.14142,38.71609],[-9.14205,38.71586],[-9.14205,38.71584]],[[-9.14991,38.72468],[-9.14962,38.72459],[-9.14954,38.72468],[-9.14962,38.72475],[-9.14991,38.72468]],[[-9.14205,38.72251],[-9.14268,38.72243],[-9.14331,38.72243],[-9.1435,38.72278],[-9.14394,38.7231],[-9.14457,38.72302],[-9.14504,38.72341],[-9.14476,38.72404],[-9.14457,38.72423],[-9.14435,38.72404],[-9.14394,38.72388],[-9.14331,38.72379],[-9.14268,38.72379],[-9.14252,38.72404],[-9.14268,38.72414],[-9.14331,38.72414],[-9.14362,38.72468],[-9.14394,38.72504],[-9.14434,38.72531],[-9.14457,38.72554],[-9.1452,38.72556],[-9.14583,38.72567],[-9.14646,38.72567],[-9.14669,38.72594],[-9.14709,38.72611],[-9.14772,38.72619],[-9.14835,38.72598],[-9.14898,38.72598],[-9.14927,38.72594],[-9.14898,38.72589],[-9.14835,38.72589],[-9.14772,38.72572],[-9.14711,38.72531],[-9.14722,38.72468],[-9.14709,38.7245],[-9.14646,38.7245],[-9.14583,38.7245],[-9.14551,38.72404],[-9.14583,38.72361],[-9.14646,38.72361],[-9.14667,38.72341],[-9.14646,38.72326],[-9.14583,38.72326],[-9.14533,38.72278],[-9.1452,38.72269],[-9.14457,38.72255],[-9.14433,38.72215],[-9.14394,38.72179],[-9.14331,38.72194],[-9.14268,38.72194],[-9.14205,38.72178],[-9.14165,38.72215],[-9.14205,38.72251]],[[-9.14406,38.73224],[-9.14394,38.73215],[-9.14378,38.73224],[-9.14394,38.7323],[-9.14406,38.73224]],[[-9.14079,38.72733],[-9.14068,38.7272],[-9.14068,38.72657],[-9.14056,38.72594],[-9.14035,38.72531],[-9.1406,38.72468],[-9.14079,38.72443],[-9.14102,38.72404],[-9.14079,38.72366],[-9.14019,38.72341],[-9.14015,38.72341],[-9.13952,38.72341],[-9.13889,38.72331],[-9.13842,38.72341],[-9.13826,38.72373],[-9.13763,38.72386],[-9.137,38.72386],[-9.13674,38.72404],[-9.13637,38.72445],[-9.1361,38.72404],[-9.13574,38.72382],[-9.13555,38.72404],[-9.13574,38.72458],[-9.13593,38.72468],[-9.13574,38.72477],[-9.13566,38.72468],[-9.13511,38.72446],[-9.1349,38.72468],[-9.13478,38.72531],[-9.13511,38.72577],[-9.13531,38.72594],[-9.13545,38.72657],[-9.13545,38.7272],[-9.13574,38.7275],[-9.13637,38.72747],[-9.13678,38.7272],[-9.13678,38.72657],[-9.137,38.7262],[-9.13763,38.7262],[-9.13795,38.72657],[-9.13795,38.7272],[-9.13798,38.72783],[-9.13826,38.72837],[-9.13832,38.72846],[-9.13826,38.72874],[-9.13817,38.72909],[-9.13822,38.72972],[-9.13826,38.72996],[-9.13852,38.72972],[-9.13889,38.72951],[-9.13919,38.72972],[-9.13952,38.72993],[-9.14015,38.72993],[-9.14079,38.73014],[-9.14121,38.73035],[-9.14116,38.73098],[-9.14079,38.7314],[-9.14038,38.73161],[-9.14079,38.7318],[-9.14142,38.73172],[-9.14154,38.73161],[-9.14169,38.73098],[-9.1416,38.73035],[-9.14205,38.73001],[-9.14268,38.73],[-9.14331,38.73],[-9.14364,38.73035],[-9.14394,38.73069],[-9.14445,38.73035],[-9.14394,38.72974],[-9.14392,38.72972],[-9.14331,38.72955],[-9.14268,38.72955],[-9.14205,38.72954],[-9.14155,38.72909],[-9.14182,38.72846],[-9.14142,38.72804],[-9.14127,38.72783],[-9.14142,38.72753],[-9.14177,38.7272],[-9.14177,38.72657],[-9.14142,38.7264],[-9.14107,38.72657],[-9.14107,38.7272],[-9.14079,38.72733]],[[-9.13795,38.73098],[-9.13787,38.73035],[-9.13773,38.72972],[-9.13763,38.72953],[-9.137,38.72953],[-9.13637,38.72948],[-9.13616,38.72972],[-9.13637,38.72995],[-9.13667,38.73035],[-9.13644,38.73098],[-9.137,38.73132],[-9.13763,38.73132],[-9.13795,38.73098]],[[-9.1534,38.7193],[-9.15324,38.71963],[-9.15338,38.72026],[-9.15338,38.72089],[-9.1534,38.72091],[-9.15403,38.72129],[-9.15466,38.72129],[-9.15509,38.72152],[-9.15529,38.72166],[-9.1554,38.72152],[-9.15592,38.72116],[-9.15622,38.72152],[-9.15592,38.72197],[-9.15568,38.72215],[-9.15592,38.72247],[-9.15655,38.72239],[-9.15672,38.72215],[-9.15687,38.72152],[-9.15688,38.72089],[-9.15705,38.72026],[-9.15718,38.72002],[-9.15782,38.72002],[-9.15832,38.72026],[-9.15843,38.72089],[-9.15845,38.72095],[-9.15876,38.72089],[-9.15858,38.72026],[-9.15858,38.71963],[-9.15845,38.71957],[-9.15783,38.719],[-9.15782,38.71899],[-9.15718,38.71899],[-9.15655,38.71884],[-9.15592,38.71874],[-9.15558,38.719],[-9.15529,38.71912],[-9.15469,38.719],[-9.15466,38.71898],[-9.15403,38.71898],[-9.154,38.719],[-9.1534,38.7193]],[[-9.15096,38.71269],[-9.15088,38.7123],[-9.15076,38.71269],[-9.15088,38.71275],[-9.15096,38.71269]],[[-9.14184,38.71332],[-9.14142,38.71272],[-9.14125,38.71332],[-9.14142,38.71353],[-9.14184,38.71332]],[[-9.14422,38.72909],[-9.14442,38.72846],[-9.14394,38.72821],[-9.14357,38.72846],[-9.14378,38.72909],[-9.14394,38.7297],[-9.14422,38.72909]],[[-9.14152,38.72531],[-9.1415,38.72468],[-9.14142,38.72458],[-9.14122,38.72468],[-9.14136,38.72531],[-9.14142,38.72536],[-9.14152,38.72531]],[[-9.14084,38.71963],[-9.14079,38.71959],[-9.14076,38.71963],[-9.14079,38.71967],[-9.14084,38.71963]],[[-9.14043,38.72152],[-9.14047,38.72089],[-9.14047,38.72026],[-9.1402,38.71963],[-9.14015,38.71956],[-9.13952,38.71956],[-9.13937,38.71963],[-9.13916,38.72026],[-9.13916,38.72089],[-9.13938,38.72152],[-9.13952,38.72164],[-9.14015,38.72164],[-9.14043,38.72152]],[[-9.13832,38.72278],[-9.13826,38.72271],[-9.13813,38.72278],[-9.13826,38.72315],[-9.13832,38.72278]],[[-9.13782,38.72215],[-9.13763,38.72189],[-9.137,38.72189],[-9.13661,38.72215],[-9.137,38.72243],[-9.13763,38.72243],[-9.13782,38.72215]],[[-9.13661,38.72278],[-9.13637,38.72243],[-9.13614,38.72278],[-9.13637,38.72301],[-9.13661,38.72278]],[[-9.15139,38.71648],[-9.15137,38.71711],[-9.15151,38.71758],[-9.15214,38.71758],[-9.15277,38.71751],[-9.1534,38.71756],[-9.15345,38.71774],[-9.15403,38.71811],[-9.15456,38.71774],[-9.15466,38.71716],[-9.15529,38.71716],[-9.15531,38.71711],[-9.15542,38.71648],[-9.15574,38.71584],[-9.15529,38.71562],[-9.15466,38.71562],[-9.1542,38.71584],[-9.15422,38.71648],[-9.15464,38.71711],[-9.15403,38.71732],[-9.1536,38.71711],[-9.15399,38.71648],[-9.1534,38.71617],[-9.15293,38.71584],[-9.15277,38.7157],[-9.15264,38.71584],[-9.15277,38.71632],[-9.15284,38.71648],[-9.15277,38.7167],[-9.15264,38.71648],[-9.15214,38.71632],[-9.15151,38.71632],[-9.15139,38.71648]],[[-9.15404,38.71143],[-9.15403,38.71142],[-9.15402,38.71143],[-9.15403,38.71145],[-9.15404,38.71143]],[[-9.15373,38.71206],[-9.1534,38.71186],[-9.15312,38.71206],[-9.1534,38.71242],[-9.15373,38.71206]],[[-9.15219,38.71458],[-9.15214,38.71454],[-9.15151,38.71454],[-9.15149,38.71458],[-9.15151,38.7146],[-9.15214,38.7146],[-9.15219,38.71458]],[[-9.15414,38.71017],[-9.15403,38.71002],[-9.1539,38.71017],[-9.15403,38.71038],[-9.15414,38.71017]],[[-9.15236,38.71143],[-9.15214,38.71113],[-9.15151,38.71113],[-9.15125,38.71143],[-9.15151,38.71195],[-9.15214,38.71195],[-9.15236,38.71143]]],[[[-9.14348,38.74675],[-9.14331,38.74692],[-9.14268,38.74692],[-9.14205,38.74681],[-9.14198,38.74675],[-9.14205,38.7467],[-9.14268,38.7467],[-9.14331,38.7467],[-9.14348,38.74675]]],[[[-9.13537,38.74864],[-9.13568,38.74801],[-9.13574,38.74799],[-9.13621,38.74801],[-9.13611,38.74864],[-9.13574,38.74917],[-9.13537,38.74864]]],[[[-9.12754,38.74877],[-9.12691,38.74879],[-9.12668,38.74864],[-9.12691,38.74852],[-9.12754,38.74857],[-9.12759,38.74864],[-9.12754,38.74877]]],[[[-9.13768,38.7499],[-9.13763,38.75],[-9.13747,38.7499],[-9.13762,38.74927],[-9.13763,38.74927],[-9.13765,38.74927],[-9.13768,38.7499]]],[[[-9.13574,38.74937],[-9.13601,38.7499],[-9.13637,38.75045],[-9.137,38.75045],[-9.13705,38.75054],[-9.137,38.75062],[-9.13637,38.75062],[-9.13574,38.75059],[-9.13554,38.75054],[-9.13549,38.7499],[-9.13574,38.74937]]],[[[-9.14772,38.75085],[-9.14709,38.75069],[-9.14704,38.75054],[-9.14709,38.7505],[-9.14772,38.75009],[-9.14805,38.75054],[-9.14772,38.75085]]],[[[-9.14632,38.75369],[-9.14583,38.75324],[-9.1452,38.75324],[-9.1447,38.75306],[-9.1447,38.75243],[-9.1447,38.7518],[-9.14457,38.75173],[-9.14445,38.7518],[-9.14445,38.75243],[-9.14429,38.75306],[-9.14394,38.75329],[-9.14385,38.75306],[-9.14331,38.75264],[-9.14268,38.75264],[-9.14245,38.75243],[-9.14245,38.7518],[-9.1421,38.75117],[-9.14205,38.75107],[-9.14151,38.75054],[-9.14185,38.7499],[-9.14205,38.74977],[-9.14224,38.7499],[-9.14268,38.75023],[-9.14331,38.75023],[-9.14394,38.75003],[-9.14457,38.75031],[-9.14467,38.7499],[-9.14459,38.74927],[-9.14457,38.74924],[-9.14443,38.74927],[-9.14394,38.74956],[-9.14331,38.74939],[-9.14268,38.74939],[-9.1426,38.74927],[-9.14236,38.74864],[-9.14268,38.74853],[-9.14331,38.74853],[-9.14383,38.74801],[-9.14394,38.74786],[-9.14457,38.74782],[-9.14486,38.74801],[-9.14508,38.74864],[-9.1452,38.74871],[-9.14583,38.74871],[-9.14646,38.749],[-9.14709,38.7487],[-9.14729,38.74864],[-9.14772,38.74854],[-9.14791,38.74864],[-9.14835,38.74893],[-9.14898,38.74893],[-9.14962,38.74891],[-9.15025,38.74926],[-9.15088,38.74907],[-9.15151,38.74915],[-9.15214,38.74915],[-9.15226,38.74927],[-9.15214,38.7495],[-9.15151,38.74946],[-9.15088,38.74951],[-9.15076,38.7499],[-9.15088,38.7503],[-9.15151,38.7503],[-9.15163,38.75054],[-9.15151,38.75072],[-9.15088,38.75072],[-9.15062,38.75117],[-9.15088,38.75161],[-9.15151,38.75161],[-9.15171,38.7518],[-9.15171,38.75243],[-9.15214,38.75273],[-9.15243,38.75306],[-9.15214,38.75346],[-9.15197,38.75369],[-9.15214,38.75385],[-9.15277,38.75386],[-9.15315,38.75432],[-9.15311,38.75495],[-9.1534,38.75512],[-9.15403,38.75539],[-9.15466,38.75539],[-9.15507,38.75558],[-9.15508,38.75621],[-9.15529,38.75652],[-9.15547,38.75684],[-9.15546,38.75747],[-9.15529,38.75769],[-9.15484,38.75747],[-9.15466,38.75731],[-9.15403,38.75731],[-9.15367,38.75684],[-9.1534,38.75673],[-9.15277,38.75641],[-9.15254,38.75621],[-9.15256,38.75558],[-9.15227,38.75495],[-9.15214,38.75486],[-9.15151,38.75436],[-9.15088,38.75436],[-9.15025,38.75442],[-9.14962,38.75477],[-9.14902,38.75432],[-9.14898,38.75427],[-9.14835,38.75427],[-9.14828,38.75432],[-9.14772,38.75463],[-9.14709,38.75461],[-9.14646,38.7544],[-9.14635,38.75432],[-9.14632,38.75369]],[[-9.15025,38.75319],[-9.15032,38.75306],[-9.15033,38.75243],[-9.15033,38.7518],[-9.15025,38.75163],[-9.14962,38.75166],[-9.14946,38.7518],[-9.14962,38.75237],[-9.14966,38.75243],[-9.14962,38.75245],[-9.14928,38.75306],[-9.14962,38.75329],[-9.15025,38.75319]],[[-9.14646,38.75122],[-9.14709,38.75164],[-9.14772,38.75176],[-9.14835,38.75153],[-9.14898,38.75153],[-9.14931,38.75117],[-9.14962,38.75089],[-9.15001,38.75054],[-9.15025,38.75026],[-9.15039,38.7499],[-9.15025,38.74973],[-9.14962,38.74963],[-9.14916,38.7499],[-9.14898,38.75005],[-9.14835,38.75005],[-9.1481,38.7499],[-9.14772,38.7496],[-9.14731,38.74927],[-9.14709,38.74922],[-9.14702,38.74927],[-9.14646,38.74988],[-9.14641,38.7499],[-9.14583,38.75012],[-9.1452,38.75012],[-9.14495,38.75054],[-9.14511,38.75117],[-9.1452,38.75122],[-9.14583,38.75122],[-9.14646,38.75122]],[[-9.14709,38.75309],[-9.14749,38.75306],[-9.14709,38.75253],[-9.14706,38.75306],[-9.14709,38.75309]]],[[[-9.12968,38.7518],[-9.12943,38.75124],[-9.12941,38.75117],[-9.12943,38.75099],[-9.12955,38.75054],[-9.13006,38.7502],[-9.13051,38.75054],[-9.13069,38.75071],[-9.13132,38.75071],[-9.13196,38.75079],[-9.13224,38.75054],[-9.13259,38.75034],[-9.13322,38.74995],[-9.13329,38.7499],[-9.13322,38.74981],[-9.13293,38.74927],[-9.13322,38.74913],[-9.13385,38.74922],[-9.13448,38.74922],[-9.13452,38.74927],[-9.13468,38.7499],[-9.13448,38.75024],[-9.13385,38.75024],[-9.13362,38.75054],[-9.13385,38.75108],[-9.13448,38.75108],[-9.13452,38.75117],[-9.13448,38.75125],[-9.13385,38.75125],[-9.13322,38.75143],[-9.1329,38.7518],[-9.1329,38.75243],[-9.13314,38.75306],[-9.13322,38.75314],[-9.13337,38.75306],[-9.13385,38.75262],[-9.13448,38.75262],[-9.13484,38.75306],[-9.13511,38.75362],[-9.13574,38.75347],[-9.13607,38.75306],[-9.13637,38.75279],[-9.137,38.75279],[-9.13744,38.75306],[-9.1372,38.75369],[-9.13763,38.75426],[-9.13771,38.75432],[-9.13826,38.75466],[-9.1385,38.75495],[-9.13865,38.75558],[-9.13889,38.75578],[-9.1393,38.75558],[-9.13952,38.75553],[-9.14015,38.75553],[-9.14019,38.75558],[-9.14015,38.75578],[-9.13952,38.75578],[-9.13931,38.75621],[-9.13952,38.75661],[-9.14015,38.75661],[-9.14024,38.75684],[-9.14015,38.75695],[-9.13952,38.75695],[-9.13889,38.75689],[-9.13826,38.757],[-9.13763,38.75705],[-9.1374,38.75684],[-9.13763,38.75634],[-9.13826,38.75667],[-9.13851,38.75621],[-9.13826,38.75591],[-9.13779,38.75558],[-9.13763,38.75554],[-9.13752,38.75558],[-9.137,38.75592],[-9.13637,38.75592],[-9.13574,38.75601],[-9.13542,38.75621],[-9.13511,38.75657],[-9.13491,38.75684],[-9.13465,38.75747],[-9.13481,38.7581],[-9.13499,38.75873],[-9.13499,38.75937],[-9.13448,38.75995],[-9.13385,38.75995],[-9.1338,38.76],[-9.13322,38.76037],[-9.1328,38.76063],[-9.13259,38.76083],[-9.1321,38.76063],[-9.13196,38.76054],[-9.13132,38.76057],[-9.13069,38.76057],[-9.13006,38.76041],[-9.12989,38.76],[-9.13006,38.75971],[-9.13026,38.75937],[-9.13026,38.75873],[-9.13006,38.75852],[-9.12953,38.7581],[-9.12975,38.75747],[-9.12965,38.75684],[-9.12967,38.75621],[-9.13006,38.75579],[-9.13027,38.75558],[-9.13042,38.75495],[-9.13016,38.75432],[-9.13023,38.75369],[-9.13006,38.75349],[-9.12959,38.75306],[-9.12973,38.75243],[-9.12968,38.7518]],[[-9.13342,38.7581],[-9.13322,38.75791],[-9.13285,38.75747],[-9.13259,38.75723],[-9.13196,38.75707],[-9.13147,38.75684],[-9.13132,38.75671],[-9.13069,38.75671],[-9.13056,38.75684],[-9.13066,38.75747],[-9.13069,38.75779],[-9.13132,38.75779],[-9.13139,38.7581],[-9.13196,38.75861],[-9.1321,38.75873],[-9.1321,38.75937],[-9.13259,38.7598],[-9.13301,38.75937],[-9.13301,38.75873],[-9.13322,38.75852],[-9.13342,38.7581]],[[-9.13574,38.75515],[-9.13637,38.75496],[-9.137,38.75496],[-9.13708,38.75495],[-9.137,38.75494],[-9.13637,38.75494],[-9.13574,38.75472],[-9.13511,38.75468],[-9.13448,38.75461],[-9.13385,38.75461],[-9.13322,38.75481],[-9.1331,38.75432],[-9.13259,38.75378],[-9.13229,38.75369],[-9.13259,38.75306],[-9.13196,38.75287],[-9.1315,38.75306],[-9.13175,38.75369],[-9.13176,38.75432],[-9.13196,38.75459],[-9.1324,38.75495],[-9.13259,38.75529],[-9.13322,38.75502],[-9.13385,38.75532],[-9.13448,38.75532],[-9.13511,38.75519],[-9.13574,38.75515]],[[-9.13196,38.75626],[-9.13201,38.75621],[-9.13196,38.75613],[-9.1319,38.75621],[-9.13196,38.75626]]],[[[-9.137,38.75722],[-9.13723,38.75747],[-9.137,38.75782],[-9.13637,38.75782],[-9.13618,38.75747],[-9.13637,38.75722],[-9.137,38.75722]]],[[[-9.13889,38.75812],[-9.13883,38.7581],[-9.13889,38.75805],[-9.13893,38.7581],[-9.13889,38.75812]]],[[[-9.14331,38.75884],[-9.14268,38.75884],[-9.14254,38.75873],[-9.14254,38.7581],[-9.14268,38.75803],[-9.14331,38.75803],[-9.14344,38.7581],[-9.14344,38.75873],[-9.14331,38.75884]]],[[[-9.13328,38.76126],[-9.13322,38.76131],[-9.1331,38.76126],[-9.13322,38.76113],[-9.13328,38.76126]]],[[[-9.1535,38.77703],[-9.1534,38.77736],[-9.15291,38.77766],[-9.15291,38.77829],[-9.15305,38.77892],[-9.15277,38.77915],[-9.15214,38.77909],[-9.15157,38.77892],[-9.15214,38.77863],[-9.15269,38.77829],[-9.15269,38.77766],[-9.15271,38.77703],[-9.15277,38.777],[-9.1534,38.77691],[-9.1535,38.77703]]],[[[-9.14835,38.7934],[-9.14841,38.79342],[-9.14835,38.79345],[-9.14772,38.79345],[-9.1477,38.79342],[-9.14772,38.7934],[-9.14835,38.7934]]],[[[-9.15218,38.79469],[-9.15218,38.79492],[-9.15209,38.79497],[-9.15209,38.79469],[-9.15214,38.79463],[-9.15218,38.79469]]],[[[-9.14989,38.79585],[-9.14966,38.79555],[-9.14966,38.79532],[-9.14962,38.79528],[-9.14942,38.79469],[-9.14962,38.79429],[-9.15025,38.79433],[-9.15047,38.79469],[-9.15088,38.79496],[-9.15123,38.79532],[-9.15123,38.7956],[-9.15113,38.79569],[-9.14989,38.79585]]],[[[-9.12565,38.70978],[-9.12628,38.70963],[-9.12642,38.70954],[-9.1265,38.70891],[-9.12691,38.70891],[-9.12754,38.70828],[-9.12812,38.70828],[-9.12812,38.70891],[-9.12754,38.70917],[-9.12691,38.70912],[-9.12676,38.70954],[-9.12628,38.70984],[-9.12575,38.71017],[-9.12565,38.71024],[-9.12502,38.71024],[-9.12495,38.71024],[-9.12502,38.71017],[-9.12541,38.70978],[-9.12565,38.70978]]],[[[-9.11997,38.71496],[-9.1206,38.71496],[-9.12092,38.71458],[-9.1206,38.71426],[-9.12029,38.71426],[-9.12046,38.71409],[-9.1206,38.71409],[-9.1211,38.71458],[-9.1206,38.71517],[-9.11997,38.71517],[-9.11997,38.71496]]],[[[-9.11871,38.71655],[-9.11808,38.71711],[-9.11745,38.71711],[-9.11808,38.71648],[-9.11871,38.71584],[-9.11893,38.71584],[-9.1188,38.71648],[-9.11871,38.71655]]],[[[-9.12367,38.72089],[-9.12367,38.72026],[-9.12376,38.72014],[-9.12388,38.72026],[-9.12388,38.72089],[-9.12376,38.72128],[-9.12367,38.72089]]],[[[-9.12502,38.72156],[-9.12492,38.72152],[-9.12502,38.72146],[-9.12565,38.72146],[-9.1257,38.72152],[-9.12565,38.72156],[-9.12502,38.72156]]],[[[-9.11114,38.72359],[-9.11051,38.72359],[-9.11034,38.72359],[-9.11051,38.72341],[-9.11091,38.72302],[-9.11114,38.72302],[-9.11177,38.72283],[-9.11183,38.72278],[-9.1124,38.72237],[-9.11264,38.72215],[-9.1124,38.72155],[-9.11237,38.72155],[-9.1124,38.72152],[-9.11264,38.72128],[-9.11303,38.72128],[-9.11319,38.72152],[-9.11303,38.72192],[-9.11289,38.72215],[-9.1124,38.7226],[-9.11214,38.72278],[-9.11177,38.72311],[-9.11139,38.72341],[-9.11114,38.72359]]],[[[-9.12628,38.72356],[-9.12607,38.72341],[-9.12565,38.72293],[-9.12502,38.72293],[-9.12483,38.72278],[-9.12502,38.72271],[-9.12565,38.72271],[-9.12628,38.7222],[-9.12678,38.72278],[-9.12691,38.72297],[-9.1271,38.72341],[-9.12691,38.72366],[-9.12628,38.72356]]],[[[-9.10558,38.73035],[-9.10546,38.73057],[-9.10483,38.73057],[-9.10461,38.73057],[-9.10483,38.73035],[-9.10483,38.73009],[-9.10546,38.73009],[-9.10561,38.72972],[-9.10565,38.72909],[-9.10582,38.72846],[-9.1058,38.72783],[-9.1061,38.72741],[-9.10639,38.7272],[-9.1061,38.72691],[-9.10576,38.72691],[-9.1061,38.72657],[-9.10612,38.72654],[-9.10673,38.72654],[-9.10674,38.72657],[-9.10674,38.7272],[-9.10673,38.72722],[-9.1061,38.72766],[-9.10598,38.72783],[-9.10608,38.72846],[-9.10585,38.72909],[-9.10583,38.72972],[-9.10558,38.73035]]],[[[-9.12565,38.72897],[-9.12588,38.72909],[-9.12565,38.72944],[-9.12502,38.72944],[-9.12474,38.72909],[-9.12502,38.72897],[-9.12565,38.72897]]],[[[-9.10357,38.73183],[-9.10357,38.73161],[-9.10389,38.73129],[-9.1042,38.73129],[-9.10441,38.73161],[-9.1042,38.73183],[-9.10357,38.73183]]],[[[-9.10231,38.73361],[-9.10231,38.73351],[-9.10252,38.7333],[-9.10294,38.7333],[-9.10301,38.73351],[-9.10294,38.73361],[-9.10231,38.73361]]],[[[-9.10168,38.73634],[-9.10231,38.73634],[-9.10249,38.73603],[-9.10279,38.7354],[-9.10276,38.73477],[-9.10231,38.73432],[-9.10212,38.73432],[-9.10222,38.73423],[-9.10231,38.73423],[-9.10286,38.73477],[-9.10294,38.73527],[-9.10303,38.7354],[-9.10294,38.73546],[-9.10264,38.73603],[-9.10231,38.73661],[-9.10168,38.73661],[-9.10105,38.73661],[-9.10105,38.73634],[-9.10168,38.73634]]],[[[-9.12249,38.74101],[-9.12257,38.74107],[-9.12249,38.74129],[-9.12186,38.74129],[-9.12176,38.74107],[-9.12186,38.74101],[-9.12249,38.74101]]],[[[-9.09916,38.74136],[-9.09979,38.74136],[-9.10009,38.74107],[-9.10035,38.74044],[-9.10036,38.73981],[-9.10042,38.73961],[-9.10105,38.73929],[-9.1011,38.73918],[-9.10105,38.73911],[-9.10072,38.73855],[-9.10042,38.73822],[-9.10011,38.73822],[-9.10027,38.73807],[-9.10042,38.73807],[-9.10087,38.73855],[-9.10105,38.73886],[-9.10126,38.73918],[-9.10105,38.73968],[-9.10086,38.73981],[-9.10086,38.74044],[-9.10042,38.74079],[-9.10028,38.74107],[-9.09979,38.74155],[-9.09916,38.74155],[-9.09895,38.7417],[-9.09853,38.74225],[-9.09848,38.74234],[-9.09853,38.74274],[-9.09886,38.74297],[-9.09916,38.74342],[-9.09979,38.74342],[-9.09982,38.7436],[-9.09979,38.74367],[-9.09916,38.74367],[-9.09877,38.74423],[-9.09887,38.74486],[-9.09853,38.74501],[-9.0982,38.74549],[-9.0979,38.74597],[-9.09783,38.74612],[-9.09783,38.74675],[-9.09749,38.74738],[-9.09727,38.74765],[-9.09704,38.74801],[-9.09701,38.74864],[-9.09691,38.74927],[-9.09663,38.74952],[-9.096,38.74952],[-9.09537,38.74952],[-9.09537,38.74927],[-9.09551,38.74913],[-9.096,38.74913],[-9.09663,38.74913],[-9.09676,38.74864],[-9.0968,38.74801],[-9.09717,38.74738],[-9.09727,38.7472],[-9.09751,38.74675],[-9.09751,38.74612],[-9.09783,38.74549],[-9.09789,38.74486],[-9.09779,38.74423],[-9.0979,38.74365],[-9.09794,38.7436],[-9.09828,38.74297],[-9.09829,38.74234],[-9.09853,38.74192],[-9.0987,38.7417],[-9.09916,38.74136]]],[[[-9.09555,38.7518],[-9.09537,38.75223],[-9.09474,38.75223],[-9.09474,38.7518],[-9.09474,38.75117],[-9.09537,38.75054],[-9.09537,38.75048],[-9.096,38.75048],[-9.09663,38.75048],[-9.09668,38.75054],[-9.09663,38.75058],[-9.096,38.75058],[-9.09554,38.75117],[-9.09555,38.7518]]],[[[-9.12262,38.75306],[-9.12283,38.75369],[-9.12269,38.75432],[-9.12249,38.75459],[-9.12186,38.75459],[-9.12175,38.75432],[-9.12123,38.75395],[-9.12106,38.75369],[-9.12123,38.75345],[-9.1218,38.75306],[-9.1218,38.75243],[-9.12186,38.75235],[-9.12249,38.75235],[-9.12262,38.75243],[-9.12262,38.75306]]],[[[-9.12376,38.75494],[-9.12377,38.75495],[-9.12376,38.75496],[-9.12313,38.75512],[-9.1228,38.75495],[-9.12313,38.7547],[-9.12376,38.75494]]],[[[-9.09474,38.76088],[-9.09461,38.76063],[-9.09454,38.76],[-9.09474,38.7595],[-9.09482,38.75937],[-9.09482,38.75873],[-9.09486,38.7581],[-9.09494,38.75747],[-9.09537,38.75694],[-9.09547,38.75684],[-9.09537,38.75666],[-9.09511,38.75621],[-9.09474,38.75574],[-9.09468,38.75558],[-9.09474,38.75532],[-9.09491,38.75495],[-9.09494,38.75432],[-9.09501,38.75369],[-9.09474,38.75342],[-9.09451,38.75306],[-9.09451,38.75266],[-9.09469,38.75248],[-9.09469,38.75306],[-9.09474,38.75314],[-9.09531,38.75369],[-9.09524,38.75432],[-9.09537,38.75463],[-9.096,38.75489],[-9.09663,38.75489],[-9.09669,38.75495],[-9.09663,38.75523],[-9.096,38.75523],[-9.0959,38.75558],[-9.096,38.75578],[-9.09663,38.75578],[-9.09706,38.75621],[-9.09727,38.75631],[-9.09752,38.75684],[-9.09727,38.75737],[-9.09717,38.75747],[-9.09684,38.7581],[-9.097,38.75873],[-9.097,38.75937],[-9.09695,38.76],[-9.09683,38.76063],[-9.09698,38.76126],[-9.09691,38.76189],[-9.09682,38.76252],[-9.09677,38.76315],[-9.09701,38.76378],[-9.09727,38.76419],[-9.09749,38.76441],[-9.0978,38.76504],[-9.0978,38.76567],[-9.0979,38.76574],[-9.0982,38.7663],[-9.0979,38.76654],[-9.0974,38.7663],[-9.09727,38.76612],[-9.09698,38.76567],[-9.09698,38.76504],[-9.09663,38.76477],[-9.096,38.76477],[-9.09586,38.76504],[-9.09586,38.76567],[-9.09548,38.7663],[-9.09537,38.76674],[-9.09474,38.76639],[-9.09465,38.76639],[-9.09474,38.7663],[-9.09474,38.76574],[-9.09537,38.76574],[-9.09542,38.76567],[-9.09542,38.76504],[-9.09579,38.76441],[-9.09569,38.76378],[-9.09555,38.76315],[-9.09553,38.76252],[-9.09537,38.76211],[-9.09529,38.76189],[-9.09517,38.76126],[-9.09474,38.76088]]],[[[-9.09755,38.76063],[-9.0979,38.76049],[-9.09815,38.76063],[-9.0979,38.76091],[-9.09755,38.76063]]],[[[-9.10862,38.76184],[-9.10871,38.76189],[-9.10862,38.76191],[-9.10861,38.76189],[-9.10862,38.76184]]],[[[-9.11549,38.76189],[-9.11556,38.76176],[-9.11582,38.76189],[-9.11556,38.7621],[-9.11549,38.76189]]],[[[-9.11619,38.76259],[-9.116,38.76252],[-9.11619,38.76228],[-9.11682,38.76228],[-9.11691,38.76252],[-9.11682,38.76259],[-9.11619,38.76259]]],[[[-9.10799,38.76378],[-9.108,38.76378],[-9.10799,38.76379],[-9.10736,38.76379],[-9.10735,38.76378],[-9.10736,38.76378],[-9.10799,38.76378]]],[[[-9.12376,38.76358],[-9.12379,38.76378],[-9.12376,38.76425],[-9.12369,38.76378],[-9.12376,38.76358]]],[[[-9.12082,38.76504],[-9.12082,38.76567],[-9.1206,38.76591],[-9.12012,38.76567],[-9.12012,38.76504],[-9.1206,38.76493],[-9.12082,38.76504]]],[[[-9.11366,38.77292],[-9.11417,38.77324],[-9.11429,38.77331],[-9.11438,38.77324],[-9.11439,38.77261],[-9.11482,38.77198],[-9.11482,38.77135],[-9.11483,38.77072],[-9.11429,38.77048],[-9.11366,38.77056],[-9.11303,38.77056],[-9.11291,38.77009],[-9.11298,38.76946],[-9.11277,38.76883],[-9.11303,38.76833],[-9.11366,38.76833],[-9.11375,38.7682],[-9.11366,38.76811],[-9.11303,38.76811],[-9.11269,38.76756],[-9.1124,38.76727],[-9.11189,38.76693],[-9.1124,38.76638],[-9.11268,38.7663],[-9.1124,38.76619],[-9.11177,38.76626],[-9.11114,38.766],[-9.11051,38.766],[-9.11029,38.76567],[-9.11026,38.76504],[-9.11039,38.76441],[-9.10988,38.7642],[-9.10925,38.76438],[-9.10917,38.76441],[-9.10862,38.765],[-9.10837,38.76441],[-9.10862,38.7642],[-9.10889,38.76378],[-9.10893,38.76315],[-9.10925,38.76263],[-9.10939,38.76252],[-9.10938,38.76189],[-9.10925,38.76155],[-9.10905,38.76126],[-9.10862,38.76078],[-9.10841,38.76063],[-9.10862,38.7604],[-9.10925,38.76056],[-9.10934,38.76063],[-9.10988,38.76114],[-9.11051,38.76101],[-9.11114,38.76101],[-9.11153,38.76126],[-9.11167,38.76189],[-9.11172,38.76252],[-9.11177,38.76262],[-9.11182,38.76252],[-9.1124,38.76213],[-9.11269,38.76252],[-9.11295,38.76315],[-9.11272,38.76378],[-9.11287,38.76441],[-9.11262,38.76504],[-9.11303,38.7656],[-9.11366,38.7656],[-9.11401,38.76504],[-9.11395,38.76441],[-9.11429,38.76418],[-9.11456,38.76441],[-9.11493,38.7646],[-9.11556,38.7646],[-9.11571,38.76441],[-9.11584,38.76378],[-9.11619,38.76361],[-9.11682,38.76361],[-9.11696,38.76378],[-9.11714,38.76441],[-9.11745,38.76471],[-9.11775,38.76504],[-9.11808,38.76549],[-9.11824,38.76567],[-9.11871,38.76596],[-9.11934,38.76585],[-9.11997,38.76585],[-9.12017,38.7663],[-9.12014,38.76693],[-9.12044,38.76756],[-9.12029,38.7682],[-9.1206,38.76849],[-9.12108,38.7682],[-9.12123,38.7681],[-9.12171,38.76756],[-9.12171,38.76693],[-9.12186,38.76672],[-9.12249,38.76672],[-9.12313,38.76674],[-9.12317,38.76693],[-9.12313,38.76703],[-9.12259,38.76756],[-9.12269,38.7682],[-9.12256,38.76883],[-9.12266,38.76946],[-9.12249,38.77001],[-9.12186,38.77001],[-9.12181,38.77009],[-9.12186,38.77017],[-9.12249,38.77017],[-9.12259,38.77072],[-9.12249,38.77083],[-9.12186,38.77083],[-9.12123,38.77101],[-9.121,38.77135],[-9.121,38.77198],[-9.1206,38.77226],[-9.11997,38.77249],[-9.11934,38.77249],[-9.11916,38.77261],[-9.11904,38.77324],[-9.11871,38.77355],[-9.11847,38.77387],[-9.11819,38.7745],[-9.11808,38.7746],[-9.11772,38.7745],[-9.11756,38.77387],[-9.11745,38.7738],[-9.11739,38.77387],[-9.11682,38.77441],[-9.11619,38.77441],[-9.11595,38.7745],[-9.1157,38.77513],[-9.11556,38.77539],[-9.11537,38.77513],[-9.11526,38.7745],[-9.11493,38.77421],[-9.11462,38.7745],[-9.11429,38.7748],[-9.11395,38.7745],[-9.11366,38.77419],[-9.11303,38.77419],[-9.1124,38.7743],[-9.11198,38.77387],[-9.11177,38.77358],[-9.11125,38.77324],[-9.11137,38.77261],[-9.11114,38.77218],[-9.11051,38.77218],[-9.11049,38.77198],[-9.11051,38.77191],[-9.11114,38.77191],[-9.11166,38.77135],[-9.11177,38.77094],[-9.11194,38.77135],[-9.11194,38.77198],[-9.1124,38.77223],[-9.11274,38.77261],[-9.11303,38.77292],[-9.11366,38.77292]],[[-9.11481,38.77009],[-9.11493,38.77052],[-9.1151,38.77009],[-9.11493,38.7699],[-9.11481,38.77009]],[[-9.11429,38.76883],[-9.11429,38.76884],[-9.11433,38.76883],[-9.11429,38.76882],[-9.11429,38.76883]],[[-9.11303,38.76649],[-9.11285,38.76693],[-9.11303,38.76711],[-9.11366,38.76711],[-9.11385,38.76693],[-9.11366,38.76649],[-9.11303,38.76649]],[[-9.11238,38.76252],[-9.1124,38.76257],[-9.11242,38.76252],[-9.1124,38.7625],[-9.11238,38.76252]],[[-9.11051,38.76364],[-9.1103,38.76378],[-9.11051,38.76429],[-9.11114,38.76429],[-9.1114,38.76378],[-9.11114,38.76364],[-9.11051,38.76364]],[[-9.12032,38.77009],[-9.1206,38.77034],[-9.12092,38.77009],[-9.1206,38.76982],[-9.12032,38.77009]],[[-9.11795,38.77324],[-9.11808,38.77342],[-9.11833,38.77324],[-9.11808,38.77297],[-9.11795,38.77324]],[[-9.11715,38.77261],[-9.11745,38.77286],[-9.11787,38.77261],[-9.11745,38.77203],[-9.11715,38.77261]],[[-9.11619,38.77066],[-9.11616,38.77072],[-9.11619,38.77074],[-9.11682,38.77074],[-9.11683,38.77072],[-9.11682,38.77066],[-9.11619,38.77066]],[[-9.11051,38.76271],[-9.11041,38.76315],[-9.11051,38.76318],[-9.11114,38.76318],[-9.11121,38.76315],[-9.11114,38.76271],[-9.11051,38.76271]],[[-9.11745,38.76832],[-9.11808,38.76837],[-9.1183,38.7682],[-9.11838,38.76756],[-9.11836,38.76693],[-9.11808,38.76659],[-9.11745,38.7663],[-9.117,38.76693],[-9.11682,38.76706],[-9.11619,38.76706],[-9.11556,38.76756],[-9.11619,38.7681],[-9.11682,38.7681],[-9.11717,38.7682],[-9.11745,38.76832]],[[-9.11493,38.76746],[-9.11481,38.76756],[-9.11493,38.76775],[-9.11556,38.76756],[-9.11493,38.76746]]],[[[-9.10038,38.77324],[-9.10042,38.77322],[-9.10044,38.77324],[-9.10042,38.77326],[-9.10038,38.77324]]],[[[-9.10954,38.77261],[-9.10988,38.77248],[-9.11037,38.77261],[-9.11046,38.77324],[-9.10988,38.77383],[-9.10972,38.77387],[-9.10925,38.7741],[-9.10862,38.77403],[-9.10843,38.77387],[-9.10845,38.77324],[-9.10861,38.77261],[-9.10862,38.7726],[-9.10864,38.77261],[-9.10925,38.77305],[-9.10954,38.77261]]],[[[-9.11303,38.77603],[-9.11287,38.77576],[-9.11303,38.77546],[-9.11366,38.77546],[-9.11401,38.77576],[-9.11366,38.77603],[-9.11303,38.77603]]],[[[-9.09462,38.7827],[-9.09474,38.78252],[-9.095,38.78207],[-9.09474,38.78154],[-9.09469,38.78144],[-9.09474,38.78141],[-9.09537,38.78139],[-9.09561,38.78144],[-9.096,38.7815],[-9.09663,38.7815],[-9.09668,38.78144],[-9.09663,38.78132],[-9.096,38.78132],[-9.09577,38.78081],[-9.096,38.78034],[-9.09663,38.78034],[-9.09669,38.78018],[-9.0967,38.77955],[-9.09663,38.77938],[-9.096,38.77938],[-9.09537,38.77917],[-9.09474,38.77909],[-9.09451,38.77892],[-9.09446,38.77829],[-9.09411,38.77784],[-9.09395,38.77766],[-9.0937,38.77703],[-9.09411,38.77659],[-9.09472,38.77703],[-9.09474,38.77705],[-9.09506,38.77703],[-9.09523,38.77639],[-9.09537,38.77588],[-9.09585,38.77576],[-9.09537,38.77569],[-9.09507,38.77513],[-9.09487,38.7745],[-9.09537,38.77419],[-9.09565,38.77387],[-9.09537,38.77352],[-9.09522,38.77324],[-9.09512,38.77261],[-9.09474,38.77205],[-9.09473,38.77198],[-9.09473,38.77135],[-9.09472,38.77072],[-9.09421,38.77009],[-9.09411,38.77],[-9.09377,38.77009],[-9.09348,38.77014],[-9.09285,38.77014],[-9.09277,38.77009],[-9.09285,38.76992],[-9.09348,38.76992],[-9.09366,38.76946],[-9.09348,38.76938],[-9.09285,38.76938],[-9.09222,38.76894],[-9.09159,38.76894],[-9.09159,38.76883],[-9.09159,38.7686],[-9.09222,38.7686],[-9.09239,38.7682],[-9.09257,38.76756],[-9.09257,38.76693],[-9.09283,38.76693],[-9.09283,38.76756],[-9.09285,38.76797],[-9.09348,38.76797],[-9.0935,38.7682],[-9.09348,38.76822],[-9.09285,38.76822],[-9.09247,38.76883],[-9.09285,38.76913],[-9.09348,38.76913],[-9.09411,38.76935],[-9.09474,38.76923],[-9.09537,38.76922],[-9.09589,38.76883],[-9.09587,38.7682],[-9.096,38.76804],[-9.09663,38.76804],[-9.09688,38.7682],[-9.09727,38.76849],[-9.0979,38.76851],[-9.09804,38.76883],[-9.09811,38.76946],[-9.09822,38.77009],[-9.09794,38.77072],[-9.09808,38.77135],[-9.09808,38.77198],[-9.09853,38.77259],[-9.09916,38.77259],[-9.09919,38.77261],[-9.09916,38.77263],[-9.09853,38.77263],[-9.0979,38.77304],[-9.09762,38.77324],[-9.09764,38.77387],[-9.09763,38.7745],[-9.09736,38.77513],[-9.09727,38.7752],[-9.09707,38.77576],[-9.0971,38.77639],[-9.09727,38.77657],[-9.0979,38.77689],[-9.09804,38.77703],[-9.09824,38.77766],[-9.09824,38.77829],[-9.09853,38.77869],[-9.09916,38.77869],[-9.09964,38.77869],[-9.09974,38.77935],[-9.09963,38.77955],[-9.09969,38.78018],[-9.09958,38.78081],[-9.09916,38.78111],[-9.09853,38.78111],[-9.09826,38.78144],[-9.0979,38.78188],[-9.09727,38.78184],[-9.09708,38.78207],[-9.09709,38.7827],[-9.09692,38.78333],[-9.09663,38.78368],[-9.096,38.78368],[-9.0956,38.78396],[-9.09537,38.7843],[-9.09474,38.78452],[-9.09443,38.78459],[-9.09458,38.78523],[-9.09474,38.78532],[-9.09486,38.78586],[-9.09493,38.78649],[-9.09474,38.78675],[-9.09411,38.78702],[-9.09409,38.78712],[-9.09348,38.7875],[-9.09285,38.7875],[-9.09222,38.78762],[-9.09206,38.78775],[-9.09193,38.78838],[-9.09159,38.78887],[-9.09096,38.78887],[-9.09096,38.78855],[-9.09159,38.78855],[-9.09171,38.78838],[-9.09159,38.78796],[-9.09096,38.78796],[-9.09096,38.78775],[-9.09096,38.78761],[-9.09159,38.78761],[-9.09222,38.78713],[-9.09234,38.78712],[-9.09273,38.78649],[-9.09265,38.78586],[-9.09264,38.78523],[-9.09266,38.78459],[-9.09272,38.78396],[-9.09285,38.78376],[-9.09348,38.78376],[-9.09391,38.78396],[-9.09411,38.78405],[-9.09421,38.78396],[-9.09411,38.78363],[-9.09401,38.78333],[-9.09411,38.78314],[-9.09462,38.7827]],[[-9.09663,38.7721],[-9.096,38.7721],[-9.09571,38.77261],[-9.096,38.77285],[-9.09663,38.77285],[-9.09686,38.77261],[-9.09663,38.7721]],[[-9.09727,38.77066],[-9.09724,38.77072],[-9.09727,38.77075],[-9.0975,38.77072],[-9.09727,38.77066]]],[[[-9.11296,38.77999],[-9.11303,38.77992],[-9.11366,38.77992],[-9.11398,38.77955],[-9.11429,38.7793],[-9.11458,38.77955],[-9.11429,38.78013],[-9.11423,38.78018],[-9.11423,38.78054],[-9.1131,38.78008],[-9.11296,38.77999]]],[[[-9.09116,38.78964],[-9.09128,38.79027],[-9.09134,38.7909],[-9.09125,38.79153],[-9.09115,38.79216],[-9.0915,38.79279],[-9.09141,38.79342],[-9.09153,38.79406],[-9.09159,38.7942],[-9.09222,38.79419],[-9.09248,38.79406],[-9.09285,38.79393],[-9.09348,38.79393],[-9.09358,38.79406],[-9.09364,38.79469],[-9.09409,38.79532],[-9.09411,38.79534],[-9.09436,38.79595],[-9.09436,38.79653],[-9.09351,38.79638],[-9.09351,38.79595],[-9.09348,38.79592],[-9.09285,38.79592],[-9.09257,38.79532],[-9.09222,38.79477],[-9.09203,38.79469],[-9.09159,38.79456],[-9.09139,38.79406],[-9.09118,38.79342],[-9.09118,38.79279],[-9.09096,38.79243],[-9.09033,38.79243],[-9.09033,38.79216],[-9.09033,38.79175],[-9.09096,38.79175],[-9.09102,38.79153],[-9.09104,38.7909],[-9.09096,38.79048],[-9.09033,38.79048],[-9.09033,38.79027],[-9.09033,38.78964],[-9.09072,38.78925],[-9.09096,38.78925],[-9.09116,38.78964]]],[[[-9.096,38.79658],[-9.09597,38.79658],[-9.09597,38.79595],[-9.096,38.79594],[-9.09663,38.79594],[-9.09664,38.79595],[-9.09664,38.79658],[-9.09663,38.79658],[-9.096,38.79658]]]]},"properties":{"class":6,"label":"35 a 36","fill":"#fc5b2e"}},{"type":"Feature","geometry":{"type":"MultiPolygon","coordinates":[[[[-9.20134,38.69558],[-9.20074,38.69503],[-9.20134,38.69494],[-9.20197,38.69494],[-9.20227,38.69503],[-9.20197,38.69558],[-9.20134,38.69558]]],[[[-9.22846,38.69584],[-9.22909,38.69585],[-9.22945,38.69601],[-9.22937,38.69615],[-9.22909,38.69609],[-9.22846,38.69605],[-9.22798,38.69566],[-9.22789,38.6956],[-9.228,38.69549],[-9.22824,38.69566],[-9.22846,38.69584]]],[[[-9.21218,38.69692],[-9.21206,38.69697],[-9.21196,38.69692],[-9.21206,38.6967],[-9.21218,38.69692]]],[[[-9.2258,38.69945],[-9.2253,38.69959],[-9.22467,38.69959],[-9.22404,38.69992],[-9.22358,38.70008],[-9.22344,38.70071],[-9.22341,38.70072],[-9.22338,38.70071],[-9.22278,38.70026],[-9.22237,38.70071],[-9.22215,38.7008],[-9.22152,38.7008],[-9.22137,38.70071],[-9.22122,38.70008],[-9.22152,38.69955],[-9.22215,38.69955],[-9.22227,38.69945],[-9.22215,38.69928],[-9.22152,38.69928],[-9.221,38.69882],[-9.22089,38.69834],[-9.22078,38.69818],[-9.22065,38.69755],[-9.22054,38.69692],[-9.22026,38.69659],[-9.21963,38.6967],[-9.21934,38.69629],[-9.219,38.69594],[-9.21837,38.69594],[-9.21773,38.69571],[-9.21742,38.69566],[-9.2171,38.69564],[-9.21647,38.6956],[-9.21584,38.6956],[-9.21521,38.69534],[-9.21499,38.69566],[-9.21458,38.69629],[-9.21435,38.69566],[-9.21395,38.69525],[-9.21332,38.69539],[-9.21269,38.69539],[-9.21253,38.69503],[-9.21206,38.69451],[-9.21158,38.6944],[-9.21158,38.69377],[-9.21206,38.69373],[-9.21269,38.69361],[-9.21332,38.69361],[-9.21395,38.69373],[-9.21458,38.69367],[-9.21521,38.69366],[-9.21584,38.69325],[-9.21647,38.69325],[-9.2171,38.6934],[-9.21773,38.69336],[-9.21837,38.6933],[-9.21858,38.69314],[-9.21858,38.69272],[-9.219,38.69314],[-9.2192,38.69314],[-9.21963,38.69356],[-9.22001,38.69377],[-9.22001,38.6944],[-9.22026,38.69464],[-9.22089,38.69457],[-9.22133,38.6944],[-9.22139,38.69377],[-9.22152,38.69374],[-9.22215,38.69374],[-9.22217,38.69377],[-9.22218,38.6944],[-9.22215,38.69497],[-9.22152,38.69497],[-9.22151,38.69503],[-9.22152,38.69505],[-9.22215,38.69505],[-9.22278,38.69518],[-9.22302,38.69503],[-9.22341,38.69488],[-9.22361,38.69503],[-9.22404,38.69521],[-9.22467,38.69541],[-9.2253,38.69541],[-9.22588,38.69503],[-9.22588,38.69497],[-9.22593,38.69503],[-9.22598,38.69503],[-9.22598,38.69566],[-9.22656,38.69606],[-9.22689,38.69566],[-9.22689,38.69536],[-9.22709,38.69555],[-9.22709,38.69566],[-9.22656,38.69629],[-9.22593,38.69595],[-9.2253,38.69585],[-9.22467,38.69585],[-9.22452,38.69566],[-9.22404,38.69553],[-9.22345,38.69566],[-9.22377,38.69629],[-9.22404,38.69677],[-9.2241,38.69692],[-9.22429,38.69755],[-9.2243,38.69818],[-9.22467,38.69861],[-9.2253,38.69861],[-9.22593,38.6987],[-9.22602,38.69882],[-9.22656,38.69937],[-9.22668,38.69945],[-9.22693,38.69964],[-9.22648,38.70203],[-9.22644,38.70197],[-9.22641,38.70134],[-9.22637,38.70071],[-9.22614,38.70008],[-9.22598,38.69945],[-9.22593,38.6994],[-9.2258,38.69945]],[[-9.22404,38.69886],[-9.22409,38.69882],[-9.22404,38.69876],[-9.22399,38.69882],[-9.22404,38.69886]],[[-9.22215,38.69715],[-9.22152,38.69715],[-9.22106,38.69755],[-9.22152,38.69794],[-9.22215,38.69794],[-9.22255,38.69755],[-9.22215,38.69715]]],[[[-9.17421,38.69923],[-9.17358,38.69894],[-9.17321,38.69882],[-9.17321,38.69818],[-9.17358,38.69818],[-9.17371,38.69818],[-9.17421,38.69881],[-9.17422,38.69882],[-9.17467,38.69945],[-9.17484,38.69969],[-9.17548,38.69969],[-9.17611,38.70005],[-9.17647,38.70008],[-9.17674,38.7001],[-9.17737,38.70012],[-9.17742,38.70008],[-9.178,38.6995],[-9.17863,38.6995],[-9.17871,38.69945],[-9.17926,38.69899],[-9.17943,38.69882],[-9.17989,38.69833],[-9.18052,38.69825],[-9.18115,38.69825],[-9.18128,38.69818],[-9.18128,38.69755],[-9.18173,38.69755],[-9.18173,38.69818],[-9.18115,38.69849],[-9.18052,38.69849],[-9.17989,38.69881],[-9.17989,38.69882],[-9.17927,38.69945],[-9.17926,38.69946],[-9.17863,38.69988],[-9.178,38.69988],[-9.1778,38.70008],[-9.17737,38.70046],[-9.17674,38.70052],[-9.17611,38.70043],[-9.17548,38.7001],[-9.17484,38.7001],[-9.1748,38.70008],[-9.17437,38.69945],[-9.17421,38.69923]]],[[[-9.18683,38.69993],[-9.18674,38.69945],[-9.18683,38.69925],[-9.18746,38.69925],[-9.1876,38.69945],[-9.18746,38.69993],[-9.18683,38.69993]]],[[[-9.17998,38.70134],[-9.17989,38.70151],[-9.17926,38.70147],[-9.17919,38.70134],[-9.17919,38.70071],[-9.17926,38.70063],[-9.17989,38.70019],[-9.17998,38.70071],[-9.17998,38.70134]]],[[[-9.2035,38.7026],[-9.20386,38.70246],[-9.20449,38.70246],[-9.20462,38.7026],[-9.20449,38.70295],[-9.20386,38.70295],[-9.2035,38.7026]]],[[[-9.19944,38.70529],[-9.19902,38.70575],[-9.19881,38.70593],[-9.19818,38.70593],[-9.19793,38.70575],[-9.19809,38.70512],[-9.19818,38.705],[-9.19881,38.705],[-9.19944,38.70501],[-9.19971,38.70512],[-9.19944,38.70529]]],[[[-9.19944,38.70681],[-9.19915,38.70638],[-9.19944,38.70606],[-9.20007,38.7063],[-9.2002,38.70638],[-9.20007,38.70648],[-9.19944,38.70681]]],[[[-9.19683,38.70765],[-9.19683,38.70701],[-9.19692,38.7069],[-9.19705,38.70701],[-9.19705,38.70765],[-9.19692,38.70782],[-9.19683,38.70765]]],[[[-9.19881,38.70679],[-9.19917,38.70701],[-9.19917,38.70765],[-9.19944,38.70798],[-9.19956,38.70828],[-9.19944,38.70888],[-9.19881,38.70853],[-9.19818,38.70853],[-9.19771,38.70828],[-9.19794,38.70765],[-9.19794,38.70701],[-9.19818,38.70679],[-9.19881,38.70679]]],[[[-9.22278,38.70971],[-9.22268,38.70954],[-9.22276,38.70891],[-9.22278,38.70883],[-9.2231,38.70883],[-9.22326,38.70971],[-9.22278,38.70971]]],[[[-9.2026,38.71022],[-9.20253,38.71017],[-9.2026,38.71014],[-9.20262,38.71017],[-9.2026,38.71022]]],[[[-9.20028,38.71017],[-9.20007,38.71073],[-9.19981,38.71017],[-9.20007,38.70999],[-9.20028,38.71017]]],[[[-9.2225,38.71269],[-9.22268,38.71206],[-9.22278,38.71181],[-9.22298,38.71181],[-9.22271,38.71291],[-9.2225,38.71269]]],[[[-9.192,38.71584],[-9.19187,38.71638],[-9.19175,38.71584],[-9.19187,38.71571],[-9.192,38.71584]]],[[[-9.1889,38.71648],[-9.18919,38.71711],[-9.18872,38.71757],[-9.18862,38.71774],[-9.18809,38.71804],[-9.18746,38.71806],[-9.18705,38.71774],[-9.1871,38.71711],[-9.1873,38.71648],[-9.18746,38.71621],[-9.18809,38.71612],[-9.18872,38.71617],[-9.1889,38.71648]],[[-9.18822,38.71774],[-9.18854,38.71711],[-9.18809,38.71661],[-9.18746,38.71696],[-9.18744,38.71711],[-9.18741,38.71774],[-9.18746,38.71778],[-9.18809,38.71781],[-9.18822,38.71774]]],[[[-9.21143,38.71849],[-9.2109,38.71837],[-9.21129,38.71774],[-9.21143,38.71756],[-9.21206,38.71763],[-9.21216,38.71774],[-9.21206,38.71779],[-9.21163,38.71837],[-9.21143,38.71849]]],[[[-9.21206,38.72057],[-9.21266,38.72026],[-9.21269,38.72019],[-9.21332,38.72019],[-9.21395,38.71989],[-9.21458,38.71988],[-9.21485,38.71963],[-9.21485,38.719],[-9.21495,38.71837],[-9.21458,38.71784],[-9.21434,38.71774],[-9.21395,38.71744],[-9.21376,38.71711],[-9.21332,38.7167],[-9.21269,38.7167],[-9.21255,38.71648],[-9.21269,38.71631],[-9.21332,38.71631],[-9.21395,38.71625],[-9.21421,38.71584],[-9.21458,38.71563],[-9.21521,38.71539],[-9.21536,38.71521],[-9.21584,38.71511],[-9.21647,38.71511],[-9.21709,38.71521],[-9.21647,38.71551],[-9.21584,38.71551],[-9.21547,38.71584],[-9.21584,38.71634],[-9.21647,38.71626],[-9.2171,38.71615],[-9.21773,38.71616],[-9.21827,38.71584],[-9.21837,38.71583],[-9.219,38.71583],[-9.21904,38.71584],[-9.21963,38.71601],[-9.22,38.71584],[-9.22026,38.71541],[-9.22034,38.71521],[-9.22087,38.71458],[-9.22089,38.71456],[-9.22143,38.71395],[-9.22152,38.71372],[-9.22215,38.71372],[-9.22242,38.71372],[-9.22228,38.71401],[-9.22124,38.71525],[-9.22124,38.71521],[-9.22089,38.71504],[-9.22074,38.71521],[-9.22063,38.71584],[-9.22063,38.71598],[-9.22012,38.7166],[-9.22001,38.71648],[-9.21963,38.71626],[-9.21931,38.71648],[-9.219,38.71689],[-9.21837,38.71689],[-9.2179,38.71711],[-9.21789,38.71774],[-9.21773,38.71815],[-9.2174,38.71837],[-9.2171,38.71846],[-9.21647,38.7186],[-9.21586,38.719],[-9.21586,38.71963],[-9.21586,38.71993],[-9.21563,38.72006],[-9.21521,38.71964],[-9.21458,38.72022],[-9.21447,38.72026],[-9.21395,38.72047],[-9.21335,38.72089],[-9.21335,38.72117],[-9.2126,38.72146],[-9.21206,38.72093],[-9.21154,38.72152],[-9.21154,38.72187],[-9.21121,38.72199],[-9.21051,38.72242],[-9.21051,38.72215],[-9.2108,38.7217],[-9.21098,38.72152],[-9.21143,38.72127],[-9.21176,38.72089],[-9.21206,38.72057]],[[-9.21458,38.71742],[-9.21468,38.71711],[-9.21458,38.71689],[-9.21436,38.71711],[-9.21458,38.71742]]],[[[-9.209,38.71963],[-9.2089,38.71972],[-9.20886,38.71963],[-9.2089,38.71958],[-9.209,38.71963]]],[[[-9.19064,38.72972],[-9.19061,38.7298],[-9.19033,38.72972],[-9.19061,38.72969],[-9.19064,38.72972]]],[[[-9.18557,38.73366],[-9.1855,38.73351],[-9.18551,38.73287],[-9.18555,38.73224],[-9.18557,38.7322],[-9.18596,38.73161],[-9.18557,38.73112],[-9.18496,38.73098],[-9.18557,38.73049],[-9.18565,38.73035],[-9.18598,38.72972],[-9.1862,38.7295],[-9.18683,38.7295],[-9.1872,38.72909],[-9.18746,38.72892],[-9.18775,38.72909],[-9.18809,38.72945],[-9.18872,38.7295],[-9.18928,38.72972],[-9.18935,38.72985],[-9.18998,38.72985],[-9.19024,38.73035],[-9.19061,38.7307],[-9.19124,38.73071],[-9.19128,38.73098],[-9.19124,38.7313],[-9.19118,38.73161],[-9.19124,38.73167],[-9.19187,38.73192],[-9.19251,38.73192],[-9.19271,38.73224],[-9.19251,38.73237],[-9.19187,38.73237],[-9.19144,38.73287],[-9.19137,38.73351],[-9.19124,38.73371],[-9.19061,38.73383],[-9.1903,38.73351],[-9.18998,38.73324],[-9.18935,38.73324],[-9.18914,38.73351],[-9.18893,38.73414],[-9.18872,38.73426],[-9.18842,38.73414],[-9.18809,38.73391],[-9.18758,38.73414],[-9.18746,38.73417],[-9.18683,38.73415],[-9.1862,38.73415],[-9.18615,38.73414],[-9.18557,38.73366]],[[-9.18876,38.73351],[-9.18872,38.73344],[-9.18865,38.73351],[-9.18872,38.73357],[-9.18876,38.73351]],[[-9.18735,38.73035],[-9.18685,38.73098],[-9.18716,38.73161],[-9.18746,38.73189],[-9.18779,38.73161],[-9.18807,38.73098],[-9.18809,38.73094],[-9.18857,38.73035],[-9.18809,38.72991],[-9.18765,38.72972],[-9.18746,38.72943],[-9.18729,38.72972],[-9.18735,38.73035]],[[-9.18935,38.73124],[-9.1892,38.73161],[-9.18935,38.73222],[-9.18998,38.73222],[-9.19028,38.73161],[-9.18998,38.73124],[-9.18935,38.73124]]],[[[-9.20247,38.74486],[-9.2026,38.74477],[-9.20268,38.74486],[-9.20266,38.74549],[-9.2026,38.74558],[-9.2025,38.74549],[-9.20247,38.74486]]],[[[-9.19187,38.74613],[-9.1918,38.74612],[-9.19187,38.7461],[-9.19251,38.7461],[-9.19251,38.74612],[-9.19251,38.74613],[-9.19187,38.74613]]],[[[-9.17421,38.74689],[-9.17408,38.74675],[-9.17421,38.74672],[-9.17484,38.74672],[-9.17489,38.74675],[-9.17484,38.74689],[-9.17421,38.74689]]],[[[-9.18822,38.74738],[-9.18809,38.74745],[-9.18789,38.74738],[-9.18809,38.74713],[-9.18822,38.74738]]],[[[-9.1848,38.75243],[-9.18483,38.7518],[-9.18462,38.75117],[-9.18494,38.75069],[-9.18557,38.75088],[-9.18583,38.75117],[-9.18601,38.7518],[-9.18601,38.75243],[-9.1861,38.75306],[-9.18597,38.75369],[-9.18557,38.75399],[-9.18499,38.75369],[-9.18494,38.75363],[-9.18483,38.75369],[-9.18431,38.75391],[-9.18414,38.75369],[-9.18431,38.7535],[-9.18465,38.75306],[-9.1848,38.75243]],[[-9.18558,38.75369],[-9.18557,38.75364],[-9.18555,38.75369],[-9.18557,38.7537],[-9.18558,38.75369]],[[-9.18557,38.75173],[-9.18549,38.7518],[-9.18549,38.75243],[-9.18557,38.75258],[-9.18561,38.75243],[-9.18561,38.7518],[-9.18557,38.75173]]],[[[-9.18282,38.75306],[-9.18304,38.75279],[-9.18368,38.75279],[-9.18386,38.75306],[-9.18368,38.75323],[-9.18304,38.75323],[-9.18282,38.75306]]],[[[-9.17614,38.75495],[-9.17611,38.75514],[-9.17599,38.75495],[-9.17611,38.75493],[-9.17614,38.75495]]],[[[-9.18872,38.76004],[-9.18815,38.76],[-9.18872,38.7599],[-9.18935,38.7599],[-9.18947,38.76],[-9.18935,38.76004],[-9.18872,38.76004]]],[[[-9.17169,38.76149],[-9.17159,38.76126],[-9.17169,38.76077],[-9.17232,38.76077],[-9.17252,38.76126],[-9.17232,38.76149],[-9.17169,38.76149]]],[[[-9.19314,38.76126],[-9.19311,38.76126],[-9.19314,38.76115],[-9.19314,38.76126],[-9.19314,38.76126]]],[[[-9.19692,38.76381],[-9.19692,38.76378],[-9.19692,38.76375],[-9.19693,38.76378],[-9.19692,38.76381]]],[[[-9.18428,38.76504],[-9.18428,38.76441],[-9.18431,38.76437],[-9.18438,38.76441],[-9.18438,38.76504],[-9.18431,38.76506],[-9.18428,38.76504]]],[[[-9.19771,38.7663],[-9.19755,38.76651],[-9.19736,38.7663],[-9.19755,38.76614],[-9.19771,38.7663]]],[[[-9.19369,38.76883],[-9.19314,38.76917],[-9.19292,38.76883],[-9.19314,38.76827],[-9.19336,38.7682],[-9.19377,38.76812],[-9.19397,38.7682],[-9.19377,38.7686],[-9.19369,38.76883]]],[[[-9.19566,38.76895],[-9.19594,38.76883],[-9.19629,38.76868],[-9.19646,38.76882],[-9.19599,38.76928],[-9.19604,38.76954],[-9.19524,38.76995],[-9.19445,38.77083],[-9.19445,38.77072],[-9.1944,38.77066],[-9.19436,38.77072],[-9.19436,38.77091],[-9.1936,38.77136],[-9.1936,38.77135],[-9.1936,38.77072],[-9.19377,38.77034],[-9.19393,38.77009],[-9.19383,38.76946],[-9.1944,38.76888],[-9.19503,38.76888],[-9.19566,38.76895]]],[[[-9.17358,38.77252],[-9.17421,38.77228],[-9.17484,38.77228],[-9.17496,38.77261],[-9.17484,38.77296],[-9.17421,38.77296],[-9.17358,38.77287],[-9.17324,38.77324],[-9.17295,38.77333],[-9.17289,38.77324],[-9.17232,38.77271],[-9.17224,38.77261],[-9.17232,38.77236],[-9.1727,38.77198],[-9.17295,38.77182],[-9.17313,38.77198],[-9.17358,38.77252]]],[[[-9.17299,38.77955],[-9.17295,38.77966],[-9.17283,38.77955],[-9.17295,38.77948],[-9.17299,38.77955]]],[[[-9.15782,38.70417],[-9.15718,38.70417],[-9.15688,38.70417],[-9.15718,38.70386],[-9.15782,38.70323],[-9.1582,38.70323],[-9.1582,38.70386],[-9.15782,38.70417]]],[[[-9.15529,38.70473],[-9.15466,38.70473],[-9.15438,38.70449],[-9.15466,38.70449],[-9.15529,38.70386],[-9.15555,38.70412],[-9.15555,38.70449],[-9.15529,38.70473]]],[[[-9.1616,38.70906],[-9.16134,38.70891],[-9.1616,38.70882],[-9.16171,38.70891],[-9.1616,38.70906]]],[[[-9.15971,38.70955],[-9.15969,38.70954],[-9.15971,38.70952],[-9.15976,38.70954],[-9.15971,38.70955]]],[[[-9.15911,38.71017],[-9.15908,38.71019],[-9.15904,38.71017],[-9.15908,38.71012],[-9.15911,38.71017]]],[[[-9.15656,38.71017],[-9.15655,38.71017],[-9.15654,38.71017],[-9.15655,38.71014],[-9.15656,38.71017]]],[[[-9.15414,38.71017],[-9.15403,38.71038],[-9.1539,38.71017],[-9.15403,38.71002],[-9.15414,38.71017]]],[[[-9.15125,38.71143],[-9.15151,38.71113],[-9.15214,38.71113],[-9.15236,38.71143],[-9.15214,38.71195],[-9.15151,38.71195],[-9.15125,38.71143]]],[[[-9.15088,38.71275],[-9.15076,38.71269],[-9.15088,38.7123],[-9.15096,38.71269],[-9.15088,38.71275]]],[[[-9.1498,38.71269],[-9.14962,38.7128],[-9.14938,38.71269],[-9.14962,38.71255],[-9.1498,38.71269]]],[[[-9.151,38.71458],[-9.15088,38.71473],[-9.15073,38.71458],[-9.15088,38.71436],[-9.151,38.71458]]],[[[-9.15139,38.71648],[-9.15151,38.71632],[-9.15214,38.71632],[-9.15264,38.71648],[-9.15277,38.7167],[-9.15284,38.71648],[-9.15277,38.71632],[-9.15264,38.71584],[-9.15277,38.7157],[-9.15293,38.71584],[-9.1534,38.71617],[-9.15399,38.71648],[-9.1536,38.71711],[-9.15403,38.71732],[-9.15464,38.71711],[-9.15422,38.71648],[-9.1542,38.71584],[-9.15466,38.71562],[-9.15529,38.71562],[-9.15574,38.71584],[-9.15542,38.71648],[-9.15531,38.71711],[-9.15529,38.71716],[-9.15466,38.71716],[-9.15456,38.71774],[-9.15403,38.71811],[-9.15345,38.71774],[-9.1534,38.71756],[-9.15277,38.71751],[-9.15214,38.71758],[-9.15151,38.71758],[-9.15137,38.71711],[-9.15139,38.71648]]],[[[-9.15971,38.71715],[-9.15908,38.71734],[-9.15845,38.7173],[-9.15827,38.71711],[-9.15845,38.71689],[-9.15908,38.71671],[-9.15971,38.71701],[-9.15974,38.71711],[-9.15971,38.71715]]],[[[-9.1616,38.71721],[-9.1615,38.71711],[-9.1616,38.71696],[-9.16203,38.71711],[-9.1616,38.71721]]],[[[-9.1648,38.71774],[-9.16475,38.7178],[-9.16469,38.71774],[-9.16475,38.7177],[-9.1648,38.71774]]],[[[-9.15529,38.72166],[-9.15509,38.72152],[-9.15466,38.72129],[-9.15403,38.72129],[-9.1534,38.72091],[-9.15338,38.72089],[-9.15338,38.72026],[-9.15324,38.71963],[-9.1534,38.7193],[-9.154,38.719],[-9.15403,38.71898],[-9.15466,38.71898],[-9.15469,38.719],[-9.15529,38.71912],[-9.15558,38.719],[-9.15592,38.71874],[-9.15655,38.71884],[-9.15718,38.71899],[-9.15782,38.71899],[-9.15783,38.719],[-9.15845,38.71957],[-9.15858,38.71963],[-9.15858,38.72026],[-9.15876,38.72089],[-9.15845,38.72095],[-9.15843,38.72089],[-9.15832,38.72026],[-9.15782,38.72002],[-9.15718,38.72002],[-9.15705,38.72026],[-9.15688,38.72089],[-9.15687,38.72152],[-9.15672,38.72215],[-9.15655,38.72239],[-9.15592,38.72247],[-9.15568,38.72215],[-9.15592,38.72197],[-9.15622,38.72152],[-9.15592,38.72116],[-9.1554,38.72152],[-9.15529,38.72166]]],[[[-9.15467,38.72215],[-9.15466,38.72217],[-9.15403,38.72217],[-9.1534,38.72217],[-9.15338,38.72215],[-9.1534,38.72214],[-9.15403,38.72213],[-9.15466,38.72213],[-9.15467,38.72215]]],[[[-9.1698,38.72406],[-9.16922,38.72468],[-9.16917,38.72489],[-9.16854,38.72489],[-9.16841,38.72468],[-9.16854,38.72459],[-9.16914,38.72404],[-9.16917,38.72402],[-9.1698,38.72402],[-9.16988,38.72404],[-9.1698,38.72406]]],[[[-9.14962,38.72475],[-9.14954,38.72468],[-9.14962,38.72459],[-9.14991,38.72468],[-9.14962,38.72475]]],[[[-9.15676,38.72594],[-9.15655,38.72623],[-9.1565,38.72594],[-9.15655,38.72582],[-9.15676,38.72594]]],[[[-9.15519,38.7272],[-9.15519,38.72657],[-9.15529,38.72651],[-9.15535,38.72657],[-9.15535,38.7272],[-9.15529,38.72729],[-9.15519,38.7272]]],[[[-9.17863,38.76405],[-9.17829,38.76378],[-9.178,38.76348],[-9.17737,38.76348],[-9.17674,38.7636],[-9.17639,38.76315],[-9.17611,38.76292],[-9.17568,38.76315],[-9.17548,38.76331],[-9.1751,38.76315],[-9.17484,38.76301],[-9.17421,38.76301],[-9.17358,38.76304],[-9.17338,38.76252],[-9.17295,38.76234],[-9.17278,38.76252],[-9.17232,38.76305],[-9.17169,38.76305],[-9.17106,38.76307],[-9.17055,38.76315],[-9.17043,38.76319],[-9.17037,38.76315],[-9.16984,38.76252],[-9.1698,38.76248],[-9.16917,38.76232],[-9.16854,38.76232],[-9.16791,38.76206],[-9.16728,38.76221],[-9.16702,38.76252],[-9.16665,38.76305],[-9.16619,38.76252],[-9.16601,38.76234],[-9.16538,38.76234],[-9.16498,38.76189],[-9.16475,38.76137],[-9.16459,38.76126],[-9.16412,38.76095],[-9.1639,38.76063],[-9.16404,38.76],[-9.16412,38.75992],[-9.16475,38.75979],[-9.16535,38.75937],[-9.16538,38.75927],[-9.16601,38.75927],[-9.16665,38.75906],[-9.16679,38.75873],[-9.16682,38.7581],[-9.16676,38.75747],[-9.16723,38.75684],[-9.16699,38.75621],[-9.16728,38.75577],[-9.16739,38.75558],[-9.16728,38.75537],[-9.16665,38.75495],[-9.16664,38.75495],[-9.16612,38.75432],[-9.16615,38.75369],[-9.16665,38.75347],[-9.16697,38.75306],[-9.16728,38.75267],[-9.16784,38.75243],[-9.16784,38.7518],[-9.16791,38.75178],[-9.16849,38.75117],[-9.16854,38.75111],[-9.16917,38.75111],[-9.16948,38.75117],[-9.1698,38.75125],[-9.16983,38.75117],[-9.17043,38.75076],[-9.17076,38.75054],[-9.17102,38.7499],[-9.17106,38.74989],[-9.17169,38.74945],[-9.17232,38.74945],[-9.17259,38.74927],[-9.17295,38.74901],[-9.17358,38.74902],[-9.17421,38.74918],[-9.17484,38.74918],[-9.17504,38.74864],[-9.17484,38.74824],[-9.17421,38.74824],[-9.17358,38.74849],[-9.17295,38.74824],[-9.17232,38.74843],[-9.17169,38.74843],[-9.17106,38.7481],[-9.17079,38.74801],[-9.17043,38.74781],[-9.1701,38.74801],[-9.1698,38.74839],[-9.1696,38.74864],[-9.16952,38.74927],[-9.16917,38.74945],[-9.16854,38.74945],[-9.16802,38.74927],[-9.16832,38.74864],[-9.168,38.74801],[-9.16791,38.74791],[-9.16728,38.74777],[-9.16665,38.7477],[-9.16601,38.7477],[-9.16538,38.74768],[-9.16475,38.74787],[-9.16412,38.74785],[-9.16393,38.74801],[-9.16349,38.74823],[-9.16286,38.74823],[-9.16236,38.74801],[-9.16223,38.74789],[-9.16204,38.74801],[-9.16223,38.74822],[-9.16237,38.74864],[-9.16223,38.74882],[-9.1616,38.7488],[-9.16127,38.74864],[-9.16134,38.74801],[-9.1616,38.74755],[-9.16171,38.74738],[-9.1616,38.74727],[-9.16097,38.7469],[-9.16073,38.74738],[-9.16071,38.74801],[-9.16059,38.74864],[-9.16097,38.74891],[-9.16116,38.74927],[-9.16097,38.74964],[-9.16034,38.74966],[-9.15971,38.74966],[-9.15946,38.7499],[-9.15908,38.75031],[-9.15845,38.75008],[-9.15792,38.7499],[-9.15782,38.74983],[-9.15718,38.74983],[-9.1569,38.74927],[-9.15655,38.74901],[-9.1562,38.74927],[-9.15592,38.74946],[-9.15566,38.74927],[-9.15544,38.74864],[-9.15529,38.74846],[-9.15466,38.74833],[-9.15403,38.74833],[-9.1534,38.74818],[-9.15311,38.74864],[-9.1534,38.74909],[-9.15354,38.74927],[-9.1534,38.74944],[-9.15297,38.7499],[-9.15277,38.75012],[-9.15233,38.75054],[-9.15214,38.75089],[-9.152,38.75117],[-9.15214,38.75129],[-9.15277,38.75177],[-9.15278,38.7518],[-9.15311,38.75243],[-9.1534,38.75289],[-9.15403,38.75298],[-9.15466,38.75298],[-9.15493,38.75306],[-9.15489,38.75369],[-9.15479,38.75432],[-9.15466,38.75445],[-9.15403,38.75445],[-9.15388,38.75495],[-9.15403,38.75502],[-9.15466,38.75502],[-9.15492,38.75495],[-9.15529,38.75458],[-9.15548,38.75495],[-9.15574,38.75558],[-9.1558,38.75621],[-9.15592,38.75655],[-9.15655,38.75637],[-9.15698,38.75684],[-9.15679,38.75747],[-9.15671,38.7581],[-9.15671,38.75873],[-9.15655,38.75882],[-9.15592,38.75885],[-9.15529,38.7591],[-9.15497,38.75937],[-9.15466,38.75964],[-9.15403,38.75964],[-9.15367,38.76],[-9.1534,38.76036],[-9.15295,38.76063],[-9.15277,38.7608],[-9.15214,38.76071],[-9.152,38.76063],[-9.15179,38.76],[-9.15214,38.75973],[-9.15249,38.75937],[-9.15277,38.75906],[-9.15312,38.75873],[-9.15312,38.7581],[-9.15277,38.75758],[-9.15267,38.75747],[-9.15214,38.75712],[-9.15197,38.75684],[-9.15197,38.75621],[-9.15161,38.75558],[-9.15151,38.75551],[-9.15088,38.75551],[-9.15025,38.75545],[-9.15015,38.75558],[-9.15025,38.75577],[-9.15034,38.75621],[-9.15025,38.7563],[-9.14962,38.75644],[-9.14921,38.75684],[-9.14898,38.75718],[-9.14835,38.75718],[-9.14788,38.75747],[-9.14772,38.75762],[-9.14709,38.7576],[-9.14686,38.7581],[-9.14686,38.75873],[-9.14646,38.75917],[-9.14583,38.75934],[-9.1452,38.75934],[-9.14457,38.75912],[-9.14419,38.75937],[-9.14394,38.75959],[-9.14331,38.75964],[-9.14268,38.75964],[-9.14231,38.76],[-9.14205,38.76016],[-9.14142,38.76019],[-9.14079,38.76023],[-9.14039,38.76063],[-9.14015,38.76078],[-9.13952,38.76078],[-9.13913,38.76063],[-9.13889,38.76051],[-9.13826,38.76045],[-9.13793,38.76063],[-9.13763,38.76087],[-9.13745,38.76063],[-9.137,38.76022],[-9.13637,38.76022],[-9.13574,38.76025],[-9.13511,38.76025],[-9.13483,38.76063],[-9.13448,38.76108],[-9.13385,38.76108],[-9.13371,38.76126],[-9.13322,38.76164],[-9.13259,38.76146],[-9.13196,38.76158],[-9.13132,38.76146],[-9.13069,38.76146],[-9.13006,38.76159],[-9.12943,38.76129],[-9.12936,38.76126],[-9.12934,38.76063],[-9.12924,38.76],[-9.12884,38.75937],[-9.12884,38.75873],[-9.12897,38.7581],[-9.12897,38.75747],[-9.1288,38.75724],[-9.12817,38.75724],[-9.12754,38.75726],[-9.12735,38.75747],[-9.12696,38.7581],[-9.12691,38.75816],[-9.12681,38.7581],[-9.12628,38.75778],[-9.12608,38.75747],[-9.12565,38.75693],[-9.12502,38.75693],[-9.12488,38.75684],[-9.12439,38.75637],[-9.12376,38.75638],[-9.12356,38.75621],[-9.12313,38.75586],[-9.12249,38.75589],[-9.12186,38.75589],[-9.1216,38.75558],[-9.12143,38.75495],[-9.12123,38.75456],[-9.12072,38.75432],[-9.12077,38.75369],[-9.12112,38.75306],[-9.12116,38.75243],[-9.12104,38.7518],[-9.12123,38.75131],[-9.12186,38.75141],[-9.12249,38.75141],[-9.12261,38.75117],[-9.12313,38.7508],[-9.12333,38.75054],[-9.12376,38.75017],[-9.12408,38.75054],[-9.12376,38.75096],[-9.12348,38.75117],[-9.12358,38.7518],[-9.12376,38.75226],[-9.12402,38.75243],[-9.12389,38.75306],[-9.12439,38.75339],[-9.12493,38.75369],[-9.12502,38.75374],[-9.12565,38.75374],[-9.12617,38.75432],[-9.12611,38.75495],[-9.12565,38.75555],[-9.12502,38.75555],[-9.125,38.75558],[-9.12502,38.75567],[-9.12565,38.75567],[-9.12628,38.75615],[-9.12691,38.7562],[-9.12707,38.75621],[-9.12754,38.75642],[-9.12788,38.75621],[-9.12801,38.75558],[-9.12817,38.75525],[-9.1288,38.75525],[-9.12904,38.75495],[-9.12921,38.75432],[-9.12905,38.75369],[-9.1288,38.75325],[-9.12817,38.75325],[-9.12797,38.75306],[-9.12777,38.75243],[-9.12817,38.75204],[-9.1288,38.75204],[-9.12887,38.7518],[-9.12885,38.75117],[-9.1288,38.75101],[-9.12817,38.75101],[-9.12772,38.75054],[-9.12754,38.75044],[-9.12691,38.74993],[-9.12628,38.74994],[-9.12627,38.7499],[-9.12614,38.74927],[-9.12565,38.74868],[-9.12502,38.74868],[-9.12439,38.74897],[-9.1243,38.74864],[-9.12439,38.74822],[-9.12502,38.74858],[-9.12565,38.74858],[-9.12595,38.74801],[-9.12628,38.74779],[-9.12666,38.74738],[-9.12691,38.74679],[-9.12725,38.74738],[-9.12754,38.74794],[-9.12765,38.74801],[-9.12799,38.74864],[-9.12817,38.74902],[-9.1288,38.74902],[-9.12926,38.74927],[-9.12943,38.74936],[-9.13006,38.74962],[-9.13069,38.7497],[-9.13132,38.7497],[-9.13156,38.7499],[-9.13196,38.75009],[-9.13259,38.7499],[-9.13196,38.74961],[-9.13166,38.74927],[-9.13153,38.74864],[-9.13132,38.74839],[-9.13069,38.74839],[-9.13015,38.74801],[-9.13034,38.74738],[-9.13006,38.74698],[-9.12943,38.74707],[-9.12924,38.74675],[-9.1288,38.74623],[-9.12817,38.74623],[-9.12802,38.74612],[-9.12798,38.74549],[-9.12754,38.74507],[-9.12733,38.74486],[-9.12691,38.74432],[-9.12673,38.74423],[-9.12628,38.74414],[-9.12596,38.74423],[-9.12595,38.74486],[-9.12565,38.74517],[-9.12502,38.74517],[-9.12439,38.74532],[-9.12424,38.74486],[-9.12439,38.74467],[-9.12487,38.74423],[-9.12439,38.74391],[-9.12412,38.7436],[-9.12376,38.74335],[-9.12313,38.74316],[-9.12249,38.74326],[-9.12186,38.74326],[-9.12123,38.74328],[-9.12083,38.74297],[-9.12088,38.74234],[-9.1206,38.74204],[-9.12038,38.7417],[-9.1202,38.74107],[-9.11997,38.74089],[-9.11934,38.74089],[-9.11896,38.74044],[-9.11871,38.74],[-9.11857,38.73981],[-9.11857,38.73918],[-9.11871,38.7389],[-9.11934,38.7386],[-9.11997,38.7386],[-9.12042,38.73918],[-9.12042,38.73981],[-9.1206,38.73999],[-9.12088,38.73981],[-9.12088,38.73918],[-9.12123,38.73884],[-9.12186,38.73869],[-9.12249,38.73877],[-9.12313,38.73877],[-9.12323,38.73855],[-9.12376,38.73809],[-9.12408,38.73792],[-9.12376,38.73741],[-9.12365,38.73729],[-9.1236,38.73666],[-9.12376,38.73643],[-9.12432,38.73666],[-9.12439,38.73679],[-9.12448,38.73666],[-9.12502,38.73656],[-9.12565,38.73656],[-9.126,38.73603],[-9.12617,38.7354],[-9.12612,38.73477],[-9.12628,38.73445],[-9.12659,38.73477],[-9.12691,38.73511],[-9.12753,38.73477],[-9.12754,38.73471],[-9.12764,38.73414],[-9.12756,38.73351],[-9.12756,38.73287],[-9.12754,38.73286],[-9.12691,38.7326],[-9.12672,38.73224],[-9.12641,38.73161],[-9.12628,38.7315],[-9.12565,38.73116],[-9.12502,38.73116],[-9.1244,38.73098],[-9.12439,38.73096],[-9.12437,38.73098],[-9.12376,38.73122],[-9.12313,38.73112],[-9.12249,38.73112],[-9.12186,38.73101],[-9.12158,38.73161],[-9.12123,38.73183],[-9.1206,38.73191],[-9.12025,38.73224],[-9.11997,38.73235],[-9.11934,38.73235],[-9.11871,38.73226],[-9.11863,38.73224],[-9.11808,38.73216],[-9.11802,38.73224],[-9.11745,38.73272],[-9.1171,38.73287],[-9.1171,38.73351],[-9.11706,38.73414],[-9.11682,38.73445],[-9.11619,38.73445],[-9.11571,38.73414],[-9.11556,38.73384],[-9.11531,38.73414],[-9.11493,38.73465],[-9.11474,38.73414],[-9.11429,38.73356],[-9.11366,38.73356],[-9.11347,38.73351],[-9.11347,38.73287],[-9.11303,38.73272],[-9.11269,38.73224],[-9.11303,38.73204],[-9.11366,38.73217],[-9.11429,38.73217],[-9.11493,38.73218],[-9.11519,38.73224],[-9.11556,38.73243],[-9.11573,38.73224],[-9.11619,38.73207],[-9.11682,38.73207],[-9.11745,38.73175],[-9.11763,38.73161],[-9.11808,38.73129],[-9.1185,38.73098],[-9.11843,38.73035],[-9.11871,38.73016],[-9.11909,38.73035],[-9.11934,38.73058],[-9.11997,38.73058],[-9.12058,38.73035],[-9.1206,38.73035],[-9.12065,38.73035],[-9.12123,38.73094],[-9.12136,38.73035],[-9.12146,38.72972],[-9.1213,38.72909],[-9.12143,38.72846],[-9.12123,38.72817],[-9.1206,38.72786],[-9.11997,38.72784],[-9.11934,38.72784],[-9.11933,38.72783],[-9.11904,38.7272],[-9.11904,38.72657],[-9.11871,38.72614],[-9.11808,38.72635],[-9.11745,38.72625],[-9.11726,38.72594],[-9.11745,38.72572],[-9.1179,38.72531],[-9.11745,38.725],[-9.11703,38.72468],[-9.11745,38.7244],[-9.11788,38.72404],[-9.11808,38.72388],[-9.11829,38.72404],[-9.11818,38.72468],[-9.11871,38.72515],[-9.11934,38.72496],[-9.11997,38.72496],[-9.1206,38.72487],[-9.12123,38.7251],[-9.12137,38.72531],[-9.12158,38.72594],[-9.12186,38.72634],[-9.12207,38.72657],[-9.12207,38.7272],[-9.12249,38.72755],[-9.12313,38.72755],[-9.12342,38.72783],[-9.12353,38.72846],[-9.12376,38.72857],[-9.12439,38.72872],[-9.12502,38.72855],[-9.12565,38.72855],[-9.12628,38.72865],[-9.12638,38.72846],[-9.12628,38.72822],[-9.12601,38.72783],[-9.12606,38.7272],[-9.12606,38.72657],[-9.12565,38.72605],[-9.12502,38.72605],[-9.12464,38.72594],[-9.12467,38.72531],[-9.12502,38.72506],[-9.12565,38.72506],[-9.12613,38.72531],[-9.12628,38.72537],[-9.12639,38.72531],[-9.1265,38.72468],[-9.12628,38.7244],[-9.12565,38.72442],[-9.12502,38.72442],[-9.12439,38.72437],[-9.12376,38.7243],[-9.12359,38.72404],[-9.12376,38.72385],[-9.12396,38.72341],[-9.12376,38.72305],[-9.12361,38.72278],[-9.12315,38.72215],[-9.12313,38.7221],[-9.12249,38.7221],[-9.12213,38.72152],[-9.12186,38.72136],[-9.12123,38.7209],[-9.12122,38.72089],[-9.12123,38.72087],[-9.12143,38.72026],[-9.12123,38.71992],[-9.12084,38.71963],[-9.1206,38.71948],[-9.12035,38.719],[-9.1206,38.71848],[-9.12123,38.7185],[-9.12175,38.719],[-9.12186,38.71911],[-9.12207,38.719],[-9.12249,38.71855],[-9.12313,38.71855],[-9.12333,38.71837],[-9.12339,38.71774],[-9.12313,38.71745],[-9.12249,38.71745],[-9.12211,38.71711],[-9.12186,38.71675],[-9.12169,38.71648],[-9.12167,38.71584],[-9.12186,38.71574],[-9.12249,38.71527],[-9.12313,38.71527],[-9.12315,38.71521],[-9.12376,38.71503],[-9.12401,38.71458],[-9.12401,38.71395],[-9.12439,38.71346],[-9.12482,38.71395],[-9.12482,38.71458],[-9.12502,38.71486],[-9.12565,38.71486],[-9.12628,38.7146],[-9.12629,38.71458],[-9.12629,38.71395],[-9.12638,38.71332],[-9.12691,38.71309],[-9.12754,38.71293],[-9.12817,38.71276],[-9.1288,38.71276],[-9.12902,38.71269],[-9.12943,38.71228],[-9.12951,38.71206],[-9.12968,38.71143],[-9.13006,38.71112],[-9.13067,38.7108],[-9.13069,38.71076],[-9.13132,38.71036],[-9.13196,38.71036],[-9.13218,38.71017],[-9.13259,38.70966],[-9.13322,38.7096],[-9.13344,38.70954],[-9.13322,38.7094],[-9.13259,38.70897],[-9.13196,38.70916],[-9.13132,38.70916],[-9.1312,38.70891],[-9.13069,38.70861],[-9.13006,38.70873],[-9.12943,38.70885],[-9.1293,38.70891],[-9.1288,38.70919],[-9.12817,38.70919],[-9.12776,38.70954],[-9.12754,38.70976],[-9.12691,38.70973],[-9.12628,38.71004],[-9.12608,38.71017],[-9.12565,38.71047],[-9.12502,38.71047],[-9.12472,38.71047],[-9.12495,38.71024],[-9.12502,38.71024],[-9.12565,38.71024],[-9.12575,38.71017],[-9.12628,38.70984],[-9.12676,38.70954],[-9.12691,38.70912],[-9.12754,38.70917],[-9.12812,38.70891],[-9.12812,38.70828],[-9.12817,38.70828],[-9.1288,38.70828],[-9.12881,38.70828],[-9.12943,38.70862],[-9.13006,38.70855],[-9.13059,38.70828],[-9.13054,38.70765],[-9.13069,38.70765],[-9.13132,38.70701],[-9.13168,38.70701],[-9.13196,38.70729],[-9.13259,38.70716],[-9.13314,38.70701],[-9.13314,38.70638],[-9.13322,38.70638],[-9.13385,38.70638],[-9.13448,38.70638],[-9.13489,38.70638],[-9.13489,38.70701],[-9.13511,38.70714],[-9.13531,38.70701],[-9.13531,38.70638],[-9.13574,38.70638],[-9.13637,38.70638],[-9.137,38.70638],[-9.13715,38.70638],[-9.13763,38.70686],[-9.13826,38.70675],[-9.13882,38.70638],[-9.13882,38.70575],[-9.13889,38.70575],[-9.13952,38.70575],[-9.13953,38.70575],[-9.14015,38.70636],[-9.14079,38.70636],[-9.14142,38.70627],[-9.14189,38.70575],[-9.14189,38.70512],[-9.14205,38.70512],[-9.14268,38.70512],[-9.14331,38.70512],[-9.14366,38.70512],[-9.14394,38.70536],[-9.14457,38.70535],[-9.1452,38.70552],[-9.14583,38.70557],[-9.14646,38.70557],[-9.14703,38.70575],[-9.14709,38.70579],[-9.14772,38.70591],[-9.14835,38.70589],[-9.14849,38.70575],[-9.14849,38.70526],[-9.14898,38.70575],[-9.14958,38.70575],[-9.14962,38.70579],[-9.15025,38.70579],[-9.15027,38.70575],[-9.15027,38.70512],[-9.1508,38.70512],[-9.1508,38.70575],[-9.15042,38.70638],[-9.15034,38.70701],[-9.15034,38.70765],[-9.15088,38.70819],[-9.15151,38.7077],[-9.15214,38.7077],[-9.15226,38.70765],[-9.15226,38.70701],[-9.15277,38.70689],[-9.1534,38.70675],[-9.15388,38.70701],[-9.15388,38.70765],[-9.15403,38.70781],[-9.15466,38.70776],[-9.15529,38.70776],[-9.15546,38.70765],[-9.15546,38.70701],[-9.15592,38.70679],[-9.15655,38.7067],[-9.15718,38.70642],[-9.15782,38.70642],[-9.15789,38.70638],[-9.15845,38.70622],[-9.15908,38.70619],[-9.15949,38.70575],[-9.15971,38.70559],[-9.16034,38.70555],[-9.16097,38.70555],[-9.1616,38.70528],[-9.16173,38.70512],[-9.16214,38.70449],[-9.16222,38.70386],[-9.16201,38.70323],[-9.1616,38.70298],[-9.16101,38.7026],[-9.161,38.70257],[-9.16128,38.70229],[-9.16139,38.7026],[-9.1616,38.70274],[-9.16223,38.70295],[-9.16286,38.70317],[-9.16349,38.70307],[-9.16412,38.70307],[-9.16468,38.7026],[-9.16475,38.70253],[-9.16538,38.70217],[-9.1657,38.7026],[-9.16601,38.70274],[-9.16665,38.70274],[-9.16692,38.7026],[-9.16728,38.70201],[-9.16791,38.70243],[-9.16814,38.70197],[-9.16835,38.70134],[-9.16835,38.70071],[-9.16791,38.7004],[-9.16738,38.70071],[-9.16738,38.70134],[-9.16728,38.70177],[-9.16704,38.70134],[-9.16704,38.70071],[-9.16667,38.70008],[-9.16728,38.69992],[-9.16791,38.69976],[-9.16841,38.69945],[-9.16841,38.69882],[-9.16854,38.69882],[-9.16917,38.69882],[-9.1698,38.69882],[-9.17,38.69882],[-9.17043,38.69925],[-9.17106,38.69902],[-9.17155,38.69882],[-9.17155,38.69818],[-9.17169,38.69818],[-9.17232,38.69818],[-9.17289,38.69818],[-9.17289,38.69882],[-9.17255,38.69945],[-9.17295,38.69956],[-9.17319,38.70008],[-9.17306,38.70071],[-9.17306,38.70134],[-9.17295,38.7014],[-9.17236,38.70197],[-9.17232,38.702],[-9.17169,38.702],[-9.17106,38.70201],[-9.17075,38.70197],[-9.17043,38.70187],[-9.17018,38.70197],[-9.1698,38.70204],[-9.16917,38.70204],[-9.16854,38.70206],[-9.16815,38.7026],[-9.16791,38.70284],[-9.16728,38.70265],[-9.16665,38.70295],[-9.16601,38.70295],[-9.16538,38.70291],[-9.16491,38.70323],[-9.16475,38.70327],[-9.16412,38.70354],[-9.16349,38.70354],[-9.16286,38.70381],[-9.16242,38.70386],[-9.16286,38.70406],[-9.16316,38.70449],[-9.16349,38.7046],[-9.16412,38.7046],[-9.16456,38.70512],[-9.16475,38.70525],[-9.16538,38.70517],[-9.16601,38.70513],[-9.16665,38.70513],[-9.16728,38.7054],[-9.16791,38.70531],[-9.16854,38.70522],[-9.16917,38.70516],[-9.1698,38.70516],[-9.17043,38.70559],[-9.17106,38.70548],[-9.17128,38.70575],[-9.17169,38.70617],[-9.17232,38.70617],[-9.17264,38.70638],[-9.17268,38.70701],[-9.17268,38.70765],[-9.17263,38.70828],[-9.17259,38.70891],[-9.17242,38.70954],[-9.17232,38.71007],[-9.17169,38.71007],[-9.17166,38.71017],[-9.17169,38.71024],[-9.17232,38.71024],[-9.17279,38.7108],[-9.17295,38.71104],[-9.17358,38.71103],[-9.17407,38.7108],[-9.17421,38.71058],[-9.17459,38.71017],[-9.17439,38.70954],[-9.17484,38.70908],[-9.17548,38.70908],[-9.17596,38.70954],[-9.17611,38.70961],[-9.17668,38.71017],[-9.17665,38.7108],[-9.17674,38.71091],[-9.1768,38.7108],[-9.17737,38.71023],[-9.17754,38.71017],[-9.17752,38.70954],[-9.17737,38.70932],[-9.17674,38.70919],[-9.17637,38.70891],[-9.17611,38.70847],[-9.17593,38.70828],[-9.17611,38.70823],[-9.17659,38.70765],[-9.17642,38.70701],[-9.17636,38.70638],[-9.17674,38.70633],[-9.17692,38.70638],[-9.17737,38.70686],[-9.17777,38.70638],[-9.178,38.70618],[-9.17863,38.70618],[-9.17884,38.70575],[-9.17894,38.70512],[-9.17922,38.70449],[-9.17926,38.70444],[-9.17989,38.70398],[-9.18001,38.70386],[-9.17989,38.70376],[-9.17929,38.70323],[-9.17989,38.70267],[-9.18017,38.7026],[-9.18052,38.70254],[-9.18115,38.70254],[-9.18134,38.7026],[-9.18178,38.70277],[-9.18191,38.7026],[-9.18241,38.70198],[-9.18295,38.7026],[-9.18304,38.70269],[-9.18329,38.7026],[-9.18328,38.70197],[-9.18368,38.7017],[-9.18431,38.7017],[-9.18494,38.70156],[-9.18509,38.70134],[-9.18557,38.70103],[-9.18585,38.70071],[-9.1862,38.70015],[-9.18683,38.7003],[-9.18746,38.7003],[-9.18755,38.70008],[-9.18809,38.69986],[-9.18833,38.70008],[-9.18829,38.70071],[-9.18827,38.70134],[-9.18809,38.70162],[-9.18746,38.70146],[-9.18683,38.70146],[-9.18632,38.70197],[-9.18628,38.7026],[-9.1862,38.70307],[-9.18619,38.70323],[-9.1862,38.70324],[-9.18683,38.70324],[-9.18746,38.70324],[-9.18809,38.70355],[-9.18872,38.70359],[-9.18893,38.70386],[-9.18872,38.70409],[-9.18855,38.70449],[-9.18872,38.70489],[-9.18888,38.70512],[-9.18913,38.70575],[-9.18935,38.70624],[-9.18998,38.70624],[-9.19047,38.70575],[-9.19059,38.70512],[-9.19061,38.7051],[-9.19064,38.70512],[-9.19124,38.70571],[-9.19164,38.70575],[-9.19174,38.70638],[-9.19185,38.70701],[-9.19187,38.70703],[-9.19191,38.70701],[-9.19211,38.70638],[-9.19251,38.70631],[-9.19314,38.70631],[-9.19333,38.70638],[-9.19377,38.70673],[-9.19388,38.70701],[-9.19388,38.70765],[-9.1944,38.70826],[-9.19441,38.70828],[-9.1944,38.70829],[-9.19384,38.70891],[-9.19377,38.70913],[-9.1936,38.70954],[-9.19327,38.71017],[-9.19334,38.7108],[-9.19314,38.71108],[-9.19251,38.71108],[-9.19241,38.71143],[-9.19251,38.71168],[-9.19314,38.71168],[-9.19345,38.71206],[-9.19377,38.71231],[-9.19404,38.71269],[-9.19415,38.71332],[-9.19429,38.71395],[-9.19377,38.71435],[-9.19366,38.71458],[-9.19377,38.7147],[-9.19428,38.71521],[-9.1944,38.71536],[-9.19452,38.71521],[-9.19503,38.71465],[-9.19566,38.71465],[-9.19594,38.71458],[-9.19629,38.71441],[-9.19692,38.71437],[-9.19755,38.71427],[-9.19818,38.71425],[-9.19881,38.71425],[-9.19901,38.71395],[-9.19901,38.71332],[-9.19908,38.71269],[-9.19931,38.71206],[-9.19881,38.71168],[-9.19818,38.71168],[-9.198,38.71143],[-9.19818,38.71121],[-9.19881,38.71121],[-9.19944,38.71123],[-9.20007,38.71082],[-9.20055,38.7108],[-9.2007,38.71079],[-9.20134,38.71078],[-9.20197,38.71056],[-9.20219,38.7108],[-9.2026,38.71095],[-9.20282,38.7108],[-9.20323,38.71051],[-9.20377,38.7108],[-9.2038,38.71143],[-9.20386,38.71146],[-9.20449,38.71146],[-9.20452,38.71143],[-9.20512,38.71099],[-9.20558,38.7108],[-9.20512,38.71038],[-9.20492,38.71017],[-9.20504,38.70954],[-9.20512,38.70942],[-9.20537,38.70891],[-9.20512,38.70842],[-9.20504,38.70828],[-9.20483,38.70765],[-9.20483,38.70701],[-9.20449,38.70661],[-9.20386,38.70661],[-9.20323,38.70643],[-9.20304,38.70638],[-9.2026,38.70605],[-9.20241,38.70638],[-9.20197,38.70659],[-9.20134,38.70659],[-9.20101,38.70638],[-9.20134,38.70599],[-9.20197,38.70599],[-9.20235,38.70575],[-9.20225,38.70512],[-9.20221,38.70449],[-9.2026,38.70423],[-9.20305,38.70386],[-9.20323,38.70364],[-9.20334,38.70386],[-9.20343,38.70449],[-9.20386,38.70511],[-9.20449,38.70511],[-9.20512,38.70468],[-9.20551,38.70449],[-9.20575,38.70445],[-9.2063,38.70449],[-9.20638,38.7045],[-9.20646,38.70449],[-9.20701,38.70445],[-9.20764,38.70445],[-9.20827,38.70437],[-9.20868,38.70449],[-9.2089,38.70454],[-9.20897,38.70449],[-9.20953,38.70429],[-9.21017,38.70429],[-9.2108,38.70387],[-9.21081,38.70386],[-9.21113,38.70323],[-9.21143,38.70308],[-9.21195,38.7026],[-9.21143,38.702],[-9.21141,38.70197],[-9.2108,38.70141],[-9.21017,38.70141],[-9.21008,38.70134],[-9.2098,38.70071],[-9.2098,38.70008],[-9.20975,38.69945],[-9.20984,38.69882],[-9.20984,38.69818],[-9.20953,38.69779],[-9.20935,38.69755],[-9.2089,38.69721],[-9.20855,38.69692],[-9.20827,38.69638],[-9.20764,38.69652],[-9.20701,38.69652],[-9.20663,38.69692],[-9.20638,38.69726],[-9.20597,38.69755],[-9.20575,38.69766],[-9.20557,38.69755],[-9.20512,38.69745],[-9.20497,38.69755],[-9.20505,38.69818],[-9.20512,38.69837],[-9.20527,38.69882],[-9.20512,38.69909],[-9.20475,38.69945],[-9.20449,38.69977],[-9.20386,38.69977],[-9.20375,38.70008],[-9.20375,38.70071],[-9.20339,38.70134],[-9.20323,38.70149],[-9.2026,38.70185],[-9.2022,38.70197],[-9.20197,38.70212],[-9.20134,38.70212],[-9.20109,38.70197],[-9.20101,38.70134],[-9.2007,38.70073],[-9.20068,38.70071],[-9.20068,38.70008],[-9.20034,38.69945],[-9.20007,38.69901],[-9.20001,38.69882],[-9.19981,38.69818],[-9.19981,38.69755],[-9.19944,38.69717],[-9.19908,38.69692],[-9.19881,38.69646],[-9.19818,38.69646],[-9.19755,38.69672],[-9.19692,38.69637],[-9.19629,38.69665],[-9.19566,38.69637],[-9.19503,38.69637],[-9.1944,38.69637],[-9.19377,38.69659],[-9.19314,38.6965],[-9.19251,38.6965],[-9.19187,38.69676],[-9.19124,38.69683],[-9.19061,38.69686],[-9.19031,38.69692],[-9.18998,38.69721],[-9.18935,38.69721],[-9.18872,38.69728],[-9.18809,38.69746],[-9.18758,38.69755],[-9.18746,38.69765],[-9.18683,38.69765],[-9.18675,38.69755],[-9.18628,38.69692],[-9.18644,38.69692],[-9.18683,38.69738],[-9.18746,38.69738],[-9.18809,38.69713],[-9.18852,38.69692],[-9.18852,38.69629],[-9.18872,38.69629],[-9.18935,38.69629],[-9.18998,38.69629],[-9.19011,38.69629],[-9.19061,38.6967],[-9.19124,38.69667],[-9.19187,38.69658],[-9.19234,38.69629],[-9.19234,38.69566],[-9.19251,38.69566],[-9.19314,38.69566],[-9.19328,38.69566],[-9.19377,38.69625],[-9.1944,38.6961],[-9.19503,38.69602],[-9.19566,38.69602],[-9.19629,38.69617],[-9.19692,38.69603],[-9.19746,38.69566],[-9.19755,38.69561],[-9.1981,38.69566],[-9.19818,38.69568],[-9.19881,38.69568],[-9.199,38.69566],[-9.19944,38.69564],[-9.19953,38.69566],[-9.19963,38.69629],[-9.19975,38.69692],[-9.20007,38.69726],[-9.20044,38.69755],[-9.20048,38.69818],[-9.2007,38.69859],[-9.20134,38.69868],[-9.20197,38.69868],[-9.20209,38.69882],[-9.20215,38.69945],[-9.20251,38.70008],[-9.20251,38.70071],[-9.20225,38.70134],[-9.2026,38.70146],[-9.20277,38.70134],[-9.20323,38.70076],[-9.20326,38.70071],[-9.20326,38.70008],[-9.20357,38.69945],[-9.20331,38.69882],[-9.20371,38.69818],[-9.20329,38.69755],[-9.20386,38.69694],[-9.20449,38.69694],[-9.20453,38.69692],[-9.20512,38.69674],[-9.20568,38.69629],[-9.20559,38.69566],[-9.20556,38.69503],[-9.20575,38.6948],[-9.20638,38.69461],[-9.20701,38.69473],[-9.20764,38.69473],[-9.20809,38.6944],[-9.20809,38.69377],[-9.20827,38.69369],[-9.2089,38.69364],[-9.20953,38.69374],[-9.21006,38.69377],[-9.21006,38.6944],[-9.21017,38.69441],[-9.2108,38.69441],[-9.21143,38.69446],[-9.21167,38.69503],[-9.21206,38.69561],[-9.21222,38.69566],[-9.21206,38.6958],[-9.21143,38.69606],[-9.21121,38.69629],[-9.2108,38.69651],[-9.21017,38.69651],[-9.20954,38.69692],[-9.21017,38.69731],[-9.2108,38.69731],[-9.21112,38.69755],[-9.21117,38.69818],[-9.21111,38.69882],[-9.2108,38.6993],[-9.21017,38.6993],[-9.2101,38.69945],[-9.21012,38.70008],[-9.21012,38.70071],[-9.21017,38.70082],[-9.2108,38.70082],[-9.21143,38.70119],[-9.21156,38.70134],[-9.21206,38.70167],[-9.21235,38.70197],[-9.2124,38.7026],[-9.21237,38.70323],[-9.21206,38.70364],[-9.21143,38.70367],[-9.21129,38.70386],[-9.2108,38.70441],[-9.21051,38.70449],[-9.2103,38.70512],[-9.21017,38.70542],[-9.20953,38.70542],[-9.20925,38.70512],[-9.2089,38.705],[-9.20877,38.70512],[-9.20855,38.70575],[-9.20832,38.70638],[-9.20832,38.70701],[-9.2089,38.7075],[-9.20953,38.70722],[-9.21017,38.70722],[-9.21068,38.70701],[-9.21068,38.70638],[-9.21049,38.70575],[-9.2108,38.70562],[-9.21143,38.7056],[-9.21206,38.70554],[-9.21223,38.70575],[-9.21236,38.70638],[-9.21236,38.70701],[-9.21269,38.70742],[-9.21332,38.70742],[-9.21395,38.70738],[-9.2142,38.70765],[-9.21458,38.70812],[-9.21477,38.70828],[-9.21521,38.7086],[-9.21549,38.70891],[-9.21538,38.70954],[-9.21556,38.71017],[-9.21562,38.7108],[-9.21538,38.71143],[-9.21521,38.71162],[-9.21476,38.71143],[-9.21458,38.71134],[-9.21395,38.71106],[-9.21346,38.7108],[-9.21332,38.71071],[-9.21269,38.71071],[-9.2125,38.7108],[-9.21232,38.71143],[-9.21206,38.71167],[-9.21173,38.71143],[-9.21143,38.71106],[-9.2108,38.71133],[-9.21062,38.71143],[-9.21017,38.71163],[-9.20953,38.71163],[-9.20922,38.71143],[-9.20898,38.7108],[-9.2089,38.71066],[-9.20881,38.7108],[-9.20827,38.71122],[-9.20764,38.71101],[-9.20701,38.71101],[-9.20673,38.71143],[-9.20701,38.71199],[-9.20764,38.71199],[-9.20827,38.71199],[-9.20859,38.71206],[-9.20867,38.71269],[-9.2089,38.71273],[-9.20921,38.71332],[-9.20953,38.71365],[-9.21017,38.71365],[-9.21047,38.71395],[-9.21048,38.71458],[-9.21017,38.7151],[-9.20953,38.7151],[-9.20943,38.71521],[-9.20892,38.71584],[-9.2089,38.71585],[-9.20827,38.71606],[-9.20796,38.71584],[-9.20764,38.71558],[-9.20701,38.71558],[-9.20666,38.71521],[-9.2067,38.71458],[-9.20701,38.71415],[-9.20764,38.71415],[-9.20827,38.71397],[-9.2083,38.71395],[-9.2084,38.71332],[-9.20827,38.71289],[-9.20764,38.71316],[-9.20701,38.71316],[-9.20668,38.71332],[-9.20643,38.71395],[-9.20638,38.71398],[-9.20575,38.71406],[-9.20569,38.71395],[-9.20553,38.71332],[-9.20575,38.71274],[-9.20638,38.71284],[-9.20644,38.71269],[-9.20681,38.71206],[-9.20638,38.71194],[-9.20575,38.71195],[-9.20561,38.71206],[-9.20551,38.71269],[-9.20512,38.71274],[-9.20504,38.71269],[-9.20449,38.71222],[-9.20386,38.71222],[-9.20323,38.71218],[-9.2026,38.71215],[-9.20197,38.71265],[-9.2019,38.71269],[-9.20134,38.71282],[-9.2007,38.71282],[-9.20007,38.71271],[-9.19952,38.71332],[-9.19952,38.71395],[-9.19944,38.71413],[-9.19922,38.71458],[-9.19881,38.71518],[-9.19818,38.71518],[-9.19787,38.71521],[-9.19755,38.71545],[-9.19692,38.71547],[-9.19657,38.71521],[-9.19629,38.71504],[-9.19566,38.71508],[-9.19503,38.71508],[-9.1949,38.71521],[-9.1944,38.71581],[-9.19423,38.71584],[-9.19377,38.71589],[-9.19367,38.71584],[-9.19377,38.71561],[-9.19389,38.71521],[-9.19377,38.71509],[-9.19332,38.71458],[-9.19356,38.71395],[-9.19349,38.71332],[-9.19361,38.71269],[-9.19314,38.71233],[-9.19251,38.71233],[-9.19187,38.71214],[-9.19184,38.71206],[-9.19187,38.71198],[-9.19214,38.71143],[-9.19187,38.71081],[-9.19187,38.7108],[-9.19187,38.71079],[-9.1921,38.71017],[-9.19187,38.70989],[-9.19161,38.70954],[-9.19124,38.70914],[-9.19101,38.70891],[-9.19069,38.70828],[-9.19061,38.70809],[-9.1903,38.70765],[-9.19014,38.70701],[-9.18998,38.70688],[-9.18935,38.70688],[-9.18872,38.70699],[-9.1887,38.70701],[-9.18872,38.70705],[-9.18918,38.70765],[-9.18924,38.70828],[-9.18923,38.70891],[-9.18894,38.70954],[-9.18881,38.71017],[-9.18872,38.71023],[-9.18863,38.71017],[-9.18809,38.70989],[-9.18763,38.71017],[-9.18746,38.71031],[-9.18683,38.71065],[-9.1862,38.71065],[-9.18601,38.7108],[-9.18557,38.71107],[-9.18494,38.71102],[-9.18431,38.71099],[-9.18368,38.71099],[-9.18305,38.71143],[-9.18304,38.71144],[-9.18241,38.71151],[-9.18178,38.71154],[-9.18115,38.71164],[-9.18052,38.71164],[-9.17989,38.71195],[-9.17979,38.71206],[-9.17926,38.71253],[-9.17863,38.71222],[-9.178,38.71222],[-9.17784,38.71206],[-9.17737,38.71148],[-9.17674,38.71186],[-9.17631,38.71206],[-9.17611,38.71238],[-9.17579,38.71269],[-9.17548,38.71297],[-9.17484,38.71297],[-9.17464,38.71332],[-9.17466,38.71395],[-9.17421,38.71413],[-9.17374,38.71395],[-9.17376,38.71332],[-9.17358,38.71296],[-9.17335,38.71332],[-9.17335,38.71395],[-9.17358,38.71448],[-9.1736,38.71458],[-9.17385,38.71521],[-9.17421,38.7157],[-9.17429,38.71584],[-9.1743,38.71648],[-9.17421,38.71658],[-9.17385,38.71711],[-9.1739,38.71774],[-9.17384,38.71837],[-9.17421,38.71891],[-9.17429,38.719],[-9.17421,38.71958],[-9.17358,38.71935],[-9.17335,38.71963],[-9.17358,38.7202],[-9.1739,38.72026],[-9.17358,38.7203],[-9.17306,38.72089],[-9.17358,38.72104],[-9.17379,38.72152],[-9.17358,38.72169],[-9.17303,38.72152],[-9.17295,38.72108],[-9.17271,38.72152],[-9.17295,38.7216],[-9.17312,38.72215],[-9.17295,38.72248],[-9.17262,38.72278],[-9.17285,38.72341],[-9.17232,38.72398],[-9.17169,38.72398],[-9.17164,38.72404],[-9.17169,38.72409],[-9.17232,38.72409],[-9.17295,38.72413],[-9.17322,38.72468],[-9.17298,38.72531],[-9.17319,38.72594],[-9.17316,38.72657],[-9.17295,38.72705],[-9.17273,38.7272],[-9.17273,38.72783],[-9.17285,38.72846],[-9.17286,38.72909],[-9.17281,38.72972],[-9.17295,38.72994],[-9.17321,38.73035],[-9.17358,38.7308],[-9.17371,38.73098],[-9.17358,38.73146],[-9.1735,38.73161],[-9.17354,38.73224],[-9.1734,38.73287],[-9.17295,38.73309],[-9.17232,38.7335],[-9.17169,38.7335],[-9.17169,38.73351],[-9.17169,38.73354],[-9.17232,38.73354],[-9.17241,38.73414],[-9.17244,38.73477],[-9.17295,38.73528],[-9.17303,38.7354],[-9.17295,38.73566],[-9.17277,38.73603],[-9.17283,38.73666],[-9.17295,38.73723],[-9.17358,38.73723],[-9.17365,38.73729],[-9.17398,38.73792],[-9.17421,38.73851],[-9.17424,38.73855],[-9.17484,38.73908],[-9.17548,38.73908],[-9.17556,38.73918],[-9.17556,38.73981],[-9.17611,38.74015],[-9.17657,38.73981],[-9.17662,38.73918],[-9.17674,38.73909],[-9.17697,38.73918],[-9.17703,38.73981],[-9.17737,38.74018],[-9.178,38.74018],[-9.1782,38.74044],[-9.17863,38.74078],[-9.17926,38.741],[-9.17989,38.74102],[-9.17991,38.74107],[-9.18052,38.74169],[-9.18115,38.74169],[-9.18117,38.7417],[-9.18158,38.74234],[-9.18178,38.74251],[-9.18239,38.74297],[-9.18241,38.74302],[-9.18256,38.7436],[-9.18304,38.74393],[-9.18368,38.74393],[-9.18431,38.74397],[-9.18494,38.74419],[-9.18557,38.74402],[-9.18593,38.74423],[-9.1862,38.74446],[-9.18683,38.74446],[-9.18746,38.74446],[-9.18793,38.74486],[-9.18796,38.74549],[-9.18809,38.74592],[-9.1883,38.74612],[-9.18872,38.74638],[-9.18935,38.74638],[-9.18966,38.74675],[-9.18935,38.74703],[-9.18872,38.74703],[-9.1883,38.74675],[-9.18809,38.74638],[-9.18766,38.74675],[-9.18746,38.74691],[-9.18734,38.74738],[-9.18733,38.74801],[-9.18729,38.74864],[-9.18746,38.74891],[-9.18777,38.74927],[-9.18809,38.7494],[-9.18835,38.74927],[-9.18872,38.74907],[-9.18935,38.74907],[-9.18966,38.74927],[-9.18998,38.74962],[-9.19048,38.7499],[-9.19061,38.74999],[-9.19076,38.7499],[-9.19124,38.74968],[-9.19149,38.7499],[-9.1917,38.75054],[-9.19132,38.75117],[-9.19187,38.75141],[-9.19251,38.75141],[-9.19306,38.7518],[-9.19306,38.75243],[-9.19314,38.75256],[-9.19325,38.75243],[-9.19325,38.7518],[-9.19319,38.75117],[-9.19351,38.75054],[-9.1936,38.7499],[-9.19327,38.74927],[-9.19314,38.74892],[-9.19291,38.74864],[-9.19258,38.74801],[-9.19251,38.74795],[-9.19187,38.74795],[-9.19124,38.74796],[-9.19061,38.7474],[-9.1903,38.74738],[-9.19035,38.74675],[-9.19052,38.74612],[-9.18998,38.74576],[-9.18975,38.74549],[-9.18935,38.74509],[-9.18884,38.74486],[-9.18872,38.7448],[-9.18853,38.74423],[-9.18872,38.74417],[-9.18935,38.74419],[-9.18998,38.74419],[-9.19061,38.74403],[-9.19105,38.7436],[-9.19124,38.7435],[-9.19187,38.7435],[-9.19251,38.7435],[-9.19314,38.74334],[-9.19377,38.74312],[-9.1944,38.74311],[-9.19455,38.74297],[-9.19503,38.7428],[-9.19566,38.7428],[-9.1962,38.74297],[-9.19629,38.74301],[-9.19692,38.74327],[-9.19726,38.74297],[-9.19755,38.7427],[-9.19818,38.7427],[-9.19855,38.74234],[-9.19881,38.74198],[-9.19908,38.7417],[-9.19944,38.74126],[-9.19958,38.74107],[-9.19989,38.74044],[-9.20007,38.74029],[-9.20057,38.73981],[-9.20059,38.73918],[-9.20063,38.73855],[-9.20067,38.73792],[-9.2007,38.73768],[-9.20134,38.73768],[-9.20144,38.73729],[-9.20181,38.73666],[-9.20197,38.73623],[-9.20215,38.73603],[-9.2025,38.7354],[-9.2026,38.7353],[-9.20323,38.73515],[-9.20353,38.73477],[-9.20386,38.73416],[-9.20449,38.73416],[-9.20457,38.73414],[-9.20483,38.73351],[-9.20449,38.73307],[-9.20386,38.73307],[-9.20378,38.73287],[-9.20378,38.73224],[-9.20386,38.73209],[-9.20449,38.73209],[-9.20478,38.73161],[-9.20482,38.73098],[-9.20512,38.73072],[-9.20575,38.73046],[-9.20638,38.7304],[-9.20701,38.7304],[-9.2072,38.73035],[-9.20764,38.73017],[-9.20783,38.73035],[-9.20827,38.73095],[-9.20831,38.73098],[-9.2089,38.73155],[-9.20925,38.73098],[-9.20926,38.73035],[-9.20909,38.72972],[-9.2089,38.72919],[-9.20884,38.72909],[-9.20887,38.72846],[-9.2089,38.7284],[-9.20929,38.72819],[-9.20935,38.72838],[-9.20921,38.72846],[-9.20921,38.72909],[-9.20937,38.72972],[-9.20953,38.73017],[-9.20987,38.73017],[-9.20851,38.73231],[-9.20851,38.73224],[-9.20827,38.73196],[-9.2077,38.73161],[-9.20778,38.73098],[-9.20764,38.7308],[-9.20701,38.73075],[-9.20638,38.73075],[-9.20575,38.73074],[-9.20533,38.73098],[-9.20518,38.73161],[-9.20575,38.73192],[-9.20607,38.73224],[-9.20607,38.73287],[-9.20638,38.73323],[-9.20701,38.73323],[-9.20764,38.73308],[-9.20801,38.7331],[-9.20541,38.73721],[-9.20512,38.73679],[-9.20449,38.73687],[-9.20386,38.73687],[-9.20323,38.73676],[-9.2026,38.73693],[-9.20207,38.73729],[-9.20203,38.73792],[-9.2026,38.73842],[-9.20265,38.73855],[-9.2026,38.73861],[-9.2021,38.73918],[-9.20197,38.73978],[-9.20193,38.73981],[-9.20134,38.74008],[-9.2007,38.74008],[-9.20032,38.74044],[-9.20007,38.74081],[-9.19995,38.74107],[-9.19976,38.7417],[-9.20007,38.7418],[-9.20014,38.7417],[-9.2007,38.74129],[-9.20134,38.74129],[-9.20167,38.74107],[-9.20197,38.74084],[-9.20216,38.74107],[-9.20197,38.74154],[-9.20188,38.7417],[-9.20197,38.74198],[-9.2026,38.74185],[-9.20323,38.74197],[-9.20332,38.74234],[-9.20386,38.74279],[-9.20449,38.74279],[-9.20474,38.74297],[-9.20449,38.74321],[-9.20386,38.74321],[-9.20358,38.7436],[-9.20386,38.74394],[-9.20449,38.74394],[-9.2048,38.7436],[-9.20512,38.74327],[-9.20567,38.74297],[-9.2057,38.74294],[-9.20595,38.74328],[-9.20595,38.7436],[-9.20607,38.74423],[-9.20638,38.74436],[-9.20651,38.74423],[-9.20651,38.74405],[-9.20754,38.74545],[-9.20997,38.74861],[-9.20997,38.74864],[-9.20953,38.74908],[-9.20934,38.74864],[-9.2089,38.74841],[-9.20835,38.74801],[-9.20827,38.74794],[-9.20811,38.74801],[-9.20764,38.74816],[-9.20702,38.74864],[-9.20701,38.74865],[-9.20638,38.74865],[-9.20575,38.74921],[-9.20568,38.74927],[-9.20526,38.7499],[-9.20575,38.75011],[-9.20638,38.75026],[-9.20701,38.75026],[-9.2076,38.75054],[-9.20764,38.75055],[-9.20765,38.75054],[-9.20823,38.7499],[-9.20827,38.74988],[-9.2089,38.74945],[-9.20913,38.7499],[-9.2093,38.75054],[-9.20901,38.75117],[-9.2089,38.75125],[-9.2085,38.7518],[-9.2089,38.7523],[-9.20906,38.75243],[-9.20906,38.7528],[-9.20869,38.75334],[-9.20886,38.75372],[-9.20827,38.7538],[-9.20778,38.75369],[-9.20764,38.75364],[-9.20725,38.75306],[-9.20701,38.75291],[-9.20638,38.75291],[-9.20624,38.75306],[-9.20625,38.75369],[-9.20638,38.75375],[-9.20701,38.75375],[-9.20724,38.75432],[-9.2074,38.75495],[-9.20701,38.75552],[-9.20638,38.75552],[-9.20575,38.75547],[-9.20512,38.75515],[-9.20491,38.75558],[-9.20488,38.75621],[-9.20449,38.75642],[-9.20387,38.75684],[-9.20387,38.75708],[-9.20362,38.75724],[-9.20323,38.75685],[-9.20321,38.75684],[-9.2026,38.75666],[-9.2021,38.75684],[-9.20197,38.75695],[-9.20171,38.75684],[-9.20134,38.75677],[-9.2007,38.75677],[-9.20007,38.7566],[-9.19974,38.75684],[-9.19944,38.75731],[-9.19935,38.75747],[-9.19881,38.75782],[-9.19818,38.75791],[-9.19755,38.75791],[-9.19692,38.75801],[-9.1968,38.7581],[-9.1968,38.75873],[-9.19656,38.75937],[-9.19629,38.75944],[-9.19566,38.75942],[-9.19503,38.75943],[-9.1944,38.75943],[-9.19377,38.75991],[-9.19355,38.76],[-9.19314,38.76045],[-9.19251,38.76047],[-9.19187,38.76047],[-9.19163,38.76063],[-9.19124,38.7608],[-9.19061,38.7608],[-9.18998,38.7608],[-9.18983,38.76063],[-9.18998,38.76033],[-9.19023,38.76],[-9.19041,38.75937],[-9.19061,38.75918],[-9.19107,38.75937],[-9.19124,38.75958],[-9.19187,38.75938],[-9.19251,38.75938],[-9.19314,38.75985],[-9.19346,38.75937],[-9.19377,38.75906],[-9.19427,38.75873],[-9.19427,38.7581],[-9.1944,38.75767],[-9.19461,38.7581],[-9.19461,38.75873],[-9.19503,38.75921],[-9.19566,38.75921],[-9.19585,38.75873],[-9.19585,38.7581],[-9.19566,38.75771],[-9.19503,38.75771],[-9.19457,38.75747],[-9.19503,38.75729],[-9.19566,38.75729],[-9.19586,38.75684],[-9.19566,38.75672],[-9.19503,38.75672],[-9.19466,38.75684],[-9.1944,38.75736],[-9.1942,38.75684],[-9.19377,38.75664],[-9.19345,38.75684],[-9.19314,38.75711],[-9.19261,38.75747],[-9.19251,38.75762],[-9.19187,38.75762],[-9.19124,38.75787],[-9.19061,38.75763],[-9.18998,38.75774],[-9.18935,38.75808],[-9.18872,38.75808],[-9.1887,38.7581],[-9.1887,38.75873],[-9.18809,38.75927],[-9.188,38.75937],[-9.18805,38.76],[-9.18746,38.76021],[-9.18683,38.76005],[-9.1862,38.76005],[-9.18615,38.76],[-9.18557,38.75979],[-9.18494,38.7598],[-9.1847,38.75937],[-9.1847,38.75873],[-9.1847,38.7581],[-9.18494,38.75781],[-9.18551,38.75747],[-9.18557,38.75743],[-9.1862,38.7571],[-9.18683,38.7571],[-9.18746,38.7571],[-9.18775,38.75684],[-9.18809,38.75671],[-9.18872,38.75668],[-9.18935,38.75668],[-9.18998,38.75665],[-9.19061,38.75667],[-9.1909,38.75684],[-9.19124,38.7571],[-9.19152,38.75684],[-9.19187,38.75657],[-9.19251,38.75657],[-9.19275,38.75621],[-9.19276,38.75558],[-9.19251,38.75527],[-9.19187,38.75527],[-9.19124,38.75524],[-9.19108,38.75495],[-9.191,38.75432],[-9.19124,38.75418],[-9.19154,38.75432],[-9.19187,38.75455],[-9.19251,38.75455],[-9.19264,38.75432],[-9.19251,38.75413],[-9.19187,38.75413],[-9.1916,38.75369],[-9.19124,38.75321],[-9.19109,38.75306],[-9.19104,38.75243],[-9.19104,38.7518],[-9.19061,38.7513],[-9.19056,38.75117],[-9.18998,38.75064],[-9.18987,38.75054],[-9.18935,38.75013],[-9.18872,38.75013],[-9.18842,38.7499],[-9.18809,38.74975],[-9.18758,38.7499],[-9.18762,38.75054],[-9.18746,38.75063],[-9.18683,38.75083],[-9.1862,38.75083],[-9.18588,38.75054],[-9.18571,38.7499],[-9.18606,38.74927],[-9.18596,38.74864],[-9.18557,38.74828],[-9.18526,38.74801],[-9.18557,38.74766],[-9.1862,38.74753],[-9.18683,38.74753],[-9.1869,38.74738],[-9.18689,38.74675],[-9.18683,38.74644],[-9.1862,38.74644],[-9.18557,38.74655],[-9.18546,38.74675],[-9.18524,38.74738],[-9.18494,38.74764],[-9.18446,38.74738],[-9.18455,38.74675],[-9.18431,38.74644],[-9.18397,38.74612],[-9.18397,38.74549],[-9.18368,38.74517],[-9.18304,38.74517],[-9.18282,38.74549],[-9.18282,38.74612],[-9.18274,38.74675],[-9.18271,38.74738],[-9.18241,38.74781],[-9.18178,38.74754],[-9.1813,38.74801],[-9.18115,38.74815],[-9.18052,38.74815],[-9.18006,38.74864],[-9.17989,38.74902],[-9.17926,38.74885],[-9.17863,38.74898],[-9.178,38.74896],[-9.17737,38.74896],[-9.17692,38.74927],[-9.17674,38.74946],[-9.17623,38.74927],[-9.17611,38.74922],[-9.17598,38.74927],[-9.17548,38.74951],[-9.17484,38.74959],[-9.17421,38.74959],[-9.1741,38.7499],[-9.17358,38.75021],[-9.17347,38.75054],[-9.17358,38.75067],[-9.17421,38.75104],[-9.17484,38.75104],[-9.1752,38.75054],[-9.17548,38.7503],[-9.17564,38.75054],[-9.17611,38.75088],[-9.17644,38.75117],[-9.17674,38.75133],[-9.17737,38.75124],[-9.178,38.75124],[-9.1784,38.75117],[-9.17863,38.75108],[-9.17921,38.75117],[-9.17926,38.75117],[-9.17928,38.75117],[-9.17989,38.75101],[-9.18002,38.75117],[-9.17989,38.75132],[-9.1797,38.7518],[-9.17989,38.7524],[-9.17995,38.75243],[-9.18052,38.75266],[-9.18115,38.75266],[-9.18144,38.75306],[-9.18157,38.75369],[-9.18142,38.75432],[-9.18115,38.75447],[-9.18052,38.75447],[-9.18003,38.75495],[-9.17989,38.75508],[-9.17962,38.75495],[-9.17926,38.75479],[-9.17874,38.75495],[-9.17863,38.75523],[-9.178,38.75549],[-9.17737,38.75549],[-9.17731,38.75558],[-9.17737,38.75571],[-9.178,38.75571],[-9.17846,38.75621],[-9.178,38.75655],[-9.17737,38.75655],[-9.17674,38.75653],[-9.17642,38.75621],[-9.17611,38.75595],[-9.17548,38.75603],[-9.17484,38.75589],[-9.17421,38.75589],[-9.17375,38.75558],[-9.17358,38.75539],[-9.17295,38.75526],[-9.17239,38.75495],[-9.17232,38.75473],[-9.17169,38.75473],[-9.17154,38.75495],[-9.17106,38.75521],[-9.17043,38.75526],[-9.1698,38.75524],[-9.16956,38.75558],[-9.1698,38.75612],[-9.17009,38.75621],[-9.1698,38.7564],[-9.16966,38.75684],[-9.1698,38.75699],[-9.17005,38.75747],[-9.17031,38.7581],[-9.17031,38.75873],[-9.17043,38.75882],[-9.171,38.75873],[-9.171,38.7581],[-9.17106,38.75809],[-9.17107,38.7581],[-9.17107,38.75873],[-9.17106,38.75887],[-9.17103,38.75937],[-9.17106,38.75941],[-9.17117,38.75937],[-9.17169,38.75919],[-9.17232,38.75919],[-9.17249,38.75937],[-9.17295,38.75979],[-9.17337,38.76],[-9.17358,38.76009],[-9.17381,38.76],[-9.17408,38.75937],[-9.17421,38.75924],[-9.17484,38.75924],[-9.17548,38.75937],[-9.17611,38.75902],[-9.17641,38.75937],[-9.17674,38.75955],[-9.17737,38.75972],[-9.178,38.75972],[-9.17863,38.75986],[-9.17876,38.76],[-9.17926,38.76036],[-9.17989,38.76032],[-9.18052,38.76032],[-9.18102,38.76063],[-9.18115,38.76081],[-9.1813,38.76063],[-9.18178,38.7603],[-9.18214,38.76],[-9.18241,38.75971],[-9.18302,38.75937],[-9.18304,38.75935],[-9.18368,38.75935],[-9.1837,38.75937],[-9.18431,38.7598],[-9.18469,38.76],[-9.18494,38.76053],[-9.18504,38.76063],[-9.18557,38.76106],[-9.18581,38.76126],[-9.18557,38.76135],[-9.18495,38.76189],[-9.18498,38.76252],[-9.18495,38.76315],[-9.18494,38.76316],[-9.18431,38.76316],[-9.1842,38.76315],[-9.18368,38.76311],[-9.18304,38.76311],[-9.18293,38.76315],[-9.18278,38.76378],[-9.18241,38.76383],[-9.18207,38.76441],[-9.18207,38.76504],[-9.18202,38.76567],[-9.18178,38.76626],[-9.18115,38.76616],[-9.18063,38.7663],[-9.18052,38.76632],[-9.17989,38.76632],[-9.17985,38.7663],[-9.17949,38.76567],[-9.17926,38.76545],[-9.17892,38.76504],[-9.17892,38.76441],[-9.17863,38.76405]],[[-9.17924,38.76504],[-9.17926,38.76506],[-9.17989,38.76567],[-9.17989,38.76568],[-9.18052,38.76568],[-9.18053,38.76567],[-9.18099,38.76504],[-9.18099,38.76441],[-9.18052,38.76419],[-9.17989,38.76419],[-9.17926,38.76433],[-9.17924,38.76441],[-9.17924,38.76504]],[[-9.17484,38.76248],[-9.17421,38.76248],[-9.1742,38.76252],[-9.17421,38.76253],[-9.17484,38.76253],[-9.17487,38.76252],[-9.17484,38.76248]],[[-9.16728,38.75446],[-9.16747,38.75432],[-9.16728,38.75397],[-9.16702,38.75432],[-9.16728,38.75446]],[[-9.17295,38.7475],[-9.173,38.74738],[-9.17295,38.74733],[-9.17289,38.74738],[-9.17295,38.7475]],[[-9.16475,38.74681],[-9.16478,38.74675],[-9.16475,38.74673],[-9.16472,38.74675],[-9.16475,38.74681]],[[-9.16223,38.74426],[-9.1616,38.74428],[-9.16132,38.74486],[-9.1616,38.74516],[-9.16223,38.74542],[-9.16254,38.74486],[-9.16223,38.74426]],[[-9.15971,38.74663],[-9.15941,38.74612],[-9.15941,38.74549],[-9.15908,38.74509],[-9.15888,38.74549],[-9.15888,38.74612],[-9.1586,38.74675],[-9.15845,38.74679],[-9.15844,38.74675],[-9.15782,38.74624],[-9.15718,38.74624],[-9.15655,38.74617],[-9.15648,38.74612],[-9.15648,38.74549],[-9.15602,38.74486],[-9.15592,38.74478],[-9.15568,38.74486],[-9.15529,38.74496],[-9.15477,38.74549],[-9.15477,38.74612],[-9.15466,38.74629],[-9.15403,38.74629],[-9.1534,38.74653],[-9.15299,38.74675],[-9.15277,38.74709],[-9.15262,38.74738],[-9.15277,38.74765],[-9.1534,38.74784],[-9.15388,38.74738],[-9.15403,38.7472],[-9.15466,38.7472],[-9.15529,38.7471],[-9.15592,38.74728],[-9.15614,38.74738],[-9.15655,38.74785],[-9.15718,38.748],[-9.15782,38.748],[-9.15783,38.74801],[-9.15845,38.7482],[-9.15867,38.74801],[-9.15908,38.74773],[-9.1594,38.74738],[-9.15971,38.74678],[-9.16034,38.74678],[-9.16046,38.74675],[-9.16034,38.74663],[-9.15971,38.74663]],[[-9.1534,38.75512],[-9.15311,38.75495],[-9.15315,38.75432],[-9.15277,38.75386],[-9.15214,38.75385],[-9.15197,38.75369],[-9.15214,38.75346],[-9.15243,38.75306],[-9.15214,38.75273],[-9.15171,38.75243],[-9.15171,38.7518],[-9.15151,38.75161],[-9.15088,38.75161],[-9.15062,38.75117],[-9.15088,38.75072],[-9.15151,38.75072],[-9.15163,38.75054],[-9.15151,38.7503],[-9.15088,38.7503],[-9.15076,38.7499],[-9.15088,38.74951],[-9.15151,38.74946],[-9.15214,38.7495],[-9.15226,38.74927],[-9.15214,38.74915],[-9.15151,38.74915],[-9.15088,38.74907],[-9.15025,38.74926],[-9.14962,38.74891],[-9.14898,38.74893],[-9.14835,38.74893],[-9.14791,38.74864],[-9.14772,38.74854],[-9.14729,38.74864],[-9.14709,38.7487],[-9.14646,38.749],[-9.14583,38.74871],[-9.1452,38.74871],[-9.14508,38.74864],[-9.14486,38.74801],[-9.14457,38.74782],[-9.14394,38.74786],[-9.14383,38.74801],[-9.14331,38.74853],[-9.14268,38.74853],[-9.14236,38.74864],[-9.1426,38.74927],[-9.14268,38.74939],[-9.14331,38.74939],[-9.14394,38.74956],[-9.14443,38.74927],[-9.14457,38.74924],[-9.14459,38.74927],[-9.14467,38.7499],[-9.14457,38.75031],[-9.14394,38.75003],[-9.14331,38.75023],[-9.14268,38.75023],[-9.14224,38.7499],[-9.14205,38.74977],[-9.14185,38.7499],[-9.14151,38.75054],[-9.14205,38.75107],[-9.1421,38.75117],[-9.14245,38.7518],[-9.14245,38.75243],[-9.14268,38.75264],[-9.14331,38.75264],[-9.14385,38.75306],[-9.14394,38.75329],[-9.14429,38.75306],[-9.14445,38.75243],[-9.14445,38.7518],[-9.14457,38.75173],[-9.1447,38.7518],[-9.1447,38.75243],[-9.1447,38.75306],[-9.1452,38.75324],[-9.14583,38.75324],[-9.14632,38.75369],[-9.14635,38.75432],[-9.14646,38.7544],[-9.14709,38.75461],[-9.14772,38.75463],[-9.14828,38.75432],[-9.14835,38.75427],[-9.14898,38.75427],[-9.14902,38.75432],[-9.14962,38.75477],[-9.15025,38.75442],[-9.15088,38.75436],[-9.15151,38.75436],[-9.15214,38.75486],[-9.15227,38.75495],[-9.15256,38.75558],[-9.15254,38.75621],[-9.15277,38.75641],[-9.1534,38.75673],[-9.15367,38.75684],[-9.15403,38.75731],[-9.15466,38.75731],[-9.15484,38.75747],[-9.15529,38.75769],[-9.15546,38.75747],[-9.15547,38.75684],[-9.15529,38.75652],[-9.15508,38.75621],[-9.15507,38.75558],[-9.15466,38.75539],[-9.15403,38.75539],[-9.1534,38.75512]],[[-9.14709,38.75565],[-9.14732,38.75558],[-9.14709,38.75551],[-9.14697,38.75558],[-9.14709,38.75565]],[[-9.14583,38.75655],[-9.1452,38.75655],[-9.1451,38.75621],[-9.14472,38.75558],[-9.14475,38.75495],[-9.14457,38.7548],[-9.14436,38.75432],[-9.14394,38.75406],[-9.14354,38.75369],[-9.14331,38.75336],[-9.14268,38.75336],[-9.14232,38.75369],[-9.14205,38.75387],[-9.1416,38.75432],[-9.14205,38.75493],[-9.14268,38.75487],[-9.14331,38.75487],[-9.14394,38.75488],[-9.14422,38.75495],[-9.14394,38.755],[-9.14331,38.75513],[-9.14268,38.75513],[-9.14205,38.75504],[-9.14142,38.75513],[-9.14128,38.75495],[-9.14104,38.75432],[-9.14079,38.75407],[-9.14043,38.75432],[-9.14039,38.75495],[-9.14063,38.75558],[-9.14079,38.75586],[-9.14105,38.75621],[-9.14142,38.75659],[-9.14205,38.75666],[-9.14263,38.75684],[-9.14268,38.75694],[-9.14331,38.75694],[-9.14376,38.75747],[-9.14394,38.75754],[-9.14411,38.75747],[-9.14457,38.75734],[-9.1452,38.75692],[-9.14583,38.75692],[-9.14646,38.75694],[-9.14657,38.75684],[-9.14646,38.75666],[-9.14583,38.75655]],[[-9.14331,38.75884],[-9.14344,38.75873],[-9.14344,38.7581],[-9.14331,38.75803],[-9.14268,38.75803],[-9.14254,38.7581],[-9.14254,38.75873],[-9.14268,38.75884],[-9.14331,38.75884]],[[-9.14205,38.7595],[-9.14217,38.75937],[-9.14205,38.75927],[-9.14178,38.75937],[-9.14205,38.7595]],[[-9.13889,38.75812],[-9.13893,38.7581],[-9.13889,38.75805],[-9.13883,38.7581],[-9.13889,38.75812]],[[-9.137,38.75722],[-9.13637,38.75722],[-9.13618,38.75747],[-9.13637,38.75782],[-9.137,38.75782],[-9.13723,38.75747],[-9.137,38.75722]],[[-9.13322,38.76131],[-9.13328,38.76126],[-9.13322,38.76113],[-9.1331,38.76126],[-9.13322,38.76131]],[[-9.13481,38.7581],[-9.13465,38.75747],[-9.13491,38.75684],[-9.13511,38.75657],[-9.13542,38.75621],[-9.13574,38.75601],[-9.13637,38.75592],[-9.137,38.75592],[-9.13752,38.75558],[-9.13763,38.75554],[-9.13779,38.75558],[-9.13826,38.75591],[-9.13851,38.75621],[-9.13826,38.75667],[-9.13763,38.75634],[-9.1374,38.75684],[-9.13763,38.75705],[-9.13826,38.757],[-9.13889,38.75689],[-9.13952,38.75695],[-9.14015,38.75695],[-9.14024,38.75684],[-9.14015,38.75661],[-9.13952,38.75661],[-9.13931,38.75621],[-9.13952,38.75578],[-9.14015,38.75578],[-9.14019,38.75558],[-9.14015,38.75553],[-9.13952,38.75553],[-9.1393,38.75558],[-9.13889,38.75578],[-9.13865,38.75558],[-9.1385,38.75495],[-9.13826,38.75466],[-9.13771,38.75432],[-9.13763,38.75426],[-9.1372,38.75369],[-9.13744,38.75306],[-9.137,38.75279],[-9.13637,38.75279],[-9.13607,38.75306],[-9.13574,38.75347],[-9.13511,38.75362],[-9.13484,38.75306],[-9.13448,38.75262],[-9.13385,38.75262],[-9.13337,38.75306],[-9.13322,38.75314],[-9.13314,38.75306],[-9.1329,38.75243],[-9.1329,38.7518],[-9.13322,38.75143],[-9.13385,38.75125],[-9.13448,38.75125],[-9.13452,38.75117],[-9.13448,38.75108],[-9.13385,38.75108],[-9.13362,38.75054],[-9.13385,38.75024],[-9.13448,38.75024],[-9.13468,38.7499],[-9.13452,38.74927],[-9.13448,38.74922],[-9.13385,38.74922],[-9.13322,38.74913],[-9.13293,38.74927],[-9.13322,38.74981],[-9.13329,38.7499],[-9.13322,38.74995],[-9.13259,38.75034],[-9.13224,38.75054],[-9.13196,38.75079],[-9.13132,38.75071],[-9.13069,38.75071],[-9.13051,38.75054],[-9.13006,38.7502],[-9.12955,38.75054],[-9.12943,38.75099],[-9.12941,38.75117],[-9.12943,38.75124],[-9.12968,38.7518],[-9.12973,38.75243],[-9.12959,38.75306],[-9.13006,38.75349],[-9.13023,38.75369],[-9.13016,38.75432],[-9.13042,38.75495],[-9.13027,38.75558],[-9.13006,38.75579],[-9.12967,38.75621],[-9.12965,38.75684],[-9.12975,38.75747],[-9.12953,38.7581],[-9.13006,38.75852],[-9.13026,38.75873],[-9.13026,38.75937],[-9.13006,38.75971],[-9.12989,38.76],[-9.13006,38.76041],[-9.13069,38.76057],[-9.13132,38.76057],[-9.13196,38.76054],[-9.1321,38.76063],[-9.13259,38.76083],[-9.1328,38.76063],[-9.13322,38.76037],[-9.1338,38.76],[-9.13385,38.75995],[-9.13448,38.75995],[-9.13499,38.75937],[-9.13499,38.75873],[-9.13481,38.7581]],[[-9.12691,38.75707],[-9.12716,38.75684],[-9.12691,38.75634],[-9.12664,38.75684],[-9.12691,38.75707]],[[-9.12376,38.75494],[-9.12313,38.7547],[-9.1228,38.75495],[-9.12313,38.75512],[-9.12376,38.75496],[-9.12377,38.75495],[-9.12376,38.75494]],[[-9.1218,38.75306],[-9.12123,38.75345],[-9.12106,38.75369],[-9.12123,38.75395],[-9.12175,38.75432],[-9.12186,38.75459],[-9.12249,38.75459],[-9.12269,38.75432],[-9.12283,38.75369],[-9.12262,38.75306],[-9.12262,38.75243],[-9.12249,38.75235],[-9.12186,38.75235],[-9.1218,38.75243],[-9.1218,38.75306]],[[-9.12754,38.74857],[-9.12691,38.74852],[-9.12668,38.74864],[-9.12691,38.74879],[-9.12754,38.74877],[-9.12759,38.74864],[-9.12754,38.74857]],[[-9.12249,38.74101],[-9.12186,38.74101],[-9.12176,38.74107],[-9.12186,38.74129],[-9.12249,38.74129],[-9.12257,38.74107],[-9.12249,38.74101]],[[-9.12565,38.72897],[-9.12502,38.72897],[-9.12474,38.72909],[-9.12502,38.72944],[-9.12565,38.72944],[-9.12588,38.72909],[-9.12565,38.72897]],[[-9.12388,38.72026],[-9.12376,38.72014],[-9.12367,38.72026],[-9.12367,38.72089],[-9.12376,38.72128],[-9.12388,38.72089],[-9.12388,38.72026]],[[-9.12313,38.71616],[-9.12249,38.71616],[-9.12233,38.71648],[-9.12249,38.71657],[-9.12313,38.71657],[-9.12322,38.71648],[-9.12313,38.71616]],[[-9.13289,38.70765],[-9.13259,38.70757],[-9.13242,38.70765],[-9.13242,38.70828],[-9.13259,38.70888],[-9.13289,38.70828],[-9.13289,38.70765]],[[-9.17123,38.70071],[-9.17106,38.70059],[-9.17092,38.70071],[-9.17092,38.70134],[-9.17106,38.70172],[-9.17123,38.70134],[-9.17123,38.70071]],[[-9.1698,38.70137],[-9.16987,38.70134],[-9.16987,38.70071],[-9.1698,38.70051],[-9.16917,38.70051],[-9.16908,38.70071],[-9.16908,38.70134],[-9.16917,38.70137],[-9.1698,38.70137]],[[-9.21397,38.70891],[-9.21395,38.70889],[-9.2138,38.70891],[-9.21332,38.70904],[-9.21269,38.70904],[-9.21206,38.70895],[-9.21143,38.70917],[-9.21123,38.70891],[-9.2108,38.70849],[-9.21031,38.70828],[-9.21017,38.70816],[-9.20953,38.70816],[-9.20948,38.70828],[-9.2089,38.70883],[-9.20868,38.70891],[-9.20866,38.70954],[-9.2089,38.7096],[-9.20953,38.70979],[-9.21017,38.70979],[-9.2108,38.7097],[-9.21143,38.70977],[-9.21197,38.71017],[-9.21206,38.7102],[-9.21211,38.71017],[-9.21269,38.70979],[-9.21332,38.70979],[-9.21395,38.71002],[-9.21458,38.70967],[-9.21469,38.70954],[-9.21458,38.70945],[-9.21397,38.70891]],[[-9.20764,38.70573],[-9.20701,38.70573],[-9.20695,38.70575],[-9.20701,38.70583],[-9.20764,38.70583],[-9.20777,38.70575],[-9.20764,38.70573]],[[-9.21017,38.71426],[-9.20953,38.71426],[-9.20914,38.71458],[-9.20953,38.71474],[-9.21017,38.71474],[-9.21026,38.71458],[-9.21017,38.71426]],[[-9.2089,38.71481],[-9.20827,38.71471],[-9.20785,38.71521],[-9.20827,38.71539],[-9.2089,38.71542],[-9.20907,38.71521],[-9.2089,38.71481]],[[-9.20575,38.70742],[-9.20604,38.70765],[-9.20638,38.70785],[-9.20658,38.70765],[-9.20638,38.70732],[-9.20614,38.70701],[-9.20614,38.70638],[-9.20575,38.706],[-9.20555,38.70638],[-9.20544,38.70701],[-9.20575,38.70742]],[[-9.2026,38.71153],[-9.20261,38.71143],[-9.2026,38.71143],[-9.20257,38.71143],[-9.2026,38.71153]],[[-9.20007,38.71262],[-9.2007,38.71241],[-9.20134,38.71241],[-9.20161,38.71206],[-9.2015,38.71143],[-9.20134,38.71138],[-9.2007,38.71138],[-9.20007,38.71137],[-9.2,38.71143],[-9.19994,38.71206],[-9.20007,38.71262]],[[-9.1862,38.7092],[-9.18683,38.7092],[-9.18746,38.70936],[-9.18807,38.70891],[-9.18809,38.7089],[-9.1881,38.70891],[-9.18872,38.70922],[-9.18892,38.70891],[-9.18872,38.70832],[-9.18869,38.70828],[-9.18813,38.70765],[-9.18811,38.70701],[-9.18809,38.70699],[-9.18746,38.70695],[-9.18699,38.70638],[-9.18683,38.70631],[-9.1862,38.70631],[-9.18594,38.70638],[-9.18557,38.70661],[-9.18533,38.70701],[-9.18557,38.7076],[-9.1862,38.70765],[-9.1862,38.70765],[-9.18683,38.70765],[-9.18692,38.70828],[-9.18683,38.70855],[-9.1862,38.70855],[-9.18596,38.70891],[-9.18557,38.70908],[-9.18538,38.70891],[-9.18494,38.70853],[-9.18435,38.70828],[-9.18431,38.70822],[-9.18368,38.70822],[-9.18353,38.70828],[-9.18304,38.70853],[-9.18292,38.70891],[-9.18279,38.70954],[-9.18241,38.70986],[-9.1821,38.71017],[-9.18241,38.71037],[-9.18271,38.7108],[-9.18304,38.71119],[-9.18362,38.7108],[-9.18368,38.71065],[-9.18431,38.71065],[-9.1849,38.7108],[-9.18494,38.7108],[-9.18557,38.71084],[-9.18563,38.7108],[-9.1862,38.71033],[-9.18683,38.71033],[-9.18709,38.71017],[-9.18683,38.70976],[-9.1862,38.70976],[-9.18607,38.70954],[-9.1862,38.7092]],[[-9.18241,38.71121],[-9.1825,38.7108],[-9.18241,38.71068],[-9.18221,38.7108],[-9.18241,38.71121]],[[-9.17989,38.71132],[-9.18027,38.7108],[-9.17989,38.71018],[-9.1797,38.7108],[-9.17989,38.71132]],[[-9.17926,38.71083],[-9.17926,38.7108],[-9.17926,38.71079],[-9.17863,38.71073],[-9.178,38.71073],[-9.17786,38.7108],[-9.178,38.71092],[-9.17863,38.71092],[-9.17926,38.71083]],[[-9.17421,38.71279],[-9.17441,38.71269],[-9.17421,38.71262],[-9.17397,38.71269],[-9.17421,38.71279]],[[-9.17295,38.71846],[-9.17299,38.71837],[-9.17295,38.71831],[-9.17285,38.71837],[-9.17295,38.71846]],[[-9.20512,38.73489],[-9.20539,38.73477],[-9.20512,38.73438],[-9.20495,38.73477],[-9.20512,38.73489]],[[-9.20827,38.74741],[-9.20838,38.74738],[-9.20827,38.74727],[-9.20805,38.74738],[-9.20827,38.74741]],[[-9.20575,38.75189],[-9.20638,38.75184],[-9.20701,38.75184],[-9.20706,38.7518],[-9.20701,38.75157],[-9.20638,38.75157],[-9.20614,38.75117],[-9.20575,38.75098],[-9.20563,38.75117],[-9.20571,38.7518],[-9.20575,38.75189]],[[-9.20386,38.75611],[-9.20434,38.75558],[-9.20404,38.75495],[-9.20415,38.75432],[-9.20386,38.75408],[-9.20323,38.75408],[-9.20297,38.75369],[-9.20286,38.75306],[-9.2026,38.75269],[-9.20248,38.75243],[-9.20197,38.75181],[-9.20195,38.7518],[-9.20195,38.75117],[-9.20197,38.75109],[-9.2026,38.75065],[-9.20323,38.7506],[-9.20386,38.7506],[-9.20449,38.75061],[-9.20454,38.75054],[-9.20476,38.7499],[-9.20512,38.74933],[-9.20517,38.74927],[-9.20575,38.74873],[-9.20585,38.74864],[-9.2061,38.74801],[-9.20638,38.74759],[-9.20701,38.74759],[-9.20751,38.74738],[-9.20764,38.74703],[-9.20779,38.74675],[-9.20764,38.74663],[-9.2075,38.74675],[-9.20701,38.74701],[-9.20638,38.74701],[-9.20575,38.74727],[-9.20512,38.7469],[-9.20465,38.74738],[-9.20449,38.74753],[-9.20386,38.74753],[-9.20367,38.74738],[-9.20353,38.74675],[-9.20352,38.74612],[-9.20386,38.74558],[-9.20449,38.74558],[-9.20452,38.74549],[-9.20452,38.74486],[-9.20449,38.74483],[-9.20386,38.74483],[-9.20323,38.74445],[-9.203,38.74423],[-9.2026,38.74391],[-9.20208,38.74423],[-9.20197,38.74439],[-9.20134,38.74447],[-9.2007,38.74447],[-9.20036,38.74486],[-9.20041,38.74549],[-9.20007,38.74592],[-9.19944,38.74591],[-9.19914,38.74612],[-9.19944,38.7465],[-9.1997,38.74675],[-9.20007,38.74713],[-9.2007,38.74704],[-9.20134,38.74704],[-9.20197,38.74694],[-9.20203,38.74738],[-9.20197,38.74746],[-9.2016,38.74801],[-9.20163,38.74864],[-9.20183,38.74927],[-9.20145,38.7499],[-9.2016,38.75054],[-9.20134,38.75059],[-9.2007,38.75059],[-9.20042,38.75117],[-9.20042,38.7518],[-9.20007,38.75207],[-9.19944,38.75188],[-9.19908,38.7518],[-9.19908,38.75117],[-9.19892,38.75054],[-9.19887,38.7499],[-9.19896,38.74927],[-9.19914,38.74864],[-9.19881,38.74832],[-9.19871,38.74864],[-9.19818,38.74913],[-9.19755,38.74913],[-9.19708,38.74927],[-9.19755,38.74986],[-9.19818,38.74986],[-9.19834,38.7499],[-9.19818,38.74996],[-9.19755,38.74996],[-9.19692,38.75015],[-9.19672,38.75054],[-9.19654,38.75117],[-9.19649,38.7518],[-9.19629,38.75218],[-9.19618,38.75243],[-9.19608,38.75306],[-9.19566,38.75349],[-9.19503,38.75349],[-9.19486,38.75369],[-9.19503,38.75396],[-9.19566,38.75396],[-9.19595,38.75432],[-9.19566,38.75474],[-9.19503,38.75474],[-9.19493,38.75495],[-9.19503,38.75511],[-9.19566,38.75511],[-9.19595,38.75558],[-9.19566,38.75594],[-9.19503,38.75594],[-9.19482,38.75621],[-9.19503,38.75634],[-9.19566,38.75634],[-9.19629,38.75671],[-9.19692,38.75679],[-9.19755,38.75656],[-9.19818,38.75656],[-9.19881,38.75642],[-9.19944,38.75649],[-9.19978,38.75621],[-9.20007,38.75602],[-9.2007,38.75616],[-9.20134,38.75616],[-9.20197,38.75598],[-9.2026,38.75606],[-9.20323,38.75611],[-9.20386,38.75611]],[[-9.1944,38.75581],[-9.19469,38.75558],[-9.1944,38.75538],[-9.19422,38.75558],[-9.1944,38.75581]],[[-9.19377,38.75622],[-9.19379,38.75621],[-9.19377,38.75619],[-9.19372,38.75621],[-9.19377,38.75622]],[[-9.18683,38.75861],[-9.1862,38.75861],[-9.18611,38.75873],[-9.1862,38.75893],[-9.18683,38.75893],[-9.18692,38.75873],[-9.18683,38.75861]],[[-9.1875,38.74549],[-9.18746,38.74525],[-9.18683,38.74508],[-9.1862,38.74508],[-9.18573,38.74486],[-9.18557,38.74475],[-9.18494,38.74484],[-9.18431,38.7448],[-9.18426,38.74486],[-9.18431,38.7449],[-9.18483,38.74549],[-9.18483,38.74612],[-9.18494,38.74619],[-9.18509,38.74612],[-9.18509,38.74549],[-9.18557,38.74502],[-9.1858,38.74549],[-9.1862,38.74601],[-9.18683,38.74601],[-9.18746,38.74558],[-9.1875,38.74549]],[[-9.18115,38.74305],[-9.18124,38.74297],[-9.18115,38.74291],[-9.18052,38.74291],[-9.17989,38.74279],[-9.17962,38.74297],[-9.17989,38.74317],[-9.18052,38.74305],[-9.18115,38.74305]],[[-9.17992,38.74738],[-9.17989,38.74729],[-9.17973,38.74738],[-9.17966,38.74801],[-9.17989,38.74814],[-9.18001,38.74801],[-9.17992,38.74738]],[[-9.17926,38.74631],[-9.17955,38.74612],[-9.17955,38.74549],[-9.17926,38.74527],[-9.17863,38.74488],[-9.1783,38.74549],[-9.1783,38.74612],[-9.17863,38.74631],[-9.17926,38.74631]],[[-9.178,38.74705],[-9.17737,38.74705],[-9.17709,38.74738],[-9.17737,38.74776],[-9.178,38.74776],[-9.17847,38.74738],[-9.178,38.74705]],[[-9.17674,38.74569],[-9.17684,38.74549],[-9.17674,38.74532],[-9.17665,38.74549],[-9.17674,38.74569]],[[-9.17548,38.74545],[-9.17611,38.74536],[-9.1763,38.74486],[-9.17622,38.74423],[-9.17611,38.744],[-9.17548,38.74394],[-9.17509,38.7436],[-9.17486,38.74297],[-9.17484,38.74294],[-9.17421,38.74294],[-9.17418,38.74297],[-9.17358,38.74329],[-9.1733,38.74297],[-9.17358,38.74247],[-9.17368,38.74234],[-9.17358,38.74217],[-9.17295,38.74227],[-9.17232,38.74175],[-9.17169,38.74175],[-9.17106,38.74199],[-9.17043,38.74226],[-9.1698,38.7423],[-9.16972,38.74234],[-9.16917,38.74261],[-9.16854,38.74261],[-9.16813,38.74297],[-9.16791,38.74343],[-9.16754,38.7436],[-9.16728,38.74413],[-9.16726,38.74423],[-9.16675,38.74486],[-9.16696,38.74549],[-9.16696,38.74612],[-9.16689,38.74675],[-9.16728,38.7471],[-9.16791,38.74679],[-9.16854,38.74711],[-9.16917,38.74711],[-9.1698,38.74689],[-9.17043,38.74695],[-9.17106,38.74725],[-9.17169,38.74726],[-9.17232,38.74726],[-9.17295,38.74679],[-9.17357,38.74738],[-9.17358,38.74745],[-9.17421,38.74749],[-9.17484,38.74749],[-9.17505,38.74738],[-9.17548,38.74718],[-9.176,38.74738],[-9.17604,38.74801],[-9.17611,38.7481],[-9.17633,38.74801],[-9.17617,38.74738],[-9.17613,38.74675],[-9.17611,38.74656],[-9.17548,38.74614],[-9.17545,38.74612],[-9.17545,38.74549],[-9.17548,38.74545]],[[-9.17989,38.75398],[-9.18023,38.75369],[-9.17989,38.75328],[-9.17968,38.75306],[-9.17955,38.75243],[-9.17944,38.7518],[-9.17926,38.75154],[-9.17863,38.75178],[-9.178,38.75164],[-9.17737,38.75164],[-9.17674,38.7517],[-9.17611,38.75176],[-9.17602,38.7518],[-9.17583,38.75243],[-9.17548,38.75289],[-9.17484,38.753],[-9.17421,38.753],[-9.17358,38.75257],[-9.17335,38.75243],[-9.17335,38.7518],[-9.17303,38.75117],[-9.17299,38.75054],[-9.17295,38.75046],[-9.17255,38.75054],[-9.17294,38.75117],[-9.17272,38.7518],[-9.17272,38.75243],[-9.17295,38.75266],[-9.17324,38.75306],[-9.17358,38.75354],[-9.17369,38.75369],[-9.17358,38.75381],[-9.1732,38.75432],[-9.17358,38.75467],[-9.17392,38.75495],[-9.17421,38.75526],[-9.17484,38.75526],[-9.17548,38.75531],[-9.17585,38.75558],[-9.17611,38.75563],[-9.17674,38.75591],[-9.17683,38.75558],[-9.17723,38.75495],[-9.17737,38.75475],[-9.178,38.75475],[-9.17863,38.75448],[-9.17926,38.75432],[-9.17927,38.75432],[-9.17989,38.75398]],[[-9.17032,38.75369],[-9.17043,38.75379],[-9.17106,38.75382],[-9.17169,38.75419],[-9.17232,38.75419],[-9.17267,38.75369],[-9.17243,38.75306],[-9.17232,38.75295],[-9.17169,38.75295],[-9.17152,38.75306],[-9.17106,38.75349],[-9.17043,38.75363],[-9.17032,38.75369]],[[-9.18368,38.76103],[-9.18412,38.76063],[-9.18374,38.76],[-9.18368,38.75994],[-9.18304,38.75994],[-9.18293,38.76],[-9.18283,38.76063],[-9.18304,38.76103],[-9.18368,38.76103]],[[-9.18241,38.76083],[-9.18252,38.76063],[-9.18241,38.76039],[-9.18223,38.76063],[-9.18241,38.76083]],[[-9.17989,38.7607],[-9.17926,38.76066],[-9.17863,38.76069],[-9.1785,38.76063],[-9.17802,38.76],[-9.178,38.75999],[-9.17737,38.75999],[-9.17674,38.75996],[-9.1765,38.76],[-9.17611,38.76013],[-9.17548,38.7602],[-9.17484,38.76052],[-9.17421,38.76052],[-9.17358,38.7605],[-9.17299,38.76063],[-9.17295,38.76065],[-9.1728,38.76063],[-9.17232,38.76059],[-9.17169,38.76059],[-9.17106,38.76028],[-9.17043,38.76049],[-9.1701,38.76],[-9.1698,38.75967],[-9.16957,38.75937],[-9.16917,38.75885],[-9.16854,38.75885],[-9.16823,38.75873],[-9.16824,38.7581],[-9.16798,38.75747],[-9.16791,38.75725],[-9.16728,38.7574],[-9.16722,38.75747],[-9.16721,38.7581],[-9.16721,38.75873],[-9.16702,38.75937],[-9.16685,38.76],[-9.16665,38.76025],[-9.16628,38.76063],[-9.16601,38.76123],[-9.16538,38.76123],[-9.16537,38.76126],[-9.16538,38.76132],[-9.16601,38.76132],[-9.16665,38.76182],[-9.16726,38.76126],[-9.16728,38.76122],[-9.1673,38.76126],[-9.16791,38.76151],[-9.16854,38.76176],[-9.16917,38.76176],[-9.16928,38.76189],[-9.1698,38.76196],[-9.17039,38.76252],[-9.17043,38.76257],[-9.17106,38.7627],[-9.17148,38.76252],[-9.17169,38.76226],[-9.17232,38.76226],[-9.17267,38.76189],[-9.17295,38.76164],[-9.17314,38.76189],[-9.17358,38.76217],[-9.17403,38.76189],[-9.17421,38.76171],[-9.17484,38.76171],[-9.17504,38.76189],[-9.17548,38.76222],[-9.17578,38.76252],[-9.17611,38.76267],[-9.17671,38.76315],[-9.17674,38.76319],[-9.17686,38.76315],[-9.17737,38.76296],[-9.178,38.76296],[-9.17818,38.76315],[-9.17863,38.76362],[-9.17926,38.76358],[-9.17989,38.76339],[-9.18052,38.76339],[-9.18091,38.76378],[-9.18115,38.76427],[-9.18139,38.76378],[-9.18128,38.76315],[-9.18115,38.76302],[-9.18082,38.76252],[-9.1811,38.76189],[-9.18089,38.76126],[-9.18052,38.7607],[-9.17989,38.7607]],[[-9.15025,38.74802],[-9.15026,38.74801],[-9.15025,38.74791],[-9.15022,38.74801],[-9.15025,38.74802]],[[-9.15088,38.74668],[-9.15115,38.74612],[-9.15109,38.74549],[-9.15088,38.74537],[-9.15054,38.74486],[-9.15088,38.74449],[-9.15151,38.74456],[-9.15214,38.74456],[-9.15277,38.74461],[-9.1534,38.74467],[-9.15376,38.74423],[-9.1534,38.74366],[-9.15334,38.7436],[-9.1534,38.74354],[-9.15403,38.74356],[-9.15466,38.74356],[-9.1548,38.7436],[-9.15529,38.7438],[-9.15592,38.74361],[-9.15655,38.74401],[-9.1571,38.7436],[-9.15718,38.74348],[-9.15782,38.74348],[-9.15793,38.7436],[-9.15784,38.74423],[-9.15845,38.74447],[-9.15908,38.74457],[-9.15929,38.74423],[-9.15971,38.74404],[-9.16034,38.74404],[-9.16097,38.74364],[-9.16108,38.7436],[-9.1616,38.74349],[-9.1621,38.74297],[-9.16223,38.74282],[-9.16285,38.74234],[-9.16286,38.74233],[-9.16349,38.74233],[-9.1636,38.74234],[-9.16412,38.74241],[-9.16475,38.74289],[-9.16513,38.74297],[-9.16527,38.7436],[-9.16475,38.74374],[-9.16418,38.74423],[-9.16412,38.74434],[-9.16378,38.74486],[-9.16412,38.74526],[-9.16454,38.74486],[-9.16475,38.74473],[-9.16538,38.74465],[-9.16601,38.74444],[-9.16665,38.74444],[-9.16681,38.74423],[-9.16665,38.74406],[-9.16601,38.74406],[-9.16544,38.7436],[-9.16557,38.74297],[-9.16601,38.74284],[-9.16665,38.74284],[-9.16685,38.74297],[-9.16728,38.74319],[-9.16762,38.74297],[-9.16791,38.74259],[-9.16834,38.74234],[-9.16854,38.74226],[-9.16917,38.74226],[-9.1698,38.74204],[-9.17043,38.74198],[-9.17078,38.7417],[-9.17106,38.74134],[-9.17169,38.7414],[-9.17232,38.7414],[-9.17276,38.7417],[-9.17295,38.74186],[-9.1732,38.7417],[-9.17358,38.74114],[-9.17398,38.7417],[-9.17421,38.74211],[-9.17484,38.74211],[-9.17548,38.742],[-9.17578,38.7417],[-9.17611,38.74122],[-9.17637,38.7417],[-9.17611,38.74204],[-9.17582,38.74234],[-9.17567,38.74297],[-9.17611,38.74306],[-9.17629,38.74297],[-9.17674,38.74267],[-9.17737,38.74257],[-9.178,38.74257],[-9.17859,38.74234],[-9.17863,38.74232],[-9.17864,38.74234],[-9.17926,38.74262],[-9.17945,38.74234],[-9.17926,38.74175],[-9.17921,38.7417],[-9.17863,38.74146],[-9.17831,38.74107],[-9.178,38.74081],[-9.17737,38.74081],[-9.17689,38.74107],[-9.17674,38.74123],[-9.17635,38.74107],[-9.17611,38.7409],[-9.17548,38.74098],[-9.17484,38.74098],[-9.17454,38.74044],[-9.17421,38.74018],[-9.1739,38.73981],[-9.1739,38.73918],[-9.17358,38.73885],[-9.17313,38.73855],[-9.17295,38.7383],[-9.17273,38.73792],[-9.17232,38.73731],[-9.17169,38.73731],[-9.17164,38.73729],[-9.17169,38.73713],[-9.17232,38.73713],[-9.17236,38.73666],[-9.17232,38.73642],[-9.17169,38.73642],[-9.17157,38.73603],[-9.17169,38.73583],[-9.17232,38.73583],[-9.17251,38.7354],[-9.17232,38.7352],[-9.17169,38.7352],[-9.1713,38.73477],[-9.17114,38.73414],[-9.17108,38.73351],[-9.17169,38.73297],[-9.17232,38.73297],[-9.17246,38.73287],[-9.17281,38.73224],[-9.17232,38.73193],[-9.17169,38.73193],[-9.17148,38.73161],[-9.1714,38.73098],[-9.17106,38.73055],[-9.17061,38.73035],[-9.17043,38.72994],[-9.17029,38.72972],[-9.1698,38.72952],[-9.16921,38.72909],[-9.16917,38.72897],[-9.16854,38.72897],[-9.16791,38.72861],[-9.16768,38.72846],[-9.16791,38.72808],[-9.16805,38.72783],[-9.16791,38.72772],[-9.16744,38.7272],[-9.16728,38.72671],[-9.16713,38.72657],[-9.16713,38.72594],[-9.167,38.72531],[-9.16728,38.72509],[-9.16749,38.72531],[-9.16751,38.72594],[-9.16753,38.72657],[-9.16791,38.72665],[-9.16849,38.72657],[-9.16854,38.72655],[-9.16917,38.72655],[-9.1698,38.72655],[-9.1703,38.72594],[-9.17015,38.72531],[-9.17043,38.7248],[-9.17057,38.72468],[-9.17057,38.72404],[-9.17043,38.72392],[-9.17014,38.72341],[-9.1698,38.72301],[-9.16917,38.72301],[-9.16895,38.72278],[-9.16897,38.72215],[-9.16917,38.72184],[-9.1698,38.72184],[-9.17043,38.72166],[-9.17106,38.72158],[-9.17108,38.72152],[-9.17106,38.72149],[-9.17043,38.72136],[-9.1698,38.72148],[-9.16917,38.72148],[-9.16854,38.72145],[-9.16804,38.72089],[-9.16791,38.72029],[-9.16728,38.72061],[-9.16665,38.72069],[-9.16601,38.72069],[-9.16583,38.72089],[-9.16558,38.72152],[-9.16538,38.72161],[-9.16475,38.72182],[-9.16451,38.72215],[-9.16452,38.72278],[-9.16412,38.72334],[-9.16404,38.72341],[-9.16412,38.72359],[-9.16429,38.72404],[-9.16412,38.7245],[-9.16397,38.72468],[-9.16412,38.72517],[-9.16441,38.72468],[-9.16475,38.72459],[-9.16487,38.72468],[-9.16509,38.72531],[-9.16538,38.72574],[-9.1655,38.72594],[-9.1655,38.72657],[-9.16601,38.72686],[-9.16665,38.72686],[-9.16698,38.7272],[-9.16665,38.7275],[-9.16601,38.7275],[-9.16538,38.72771],[-9.16486,38.72783],[-9.16475,38.72791],[-9.16412,38.72831],[-9.16349,38.7283],[-9.16286,38.7283],[-9.16223,38.72843],[-9.1616,38.72806],[-9.16131,38.72783],[-9.16097,38.72769],[-9.16034,38.72769],[-9.1602,38.72783],[-9.1599,38.72846],[-9.15971,38.72898],[-9.15962,38.72909],[-9.15971,38.72919],[-9.16034,38.72931],[-9.16097,38.72931],[-9.16134,38.72909],[-9.1616,38.72891],[-9.16179,38.72909],[-9.1616,38.72941],[-9.16143,38.72972],[-9.1616,38.73001],[-9.16186,38.72972],[-9.16223,38.72948],[-9.16244,38.72972],[-9.16265,38.73035],[-9.16223,38.73052],[-9.16187,38.73098],[-9.1616,38.73141],[-9.16097,38.73151],[-9.16034,38.73151],[-9.15971,38.73121],[-9.15918,38.73098],[-9.15908,38.73091],[-9.15855,38.73098],[-9.15863,38.73161],[-9.15845,38.73178],[-9.1582,38.73161],[-9.15841,38.73098],[-9.15782,38.73076],[-9.15718,38.73076],[-9.15655,38.73087],[-9.15648,38.73098],[-9.15655,38.73123],[-9.15694,38.73161],[-9.15718,38.73186],[-9.15782,38.73186],[-9.15812,38.73224],[-9.15845,38.7326],[-9.15908,38.73276],[-9.15964,38.73287],[-9.15964,38.73351],[-9.15971,38.73352],[-9.15987,38.73351],[-9.15987,38.73287],[-9.16034,38.73282],[-9.16097,38.73282],[-9.16101,38.73287],[-9.16101,38.73351],[-9.16126,38.73414],[-9.16097,38.73432],[-9.16034,38.73432],[-9.15971,38.73444],[-9.1594,38.73414],[-9.15908,38.73362],[-9.15869,38.73414],[-9.15908,38.73446],[-9.15938,38.73477],[-9.15908,38.7352],[-9.15885,38.7354],[-9.15853,38.73603],[-9.15881,38.73666],[-9.15908,38.73697],[-9.15969,38.73666],[-9.15938,38.73603],[-9.15967,38.7354],[-9.15971,38.73538],[-9.15975,38.7354],[-9.16034,38.73574],[-9.16097,38.73574],[-9.16106,38.73603],[-9.1616,38.73642],[-9.16209,38.73666],[-9.16223,38.73673],[-9.16286,38.73675],[-9.16349,38.73675],[-9.16372,38.73666],[-9.16349,38.73634],[-9.16286,38.73634],[-9.16272,38.73603],[-9.16286,38.73597],[-9.16349,38.73597],[-9.16412,38.73592],[-9.16475,38.73596],[-9.16492,38.73603],[-9.16495,38.73666],[-9.16538,38.73716],[-9.16573,38.73729],[-9.16601,38.73737],[-9.16665,38.73737],[-9.16728,38.73736],[-9.16791,38.73782],[-9.16839,38.73729],[-9.16854,38.73718],[-9.16917,38.73718],[-9.1694,38.73729],[-9.16928,38.73792],[-9.16917,38.73811],[-9.16854,38.73811],[-9.16791,38.73811],[-9.16766,38.73855],[-9.16728,38.73895],[-9.16687,38.73855],[-9.16665,38.73836],[-9.16601,38.73836],[-9.16563,38.73855],[-9.16601,38.73916],[-9.16665,38.73916],[-9.16666,38.73918],[-9.16666,38.73981],[-9.16665,38.73983],[-9.16601,38.73983],[-9.16538,38.73997],[-9.16519,38.73981],[-9.16519,38.73918],[-9.16475,38.73885],[-9.16436,38.73918],[-9.16436,38.73981],[-9.16412,38.74016],[-9.16349,38.74013],[-9.16286,38.74013],[-9.16223,38.73992],[-9.1616,38.74013],[-9.16121,38.73981],[-9.16121,38.73918],[-9.16097,38.73891],[-9.16054,38.73918],[-9.16054,38.73981],[-9.16034,38.73993],[-9.15971,38.73993],[-9.15964,38.73981],[-9.15964,38.73918],[-9.15971,38.73873],[-9.16034,38.73873],[-9.16042,38.73855],[-9.16034,38.73848],[-9.15971,38.73848],[-9.15909,38.73792],[-9.15908,38.7379],[-9.15845,38.7379],[-9.15782,38.73752],[-9.15718,38.73752],[-9.15688,38.73729],[-9.15655,38.73715],[-9.15641,38.73729],[-9.15592,38.73783],[-9.15584,38.73792],[-9.15529,38.73837],[-9.15466,38.7383],[-9.15403,38.7383],[-9.1536,38.73855],[-9.1534,38.73865],[-9.15314,38.73855],[-9.15277,38.73828],[-9.15214,38.73846],[-9.15151,38.73846],[-9.15138,38.73855],[-9.15088,38.73901],[-9.15063,38.73918],[-9.15063,38.73981],[-9.15032,38.74044],[-9.15029,38.74107],[-9.15068,38.7417],[-9.15066,38.74234],[-9.15026,38.74297],[-9.15025,38.74301],[-9.14962,38.74352],[-9.14898,38.7434],[-9.14835,38.7434],[-9.14824,38.7436],[-9.14835,38.74373],[-9.14898,38.74373],[-9.14962,38.74368],[-9.15018,38.74423],[-9.14962,38.74454],[-9.14898,38.74454],[-9.14835,38.74454],[-9.14796,38.74423],[-9.14772,38.74402],[-9.14748,38.74423],[-9.14772,38.74453],[-9.14796,38.74486],[-9.14772,38.74517],[-9.14732,38.74486],[-9.14709,38.74468],[-9.14646,38.74443],[-9.14583,38.74441],[-9.1452,38.74441],[-9.14457,38.74446],[-9.14411,38.74486],[-9.14394,38.74507],[-9.14357,38.74549],[-9.14357,38.74612],[-9.14394,38.7463],[-9.14424,38.74612],[-9.14424,38.74549],[-9.14457,38.7452],[-9.14513,38.74549],[-9.14513,38.74612],[-9.1452,38.74644],[-9.14583,38.74644],[-9.14646,38.74669],[-9.14652,38.74675],[-9.14709,38.74715],[-9.14726,38.74738],[-9.14737,38.74801],[-9.14772,38.74814],[-9.14795,38.74801],[-9.14824,38.74738],[-9.14835,38.7472],[-9.14898,38.7472],[-9.14962,38.74732],[-9.15021,38.74675],[-9.15025,38.74656],[-9.15088,38.74668]],[[-9.14331,38.74692],[-9.14348,38.74675],[-9.14331,38.7467],[-9.14268,38.7467],[-9.14205,38.7467],[-9.14198,38.74675],[-9.14205,38.74681],[-9.14268,38.74692],[-9.14331,38.74692]],[[-9.14129,38.75243],[-9.14129,38.7518],[-9.14126,38.75117],[-9.14106,38.75054],[-9.14079,38.75019],[-9.14048,38.7499],[-9.14015,38.74928],[-9.13952,38.74928],[-9.13889,38.7495],[-9.13826,38.7495],[-9.13797,38.7499],[-9.13772,38.75054],[-9.13763,38.75113],[-9.13762,38.75117],[-9.13754,38.7518],[-9.13754,38.75243],[-9.13763,38.75248],[-9.13787,38.75306],[-9.13826,38.75357],[-9.13889,38.75344],[-9.1395,38.75369],[-9.13952,38.75377],[-9.14015,38.75377],[-9.1402,38.75369],[-9.14079,38.7531],[-9.14142,38.75357],[-9.14205,38.75318],[-9.14215,38.75306],[-9.14205,38.75296],[-9.14142,38.75263],[-9.14129,38.75243]],[[-9.13574,38.75059],[-9.13637,38.75062],[-9.137,38.75062],[-9.13705,38.75054],[-9.137,38.75045],[-9.13637,38.75045],[-9.13601,38.7499],[-9.13574,38.74937],[-9.13549,38.7499],[-9.13554,38.75054],[-9.13574,38.75059]],[[-9.13322,38.74747],[-9.13341,38.74738],[-9.13322,38.74733],[-9.13302,38.74738],[-9.13322,38.74747]],[[-9.12249,38.7404],[-9.12186,38.7404],[-9.12179,38.74044],[-9.12186,38.74047],[-9.12249,38.74047],[-9.12256,38.74044],[-9.12249,38.7404]],[[-9.21206,38.70747],[-9.21143,38.70752],[-9.2113,38.70765],[-9.21143,38.70789],[-9.21206,38.70783],[-9.21231,38.70765],[-9.21206,38.70747]],[[-9.20764,38.70463],[-9.20701,38.70463],[-9.20685,38.70512],[-9.20701,38.70524],[-9.20764,38.70524],[-9.20812,38.70512],[-9.20764,38.70463]],[[-9.18809,38.70521],[-9.18815,38.70512],[-9.18816,38.70449],[-9.1881,38.70386],[-9.18809,38.70386],[-9.18807,38.70386],[-9.18777,38.70449],[-9.18746,38.70487],[-9.18718,38.70449],[-9.18683,38.70427],[-9.1862,38.70408],[-9.18557,38.70425],[-9.18496,38.70449],[-9.18494,38.7045],[-9.18491,38.70449],[-9.1844,38.70386],[-9.18438,38.70323],[-9.18431,38.70316],[-9.18368,38.70316],[-9.18342,38.70323],[-9.18334,38.70386],[-9.18304,38.704],[-9.18281,38.70386],[-9.18241,38.70359],[-9.18178,38.70382],[-9.18175,38.70386],[-9.18178,38.70396],[-9.18214,38.70449],[-9.18208,38.70512],[-9.18241,38.70537],[-9.18289,38.70575],[-9.18304,38.7059],[-9.18368,38.70594],[-9.18431,38.70594],[-9.18494,38.7058],[-9.18499,38.70575],[-9.18557,38.70537],[-9.18608,38.70512],[-9.1862,38.70491],[-9.18683,38.70491],[-9.18714,38.70512],[-9.18746,38.70519],[-9.18809,38.70521]],[[-9.18304,38.70774],[-9.18308,38.70765],[-9.18323,38.70701],[-9.18304,38.70699],[-9.18241,38.70697],[-9.18237,38.70701],[-9.18241,38.70708],[-9.18298,38.70765],[-9.18304,38.70774]],[[-9.18159,38.70575],[-9.18115,38.70515],[-9.18052,38.70515],[-9.18038,38.70575],[-9.17989,38.70615],[-9.17926,38.70631],[-9.17924,38.70638],[-9.17875,38.70701],[-9.17875,38.70765],[-9.17926,38.70796],[-9.17982,38.70765],[-9.17982,38.70701],[-9.17989,38.70696],[-9.18012,38.70701],[-9.18012,38.70765],[-9.18,38.70828],[-9.18027,38.70891],[-9.18052,38.70915],[-9.18115,38.70915],[-9.18178,38.7094],[-9.18241,38.70901],[-9.18245,38.70891],[-9.18241,38.7088],[-9.18178,38.70852],[-9.18123,38.70828],[-9.18126,38.70765],[-9.18124,38.70701],[-9.18156,38.70638],[-9.18159,38.70575]],[[-9.20512,38.73314],[-9.20532,38.73287],[-9.20512,38.73255],[-9.2049,38.73287],[-9.20512,38.73314]],[[-9.20134,38.74165],[-9.2007,38.74165],[-9.20063,38.7417],[-9.2007,38.74207],[-9.20134,38.74207],[-9.20141,38.7417],[-9.20134,38.74165]],[[-9.20007,38.74428],[-9.20014,38.74423],[-9.20007,38.74419],[-9.20005,38.74423],[-9.20007,38.74428]],[[-9.19944,38.74434],[-9.19947,38.74423],[-9.19944,38.744],[-9.19939,38.74423],[-9.19944,38.74434]],[[-9.20007,38.75066],[-9.20055,38.75054],[-9.20007,38.75045],[-9.19988,38.75054],[-9.20007,38.75066]],[[-9.19881,38.74712],[-9.19905,38.74675],[-9.19881,38.74647],[-9.19842,38.74675],[-9.19881,38.74712]],[[-9.19818,38.74846],[-9.19755,38.74846],[-9.19734,38.74864],[-9.19755,38.74877],[-9.19818,38.74877],[-9.19832,38.74864],[-9.19818,38.74846]],[[-9.19818,38.74641],[-9.19836,38.74612],[-9.19881,38.74571],[-9.19917,38.74549],[-9.19915,38.74486],[-9.19881,38.74464],[-9.19839,38.74423],[-9.19823,38.7436],[-9.19818,38.74344],[-9.19755,38.74344],[-9.19692,38.74357],[-9.19629,38.74339],[-9.19587,38.7436],[-9.19566,38.74405],[-9.19503,38.74405],[-9.1944,38.74378],[-9.19412,38.7436],[-9.19377,38.74347],[-9.19314,38.74355],[-9.19299,38.7436],[-9.19251,38.74403],[-9.19187,38.74403],[-9.19161,38.74423],[-9.19156,38.74486],[-9.19156,38.74549],[-9.19124,38.74598],[-9.1912,38.74612],[-9.19111,38.74675],[-9.19124,38.747],[-9.19187,38.74715],[-9.19251,38.74715],[-9.19314,38.74726],[-9.19357,38.74738],[-9.19377,38.74751],[-9.19412,38.74801],[-9.1944,38.74826],[-9.19476,38.74801],[-9.19503,38.74753],[-9.19566,38.74753],[-9.19597,38.74801],[-9.19629,38.74833],[-9.19671,38.74801],[-9.19667,38.74738],[-9.19629,38.74693],[-9.19613,38.74675],[-9.19629,38.7466],[-9.19692,38.74661],[-9.19755,38.74641],[-9.19818,38.74641]],[[-9.19461,38.7499],[-9.1944,38.7497],[-9.19408,38.7499],[-9.1944,38.75037],[-9.19449,38.75054],[-9.1944,38.75062],[-9.19404,38.75117],[-9.19439,38.7518],[-9.1944,38.75187],[-9.19442,38.7518],[-9.19486,38.75117],[-9.19503,38.75099],[-9.19566,38.75099],[-9.19599,38.75054],[-9.19566,38.7502],[-9.19503,38.7502],[-9.19461,38.7499]],[[-9.19377,38.75308],[-9.19379,38.75306],[-9.19377,38.75302],[-9.19373,38.75306],[-9.19377,38.75308]],[[-9.17989,38.74235],[-9.17992,38.74234],[-9.17989,38.74232],[-9.17988,38.74234],[-9.17989,38.74235]],[[-9.17989,38.74434],[-9.18,38.74423],[-9.17989,38.74398],[-9.17982,38.74423],[-9.17989,38.74434]],[[-9.17926,38.74388],[-9.17936,38.7436],[-9.17926,38.74346],[-9.17913,38.7436],[-9.17926,38.74388]],[[-9.17043,38.75161],[-9.17081,38.75117],[-9.17043,38.75109],[-9.17032,38.75117],[-9.17043,38.75161]],[[-9.17043,38.7595],[-9.17052,38.75937],[-9.17043,38.75928],[-9.17028,38.75937],[-9.17043,38.7595]],[[-9.16812,38.75495],[-9.16791,38.75471],[-9.16774,38.75495],[-9.16784,38.75558],[-9.16791,38.75582],[-9.16812,38.75558],[-9.16812,38.75495]],[[-9.17232,38.72901],[-9.17169,38.72901],[-9.17168,38.72909],[-9.17169,38.72911],[-9.17232,38.72911],[-9.17233,38.72909],[-9.17232,38.72901]],[[-9.17068,38.72594],[-9.17068,38.72657],[-9.17043,38.72671],[-9.17023,38.7272],[-9.17043,38.72745],[-9.17085,38.7272],[-9.17106,38.72687],[-9.17124,38.72657],[-9.17124,38.72594],[-9.17141,38.72531],[-9.17106,38.72503],[-9.17081,38.72531],[-9.17068,38.72594]],[[-9.1698,38.72852],[-9.1699,38.72846],[-9.1698,38.72841],[-9.16978,38.72846],[-9.1698,38.72852]],[[-9.16917,38.72665],[-9.16854,38.72665],[-9.16849,38.7272],[-9.16854,38.72726],[-9.16917,38.72726],[-9.16922,38.7272],[-9.16917,38.72665]],[[-9.17106,38.71811],[-9.17137,38.71774],[-9.17106,38.71722],[-9.17064,38.71774],[-9.17106,38.71811]],[[-9.17093,38.71963],[-9.17043,38.71942],[-9.17014,38.71963],[-9.17014,38.72026],[-9.17043,38.72052],[-9.17086,38.72026],[-9.17093,38.71963]],[[-9.1698,38.71883],[-9.16917,38.71883],[-9.16903,38.719],[-9.16917,38.71911],[-9.1698,38.71911],[-9.16987,38.719],[-9.1698,38.71883]],[[-9.16723,38.71648],[-9.16676,38.71711],[-9.16718,38.71774],[-9.16721,38.71837],[-9.16728,38.71838],[-9.16734,38.71837],[-9.16791,38.7178],[-9.16793,38.71774],[-9.16791,38.71769],[-9.16768,38.71711],[-9.16731,38.71648],[-9.16728,38.71645],[-9.16723,38.71648]],[[-9.16475,38.72073],[-9.16412,38.72077],[-9.16381,38.72089],[-9.16412,38.72102],[-9.16475,38.72095],[-9.1649,38.72089],[-9.16475,38.72073]],[[-9.16441,38.72657],[-9.16412,38.72621],[-9.16396,38.72657],[-9.16407,38.7272],[-9.16412,38.72726],[-9.16427,38.7272],[-9.16441,38.72657]],[[-9.16349,38.72184],[-9.16286,38.72184],[-9.16276,38.72215],[-9.16286,38.7224],[-9.16349,38.7224],[-9.16355,38.72215],[-9.16349,38.72184]],[[-9.16223,38.7383],[-9.16264,38.73792],[-9.16233,38.73729],[-9.16223,38.73726],[-9.16217,38.73729],[-9.1616,38.73781],[-9.16155,38.73792],[-9.1616,38.73835],[-9.16223,38.7383]],[[-9.16097,38.73822],[-9.16111,38.73792],[-9.16097,38.7375],[-9.16068,38.73792],[-9.16097,38.73822]],[[-9.15782,38.73657],[-9.15718,38.73657],[-9.15712,38.73666],[-9.15718,38.73685],[-9.15782,38.73685],[-9.15794,38.73666],[-9.15782,38.73657]],[[-9.13826,38.74665],[-9.13889,38.74637],[-9.13894,38.74612],[-9.13894,38.74549],[-9.13908,38.74486],[-9.1394,38.74423],[-9.13948,38.7436],[-9.13952,38.74354],[-9.14015,38.74354],[-9.14079,38.74333],[-9.14142,38.74334],[-9.14193,38.7436],[-9.14197,38.74423],[-9.14205,38.74446],[-9.14219,38.74423],[-9.14268,38.74367],[-9.14331,38.74367],[-9.14383,38.7436],[-9.14394,38.74344],[-9.14397,38.7436],[-9.14457,38.74375],[-9.14513,38.7436],[-9.1452,38.74357],[-9.14583,38.74357],[-9.14646,38.74333],[-9.14677,38.74297],[-9.14646,38.74244],[-9.14583,38.74244],[-9.1452,38.74244],[-9.14503,38.74234],[-9.1452,38.74213],[-9.14583,38.74213],[-9.14646,38.74225],[-9.14693,38.7417],[-9.14672,38.74107],[-9.14646,38.74082],[-9.14617,38.74044],[-9.14646,38.7402],[-9.14709,38.74026],[-9.14766,38.74044],[-9.14772,38.7405],[-9.14835,38.74081],[-9.14898,38.74081],[-9.14953,38.74107],[-9.14962,38.74111],[-9.14965,38.74107],[-9.14983,38.74044],[-9.14979,38.73981],[-9.14979,38.73918],[-9.15025,38.73871],[-9.15077,38.73855],[-9.15088,38.73851],[-9.15151,38.73809],[-9.15214,38.73809],[-9.15242,38.73792],[-9.15277,38.73768],[-9.1534,38.7377],[-9.15403,38.73751],[-9.15466,38.73751],[-9.15516,38.73729],[-9.15529,38.73727],[-9.15592,38.73722],[-9.15654,38.73666],[-9.15655,38.73665],[-9.15697,38.73603],[-9.15718,38.73565],[-9.15782,38.73565],[-9.15795,38.7354],[-9.15782,38.7349],[-9.15718,38.7349],[-9.15712,38.73477],[-9.15689,38.73414],[-9.15718,38.73357],[-9.15782,38.73357],[-9.15787,38.73351],[-9.15787,38.73287],[-9.15782,38.73281],[-9.15718,38.73281],[-9.15655,38.73267],[-9.15605,38.73224],[-9.15603,38.73161],[-9.15611,38.73098],[-9.1565,38.73035],[-9.15655,38.73018],[-9.15678,38.72972],[-9.15718,38.72941],[-9.15782,38.72941],[-9.15845,38.72921],[-9.15865,38.72909],[-9.15879,38.72846],[-9.15908,38.7281],[-9.15971,38.72808],[-9.15984,38.72783],[-9.15971,38.7274],[-9.15959,38.7272],[-9.15959,38.72657],[-9.15971,38.72646],[-9.15991,38.72657],[-9.15991,38.7272],[-9.16034,38.72732],[-9.16097,38.72732],[-9.16147,38.7272],[-9.16147,38.72657],[-9.1616,38.72633],[-9.16169,38.72657],[-9.16169,38.7272],[-9.16223,38.72782],[-9.16258,38.7272],[-9.16258,38.72657],[-9.16223,38.72606],[-9.16194,38.72594],[-9.16211,38.72531],[-9.16222,38.72468],[-9.16176,38.72404],[-9.1618,38.72341],[-9.16199,38.72278],[-9.1616,38.72245],[-9.1613,38.72215],[-9.16097,38.72181],[-9.16034,38.72181],[-9.16008,38.72215],[-9.15971,38.72252],[-9.15908,38.72238],[-9.15896,38.72215],[-9.15908,38.7217],[-9.15922,38.72152],[-9.15971,38.72101],[-9.16018,38.72089],[-9.15974,38.72026],[-9.15974,38.71963],[-9.16034,38.71908],[-9.16097,38.71908],[-9.16147,38.71963],[-9.16147,38.72026],[-9.1616,38.72055],[-9.16215,38.72026],[-9.16215,38.71963],[-9.16176,38.719],[-9.1616,38.71872],[-9.16097,38.71854],[-9.16034,38.71854],[-9.16025,38.71837],[-9.16034,38.7183],[-9.16097,38.7183],[-9.1616,38.71813],[-9.16201,38.71837],[-9.16223,38.71849],[-9.16286,38.7185],[-9.16349,38.7185],[-9.16412,38.71882],[-9.16475,38.71868],[-9.16538,38.71853],[-9.16561,38.71837],[-9.16559,38.71774],[-9.16596,38.71711],[-9.16568,38.71648],[-9.16538,38.71618],[-9.16475,38.71632],[-9.1643,38.71584],[-9.16412,38.71572],[-9.16349,38.71554],[-9.16286,38.71554],[-9.16223,38.71539],[-9.16206,38.71521],[-9.16215,38.71458],[-9.16192,38.71395],[-9.16192,38.71332],[-9.16223,38.71272],[-9.16225,38.71269],[-9.16223,38.71245],[-9.16184,38.71206],[-9.16221,38.71143],[-9.16185,38.7108],[-9.16182,38.71017],[-9.16223,38.71001],[-9.16286,38.71],[-9.16349,38.71],[-9.16401,38.71017],[-9.16412,38.71027],[-9.16417,38.71017],[-9.16475,38.70967],[-9.16538,38.71012],[-9.16591,38.71017],[-9.16601,38.71019],[-9.16665,38.71019],[-9.16728,38.7107],[-9.1678,38.7108],[-9.16791,38.71081],[-9.16793,38.7108],[-9.16854,38.71056],[-9.16917,38.71037],[-9.1698,38.71037],[-9.17043,38.71018],[-9.17044,38.71017],[-9.17106,38.70962],[-9.17111,38.70954],[-9.17137,38.70891],[-9.1714,38.70828],[-9.17106,38.70772],[-9.17043,38.7077],[-9.17029,38.70765],[-9.17029,38.70701],[-9.1698,38.70678],[-9.16917,38.70678],[-9.16854,38.70653],[-9.16791,38.70649],[-9.16783,38.70638],[-9.1676,38.70575],[-9.16728,38.70568],[-9.16665,38.70561],[-9.16601,38.70561],[-9.16538,38.70549],[-9.16475,38.70563],[-9.16412,38.70526],[-9.16349,38.70526],[-9.16286,38.70556],[-9.16235,38.70512],[-9.16223,38.70495],[-9.16211,38.70512],[-9.1616,38.70573],[-9.16152,38.70575],[-9.16097,38.70616],[-9.16034,38.70616],[-9.16018,38.70638],[-9.15982,38.70701],[-9.15982,38.70765],[-9.15971,38.70778],[-9.15936,38.70828],[-9.1594,38.70891],[-9.15908,38.70927],[-9.1588,38.70891],[-9.15879,38.70828],[-9.15845,38.70786],[-9.15801,38.70828],[-9.15782,38.70884],[-9.15718,38.70884],[-9.15655,38.70888],[-9.15592,38.7086],[-9.15529,38.70829],[-9.15466,38.70829],[-9.15403,38.70858],[-9.1534,38.70865],[-9.15318,38.70891],[-9.15277,38.7094],[-9.15214,38.70909],[-9.15151,38.70909],[-9.1513,38.70954],[-9.15151,38.70979],[-9.15214,38.70979],[-9.15256,38.71017],[-9.15277,38.71044],[-9.1534,38.71076],[-9.15347,38.7108],[-9.1534,38.71111],[-9.15277,38.71102],[-9.15248,38.7108],[-9.15214,38.71052],[-9.15151,38.71052],[-9.15088,38.71059],[-9.15041,38.71017],[-9.15025,38.71011],[-9.14962,38.71007],[-9.1495,38.71017],[-9.14962,38.71035],[-9.14996,38.7108],[-9.14962,38.71129],[-9.14945,38.71143],[-9.14898,38.71196],[-9.14835,38.71196],[-9.14779,38.71143],[-9.14772,38.71131],[-9.14725,38.71143],[-9.1476,38.71206],[-9.14772,38.71218],[-9.1482,38.71269],[-9.14772,38.71297],[-9.14723,38.71269],[-9.14709,38.71254],[-9.14679,38.71206],[-9.14646,38.71151],[-9.14583,38.71151],[-9.14528,38.71143],[-9.14552,38.7108],[-9.1452,38.71059],[-9.14466,38.7108],[-9.14457,38.71085],[-9.14394,38.71092],[-9.14357,38.71143],[-9.14331,38.71167],[-9.14268,38.71167],[-9.14249,38.71143],[-9.14237,38.7108],[-9.14205,38.71035],[-9.14142,38.71061],[-9.14079,38.71066],[-9.14022,38.7108],[-9.14015,38.71081],[-9.13952,38.71081],[-9.13951,38.7108],[-9.13952,38.71079],[-9.13989,38.71017],[-9.13952,38.70982],[-9.13889,38.70956],[-9.13826,38.71009],[-9.13817,38.71017],[-9.13785,38.7108],[-9.13803,38.71143],[-9.13763,38.71182],[-9.137,38.71182],[-9.13653,38.71206],[-9.137,38.71228],[-9.13763,38.71228],[-9.1378,38.71269],[-9.13826,38.71315],[-9.13889,38.71304],[-9.1394,38.71332],[-9.13952,38.71344],[-9.14015,38.71344],[-9.14055,38.71395],[-9.14055,38.71458],[-9.14023,38.71521],[-9.14055,38.71584],[-9.14042,38.71648],[-9.14059,38.71711],[-9.14079,38.71744],[-9.14093,38.71774],[-9.1409,38.71837],[-9.14079,38.71857],[-9.14031,38.71837],[-9.14015,38.71805],[-9.13952,38.71805],[-9.13889,38.71833],[-9.13858,38.71837],[-9.13826,38.71849],[-9.13802,38.719],[-9.13763,38.71943],[-9.137,38.71943],[-9.13637,38.71932],[-9.136,38.71963],[-9.13574,38.71992],[-9.13511,38.71987],[-9.13448,38.71987],[-9.13385,38.71987],[-9.13365,38.71963],[-9.13385,38.71945],[-9.13448,38.71945],[-9.13511,38.71931],[-9.13535,38.719],[-9.13511,38.71885],[-9.13448,38.71872],[-9.13385,38.71872],[-9.13337,38.719],[-9.13322,38.71917],[-9.13273,38.719],[-9.13259,38.71891],[-9.13243,38.719],[-9.13196,38.71911],[-9.13132,38.71911],[-9.13069,38.71908],[-9.13006,38.71932],[-9.12974,38.719],[-9.12995,38.71837],[-9.13006,38.71824],[-9.13069,38.71804],[-9.13132,38.71804],[-9.13196,38.71804],[-9.13259,38.71799],[-9.13292,38.71774],[-9.13297,38.71711],[-9.13322,38.71682],[-9.1334,38.71648],[-9.13322,38.71616],[-9.13299,38.71584],[-9.13322,38.71557],[-9.13385,38.71553],[-9.13448,38.71553],[-9.1351,38.71521],[-9.13511,38.71519],[-9.1356,38.71458],[-9.1356,38.71395],[-9.13559,38.71332],[-9.13574,38.71305],[-9.13587,38.71332],[-9.13637,38.7136],[-9.13676,38.71332],[-9.13646,38.71269],[-9.13637,38.71238],[-9.13628,38.71206],[-9.13637,38.71159],[-9.13641,38.71143],[-9.13667,38.7108],[-9.13637,38.71059],[-9.13594,38.7108],[-9.13574,38.71115],[-9.13562,38.71143],[-9.13511,38.71201],[-9.13448,38.71146],[-9.13385,38.71146],[-9.1338,38.71143],[-9.13328,38.7108],[-9.13322,38.71075],[-9.1332,38.7108],[-9.13259,38.71134],[-9.13236,38.71143],[-9.13196,38.71161],[-9.13132,38.71161],[-9.13082,38.71206],[-9.13069,38.7122],[-9.13018,38.71269],[-9.13006,38.71282],[-9.12943,38.71323],[-9.12914,38.71332],[-9.12943,38.71349],[-9.13005,38.71395],[-9.13005,38.71458],[-9.12968,38.71521],[-9.12943,38.71573],[-9.1288,38.71566],[-9.12817,38.71566],[-9.12754,38.71545],[-9.12691,38.71568],[-9.12628,38.71565],[-9.12565,38.71583],[-9.12502,38.71583],[-9.12495,38.71584],[-9.1249,38.71648],[-9.12502,38.71658],[-9.12565,38.71658],[-9.12591,38.71648],[-9.12628,38.71623],[-9.12665,38.71648],[-9.12628,38.71669],[-9.12606,38.71711],[-9.12628,38.71771],[-9.12691,38.71713],[-9.12699,38.71711],[-9.12754,38.71688],[-9.12775,38.71711],[-9.12754,38.71762],[-9.12751,38.71774],[-9.12741,38.71837],[-9.12754,38.71852],[-9.12782,38.71837],[-9.12817,38.71828],[-9.1288,38.71828],[-9.12889,38.71837],[-9.12891,38.719],[-9.1288,38.71921],[-9.12817,38.71921],[-9.12773,38.71963],[-9.12817,38.71985],[-9.1288,38.71985],[-9.129,38.71963],[-9.12943,38.71934],[-9.12973,38.71963],[-9.12957,38.72026],[-9.12957,38.72089],[-9.13006,38.72117],[-9.13027,38.72152],[-9.13053,38.72215],[-9.13069,38.72236],[-9.13127,38.72215],[-9.13131,38.72152],[-9.13132,38.72151],[-9.13196,38.72151],[-9.13259,38.72118],[-9.1332,38.72152],[-9.13322,38.72153],[-9.13385,38.72157],[-9.13448,38.72157],[-9.1345,38.72152],[-9.13511,38.72122],[-9.13574,38.72128],[-9.13606,38.72152],[-9.13574,38.72164],[-9.13511,38.72189],[-9.13468,38.72215],[-9.13511,38.72258],[-9.13528,38.72278],[-9.13527,38.72341],[-9.13511,38.72355],[-9.1349,38.72341],[-9.13448,38.72281],[-9.13385,38.72281],[-9.13322,38.72315],[-9.13259,38.72306],[-9.13196,38.72317],[-9.13132,38.72317],[-9.13069,38.72309],[-9.13026,38.72341],[-9.13006,38.7235],[-9.12966,38.72404],[-9.12943,38.72445],[-9.12927,38.72468],[-9.12943,38.72493],[-9.12992,38.72468],[-9.13006,38.72462],[-9.13019,38.72468],[-9.1305,38.72531],[-9.13006,38.72569],[-9.12969,38.72594],[-9.12997,38.72657],[-9.12997,38.7272],[-9.12943,38.72761],[-9.12936,38.72783],[-9.1288,38.72815],[-9.12817,38.72815],[-9.12754,38.72831],[-9.12691,38.72843],[-9.12687,38.72846],[-9.12677,38.72909],[-9.12691,38.72956],[-9.12702,38.72972],[-9.12691,38.73004],[-9.12659,38.73035],[-9.12691,38.73041],[-9.12733,38.73098],[-9.12754,38.73155],[-9.12758,38.73161],[-9.12817,38.73203],[-9.1288,38.73203],[-9.12896,38.73224],[-9.12943,38.73268],[-9.12963,38.73287],[-9.12963,38.73351],[-9.12963,38.73414],[-9.12943,38.7343],[-9.12893,38.73477],[-9.1288,38.73499],[-9.12817,38.73499],[-9.12796,38.7354],[-9.12754,38.73572],[-9.12691,38.73593],[-9.12674,38.73603],[-9.1269,38.73666],[-9.1264,38.73729],[-9.12691,38.73755],[-9.12711,38.73792],[-9.12691,38.73853],[-9.12628,38.73853],[-9.12626,38.73855],[-9.12628,38.73857],[-9.1266,38.73918],[-9.1266,38.73981],[-9.12628,38.74007],[-9.12565,38.7399],[-9.12502,38.7399],[-9.12449,38.74044],[-9.12439,38.74068],[-9.12416,38.74107],[-9.12376,38.74164],[-9.12368,38.7417],[-9.12313,38.74197],[-9.12264,38.74234],[-9.12313,38.74252],[-9.12376,38.74291],[-9.12439,38.74288],[-9.12502,38.74293],[-9.12565,38.74293],[-9.12604,38.74297],[-9.12628,38.74304],[-9.12652,38.7436],[-9.12691,38.74377],[-9.12754,38.74362],[-9.12774,38.74423],[-9.12817,38.74449],[-9.1288,38.74449],[-9.12932,38.74486],[-9.12943,38.7451],[-9.12986,38.74486],[-9.13006,38.74477],[-9.13064,38.74423],[-9.13069,38.74412],[-9.13132,38.74412],[-9.13196,38.74391],[-9.13223,38.74423],[-9.13196,38.74453],[-9.13137,38.74486],[-9.13154,38.74549],[-9.13154,38.74612],[-9.13196,38.74655],[-9.13218,38.74675],[-9.13259,38.74688],[-9.13311,38.74675],[-9.13322,38.74662],[-9.13385,38.74612],[-9.13448,38.74612],[-9.13511,38.74664],[-9.13521,38.74675],[-9.13511,38.74684],[-9.13476,38.74738],[-9.13511,38.74787],[-9.13546,38.74738],[-9.13574,38.74707],[-9.13621,38.74738],[-9.13637,38.74799],[-9.137,38.74799],[-9.13763,38.74788],[-9.13787,38.74801],[-9.13826,38.74861],[-9.13889,38.74802],[-9.13952,38.74805],[-9.14015,38.74805],[-9.14016,38.74801],[-9.14015,38.74798],[-9.13952,38.74798],[-9.13889,38.74799],[-9.13869,38.74738],[-9.13826,38.74687],[-9.13807,38.74675],[-9.13826,38.74665]],[[-9.13765,38.74927],[-9.13763,38.74927],[-9.13762,38.74927],[-9.13747,38.7499],[-9.13763,38.75],[-9.13768,38.7499],[-9.13765,38.74927]],[[-9.13621,38.74801],[-9.13574,38.74799],[-9.13568,38.74801],[-9.13537,38.74864],[-9.13574,38.74917],[-9.13611,38.74864],[-9.13621,38.74801]],[[-9.18494,38.70397],[-9.1851,38.70386],[-9.18494,38.70362],[-9.18484,38.70386],[-9.18494,38.70397]],[[-9.20007,38.74317],[-9.20035,38.74297],[-9.20007,38.74259],[-9.19978,38.74297],[-9.20007,38.74317]],[[-9.20007,38.74991],[-9.20008,38.7499],[-9.20007,38.7499],[-9.20004,38.7499],[-9.20007,38.74991]],[[-9.19818,38.74721],[-9.19755,38.74721],[-9.19735,38.74738],[-9.19755,38.74783],[-9.19818,38.74783],[-9.19836,38.74738],[-9.19818,38.74721]],[[-9.19566,38.74845],[-9.19503,38.74845],[-9.19492,38.74864],[-9.19503,38.74879],[-9.19566,38.74879],[-9.19585,38.74864],[-9.19566,38.74845]],[[-9.17989,38.7418],[-9.18,38.7417],[-9.17989,38.7416],[-9.17935,38.7417],[-9.17989,38.7418]],[[-9.16791,38.75371],[-9.16796,38.75369],[-9.16791,38.75367],[-9.16785,38.75369],[-9.16791,38.75371]],[[-9.17106,38.71481],[-9.17138,38.71458],[-9.17106,38.71447],[-9.17093,38.71458],[-9.17106,38.71481]],[[-9.17043,38.71901],[-9.17046,38.719],[-9.17043,38.71891],[-9.17041,38.719],[-9.17043,38.71901]],[[-9.1698,38.71407],[-9.16982,38.71395],[-9.16982,38.71332],[-9.17043,38.71273],[-9.17051,38.71269],[-9.17079,38.71206],[-9.17073,38.71143],[-9.17043,38.71122],[-9.17011,38.71143],[-9.1698,38.71173],[-9.16917,38.71173],[-9.1689,38.71206],[-9.16854,38.71266],[-9.16791,38.71212],[-9.16786,38.71206],[-9.16728,38.71175],[-9.16665,38.71185],[-9.16601,38.71185],[-9.16538,38.71198],[-9.16475,38.71191],[-9.16454,38.71206],[-9.16475,38.71247],[-9.16538,38.71234],[-9.16549,38.71269],[-9.16538,38.71287],[-9.16498,38.71332],[-9.16498,38.71395],[-9.16475,38.71415],[-9.16427,38.71458],[-9.16475,38.71483],[-9.16526,38.71458],[-9.16538,38.71444],[-9.16601,38.71445],[-9.16665,38.71445],[-9.16672,38.71458],[-9.16665,38.71477],[-9.16601,38.71477],[-9.16548,38.71521],[-9.16572,38.71584],[-9.16601,38.71614],[-9.16665,38.71614],[-9.16704,38.71584],[-9.16728,38.71566],[-9.16774,38.71584],[-9.16791,38.71596],[-9.16801,38.71584],[-9.16791,38.7155],[-9.16784,38.71521],[-9.16791,38.71516],[-9.16854,38.71481],[-9.16888,38.71458],[-9.16917,38.71407],[-9.1698,38.71407]],[[-9.16412,38.71145],[-9.16413,38.71143],[-9.16412,38.71142],[-9.16411,38.71143],[-9.16412,38.71145]],[[-9.16349,38.71459],[-9.1635,38.71458],[-9.1635,38.71395],[-9.16349,38.71394],[-9.16286,38.71394],[-9.16285,38.71395],[-9.16282,38.71458],[-9.16286,38.71459],[-9.16349,38.71459]],[[-9.16286,38.70523],[-9.16304,38.70512],[-9.16286,38.70469],[-9.16273,38.70512],[-9.16286,38.70523]],[[-9.15025,38.70966],[-9.1505,38.70954],[-9.15025,38.7093],[-9.14993,38.70954],[-9.15025,38.70966]],[[-9.14962,38.70901],[-9.14968,38.70891],[-9.14962,38.70878],[-9.14952,38.70891],[-9.14962,38.70901]],[[-9.14962,38.70657],[-9.14907,38.70701],[-9.14907,38.70765],[-9.14898,38.70785],[-9.14835,38.70785],[-9.14772,38.70767],[-9.14709,38.70774],[-9.14685,38.70828],[-9.14709,38.70853],[-9.14763,38.70891],[-9.14772,38.70909],[-9.14792,38.70891],[-9.14835,38.70853],[-9.14898,38.70853],[-9.1493,38.70828],[-9.14962,38.70813],[-9.15007,38.70765],[-9.15007,38.70701],[-9.14962,38.70657]],[[-9.14646,38.70884],[-9.14583,38.70884],[-9.14571,38.70891],[-9.14583,38.70947],[-9.14646,38.70947],[-9.14653,38.70891],[-9.14646,38.70884]],[[-9.14394,38.70642],[-9.14448,38.70701],[-9.14448,38.70765],[-9.14457,38.70766],[-9.1452,38.70769],[-9.14539,38.70765],[-9.14539,38.70701],[-9.14577,38.70638],[-9.1452,38.70578],[-9.14457,38.70578],[-9.14394,38.70632],[-9.14392,38.70638],[-9.14394,38.70642]],[[-9.14485,38.70954],[-9.14457,38.70946],[-9.14451,38.70954],[-9.14453,38.71017],[-9.14457,38.71033],[-9.14459,38.71017],[-9.14485,38.70954]],[[-9.14205,38.70665],[-9.14221,38.70638],[-9.14205,38.70625],[-9.14193,38.70638],[-9.14205,38.70665]],[[-9.13905,38.70828],[-9.13889,38.70847],[-9.13879,38.70828],[-9.13879,38.70765],[-9.1386,38.70701],[-9.13826,38.70698],[-9.13813,38.70701],[-9.13784,38.70765],[-9.13784,38.70828],[-9.13826,38.70875],[-9.13855,38.70891],[-9.13889,38.70897],[-9.13952,38.70913],[-9.14015,38.70924],[-9.14079,38.70924],[-9.14103,38.70891],[-9.14079,38.70839],[-9.14015,38.70839],[-9.13992,38.70828],[-9.14001,38.70765],[-9.13952,38.70711],[-9.13899,38.70765],[-9.13905,38.70828]],[[-9.13889,38.71719],[-9.13897,38.71711],[-9.13889,38.71679],[-9.13879,38.71711],[-9.13889,38.71719]],[[-9.13652,38.71648],[-9.13637,38.71618],[-9.13592,38.71648],[-9.136,38.71711],[-9.13637,38.71732],[-9.13651,38.71711],[-9.13652,38.71648]],[[-9.13574,38.7184],[-9.13576,38.71837],[-9.13574,38.71823],[-9.13568,38.71837],[-9.13574,38.7184]],[[-9.13511,38.71802],[-9.13555,38.71774],[-9.13511,38.71724],[-9.13496,38.71774],[-9.13511,38.71802]],[[-9.13511,38.71037],[-9.1352,38.71017],[-9.13511,38.7101],[-9.13504,38.71017],[-9.13511,38.71037]],[[-9.12776,38.72657],[-9.12754,38.7262],[-9.12729,38.72657],[-9.12729,38.7272],[-9.12754,38.7274],[-9.12776,38.7272],[-9.12776,38.72657]],[[-9.12691,38.72806],[-9.12719,38.72783],[-9.12691,38.7275],[-9.12651,38.72783],[-9.12691,38.72806]],[[-9.20007,38.74818],[-9.20026,38.74801],[-9.20007,38.74778],[-9.19981,38.74801],[-9.20007,38.74818]],[[-9.17055,38.71332],[-9.17043,38.71324],[-9.17035,38.71332],[-9.17035,38.71395],[-9.17043,38.7141],[-9.17055,38.71395],[-9.17055,38.71332]],[[-9.14772,38.70638],[-9.14709,38.70635],[-9.14665,38.70638],[-9.14709,38.70666],[-9.14772,38.7067],[-9.14776,38.70638],[-9.14772,38.70638]],[[-9.14457,38.70831],[-9.1446,38.70828],[-9.14457,38.70826],[-9.14452,38.70828],[-9.14457,38.70831]],[[-9.13889,38.71626],[-9.13904,38.71584],[-9.13889,38.7155],[-9.13854,38.71521],[-9.13826,38.71508],[-9.13818,38.71521],[-9.1381,38.71584],[-9.13826,38.71596],[-9.13889,38.71626]],[[-9.12754,38.72438],[-9.12794,38.72404],[-9.12754,38.72386],[-9.12731,38.72404],[-9.12754,38.72438]],[[-9.12502,38.72293],[-9.12565,38.72293],[-9.12607,38.72341],[-9.12628,38.72356],[-9.12691,38.72366],[-9.1271,38.72341],[-9.12691,38.72297],[-9.12678,38.72278],[-9.12628,38.7222],[-9.12565,38.72271],[-9.12502,38.72271],[-9.12483,38.72278],[-9.12502,38.72293]],[[-9.12691,38.7217],[-9.1272,38.72152],[-9.12691,38.72141],[-9.12668,38.72152],[-9.12691,38.7217]],[[-9.12565,38.72146],[-9.12502,38.72146],[-9.12492,38.72152],[-9.12502,38.72156],[-9.12565,38.72156],[-9.1257,38.72152],[-9.12565,38.72146]],[[-9.12704,38.72026],[-9.12691,38.72],[-9.12675,38.72026],[-9.12675,38.72089],[-9.12691,38.72096],[-9.12704,38.72089],[-9.12704,38.72026]]],[[[-9.14898,38.73138],[-9.14835,38.73138],[-9.14772,38.73134],[-9.14754,38.73098],[-9.14772,38.73076],[-9.14835,38.73088],[-9.14898,38.73088],[-9.14925,38.73098],[-9.14898,38.73138]]],[[[-9.15088,38.73231],[-9.1508,38.73224],[-9.15088,38.73215],[-9.15116,38.73224],[-9.15088,38.73231]]],[[[-9.1712,38.73224],[-9.17106,38.73253],[-9.17095,38.73224],[-9.17106,38.73217],[-9.1712,38.73224]]],[[[-9.15279,38.73414],[-9.15277,38.73414],[-9.15276,38.73414],[-9.15277,38.73412],[-9.15279,38.73414]]],[[[-9.15025,38.73414],[-9.15025,38.73415],[-9.15023,38.73414],[-9.15025,38.73413],[-9.15025,38.73414]]],[[[-9.1616,38.73544],[-9.16144,38.7354],[-9.1616,38.73536],[-9.16161,38.7354],[-9.1616,38.73544]]],[[[-9.14695,38.73855],[-9.14709,38.73814],[-9.14772,38.73848],[-9.1481,38.73855],[-9.14772,38.73865],[-9.14709,38.73866],[-9.14695,38.73855]]],[[[-9.16034,38.75089],[-9.1608,38.75054],[-9.16097,38.75032],[-9.16103,38.75054],[-9.16113,38.75117],[-9.16112,38.7518],[-9.16112,38.75243],[-9.16097,38.75274],[-9.16071,38.75243],[-9.16071,38.7518],[-9.16034,38.75137],[-9.15971,38.75137],[-9.15956,38.75117],[-9.15971,38.75089],[-9.16034,38.75089]]],[[[-9.15196,38.75873],[-9.15196,38.7581],[-9.15214,38.75793],[-9.15233,38.7581],[-9.15233,38.75873],[-9.15214,38.75891],[-9.15196,38.75873]]],[[[-9.15593,38.76189],[-9.15592,38.76192],[-9.1559,38.76189],[-9.15592,38.76188],[-9.15593,38.76189]]],[[[-9.15782,38.774],[-9.15733,38.77387],[-9.15782,38.77377],[-9.15797,38.77387],[-9.15782,38.774]]],[[[-9.15956,38.77639],[-9.15971,38.77631],[-9.16034,38.77631],[-9.1604,38.77639],[-9.16034,38.77652],[-9.15971,38.77652],[-9.15956,38.77639]]],[[[-9.15655,38.77746],[-9.15641,38.77703],[-9.15655,38.77687],[-9.15718,38.77687],[-9.1575,38.77703],[-9.15718,38.77746],[-9.15655,38.77746]]],[[[-9.15952,38.77829],[-9.15908,38.77873],[-9.15865,38.77829],[-9.15865,38.77766],[-9.15904,38.77703],[-9.15908,38.77698],[-9.15912,38.77703],[-9.15952,38.77766],[-9.15952,38.77829]]],[[[-9.14962,38.79528],[-9.14966,38.79532],[-9.14966,38.79555],[-9.14934,38.79515],[-9.14862,38.79478],[-9.14832,38.7947],[-9.14796,38.79476],[-9.14744,38.79458],[-9.14734,38.79406],[-9.14709,38.7935],[-9.14701,38.79406],[-9.14701,38.79443],[-9.1461,38.79411],[-9.14583,38.79344],[-9.14583,38.79344],[-9.14646,38.79349],[-9.14699,38.79342],[-9.14709,38.79337],[-9.14725,38.79279],[-9.14772,38.79254],[-9.14835,38.79254],[-9.14868,38.79216],[-9.14898,38.79195],[-9.14962,38.79192],[-9.15025,38.79167],[-9.15046,38.79153],[-9.15025,38.79106],[-9.15023,38.7909],[-9.15023,38.79027],[-9.15025,38.79023],[-9.15072,38.79027],[-9.15072,38.7909],[-9.15088,38.79094],[-9.15151,38.79094],[-9.15166,38.79153],[-9.15192,38.79216],[-9.15214,38.79235],[-9.15277,38.79229],[-9.15288,38.79216],[-9.15277,38.79206],[-9.15257,38.79153],[-9.15229,38.7909],[-9.15229,38.79027],[-9.15214,38.79003],[-9.15188,38.78964],[-9.15214,38.78922],[-9.15277,38.78945],[-9.15322,38.78964],[-9.1534,38.78968],[-9.15346,38.78964],[-9.15342,38.78901],[-9.1534,38.789],[-9.15277,38.78847],[-9.15274,38.78838],[-9.15277,38.7883],[-9.1534,38.78787],[-9.15403,38.78804],[-9.15466,38.78804],[-9.15489,38.78775],[-9.15478,38.78712],[-9.15466,38.78703],[-9.15403,38.78703],[-9.1534,38.7868],[-9.15277,38.7868],[-9.15256,38.78712],[-9.15252,38.78775],[-9.15214,38.78797],[-9.15184,38.78775],[-9.15152,38.78712],[-9.15151,38.7871],[-9.15088,38.7871],[-9.15072,38.78649],[-9.15088,38.78614],[-9.15151,38.78614],[-9.15214,38.78623],[-9.15277,38.78626],[-9.15322,38.78586],[-9.1534,38.78534],[-9.15403,38.78552],[-9.15466,38.78552],[-9.15482,38.78523],[-9.15515,38.78459],[-9.1548,38.78396],[-9.15529,38.78382],[-9.15592,38.78395],[-9.1561,38.78333],[-9.15651,38.7827],[-9.15655,38.78261],[-9.15718,38.78261],[-9.15782,38.7822],[-9.15823,38.78207],[-9.15845,38.78171],[-9.15857,38.78144],[-9.15908,38.78084],[-9.15913,38.78081],[-9.15971,38.78027],[-9.16034,38.78027],[-9.1604,38.78018],[-9.16034,38.77986],[-9.15971,38.77986],[-9.1596,38.77955],[-9.15971,38.77937],[-9.16034,38.77937],[-9.16063,38.77892],[-9.16067,38.77829],[-9.16083,38.77766],[-9.16097,38.77757],[-9.16139,38.77703],[-9.16155,38.77639],[-9.1616,38.77633],[-9.16223,38.7762],[-9.1625,38.77576],[-9.16272,38.77513],[-9.16236,38.7745],[-9.16223,38.77437],[-9.16211,38.7745],[-9.16176,38.77513],[-9.1616,38.77526],[-9.16145,38.77513],[-9.16097,38.77483],[-9.16049,38.77513],[-9.16034,38.77526],[-9.15971,38.77526],[-9.15939,38.77513],[-9.15908,38.77485],[-9.15874,38.77513],[-9.15845,38.77545],[-9.15782,38.77562],[-9.15718,38.77566],[-9.15655,38.77566],[-9.15647,38.77576],[-9.15592,38.77607],[-9.15567,38.77639],[-9.15554,38.77703],[-9.15585,38.77766],[-9.15585,38.77829],[-9.15592,38.7784],[-9.15611,38.77892],[-9.15613,38.77955],[-9.15599,38.78018],[-9.15592,38.78022],[-9.15543,38.78081],[-9.15529,38.78094],[-9.15509,38.78081],[-9.15466,38.78036],[-9.15403,38.78036],[-9.1534,38.78018],[-9.1534,38.78018],[-9.15277,38.77964],[-9.15214,38.7797],[-9.15151,38.77963],[-9.15088,38.77963],[-9.15027,38.78018],[-9.15025,38.7802],[-9.15022,38.78018],[-9.15009,38.77955],[-9.14962,38.77901],[-9.14954,38.77892],[-9.14962,38.77887],[-9.15002,38.77829],[-9.1501,38.77766],[-9.15016,38.77703],[-9.15025,38.77686],[-9.15069,38.77639],[-9.15088,38.77627],[-9.15151,38.77627],[-9.15194,38.77576],[-9.15151,38.77535],[-9.15088,38.77535],[-9.15051,38.77513],[-9.15025,38.77472],[-9.15003,38.7745],[-9.15002,38.77387],[-9.15025,38.77376],[-9.15088,38.77371],[-9.15151,38.77371],[-9.15214,38.77345],[-9.15277,38.77336],[-9.15294,38.77324],[-9.15296,38.77261],[-9.15324,38.77198],[-9.15309,38.77135],[-9.15302,38.77072],[-9.15277,38.77054],[-9.15214,38.77025],[-9.15188,38.77009],[-9.15151,38.76996],[-9.15088,38.76996],[-9.15035,38.76946],[-9.15053,38.76883],[-9.15064,38.7682],[-9.15088,38.76775],[-9.15151,38.76775],[-9.15163,38.76756],[-9.15158,38.76693],[-9.15214,38.76647],[-9.15237,38.7663],[-9.15214,38.766],[-9.15189,38.76567],[-9.15151,38.76515],[-9.15088,38.76515],[-9.15076,38.76504],[-9.15076,38.76441],[-9.15088,38.76429],[-9.15151,38.76429],[-9.15198,38.76378],[-9.15151,38.76322],[-9.15088,38.76322],[-9.15085,38.76315],[-9.15088,38.76311],[-9.15151,38.76311],[-9.15214,38.76283],[-9.15231,38.76252],[-9.1526,38.76189],[-9.15277,38.76162],[-9.1534,38.76154],[-9.1537,38.76126],[-9.15403,38.76096],[-9.15466,38.76096],[-9.15529,38.76116],[-9.15541,38.76126],[-9.15529,38.76155],[-9.15492,38.76189],[-9.15529,38.76235],[-9.15549,38.76252],[-9.15592,38.7628],[-9.15606,38.76315],[-9.15592,38.7634],[-9.15575,38.76378],[-9.15592,38.76424],[-9.15655,38.76409],[-9.15707,38.76441],[-9.15707,38.76504],[-9.15718,38.76516],[-9.15782,38.76516],[-9.15845,38.76509],[-9.15908,38.76518],[-9.15971,38.76553],[-9.16034,38.76553],[-9.16097,38.76518],[-9.16103,38.76504],[-9.16103,38.76441],[-9.1613,38.76378],[-9.1616,38.76336],[-9.16219,38.76315],[-9.16223,38.76313],[-9.16286,38.76315],[-9.16349,38.76315],[-9.16412,38.76368],[-9.1644,38.76378],[-9.16455,38.76441],[-9.16453,38.76504],[-9.16412,38.76567],[-9.16412,38.76567],[-9.16412,38.76568],[-9.16475,38.76619],[-9.16483,38.7663],[-9.16475,38.76666],[-9.16466,38.76693],[-9.16475,38.76703],[-9.16516,38.76756],[-9.16538,38.76805],[-9.16601,38.76805],[-9.16625,38.76756],[-9.16665,38.76722],[-9.16689,38.76756],[-9.16728,38.76793],[-9.16791,38.76768],[-9.16854,38.76803],[-9.16917,38.76803],[-9.16969,38.76756],[-9.1698,38.76751],[-9.16989,38.76756],[-9.17043,38.76787],[-9.17106,38.76805],[-9.17164,38.76756],[-9.17165,38.76693],[-9.17169,38.76686],[-9.17232,38.76686],[-9.1725,38.76693],[-9.17295,38.76726],[-9.17319,38.76756],[-9.17295,38.7681],[-9.17291,38.7682],[-9.17295,38.76823],[-9.17358,38.76826],[-9.17362,38.7682],[-9.17421,38.76761],[-9.17484,38.76761],[-9.17548,38.76788],[-9.17594,38.7682],[-9.17573,38.76883],[-9.17611,38.76917],[-9.1765,38.76946],[-9.17674,38.76964],[-9.17711,38.77009],[-9.17708,38.77072],[-9.17708,38.77135],[-9.17674,38.77197],[-9.17673,38.77198],[-9.17674,38.772],[-9.17691,38.77261],[-9.17688,38.77324],[-9.17674,38.77337],[-9.17631,38.77387],[-9.17611,38.77421],[-9.17578,38.7745],[-9.17548,38.77469],[-9.17508,38.77513],[-9.17496,38.77576],[-9.17548,38.77616],[-9.17584,38.77639],[-9.17611,38.77667],[-9.17636,38.77703],[-9.17641,38.77766],[-9.17674,38.77828],[-9.17675,38.77829],[-9.17737,38.77863],[-9.178,38.77863],[-9.17825,38.77892],[-9.17863,38.77933],[-9.17926,38.77953],[-9.17929,38.77955],[-9.17929,38.77986],[-9.17901,38.77984],[-9.17833,38.78011],[-9.17807,38.77955],[-9.178,38.77947],[-9.17737,38.77947],[-9.17674,38.77914],[-9.17662,38.77892],[-9.17648,38.77829],[-9.17611,38.77778],[-9.17561,38.77829],[-9.17548,38.77849],[-9.17484,38.77851],[-9.17421,38.77851],[-9.17358,38.77856],[-9.17322,38.77829],[-9.17295,38.77812],[-9.17232,38.77803],[-9.17205,38.77766],[-9.17205,38.77703],[-9.17207,38.77639],[-9.17223,38.77576],[-9.17215,38.77513],[-9.17232,38.77499],[-9.17259,38.77513],[-9.17295,38.77552],[-9.17338,38.77576],[-9.17358,38.77585],[-9.17365,38.77576],[-9.17358,38.77545],[-9.17344,38.77513],[-9.17358,38.77478],[-9.17365,38.7745],[-9.17358,38.77441],[-9.17335,38.77387],[-9.17358,38.7734],[-9.17421,38.7735],[-9.17484,38.7735],[-9.17548,38.77345],[-9.17563,38.77324],[-9.17611,38.77262],[-9.17611,38.77261],[-9.17611,38.77198],[-9.17614,38.77135],[-9.17614,38.77072],[-9.17611,38.77068],[-9.17548,38.77031],[-9.1753,38.77009],[-9.17507,38.76946],[-9.17484,38.7692],[-9.17421,38.7692],[-9.17358,38.76911],[-9.17295,38.76894],[-9.17232,38.7691],[-9.17169,38.7691],[-9.17151,38.76883],[-9.17106,38.76854],[-9.1707,38.76883],[-9.17043,38.76902],[-9.16988,38.76883],[-9.1698,38.76878],[-9.16917,38.76854],[-9.16854,38.76854],[-9.16826,38.76883],[-9.16854,38.76929],[-9.16917,38.76929],[-9.16931,38.76946],[-9.16917,38.76979],[-9.16854,38.76979],[-9.1683,38.77009],[-9.16817,38.77072],[-9.16817,38.77135],[-9.16836,38.77198],[-9.16819,38.77261],[-9.16791,38.77279],[-9.16767,38.77324],[-9.16728,38.77347],[-9.16685,38.77387],[-9.16665,38.77409],[-9.16628,38.7745],[-9.16601,38.7747],[-9.16538,38.7747],[-9.1649,38.7745],[-9.16475,38.77442],[-9.16412,38.7744],[-9.16369,38.7745],[-9.1641,38.77513],[-9.16412,38.77521],[-9.16424,38.77576],[-9.16412,38.77598],[-9.16349,38.77582],[-9.16286,38.77582],[-9.16253,38.77639],[-9.16223,38.77683],[-9.16206,38.77703],[-9.162,38.77766],[-9.16223,38.77786],[-9.16286,38.77818],[-9.16349,38.77818],[-9.16371,38.77829],[-9.16349,38.77854],[-9.16286,38.77854],[-9.16223,38.77869],[-9.16177,38.77892],[-9.16223,38.77933],[-9.16286,38.77947],[-9.16349,38.77947],[-9.1641,38.77892],[-9.16412,38.7789],[-9.16475,38.7789],[-9.16476,38.77892],[-9.16475,38.77896],[-9.1646,38.77955],[-9.16475,38.77968],[-9.16516,38.78018],[-9.16538,38.7804],[-9.16601,38.7804],[-9.16611,38.78018],[-9.1661,38.77955],[-9.1663,38.77892],[-9.16657,38.77829],[-9.16665,38.77797],[-9.16728,38.77786],[-9.16788,38.77766],[-9.16788,38.77703],[-9.16791,38.77702],[-9.16854,38.77683],[-9.16917,38.77683],[-9.16958,38.77703],[-9.16958,38.77766],[-9.1698,38.77783],[-9.17043,38.7778],[-9.17087,38.77829],[-9.17106,38.77842],[-9.17169,38.77842],[-9.17211,38.77892],[-9.17218,38.77955],[-9.17224,38.78018],[-9.17173,38.78081],[-9.17208,38.78144],[-9.17185,38.78207],[-9.17169,38.78233],[-9.17106,38.78233],[-9.17075,38.7827],[-9.17043,38.78321],[-9.1698,38.78294],[-9.16942,38.7827],[-9.16917,38.78226],[-9.16854,38.78226],[-9.16838,38.78207],[-9.16791,38.7819],[-9.16759,38.78207],[-9.16731,38.7827],[-9.16778,38.78333],[-9.16775,38.78396],[-9.16791,38.7841],[-9.16815,38.78459],[-9.16854,38.78507],[-9.16917,38.78507],[-9.16959,38.78506],[-9.16965,38.78527],[-9.16939,38.78553],[-9.16903,38.78577],[-9.16885,38.78577],[-9.16866,38.78594],[-9.16729,38.78604],[-9.1672,38.78634],[-9.16713,38.78637],[-9.16649,38.78623],[-9.16632,38.78626],[-9.16632,38.78586],[-9.16665,38.78566],[-9.16701,38.78523],[-9.16665,38.78487],[-9.16632,38.78459],[-9.16632,38.78396],[-9.16601,38.78371],[-9.16538,38.78371],[-9.16475,38.78339],[-9.16412,38.78371],[-9.16372,38.78396],[-9.16393,38.78459],[-9.16412,38.78477],[-9.16475,38.78511],[-9.16483,38.78523],[-9.16475,38.78578],[-9.16473,38.78586],[-9.16475,38.78586],[-9.16538,38.78603],[-9.16553,38.78618],[-9.16549,38.78619],[-9.16535,38.78661],[-9.16511,38.7866],[-9.16385,38.78748],[-9.16392,38.78787],[-9.16368,38.7881],[-9.16312,38.78809],[-9.1624,38.78864],[-9.16184,38.78874],[-9.16184,38.78838],[-9.16161,38.78775],[-9.1616,38.78774],[-9.16158,38.78775],[-9.1613,38.78838],[-9.16097,38.78862],[-9.16034,38.78851],[-9.15971,38.78851],[-9.1595,38.78901],[-9.15958,38.78964],[-9.15971,38.78984],[-9.16034,38.78984],[-9.16081,38.78995],[-9.16079,38.79004],[-9.16068,38.79003],[-9.16012,38.79051],[-9.15966,38.79069],[-9.15931,38.79151],[-9.15908,38.79151],[-9.15845,38.79152],[-9.15843,38.79153],[-9.15845,38.79155],[-9.15878,38.79189],[-9.15841,38.79208],[-9.15847,38.79223],[-9.15814,38.79236],[-9.15798,38.79284],[-9.15723,38.79301],[-9.15649,38.79387],[-9.15638,38.7939],[-9.15573,38.79367],[-9.15516,38.7937],[-9.15482,38.79429],[-9.15444,38.79455],[-9.15385,38.79459],[-9.15373,38.79444],[-9.15291,38.79447],[-9.1528,38.7943],[-9.15243,38.79445],[-9.15233,38.79484],[-9.15218,38.79492],[-9.15218,38.79469],[-9.15214,38.79463],[-9.15209,38.79469],[-9.15209,38.79497],[-9.15145,38.7953],[-9.15144,38.79538],[-9.15123,38.7956],[-9.15123,38.79532],[-9.15088,38.79496],[-9.15047,38.79469],[-9.15025,38.79433],[-9.14962,38.79429],[-9.14942,38.79469],[-9.14962,38.79528]],[[-9.14835,38.7934],[-9.14772,38.7934],[-9.1477,38.79342],[-9.14772,38.79345],[-9.14835,38.79345],[-9.14841,38.79342],[-9.14835,38.7934]],[[-9.1534,38.78855],[-9.15368,38.78838],[-9.1534,38.78824],[-9.15322,38.78838],[-9.1534,38.78855]],[[-9.1616,38.7735],[-9.16166,38.77324],[-9.1616,38.77297],[-9.16154,38.77324],[-9.1616,38.7735]],[[-9.16105,38.77324],[-9.16097,38.77319],[-9.16037,38.77324],[-9.16034,38.77329],[-9.15971,38.77329],[-9.15908,38.77327],[-9.15845,38.77344],[-9.15831,38.77324],[-9.15782,38.7729],[-9.15718,38.77272],[-9.15655,38.77272],[-9.15592,38.7731],[-9.15577,38.77324],[-9.15555,38.77387],[-9.15529,38.77438],[-9.15516,38.7745],[-9.15529,38.77478],[-9.15592,38.77501],[-9.15655,38.7748],[-9.15718,38.7748],[-9.15782,38.77503],[-9.15841,38.7745],[-9.15845,38.77446],[-9.15908,38.7742],[-9.15971,38.77398],[-9.16034,38.77398],[-9.16097,38.774],[-9.16108,38.77387],[-9.16105,38.77324]],[[-9.15466,38.77957],[-9.1547,38.77955],[-9.15472,38.77892],[-9.15466,38.77886],[-9.15403,38.77886],[-9.15396,38.77892],[-9.15356,38.77955],[-9.15403,38.77957],[-9.15466,38.77957]],[[-9.15271,38.77703],[-9.15269,38.77766],[-9.15269,38.77829],[-9.15214,38.77863],[-9.15157,38.77892],[-9.15214,38.77909],[-9.15277,38.77915],[-9.15305,38.77892],[-9.15291,38.77829],[-9.15291,38.77766],[-9.1534,38.77736],[-9.1535,38.77703],[-9.1534,38.77691],[-9.15277,38.777],[-9.15271,38.77703]],[[-9.17484,38.77786],[-9.17523,38.77766],[-9.1753,38.77703],[-9.17484,38.7767],[-9.17421,38.7767],[-9.17391,38.77703],[-9.17398,38.77766],[-9.17421,38.77786],[-9.17484,38.77786]],[[-9.17548,38.7683],[-9.17553,38.7682],[-9.17548,38.76816],[-9.17507,38.7682],[-9.17548,38.7683]],[[-9.17043,38.7684],[-9.17058,38.7682],[-9.17043,38.76815],[-9.17031,38.7682],[-9.17043,38.7684]],[[-9.16791,38.76846],[-9.16818,38.7682],[-9.16791,38.76802],[-9.16745,38.7682],[-9.16791,38.76846]],[[-9.16665,38.77252],[-9.16728,38.77208],[-9.16743,38.77198],[-9.16728,38.77177],[-9.16694,38.77135],[-9.16694,38.77072],[-9.16665,38.77053],[-9.16601,38.77013],[-9.16538,38.77013],[-9.16536,38.77009],[-9.16538,38.77001],[-9.16601,38.77001],[-9.16625,38.76946],[-9.16601,38.769],[-9.16538,38.769],[-9.16475,38.76909],[-9.16412,38.76927],[-9.16349,38.76923],[-9.16286,38.76923],[-9.16268,38.76946],[-9.16261,38.77009],[-9.16286,38.77048],[-9.16349,38.77048],[-9.1637,38.77072],[-9.1637,38.77135],[-9.16355,38.77198],[-9.16349,38.77205],[-9.16286,38.77205],[-9.16223,38.77229],[-9.16195,38.77261],[-9.16215,38.77324],[-9.16223,38.77335],[-9.16232,38.77324],[-9.16286,38.77291],[-9.16349,38.77291],[-9.16383,38.77324],[-9.16349,38.77368],[-9.16286,38.77368],[-9.16264,38.77387],[-9.16286,38.77408],[-9.16349,38.77408],[-9.16389,38.77387],[-9.16412,38.77373],[-9.16436,38.77387],[-9.16475,38.77404],[-9.16515,38.77387],[-9.16475,38.77362],[-9.16448,38.77324],[-9.16475,38.77295],[-9.16538,38.77297],[-9.16601,38.77297],[-9.16663,38.77261],[-9.16665,38.77252]],[[-9.17043,38.78086],[-9.17087,38.78081],[-9.17043,38.78066],[-9.1704,38.78081],[-9.17043,38.78086]],[[-9.1698,38.77941],[-9.16917,38.77953],[-9.16854,38.77953],[-9.16853,38.77955],[-9.16791,38.77987],[-9.16765,38.77955],[-9.16728,38.77909],[-9.16665,38.77898],[-9.16639,38.77955],[-9.16643,38.78018],[-9.16665,38.78065],[-9.16677,38.78081],[-9.16728,38.78116],[-9.16773,38.78144],[-9.16791,38.78154],[-9.16854,38.78163],[-9.16917,38.78163],[-9.16955,38.78144],[-9.1698,38.78121],[-9.16997,38.78081],[-9.1698,38.78051],[-9.16939,38.78018],[-9.1698,38.77967],[-9.17009,38.77955],[-9.1698,38.77941]],[[-9.16665,38.78355],[-9.16725,38.78333],[-9.16665,38.78309],[-9.16647,38.78333],[-9.16665,38.78355]],[[-9.16471,38.78081],[-9.16412,38.7804],[-9.16396,38.78018],[-9.16349,38.77958],[-9.16286,38.77958],[-9.16223,38.77962],[-9.1616,38.77965],[-9.16117,38.78018],[-9.16097,38.78068],[-9.16087,38.78081],[-9.16097,38.78107],[-9.16105,38.78144],[-9.16107,38.78207],[-9.16106,38.7827],[-9.16097,38.78295],[-9.16091,38.78333],[-9.16097,38.78337],[-9.1616,38.78384],[-9.16223,38.78368],[-9.16286,38.78378],[-9.16349,38.78363],[-9.16398,38.78333],[-9.16398,38.7827],[-9.16412,38.78258],[-9.16475,38.78238],[-9.16499,38.78207],[-9.16475,38.7819],[-9.16444,38.78144],[-9.16471,38.78081]],[[-9.1616,38.7865],[-9.16161,38.78649],[-9.1616,38.78644],[-9.16159,38.78649],[-9.1616,38.7865]],[[-9.1616,38.78565],[-9.16184,38.78523],[-9.1616,38.78507],[-9.1613,38.78459],[-9.1613,38.78396],[-9.16097,38.78369],[-9.16042,38.78333],[-9.16034,38.78325],[-9.15971,38.78325],[-9.15959,38.78333],[-9.15908,38.78373],[-9.15882,38.78396],[-9.15882,38.78459],[-9.15845,38.78493],[-9.15782,38.78511],[-9.1574,38.78523],[-9.15718,38.78537],[-9.15655,38.78537],[-9.15628,38.78586],[-9.15592,38.78624],[-9.15576,38.78649],[-9.15572,38.78712],[-9.15592,38.78736],[-9.15642,38.78712],[-9.15655,38.78657],[-9.15718,38.78657],[-9.15725,38.78712],[-9.15718,38.78739],[-9.15655,38.78739],[-9.15644,38.78775],[-9.15655,38.78781],[-9.15718,38.78781],[-9.15747,38.78775],[-9.15782,38.78765],[-9.15845,38.78752],[-9.15875,38.78775],[-9.15908,38.78825],[-9.15941,38.78775],[-9.15916,38.78712],[-9.15971,38.78708],[-9.16034,38.78708],[-9.16071,38.78649],[-9.16097,38.78586],[-9.16101,38.78586],[-9.1616,38.78565]],[[-9.15845,38.78966],[-9.15846,38.78964],[-9.15888,38.78901],[-9.15845,38.78863],[-9.15782,38.78867],[-9.15741,38.78901],[-9.1578,38.78964],[-9.15782,38.78965],[-9.15845,38.78966]],[[-9.15782,38.79239],[-9.15816,38.79216],[-9.15782,38.79187],[-9.15762,38.79216],[-9.15782,38.79239]],[[-9.15592,38.79294],[-9.15602,38.79279],[-9.15592,38.79268],[-9.15577,38.79279],[-9.15592,38.79294]],[[-9.15529,38.78903],[-9.15531,38.78901],[-9.15529,38.78895],[-9.15466,38.78895],[-9.15403,38.78895],[-9.154,38.78901],[-9.15403,38.78907],[-9.15466,38.78907],[-9.15529,38.78903]],[[-9.1616,38.76581],[-9.16181,38.76567],[-9.1616,38.76541],[-9.16143,38.76567],[-9.1616,38.76581]],[[-9.15971,38.77041],[-9.16034,38.77041],[-9.16065,38.77009],[-9.16034,38.76962],[-9.15971,38.76962],[-9.15963,38.76946],[-9.15971,38.76936],[-9.16034,38.76936],[-9.16068,38.76883],[-9.16037,38.7682],[-9.16034,38.76811],[-9.15971,38.76811],[-9.15908,38.76772],[-9.15892,38.76756],[-9.15845,38.76753],[-9.1584,38.76756],[-9.15794,38.7682],[-9.15782,38.7684],[-9.15742,38.7682],[-9.15718,38.76791],[-9.15655,38.76791],[-9.15592,38.76763],[-9.15585,38.76756],[-9.15592,38.76737],[-9.15655,38.76741],[-9.15709,38.76693],[-9.15718,38.76669],[-9.15782,38.76669],[-9.1579,38.7663],[-9.15782,38.76621],[-9.15718,38.76621],[-9.15695,38.7663],[-9.15655,38.76651],[-9.15592,38.76662],[-9.15551,38.7663],[-9.15585,38.76567],[-9.15533,38.76504],[-9.15533,38.76441],[-9.15529,38.7641],[-9.15466,38.76421],[-9.15403,38.76421],[-9.15386,38.76441],[-9.15386,38.76504],[-9.1534,38.76524],[-9.15307,38.76567],[-9.15311,38.7663],[-9.1531,38.76693],[-9.15277,38.7671],[-9.15214,38.76697],[-9.15206,38.76756],[-9.15176,38.7682],[-9.15151,38.76855],[-9.15088,38.76855],[-9.15081,38.76883],[-9.15056,38.76946],[-9.15088,38.76976],[-9.15151,38.76976],[-9.15214,38.7699],[-9.15248,38.77009],[-9.15277,38.77023],[-9.1534,38.77046],[-9.15403,38.77066],[-9.15466,38.77066],[-9.15472,38.77072],[-9.15472,38.77135],[-9.15507,38.77198],[-9.15529,38.77208],[-9.15588,38.77261],[-9.15592,38.77262],[-9.15594,38.77261],[-9.15655,38.77233],[-9.15718,38.77233],[-9.15782,38.77251],[-9.15813,38.77261],[-9.15845,38.77265],[-9.15847,38.77261],[-9.15892,38.77198],[-9.15908,38.77178],[-9.15941,38.77198],[-9.15971,38.77221],[-9.16034,38.77221],[-9.16063,38.77261],[-9.16097,38.77288],[-9.1615,38.77261],[-9.16127,38.77198],[-9.16097,38.77167],[-9.16034,38.77163],[-9.15971,38.77163],[-9.15955,38.77135],[-9.15955,38.77072],[-9.15971,38.77041]],[[-9.15908,38.77323],[-9.15949,38.77261],[-9.15908,38.77232],[-9.15889,38.77261],[-9.15908,38.77323]],[[-9.15466,38.77569],[-9.15403,38.77569],[-9.15396,38.77576],[-9.15403,38.77597],[-9.15466,38.77597],[-9.15477,38.77576],[-9.15466,38.77569]],[[-9.1534,38.77543],[-9.15277,38.77568],[-9.15266,38.77576],[-9.15277,38.77591],[-9.1534,38.77612],[-9.15349,38.77576],[-9.1534,38.77543]],[[-9.16728,38.76954],[-9.16737,38.76946],[-9.16728,38.76941],[-9.16721,38.76946],[-9.16728,38.76954]],[[-9.16665,38.76889],[-9.16669,38.76883],[-9.16665,38.76871],[-9.16661,38.76883],[-9.16665,38.76889]],[[-9.16349,38.76752],[-9.16286,38.76752],[-9.16274,38.76756],[-9.16286,38.76764],[-9.16349,38.76764],[-9.16352,38.76756],[-9.16349,38.76752]],[[-9.16223,38.7702],[-9.16227,38.77009],[-9.16223,38.76985],[-9.16172,38.77009],[-9.16223,38.7702]],[[-9.16349,38.77323],[-9.16286,38.77323],[-9.16285,38.77324],[-9.16286,38.77325],[-9.16349,38.77325],[-9.1635,38.77324],[-9.16349,38.77323]],[[-9.16665,38.78239],[-9.16693,38.78207],[-9.16665,38.78176],[-9.16636,38.78207],[-9.16665,38.78239]],[[-9.16034,38.78233],[-9.15971,38.78233],[-9.15959,38.7827],[-9.15971,38.78279],[-9.16034,38.78279],[-9.1608,38.7827],[-9.16034,38.78233]],[[-9.15845,38.78355],[-9.15864,38.78333],[-9.15845,38.78293],[-9.15832,38.78333],[-9.15845,38.78355]],[[-9.15655,38.78343],[-9.15718,38.78343],[-9.15782,38.78362],[-9.15791,38.78333],[-9.15796,38.7827],[-9.15782,38.7826],[-9.15768,38.7827],[-9.15718,38.7833],[-9.15655,38.7833],[-9.15653,38.78333],[-9.15655,38.78343]],[[-9.15592,38.79166],[-9.15602,38.79153],[-9.15592,38.7914],[-9.15572,38.79153],[-9.15592,38.79166]],[[-9.15655,38.76576],[-9.15671,38.76567],[-9.15655,38.76552],[-9.15648,38.76567],[-9.15655,38.76576]],[[-9.1534,38.76398],[-9.15363,38.76378],[-9.1534,38.76368],[-9.15331,38.76378],[-9.1534,38.76398]],[[-9.15466,38.775],[-9.15403,38.775],[-9.15368,38.77513],[-9.15403,38.77523],[-9.15466,38.77523],[-9.15494,38.77513],[-9.15466,38.775]],[[-9.15403,38.77293],[-9.15369,38.77324],[-9.1534,38.77359],[-9.15282,38.77387],[-9.15277,38.77394],[-9.15272,38.77387],[-9.15214,38.77375],[-9.15193,38.77387],[-9.15214,38.77446],[-9.1522,38.7745],[-9.15277,38.77475],[-9.1533,38.7745],[-9.1534,38.77442],[-9.15401,38.77387],[-9.15403,38.77386],[-9.15466,38.77386],[-9.15523,38.77324],[-9.15466,38.77293],[-9.15403,38.77293]],[[-9.16259,38.76567],[-9.16286,38.76595],[-9.16349,38.76595],[-9.16367,38.76567],[-9.16389,38.76504],[-9.16389,38.76441],[-9.16349,38.76436],[-9.16286,38.76436],[-9.16279,38.76441],[-9.16279,38.76504],[-9.16259,38.76567]],[[-9.16034,38.78129],[-9.15971,38.78129],[-9.15951,38.78144],[-9.15971,38.78183],[-9.16034,38.78183],[-9.16067,38.78144],[-9.16034,38.78129]],[[-9.15592,38.78848],[-9.15617,38.78838],[-9.15592,38.78831],[-9.15565,38.78838],[-9.15592,38.78848]]],[[[-9.14898,38.78031],[-9.14835,38.78031],[-9.14772,38.7803],[-9.14759,38.78018],[-9.14772,38.78009],[-9.14835,38.78006],[-9.14898,38.78006],[-9.14905,38.78018],[-9.14898,38.78031]]],[[[-9.14709,38.78178],[-9.14696,38.78144],[-9.14709,38.78125],[-9.14766,38.78144],[-9.14709,38.78178]]],[[[-9.14905,38.7827],[-9.14898,38.78279],[-9.14835,38.78276],[-9.14772,38.78276],[-9.14763,38.7827],[-9.14772,38.78254],[-9.14835,38.78254],[-9.14898,38.78254],[-9.14905,38.7827]]],[[[-9.14091,38.71143],[-9.14079,38.7115],[-9.14075,38.71143],[-9.14079,38.7112],[-9.14091,38.71143]]],[[[-9.14136,38.71269],[-9.14079,38.7128],[-9.1407,38.71269],[-9.14079,38.71255],[-9.14136,38.71269]]],[[[-9.14268,38.7124],[-9.14331,38.7124],[-9.14349,38.71269],[-9.14367,38.71332],[-9.14331,38.71361],[-9.14268,38.71361],[-9.14221,38.71332],[-9.14222,38.71269],[-9.14205,38.71252],[-9.14187,38.71206],[-9.14205,38.71182],[-9.14234,38.71206],[-9.14268,38.7124]]],[[[-9.14142,38.71353],[-9.14125,38.71332],[-9.14142,38.71272],[-9.14184,38.71332],[-9.14142,38.71353]]],[[[-9.14142,38.71609],[-9.14116,38.71584],[-9.14142,38.71566],[-9.14205,38.71583],[-9.14205,38.71584],[-9.14205,38.71586],[-9.14142,38.71609]]],[[[-9.13202,38.71584],[-9.13196,38.71593],[-9.13132,38.71593],[-9.13094,38.71648],[-9.13081,38.71711],[-9.13069,38.71725],[-9.1304,38.71711],[-9.13034,38.71648],[-9.13047,38.71584],[-9.13069,38.71581],[-9.13132,38.71579],[-9.13196,38.71579],[-9.13202,38.71584]]],[[[-9.14084,38.71963],[-9.14079,38.71967],[-9.14076,38.71963],[-9.14079,38.71959],[-9.14084,38.71963]]],[[[-9.13661,38.72215],[-9.137,38.72189],[-9.13763,38.72189],[-9.13782,38.72215],[-9.13763,38.72243],[-9.137,38.72243],[-9.13661,38.72215]]],[[[-9.13637,38.72301],[-9.13614,38.72278],[-9.13637,38.72243],[-9.13661,38.72278],[-9.13637,38.72301]]],[[[-9.13832,38.72278],[-9.13826,38.72315],[-9.13813,38.72278],[-9.13826,38.72271],[-9.13832,38.72278]]],[[[-9.1452,38.72556],[-9.14457,38.72554],[-9.14434,38.72531],[-9.14394,38.72504],[-9.14362,38.72468],[-9.14331,38.72414],[-9.14268,38.72414],[-9.14252,38.72404],[-9.14268,38.72379],[-9.14331,38.72379],[-9.14394,38.72388],[-9.14435,38.72404],[-9.14457,38.72423],[-9.14476,38.72404],[-9.14504,38.72341],[-9.14457,38.72302],[-9.14394,38.7231],[-9.1435,38.72278],[-9.14331,38.72243],[-9.14268,38.72243],[-9.14205,38.72251],[-9.14165,38.72215],[-9.14205,38.72178],[-9.14268,38.72194],[-9.14331,38.72194],[-9.14394,38.72179],[-9.14433,38.72215],[-9.14457,38.72255],[-9.1452,38.72269],[-9.14533,38.72278],[-9.14583,38.72326],[-9.14646,38.72326],[-9.14667,38.72341],[-9.14646,38.72361],[-9.14583,38.72361],[-9.14551,38.72404],[-9.14583,38.7245],[-9.14646,38.7245],[-9.14709,38.7245],[-9.14722,38.72468],[-9.14711,38.72531],[-9.14772,38.72572],[-9.14835,38.72589],[-9.14898,38.72589],[-9.14927,38.72594],[-9.14898,38.72598],[-9.14835,38.72598],[-9.14772,38.72619],[-9.14709,38.72611],[-9.14669,38.72594],[-9.14646,38.72567],[-9.14583,38.72567],[-9.1452,38.72556]],[[-9.1452,38.72486],[-9.14549,38.72468],[-9.1452,38.72451],[-9.14504,38.72468],[-9.1452,38.72486]]],[[[-9.14136,38.72531],[-9.14122,38.72468],[-9.14142,38.72458],[-9.1415,38.72468],[-9.14152,38.72531],[-9.14142,38.72536],[-9.14136,38.72531]]],[[[-9.13952,38.72993],[-9.13919,38.72972],[-9.13889,38.72951],[-9.13852,38.72972],[-9.13826,38.72996],[-9.13822,38.72972],[-9.13817,38.72909],[-9.13826,38.72874],[-9.13832,38.72846],[-9.13826,38.72837],[-9.13798,38.72783],[-9.13795,38.7272],[-9.13795,38.72657],[-9.13763,38.7262],[-9.137,38.7262],[-9.13678,38.72657],[-9.13678,38.7272],[-9.13637,38.72747],[-9.13574,38.7275],[-9.13545,38.7272],[-9.13545,38.72657],[-9.13531,38.72594],[-9.13511,38.72577],[-9.13478,38.72531],[-9.1349,38.72468],[-9.13511,38.72446],[-9.13566,38.72468],[-9.13574,38.72477],[-9.13593,38.72468],[-9.13574,38.72458],[-9.13555,38.72404],[-9.13574,38.72382],[-9.1361,38.72404],[-9.13637,38.72445],[-9.13674,38.72404],[-9.137,38.72386],[-9.13763,38.72386],[-9.13826,38.72373],[-9.13842,38.72341],[-9.13889,38.72331],[-9.13952,38.72341],[-9.14015,38.72341],[-9.14019,38.72341],[-9.14079,38.72366],[-9.14102,38.72404],[-9.14079,38.72443],[-9.1406,38.72468],[-9.14035,38.72531],[-9.14056,38.72594],[-9.14068,38.72657],[-9.14068,38.7272],[-9.14079,38.72733],[-9.14107,38.7272],[-9.14107,38.72657],[-9.14142,38.7264],[-9.14177,38.72657],[-9.14177,38.7272],[-9.14142,38.72753],[-9.14127,38.72783],[-9.14142,38.72804],[-9.14182,38.72846],[-9.14155,38.72909],[-9.14205,38.72954],[-9.14268,38.72955],[-9.14331,38.72955],[-9.14392,38.72972],[-9.14394,38.72974],[-9.14445,38.73035],[-9.14394,38.73069],[-9.14364,38.73035],[-9.14331,38.73],[-9.14268,38.73],[-9.14205,38.73001],[-9.1416,38.73035],[-9.14169,38.73098],[-9.14154,38.73161],[-9.14142,38.73172],[-9.14079,38.7318],[-9.14038,38.73161],[-9.14079,38.7314],[-9.14116,38.73098],[-9.14121,38.73035],[-9.14079,38.73014],[-9.14015,38.72993],[-9.13952,38.72993]],[[-9.14016,38.7272],[-9.14016,38.72657],[-9.14015,38.72656],[-9.13952,38.72656],[-9.13951,38.72657],[-9.13951,38.7272],[-9.13952,38.72721],[-9.14015,38.72721],[-9.14016,38.7272]]],[[[-9.13132,38.72868],[-9.1316,38.72909],[-9.13132,38.72938],[-9.13069,38.72938],[-9.13036,38.72909],[-9.13006,38.72889],[-9.12956,38.72846],[-9.13006,38.72809],[-9.13055,38.72846],[-9.13069,38.72868],[-9.13132,38.72868]]],[[[-9.14378,38.72909],[-9.14357,38.72846],[-9.14394,38.72821],[-9.14442,38.72846],[-9.14422,38.72909],[-9.14394,38.7297],[-9.14378,38.72909]]],[[[-9.14651,38.73161],[-9.14646,38.73172],[-9.14641,38.73161],[-9.14583,38.73108],[-9.14573,38.73098],[-9.14583,38.73077],[-9.14646,38.73077],[-9.14654,38.73098],[-9.14651,38.73161]]],[[[-9.13537,38.73351],[-9.13537,38.73287],[-9.13574,38.7328],[-9.13587,38.73287],[-9.13587,38.73351],[-9.13574,38.73369],[-9.13537,38.73351]]],[[[-9.13196,38.73417],[-9.13195,38.73414],[-9.13196,38.73411],[-9.13199,38.73414],[-9.13196,38.73417]]],[[[-9.13385,38.73431],[-9.13448,38.73431],[-9.1348,38.73477],[-9.13448,38.73511],[-9.13385,38.73511],[-9.13353,38.7354],[-9.13322,38.73561],[-9.13259,38.73551],[-9.13254,38.7354],[-9.1322,38.73477],[-9.13259,38.73439],[-9.13284,38.73414],[-9.13322,38.73376],[-9.13357,38.73414],[-9.13385,38.73431]]],[[[-9.12962,38.73603],[-9.12943,38.73626],[-9.12925,38.73603],[-9.12943,38.73585],[-9.12962,38.73603]]],[[[-9.13632,38.73729],[-9.13637,38.73723],[-9.13673,38.73666],[-9.137,38.73625],[-9.13763,38.73625],[-9.13826,38.73659],[-9.13889,38.73646],[-9.13907,38.73666],[-9.13952,38.73694],[-9.14015,38.73694],[-9.14037,38.73729],[-9.14015,38.7379],[-9.13952,38.7379],[-9.13889,38.73788],[-9.13826,38.73754],[-9.13763,38.73789],[-9.137,38.73789],[-9.13637,38.73735],[-9.13632,38.73729]]],[[[-9.13018,38.73855],[-9.13006,38.7387],[-9.13003,38.73855],[-9.13006,38.73851],[-9.13018,38.73855]]],[[[-9.14583,38.74008],[-9.1452,38.74008],[-9.14506,38.73981],[-9.14506,38.73918],[-9.1452,38.73908],[-9.14583,38.73908],[-9.14605,38.73918],[-9.14605,38.73981],[-9.14583,38.74008]]],[[[-9.13164,38.73918],[-9.13196,38.73911],[-9.132,38.73918],[-9.132,38.73981],[-9.13196,38.74023],[-9.13164,38.73981],[-9.13164,38.73918]]],[[[-9.1328,38.74107],[-9.13259,38.74112],[-9.13248,38.74107],[-9.13259,38.74105],[-9.1328,38.74107]]],[[[-9.13952,38.74116],[-9.1395,38.74107],[-9.13952,38.74102],[-9.14015,38.74102],[-9.1402,38.74107],[-9.14015,38.74116],[-9.13952,38.74116]]],[[[-9.14131,38.7417],[-9.14129,38.74107],[-9.14142,38.74092],[-9.14152,38.74107],[-9.1415,38.7417],[-9.14142,38.7418],[-9.14131,38.7417]]],[[[-9.13132,38.74142],[-9.13167,38.7417],[-9.13132,38.74213],[-9.13069,38.74213],[-9.13031,38.7417],[-9.13006,38.74155],[-9.1298,38.74107],[-9.13006,38.74079],[-9.13045,38.74107],[-9.13069,38.74142],[-9.13132,38.74142]]],[[[-9.13385,38.74287],[-9.13448,38.74287],[-9.13463,38.74297],[-9.13448,38.74337],[-9.13385,38.74337],[-9.13355,38.7436],[-9.13322,38.74416],[-9.13259,38.7438],[-9.13234,38.7436],[-9.13215,38.74297],[-9.13259,38.74264],[-9.13296,38.74234],[-9.13322,38.74187],[-9.13335,38.74234],[-9.13385,38.74287]]],[[[-9.1299,38.7436],[-9.12943,38.74374],[-9.12924,38.7436],[-9.12943,38.74345],[-9.1299,38.7436]]],[[[-9.12565,38.75171],[-9.12624,38.75117],[-9.12628,38.75099],[-9.12635,38.75117],[-9.12642,38.7518],[-9.12628,38.75195],[-9.12565,38.75199],[-9.12502,38.75199],[-9.12439,38.7519],[-9.12433,38.7518],[-9.12439,38.75176],[-9.12502,38.75171],[-9.12565,38.75171]]],[[[-9.13201,38.75621],[-9.13196,38.75626],[-9.1319,38.75621],[-9.13196,38.75613],[-9.13201,38.75621]]],[[[-9.12691,38.77095],[-9.12675,38.77072],[-9.12691,38.77057],[-9.12704,38.77072],[-9.12691,38.77095]]],[[[-9.12861,38.77135],[-9.1288,38.77113],[-9.12895,38.77135],[-9.12895,38.77198],[-9.1288,38.77228],[-9.12861,38.77198],[-9.12861,38.77135]]],[[[-9.12635,38.77513],[-9.12628,38.77561],[-9.12601,38.77513],[-9.12628,38.77508],[-9.12635,38.77513]]],[[[-9.12817,38.77534],[-9.12842,38.77576],[-9.12849,38.77639],[-9.12817,38.77685],[-9.12754,38.77685],[-9.1272,38.77639],[-9.12691,38.77608],[-9.12633,38.77576],[-9.12691,38.77556],[-9.12754,38.77534],[-9.12817,38.77534]]],[[[-9.12881,38.77703],[-9.1288,38.77703],[-9.12876,38.77703],[-9.1288,38.77701],[-9.12881,38.77703]]],[[[-9.14331,38.7803],[-9.14298,38.78018],[-9.14331,38.78001],[-9.1434,38.78018],[-9.14331,38.7803]]],[[[-9.13952,38.78495],[-9.13921,38.78459],[-9.13921,38.78396],[-9.13932,38.78333],[-9.13939,38.7827],[-9.13952,38.78228],[-9.14015,38.78228],[-9.14036,38.78207],[-9.14079,38.78179],[-9.14142,38.7816],[-9.14205,38.7816],[-9.14268,38.7816],[-9.14328,38.78144],[-9.14331,38.78143],[-9.14333,38.78144],[-9.14394,38.78165],[-9.14413,38.78144],[-9.14457,38.7811],[-9.14502,38.78144],[-9.1452,38.78187],[-9.14583,38.78187],[-9.14605,38.78207],[-9.14583,38.78227],[-9.1452,38.78227],[-9.145,38.7827],[-9.14457,38.78306],[-9.14415,38.78333],[-9.14394,38.78348],[-9.14331,38.78352],[-9.14268,38.78335],[-9.14205,38.78335],[-9.14159,38.78396],[-9.14159,38.78459],[-9.1415,38.78523],[-9.14142,38.78527],[-9.14113,38.78523],[-9.14112,38.78459],[-9.14112,38.78396],[-9.14079,38.78371],[-9.14063,38.78396],[-9.14063,38.78459],[-9.14015,38.78495],[-9.13952,38.78495]]],[[[-9.13952,38.78592],[-9.1394,38.78586],[-9.13952,38.78572],[-9.14015,38.78572],[-9.14026,38.78586],[-9.14015,38.78592],[-9.13952,38.78592]]],[[[-9.11808,38.71711],[-9.11871,38.71655],[-9.1188,38.71648],[-9.11893,38.71584],[-9.11934,38.71584],[-9.11997,38.71521],[-9.11997,38.71517],[-9.1206,38.71517],[-9.1211,38.71458],[-9.1206,38.71409],[-9.12046,38.71409],[-9.1206,38.71395],[-9.12123,38.71332],[-9.12186,38.71269],[-9.12249,38.71269],[-9.12296,38.71223],[-9.12313,38.71223],[-9.12333,38.71269],[-9.12313,38.71296],[-9.12249,38.71296],[-9.12215,38.71332],[-9.12186,38.71369],[-9.12139,38.71395],[-9.12139,38.71458],[-9.12123,38.71475],[-9.12097,38.71521],[-9.1206,38.71551],[-9.12012,38.71584],[-9.11997,38.71595],[-9.11934,38.71595],[-9.11902,38.71648],[-9.11871,38.71675],[-9.11831,38.71711],[-9.11808,38.71732],[-9.11751,38.71774],[-9.11745,38.7178],[-9.11682,38.71786],[-9.11669,38.71786],[-9.11682,38.71774],[-9.11744,38.71711],[-9.11745,38.71711],[-9.11808,38.71711],[-9.11808,38.71711]]],[[[-9.12007,38.72089],[-9.11997,38.72104],[-9.11934,38.72104],[-9.11928,38.72089],[-9.11928,38.72026],[-9.11934,38.72001],[-9.11997,38.72001],[-9.12005,38.72026],[-9.12007,38.72089]]],[[[-9.11214,38.72278],[-9.1124,38.7226],[-9.11289,38.72215],[-9.11303,38.72192],[-9.11319,38.72152],[-9.11303,38.72128],[-9.11264,38.72128],[-9.1129,38.72103],[-9.11303,38.72103],[-9.11335,38.72152],[-9.11315,38.72215],[-9.11303,38.72229],[-9.11247,38.72278],[-9.1124,38.72285],[-9.11177,38.72339],[-9.11175,38.72341],[-9.11114,38.72383],[-9.11051,38.72383],[-9.11009,38.72383],[-9.11034,38.72359],[-9.11051,38.72359],[-9.11114,38.72359],[-9.11139,38.72341],[-9.11177,38.72311],[-9.11214,38.72278]]],[[[-9.10461,38.73057],[-9.10483,38.73057],[-9.10546,38.73057],[-9.10558,38.73035],[-9.10583,38.72972],[-9.10585,38.72909],[-9.10608,38.72846],[-9.10598,38.72783],[-9.1061,38.72766],[-9.10673,38.72722],[-9.10674,38.7272],[-9.10674,38.72657],[-9.10673,38.72654],[-9.10612,38.72654],[-9.10664,38.72602],[-9.10673,38.72602],[-9.107,38.72657],[-9.107,38.7272],[-9.10673,38.72758],[-9.1063,38.72783],[-9.10643,38.72846],[-9.1061,38.72895],[-9.10604,38.72909],[-9.10604,38.72972],[-9.10581,38.73035],[-9.10549,38.73098],[-9.10546,38.73101],[-9.10483,38.73101],[-9.10461,38.73161],[-9.1042,38.73205],[-9.10357,38.73205],[-9.10357,38.73183],[-9.1042,38.73183],[-9.10441,38.73161],[-9.1042,38.73129],[-9.10389,38.73129],[-9.1042,38.73098],[-9.10461,38.73057]]],[[[-9.11572,38.73098],[-9.11556,38.73106],[-9.11544,38.73098],[-9.11556,38.73077],[-9.11572,38.73098]]],[[[-9.11217,38.73098],[-9.11177,38.73103],[-9.11151,38.73098],[-9.11177,38.73095],[-9.11217,38.73098]]],[[[-9.11515,38.7354],[-9.11493,38.73543],[-9.11429,38.73542],[-9.11366,38.73542],[-9.11363,38.7354],[-9.11366,38.73522],[-9.11429,38.73522],[-9.11493,38.73508],[-9.11515,38.7354]]],[[[-9.11493,38.73668],[-9.1149,38.73666],[-9.11493,38.73664],[-9.11497,38.73666],[-9.11493,38.73668]]],[[[-9.09704,38.74801],[-9.09727,38.74765],[-9.09749,38.74738],[-9.09783,38.74675],[-9.09783,38.74612],[-9.0979,38.74597],[-9.0982,38.74549],[-9.09853,38.74501],[-9.09887,38.74486],[-9.09877,38.74423],[-9.09916,38.74367],[-9.09979,38.74367],[-9.09982,38.7436],[-9.09979,38.74342],[-9.09916,38.74342],[-9.09886,38.74297],[-9.09853,38.74274],[-9.09848,38.74234],[-9.09853,38.74225],[-9.09895,38.7417],[-9.09916,38.74155],[-9.09979,38.74155],[-9.10028,38.74107],[-9.10042,38.74079],[-9.10086,38.74044],[-9.10086,38.73981],[-9.10105,38.73968],[-9.10126,38.73918],[-9.10105,38.73886],[-9.10087,38.73855],[-9.10042,38.73807],[-9.10027,38.73807],[-9.10042,38.73792],[-9.10042,38.73729],[-9.10105,38.73666],[-9.10105,38.73661],[-9.10168,38.73661],[-9.10231,38.73661],[-9.10264,38.73603],[-9.10294,38.73546],[-9.10303,38.7354],[-9.10294,38.73527],[-9.10286,38.73477],[-9.10231,38.73423],[-9.10222,38.73423],[-9.10231,38.73414],[-9.10231,38.73361],[-9.10294,38.73361],[-9.10301,38.73351],[-9.10294,38.7333],[-9.10252,38.7333],[-9.10294,38.73287],[-9.10319,38.73262],[-9.10357,38.73262],[-9.10372,38.73287],[-9.10357,38.73318],[-9.10335,38.73351],[-9.10301,38.73414],[-9.10331,38.73477],[-9.10339,38.7354],[-9.10294,38.73575],[-9.10279,38.73603],[-9.10252,38.73666],[-9.10253,38.73729],[-9.10231,38.73782],[-9.10168,38.73782],[-9.10125,38.73792],[-9.10105,38.73808],[-9.10102,38.73855],[-9.10105,38.7386],[-9.10142,38.73918],[-9.1012,38.73981],[-9.1012,38.74044],[-9.10105,38.74065],[-9.10054,38.74107],[-9.10042,38.74159],[-9.10023,38.7417],[-9.10003,38.74234],[-9.10007,38.74297],[-9.10039,38.7436],[-9.10042,38.74368],[-9.10105,38.74402],[-9.10112,38.74423],[-9.10155,38.74486],[-9.10105,38.74526],[-9.10042,38.7453],[-9.10011,38.74549],[-9.09979,38.7457],[-9.09916,38.7457],[-9.09853,38.74567],[-9.09822,38.74612],[-9.09822,38.74675],[-9.0979,38.74724],[-9.09782,38.74738],[-9.0973,38.74801],[-9.09727,38.74833],[-9.09725,38.74864],[-9.09724,38.74927],[-9.09663,38.74982],[-9.096,38.74982],[-9.09537,38.74982],[-9.09537,38.74952],[-9.096,38.74952],[-9.09663,38.74952],[-9.09691,38.74927],[-9.09701,38.74864],[-9.09704,38.74801]]],[[[-9.11811,38.7417],[-9.11808,38.74174],[-9.11806,38.7417],[-9.11808,38.74164],[-9.11811,38.7417]]],[[[-9.11773,38.74234],[-9.11745,38.74267],[-9.11725,38.74234],[-9.11745,38.74212],[-9.11773,38.74234]]],[[[-9.10294,38.74425],[-9.10294,38.74423],[-9.10294,38.74422],[-9.10357,38.74417],[-9.10366,38.74423],[-9.10357,38.7443],[-9.10294,38.74425]]],[[[-9.12313,38.74509],[-9.12289,38.74486],[-9.12313,38.74464],[-9.12326,38.74486],[-9.12313,38.74509]]],[[[-9.10394,38.74486],[-9.1042,38.74458],[-9.10473,38.74423],[-9.10483,38.74414],[-9.10546,38.74414],[-9.1061,38.74404],[-9.10634,38.74423],[-9.10673,38.74445],[-9.10736,38.74454],[-9.10799,38.74454],[-9.10824,38.74486],[-9.10801,38.74549],[-9.10799,38.74563],[-9.10736,38.74563],[-9.10673,38.74576],[-9.1061,38.74611],[-9.10546,38.74609],[-9.10483,38.74609],[-9.10429,38.74549],[-9.1042,38.74545],[-9.10394,38.74486]]],[[[-9.1237,38.74612],[-9.12366,38.74549],[-9.12376,38.74544],[-9.12402,38.74549],[-9.12402,38.74612],[-9.12376,38.74617],[-9.1237,38.74612]]],[[[-9.12455,38.7499],[-9.12439,38.7501],[-9.12415,38.7499],[-9.12439,38.74948],[-9.12455,38.7499]]],[[[-9.1124,38.7544],[-9.11203,38.75432],[-9.11177,38.75373],[-9.11114,38.75384],[-9.11051,38.75384],[-9.11043,38.75369],[-9.11051,38.75342],[-9.11114,38.75342],[-9.11158,38.75306],[-9.11158,38.75243],[-9.11177,38.75237],[-9.11183,38.75243],[-9.11183,38.75306],[-9.1124,38.7535],[-9.11303,38.75346],[-9.11344,38.75369],[-9.11366,38.75409],[-9.11429,38.75409],[-9.11493,38.75411],[-9.11556,38.75429],[-9.1156,38.75432],[-9.11556,38.75433],[-9.11493,38.75464],[-9.11429,38.75468],[-9.11366,38.75468],[-9.11338,38.75432],[-9.11303,38.75414],[-9.11268,38.75432],[-9.1124,38.7544]]],[[[-9.11808,38.75445],[-9.11785,38.75432],[-9.11808,38.75421],[-9.11817,38.75432],[-9.11808,38.75445]]],[[[-9.11303,38.75503],[-9.11296,38.75495],[-9.11303,38.75469],[-9.11337,38.75495],[-9.11303,38.75503]]],[[[-9.11619,38.75515],[-9.1161,38.75495],[-9.11619,38.75469],[-9.11682,38.75469],[-9.11689,38.75495],[-9.11682,38.75515],[-9.11619,38.75515]]],[[[-9.11772,38.75558],[-9.11745,38.7557],[-9.11712,38.75558],[-9.11745,38.75543],[-9.11772,38.75558]]],[[[-9.1207,38.75684],[-9.1206,38.75689],[-9.12055,38.75684],[-9.1206,38.75677],[-9.1207,38.75684]]],[[[-9.11528,38.75873],[-9.11556,38.75836],[-9.11566,38.75873],[-9.11566,38.75937],[-9.11556,38.75971],[-9.11528,38.75937],[-9.11528,38.75873]]],[[[-9.12565,38.75987],[-9.12502,38.75987],[-9.12494,38.75937],[-9.12494,38.75873],[-9.12502,38.75864],[-9.12565,38.75864],[-9.12569,38.75873],[-9.12569,38.75937],[-9.12565,38.75987]]],[[[-9.1006,38.76126],[-9.10042,38.76146],[-9.10011,38.76126],[-9.10042,38.76099],[-9.1006,38.76126]]],[[[-9.12325,38.76126],[-9.12313,38.76153],[-9.12279,38.76126],[-9.12313,38.7611],[-9.12325,38.76126]]],[[[-9.11051,38.76429],[-9.1103,38.76378],[-9.11051,38.76364],[-9.11114,38.76364],[-9.1114,38.76378],[-9.11114,38.76429],[-9.11051,38.76429]]],[[[-9.0971,38.77639],[-9.09707,38.77576],[-9.09727,38.7752],[-9.09736,38.77513],[-9.09763,38.7745],[-9.09764,38.77387],[-9.09762,38.77324],[-9.0979,38.77304],[-9.09853,38.77263],[-9.09916,38.77263],[-9.09919,38.77261],[-9.09916,38.77259],[-9.09853,38.77259],[-9.09808,38.77198],[-9.09808,38.77135],[-9.09794,38.77072],[-9.09822,38.77009],[-9.09811,38.76946],[-9.09804,38.76883],[-9.0979,38.76851],[-9.09727,38.76849],[-9.09688,38.7682],[-9.09663,38.76804],[-9.096,38.76804],[-9.09587,38.7682],[-9.09589,38.76883],[-9.09537,38.76922],[-9.09474,38.76923],[-9.09411,38.76935],[-9.09348,38.76913],[-9.09285,38.76913],[-9.09247,38.76883],[-9.09285,38.76822],[-9.09348,38.76822],[-9.0935,38.7682],[-9.09348,38.76797],[-9.09285,38.76797],[-9.09283,38.76756],[-9.09283,38.76693],[-9.09285,38.76693],[-9.09348,38.76693],[-9.09411,38.76693],[-9.09465,38.76639],[-9.09474,38.76639],[-9.09537,38.76674],[-9.09548,38.7663],[-9.09586,38.76567],[-9.09586,38.76504],[-9.096,38.76477],[-9.09663,38.76477],[-9.09698,38.76504],[-9.09698,38.76567],[-9.09727,38.76612],[-9.0974,38.7663],[-9.0979,38.76654],[-9.0982,38.7663],[-9.0979,38.76574],[-9.0978,38.76567],[-9.0978,38.76504],[-9.09749,38.76441],[-9.09727,38.76419],[-9.09701,38.76378],[-9.09677,38.76315],[-9.09682,38.76252],[-9.09691,38.76189],[-9.09698,38.76126],[-9.09683,38.76063],[-9.09695,38.76],[-9.097,38.75937],[-9.097,38.75873],[-9.09684,38.7581],[-9.09717,38.75747],[-9.09727,38.75737],[-9.09752,38.75684],[-9.09727,38.75631],[-9.09706,38.75621],[-9.09663,38.75578],[-9.096,38.75578],[-9.0959,38.75558],[-9.096,38.75523],[-9.09663,38.75523],[-9.09669,38.75495],[-9.09663,38.75489],[-9.096,38.75489],[-9.09537,38.75463],[-9.09524,38.75432],[-9.09531,38.75369],[-9.09474,38.75314],[-9.09469,38.75306],[-9.09469,38.75248],[-9.09474,38.75243],[-9.09474,38.75223],[-9.09537,38.75223],[-9.09555,38.7518],[-9.09554,38.75117],[-9.096,38.75058],[-9.09663,38.75058],[-9.09668,38.75054],[-9.09663,38.75048],[-9.096,38.75048],[-9.09537,38.75048],[-9.09537,38.75003],[-9.096,38.75003],[-9.09663,38.75003],[-9.097,38.75054],[-9.09663,38.75091],[-9.096,38.75091],[-9.0958,38.75117],[-9.09584,38.7518],[-9.096,38.7523],[-9.09663,38.7523],[-9.0968,38.75243],[-9.0968,38.75306],[-9.09663,38.75349],[-9.096,38.75349],[-9.09595,38.75369],[-9.096,38.75391],[-9.09663,38.75391],[-9.0968,38.75432],[-9.09727,38.75479],[-9.09737,38.75495],[-9.0979,38.75531],[-9.09822,38.75558],[-9.09806,38.75621],[-9.09853,38.75663],[-9.09916,38.75663],[-9.0993,38.75684],[-9.09935,38.75747],[-9.09916,38.75764],[-9.09853,38.75764],[-9.09817,38.7581],[-9.09821,38.75873],[-9.09849,38.75937],[-9.09853,38.75938],[-9.09916,38.75938],[-9.09946,38.76],[-9.09953,38.76063],[-9.09929,38.76126],[-9.09916,38.76134],[-9.09853,38.76134],[-9.0979,38.76177],[-9.09775,38.76189],[-9.0979,38.76225],[-9.098,38.76252],[-9.09853,38.7631],[-9.09916,38.7631],[-9.09979,38.76292],[-9.10042,38.7629],[-9.10065,38.76315],[-9.10042,38.76355],[-9.09979,38.76354],[-9.0997,38.76378],[-9.09945,38.76441],[-9.09979,38.76476],[-9.10026,38.76441],[-9.10042,38.76412],[-9.10075,38.76378],[-9.10105,38.76363],[-9.10141,38.76378],[-9.10168,38.76389],[-9.10231,38.76389],[-9.10274,38.76378],[-9.10231,38.76359],[-9.10168,38.76359],[-9.10147,38.76315],[-9.10168,38.76296],[-9.10231,38.76296],[-9.10294,38.76305],[-9.10303,38.76315],[-9.10302,38.76378],[-9.10294,38.76386],[-9.10269,38.76441],[-9.10238,38.76504],[-9.10238,38.76567],[-9.10231,38.76574],[-9.10168,38.76574],[-9.10126,38.7663],[-9.10105,38.76643],[-9.10048,38.7663],[-9.10042,38.76621],[-9.10034,38.7663],[-9.10011,38.76693],[-9.10042,38.7674],[-9.10061,38.76756],[-9.10042,38.76773],[-9.09999,38.7682],[-9.09984,38.76883],[-9.10042,38.76939],[-9.10105,38.7693],[-9.1012,38.76946],[-9.10168,38.76997],[-9.10231,38.76997],[-9.10267,38.77009],[-9.10251,38.77072],[-9.10294,38.77125],[-9.10304,38.77135],[-9.10306,38.77198],[-9.1034,38.77261],[-9.10294,38.77267],[-9.10249,38.77324],[-9.10231,38.77348],[-9.10168,38.77348],[-9.10118,38.77387],[-9.10105,38.77438],[-9.10042,38.77395],[-9.10026,38.7745],[-9.10042,38.77482],[-9.10091,38.77512],[-9.09913,38.77522],[-9.09964,38.77869],[-9.09916,38.77869],[-9.09853,38.77869],[-9.09824,38.77829],[-9.09824,38.77766],[-9.09804,38.77703],[-9.0979,38.77689],[-9.09727,38.77657],[-9.0971,38.77639]],[[-9.09382,38.7682],[-9.09348,38.76872],[-9.09285,38.76872],[-9.09278,38.76883],[-9.09285,38.76888],[-9.09348,38.76888],[-9.09403,38.76883],[-9.09411,38.76881],[-9.09474,38.7688],[-9.09531,38.7682],[-9.09503,38.76756],[-9.09474,38.76722],[-9.09448,38.76756],[-9.09411,38.7679],[-9.09382,38.7682]],[[-9.09815,38.76063],[-9.0979,38.76049],[-9.09755,38.76063],[-9.0979,38.76091],[-9.09815,38.76063]],[[-9.10044,38.77324],[-9.10042,38.77322],[-9.10038,38.77324],[-9.10042,38.77326],[-9.10044,38.77324]],[[-9.09807,38.76],[-9.0979,38.75972],[-9.09777,38.76],[-9.0979,38.76005],[-9.09807,38.76]],[[-9.10059,38.77009],[-9.10042,38.7697],[-9.10034,38.77009],[-9.10042,38.77029],[-9.10059,38.77009]]],[[[-9.11285,38.76693],[-9.11303,38.76649],[-9.11366,38.76649],[-9.11385,38.76693],[-9.11366,38.76711],[-9.11303,38.76711],[-9.11285,38.76693]]],[[[-9.11423,38.78018],[-9.11429,38.78013],[-9.11458,38.77955],[-9.11429,38.7793],[-9.11398,38.77955],[-9.11366,38.77992],[-9.11303,38.77992],[-9.11296,38.77999],[-9.11184,38.77929],[-9.11232,38.77892],[-9.1124,38.77882],[-9.11303,38.77835],[-9.11366,38.77835],[-9.1137,38.77829],[-9.1137,38.77766],[-9.11366,38.77762],[-9.11303,38.77762],[-9.11285,38.77703],[-9.11276,38.77639],[-9.11248,38.77576],[-9.1124,38.77546],[-9.11177,38.77551],[-9.11114,38.77541],[-9.11051,38.77541],[-9.11003,38.77576],[-9.10988,38.77588],[-9.1097,38.77576],[-9.10953,38.77513],[-9.10925,38.77491],[-9.10907,38.77513],[-9.10901,38.77576],[-9.10862,38.77631],[-9.10861,38.77632],[-9.10845,38.77622],[-9.10749,38.77546],[-9.10648,38.77482],[-9.1061,38.77484],[-9.1061,38.7745],[-9.10673,38.77416],[-9.10706,38.77387],[-9.10673,38.77328],[-9.1067,38.77324],[-9.10671,38.77261],[-9.10664,38.77198],[-9.10664,38.77135],[-9.10673,38.77125],[-9.10682,38.77135],[-9.10683,38.77198],[-9.10736,38.77259],[-9.10799,38.77259],[-9.10841,38.77198],[-9.10843,38.77135],[-9.10847,38.77072],[-9.10857,38.77009],[-9.10799,38.76961],[-9.10736,38.76961],[-9.10691,38.77009],[-9.10673,38.77022],[-9.1061,38.77009],[-9.10609,38.77009],[-9.1061,38.77008],[-9.10663,38.76946],[-9.10665,38.76883],[-9.10673,38.76862],[-9.10704,38.7682],[-9.10673,38.76791],[-9.1061,38.76798],[-9.10575,38.76756],[-9.10558,38.76693],[-9.10583,38.7663],[-9.10546,38.76577],[-9.10483,38.76577],[-9.10481,38.76567],[-9.10481,38.76504],[-9.10448,38.76441],[-9.10483,38.76392],[-9.10546,38.76392],[-9.10563,38.76378],[-9.10597,38.76315],[-9.10601,38.76252],[-9.1061,38.76247],[-9.10673,38.76227],[-9.10736,38.76239],[-9.10799,38.76239],[-9.10826,38.76189],[-9.10809,38.76126],[-9.10799,38.76117],[-9.10736,38.76117],[-9.10673,38.76063],[-9.10669,38.76063],[-9.10631,38.76],[-9.10649,38.75937],[-9.10649,38.75873],[-9.10673,38.75845],[-9.10736,38.75851],[-9.10799,38.75851],[-9.10862,38.75826],[-9.1089,38.7581],[-9.10925,38.75802],[-9.10931,38.7581],[-9.10988,38.75863],[-9.11051,38.75854],[-9.11114,38.75854],[-9.11177,38.75863],[-9.11195,38.75873],[-9.11195,38.75937],[-9.11177,38.75997],[-9.11175,38.76],[-9.11177,38.76001],[-9.1124,38.76012],[-9.11268,38.76],[-9.11303,38.75989],[-9.11366,38.75989],[-9.11385,38.76],[-9.11393,38.76063],[-9.11429,38.761],[-9.11493,38.76072],[-9.11542,38.76063],[-9.11556,38.76055],[-9.11619,38.76033],[-9.11682,38.76033],[-9.11745,38.76044],[-9.11779,38.76063],[-9.11808,38.76096],[-9.11826,38.76126],[-9.11871,38.76168],[-9.119,38.76189],[-9.11915,38.76252],[-9.11884,38.76315],[-9.11934,38.76339],[-9.11997,38.76339],[-9.12023,38.76315],[-9.1206,38.76299],[-9.12078,38.76315],[-9.12123,38.76339],[-9.12171,38.76315],[-9.12186,38.76274],[-9.12249,38.76274],[-9.12313,38.76268],[-9.12376,38.76269],[-9.12423,38.76315],[-9.12415,38.76378],[-9.12419,38.76441],[-9.12435,38.76504],[-9.12435,38.76567],[-9.1241,38.7663],[-9.12376,38.7669],[-9.12373,38.76693],[-9.12364,38.76756],[-9.12354,38.7682],[-9.12334,38.76883],[-9.12343,38.76946],[-9.12346,38.77009],[-9.12313,38.77064],[-9.12308,38.77072],[-9.12313,38.7709],[-9.12329,38.77135],[-9.12331,38.77198],[-9.12338,38.77261],[-9.12323,38.77324],[-9.12339,38.77387],[-9.12376,38.77439],[-9.12439,38.77442],[-9.12502,38.77448],[-9.12565,38.77448],[-9.12567,38.7745],[-9.12565,38.77463],[-9.12502,38.77463],[-9.12439,38.77462],[-9.12385,38.77513],[-9.12376,38.77516],[-9.12313,38.77536],[-9.12277,38.77576],[-9.12249,38.77606],[-9.12186,38.77606],[-9.12123,38.77585],[-9.1206,38.776],[-9.11997,38.77604],[-9.11934,38.77604],[-9.11871,38.77589],[-9.11808,38.77602],[-9.11745,38.77635],[-9.11741,38.77639],[-9.11682,38.77673],[-9.11619,38.77673],[-9.11571,38.77703],[-9.11556,38.77732],[-9.11547,38.77766],[-9.11547,38.77829],[-9.11527,38.77892],[-9.11556,38.77919],[-9.11619,38.77947],[-9.11682,38.77947],[-9.11691,38.77955],[-9.1171,38.78018],[-9.11745,38.78059],[-9.1175,38.78081],[-9.11745,38.78102],[-9.11682,38.78118],[-9.11679,38.78121],[-9.11489,38.78064],[-9.11429,38.78056],[-9.11423,38.78054],[-9.11423,38.78018]],[[-9.11366,38.77546],[-9.11303,38.77546],[-9.11287,38.77576],[-9.11303,38.77603],[-9.11366,38.77603],[-9.11401,38.77576],[-9.11366,38.77546]],[[-9.10864,38.77261],[-9.10862,38.7726],[-9.10861,38.77261],[-9.10845,38.77324],[-9.10843,38.77387],[-9.10862,38.77403],[-9.10925,38.7741],[-9.10972,38.77387],[-9.10988,38.77383],[-9.11046,38.77324],[-9.11037,38.77261],[-9.10988,38.77248],[-9.10954,38.77261],[-9.10925,38.77305],[-9.10864,38.77261]],[[-9.10799,38.76874],[-9.10736,38.76874],[-9.1072,38.76883],[-9.10736,38.7689],[-9.10799,38.7689],[-9.10803,38.76883],[-9.10799,38.76874]],[[-9.10673,38.7653],[-9.10688,38.76504],[-9.10673,38.7648],[-9.10637,38.76504],[-9.10673,38.7653]],[[-9.1061,38.76459],[-9.10619,38.76441],[-9.1061,38.76428],[-9.10599,38.76441],[-9.1061,38.76459]],[[-9.12376,38.76425],[-9.12379,38.76378],[-9.12376,38.76358],[-9.12369,38.76378],[-9.12376,38.76425]],[[-9.11772,38.7745],[-9.11808,38.7746],[-9.11819,38.7745],[-9.11847,38.77387],[-9.11871,38.77355],[-9.11904,38.77324],[-9.11916,38.77261],[-9.11934,38.77249],[-9.11997,38.77249],[-9.1206,38.77226],[-9.121,38.77198],[-9.121,38.77135],[-9.12123,38.77101],[-9.12186,38.77083],[-9.12249,38.77083],[-9.12259,38.77072],[-9.12249,38.77017],[-9.12186,38.77017],[-9.12181,38.77009],[-9.12186,38.77001],[-9.12249,38.77001],[-9.12266,38.76946],[-9.12256,38.76883],[-9.12269,38.7682],[-9.12259,38.76756],[-9.12313,38.76703],[-9.12317,38.76693],[-9.12313,38.76674],[-9.12249,38.76672],[-9.12186,38.76672],[-9.12171,38.76693],[-9.12171,38.76756],[-9.12123,38.7681],[-9.12108,38.7682],[-9.1206,38.76849],[-9.12029,38.7682],[-9.12044,38.76756],[-9.12014,38.76693],[-9.12017,38.7663],[-9.11997,38.76585],[-9.11934,38.76585],[-9.11871,38.76596],[-9.11824,38.76567],[-9.11808,38.76549],[-9.11775,38.76504],[-9.11745,38.76471],[-9.11714,38.76441],[-9.11696,38.76378],[-9.11682,38.76361],[-9.11619,38.76361],[-9.11584,38.76378],[-9.11571,38.76441],[-9.11556,38.7646],[-9.11493,38.7646],[-9.11456,38.76441],[-9.11429,38.76418],[-9.11395,38.76441],[-9.11401,38.76504],[-9.11366,38.7656],[-9.11303,38.7656],[-9.11262,38.76504],[-9.11287,38.76441],[-9.11272,38.76378],[-9.11295,38.76315],[-9.11269,38.76252],[-9.1124,38.76213],[-9.11182,38.76252],[-9.11177,38.76262],[-9.11172,38.76252],[-9.11167,38.76189],[-9.11153,38.76126],[-9.11114,38.76101],[-9.11051,38.76101],[-9.10988,38.76114],[-9.10934,38.76063],[-9.10925,38.76056],[-9.10862,38.7604],[-9.10841,38.76063],[-9.10862,38.76078],[-9.10905,38.76126],[-9.10925,38.76155],[-9.10938,38.76189],[-9.10939,38.76252],[-9.10925,38.76263],[-9.10893,38.76315],[-9.10889,38.76378],[-9.10862,38.7642],[-9.10837,38.76441],[-9.10862,38.765],[-9.10917,38.76441],[-9.10925,38.76438],[-9.10988,38.7642],[-9.11039,38.76441],[-9.11026,38.76504],[-9.11029,38.76567],[-9.11051,38.766],[-9.11114,38.766],[-9.11177,38.76626],[-9.1124,38.76619],[-9.11268,38.7663],[-9.1124,38.76638],[-9.11189,38.76693],[-9.1124,38.76727],[-9.11269,38.76756],[-9.11303,38.76811],[-9.11366,38.76811],[-9.11375,38.7682],[-9.11366,38.76833],[-9.11303,38.76833],[-9.11277,38.76883],[-9.11298,38.76946],[-9.11291,38.77009],[-9.11303,38.77056],[-9.11366,38.77056],[-9.11429,38.77048],[-9.11483,38.77072],[-9.11482,38.77135],[-9.11482,38.77198],[-9.11439,38.77261],[-9.11438,38.77324],[-9.11429,38.77331],[-9.11417,38.77324],[-9.11366,38.77292],[-9.11303,38.77292],[-9.11274,38.77261],[-9.1124,38.77223],[-9.11194,38.77198],[-9.11194,38.77135],[-9.11177,38.77094],[-9.11166,38.77135],[-9.11114,38.77191],[-9.11051,38.77191],[-9.11049,38.77198],[-9.11051,38.77218],[-9.11114,38.77218],[-9.11137,38.77261],[-9.11125,38.77324],[-9.11177,38.77358],[-9.11198,38.77387],[-9.1124,38.7743],[-9.11303,38.77419],[-9.11366,38.77419],[-9.11395,38.7745],[-9.11429,38.7748],[-9.11462,38.7745],[-9.11493,38.77421],[-9.11526,38.7745],[-9.11537,38.77513],[-9.11556,38.77539],[-9.1157,38.77513],[-9.11595,38.7745],[-9.11619,38.77441],[-9.11682,38.77441],[-9.11739,38.77387],[-9.11745,38.7738],[-9.11756,38.77387],[-9.11772,38.7745]],[[-9.10944,38.77135],[-9.10964,38.77198],[-9.10988,38.77213],[-9.11006,38.77198],[-9.11016,38.77135],[-9.10988,38.77085],[-9.10975,38.77072],[-9.10925,38.77044],[-9.10876,38.77072],[-9.10925,38.77115],[-9.10944,38.77135]],[[-9.10799,38.76378],[-9.10736,38.76378],[-9.10735,38.76378],[-9.10736,38.76379],[-9.10799,38.76379],[-9.108,38.76378],[-9.10799,38.76378]],[[-9.12082,38.76504],[-9.1206,38.76493],[-9.12012,38.76504],[-9.12012,38.76567],[-9.1206,38.76591],[-9.12082,38.76567],[-9.12082,38.76504]],[[-9.11682,38.76228],[-9.11619,38.76228],[-9.116,38.76252],[-9.11619,38.76259],[-9.11682,38.76259],[-9.11691,38.76252],[-9.11682,38.76228]],[[-9.11556,38.7621],[-9.11582,38.76189],[-9.11556,38.76176],[-9.11549,38.76189],[-9.11556,38.7621]],[[-9.11303,38.76267],[-9.11366,38.76267],[-9.11429,38.76289],[-9.11463,38.76252],[-9.1149,38.76189],[-9.11429,38.76157],[-9.11406,38.76189],[-9.11366,38.76228],[-9.11303,38.76228],[-9.11296,38.76252],[-9.11303,38.76267]],[[-9.10862,38.76191],[-9.10871,38.76189],[-9.10862,38.76184],[-9.10861,38.76189],[-9.10862,38.76191]],[[-9.11177,38.769],[-9.11192,38.76883],[-9.11177,38.76869],[-9.11161,38.76883],[-9.11177,38.769]],[[-9.10988,38.77049],[-9.11032,38.77009],[-9.10988,38.76981],[-9.10971,38.77009],[-9.10988,38.77049]],[[-9.10925,38.76971],[-9.10962,38.76946],[-9.10925,38.76915],[-9.10882,38.76946],[-9.10925,38.76971]],[[-9.10799,38.76265],[-9.10736,38.76265],[-9.10695,38.76315],[-9.10736,38.76342],[-9.10799,38.76342],[-9.10838,38.76315],[-9.10799,38.76265]],[[-9.11934,38.76446],[-9.11997,38.76446],[-9.1206,38.76445],[-9.1208,38.76441],[-9.1206,38.76431],[-9.11997,38.76427],[-9.11934,38.76427],[-9.11871,38.76429],[-9.11864,38.76441],[-9.11871,38.76452],[-9.11934,38.76446]]],[[[-9.12092,38.77009],[-9.1206,38.77034],[-9.12032,38.77009],[-9.1206,38.76982],[-9.12092,38.77009]]],[[[-9.1151,38.77009],[-9.11493,38.77052],[-9.11481,38.77009],[-9.11493,38.7699],[-9.1151,38.77009]]],[[[-9.11616,38.77072],[-9.11619,38.77066],[-9.11682,38.77066],[-9.11683,38.77072],[-9.11682,38.77074],[-9.11619,38.77074],[-9.11616,38.77072]]],[[[-9.09727,38.77075],[-9.09724,38.77072],[-9.09727,38.77066],[-9.0975,38.77072],[-9.09727,38.77075]]],[[[-9.11787,38.77261],[-9.11745,38.77286],[-9.11715,38.77261],[-9.11745,38.77203],[-9.11787,38.77261]]],[[[-9.11833,38.77324],[-9.11808,38.77342],[-9.11795,38.77324],[-9.11808,38.77297],[-9.11833,38.77324]]],[[[-9.10454,38.77493],[-9.1036,38.77498],[-9.1036,38.7745],[-9.10414,38.77387],[-9.1042,38.77381],[-9.10426,38.77387],[-9.10454,38.7745],[-9.10454,38.77493]]],[[[-9.09461,38.79658],[-9.09436,38.79653],[-9.09436,38.79595],[-9.09411,38.79534],[-9.09409,38.79532],[-9.09364,38.79469],[-9.09358,38.79406],[-9.09348,38.79393],[-9.09285,38.79393],[-9.09248,38.79406],[-9.09222,38.79419],[-9.09159,38.7942],[-9.09153,38.79406],[-9.09141,38.79342],[-9.0915,38.79279],[-9.09115,38.79216],[-9.09125,38.79153],[-9.09134,38.7909],[-9.09128,38.79027],[-9.09116,38.78964],[-9.09096,38.78925],[-9.09072,38.78925],[-9.09096,38.78901],[-9.09096,38.78887],[-9.09159,38.78887],[-9.09193,38.78838],[-9.09206,38.78775],[-9.09222,38.78762],[-9.09285,38.7875],[-9.09348,38.7875],[-9.09409,38.78712],[-9.09411,38.78702],[-9.09474,38.78675],[-9.09493,38.78649],[-9.09486,38.78586],[-9.09474,38.78532],[-9.09458,38.78523],[-9.09443,38.78459],[-9.09474,38.78452],[-9.09537,38.7843],[-9.0956,38.78396],[-9.096,38.78368],[-9.09663,38.78368],[-9.09692,38.78333],[-9.09709,38.7827],[-9.09708,38.78207],[-9.09727,38.78184],[-9.0979,38.78188],[-9.09826,38.78144],[-9.09853,38.78111],[-9.09916,38.78111],[-9.09958,38.78081],[-9.09969,38.78018],[-9.09963,38.77955],[-9.09974,38.77935],[-9.10016,38.78218],[-9.09979,38.78218],[-9.09916,38.78259],[-9.09853,38.78259],[-9.09833,38.7827],[-9.09791,38.78333],[-9.0979,38.78334],[-9.09727,38.78368],[-9.09702,38.78396],[-9.09679,38.78459],[-9.09679,38.78523],[-9.0968,38.78586],[-9.09687,38.78649],[-9.09663,38.78686],[-9.096,38.78686],[-9.09586,38.78712],[-9.09537,38.78746],[-9.09474,38.78771],[-9.09467,38.78775],[-9.09411,38.78809],[-9.09348,38.78811],[-9.09285,38.78811],[-9.09222,38.78819],[-9.09215,38.78838],[-9.09194,38.78901],[-9.09159,38.78934],[-9.09144,38.78964],[-9.09159,38.79013],[-9.09167,38.79027],[-9.09171,38.7909],[-9.09159,38.79107],[-9.09148,38.79153],[-9.09156,38.79216],[-9.09159,38.79223],[-9.09222,38.79236],[-9.09267,38.79279],[-9.09267,38.79342],[-9.09285,38.79354],[-9.09348,38.79354],[-9.09387,38.79406],[-9.09407,38.79469],[-9.09411,38.79475],[-9.09474,38.79507],[-9.09494,38.79532],[-9.09537,38.79554],[-9.0958,38.79532],[-9.096,38.79523],[-9.09663,38.79523],[-9.09684,38.79532],[-9.09712,38.79595],[-9.09712,38.79648],[-9.09689,38.79658],[-9.09664,38.79658],[-9.09664,38.79595],[-9.09663,38.79594],[-9.096,38.79594],[-9.09597,38.79595],[-9.09597,38.79658],[-9.09537,38.79658],[-9.09474,38.79658],[-9.09461,38.79658]]],[[[-9.09937,38.79636],[-9.09856,38.79614],[-9.09828,38.79613],[-9.09828,38.79595],[-9.09853,38.79585],[-9.09916,38.79585],[-9.09955,38.79583],[-9.09941,38.79633],[-9.09937,38.79636]]]]},"properties":{"class":7,"label":"36 a 37","fill":"#ed2f22"}},{"type":"Feature","geometry":{"type":"MultiPolygon","coordinates":[[[[-9.2243,38.69818],[-9.22429,38.69755],[-9.2241,38.69692],[-9.22404,38.69677],[-9.22377,38.69629],[-9.22345,38.69566],[-9.22404,38.69553],[-9.22452,38.69566],[-9.22467,38.69585],[-9.2253,38.69585],[-9.22593,38.69595],[-9.22656,38.69629],[-9.22709,38.69566],[-9.22709,38.69555],[-9.2272,38.69566],[-9.22783,38.69566],[-9.22789,38.6956],[-9.22798,38.69566],[-9.22846,38.69605],[-9.22909,38.69609],[-9.22937,38.69615],[-9.22897,38.69685],[-9.22876,38.69629],[-9.22846,38.69627],[-9.22833,38.69629],[-9.22783,38.69651],[-9.2272,38.69651],[-9.22656,38.6967],[-9.22596,38.69629],[-9.22593,38.69628],[-9.2259,38.69629],[-9.2258,38.69692],[-9.2253,38.69751],[-9.22467,38.69751],[-9.22466,38.69755],[-9.22467,38.6976],[-9.2253,38.6976],[-9.22593,38.69761],[-9.22634,38.69818],[-9.2265,38.69882],[-9.22656,38.69888],[-9.22675,38.69882],[-9.22674,38.69818],[-9.22674,38.69775],[-9.22677,38.69776],[-9.22719,38.69818],[-9.22716,38.69827],[-9.22735,38.6984],[-9.22746,38.69866],[-9.22713,38.69902],[-9.22699,38.69937],[-9.22693,38.69964],[-9.22668,38.69945],[-9.22656,38.69937],[-9.22602,38.69882],[-9.22593,38.6987],[-9.2253,38.69861],[-9.22467,38.69861],[-9.2243,38.69818]]],[[[-9.20701,38.70138],[-9.20688,38.70134],[-9.20701,38.70117],[-9.20764,38.70117],[-9.2078,38.70134],[-9.20764,38.70138],[-9.20701,38.70138]]],[[[-9.19566,38.70349],[-9.19629,38.70373],[-9.19658,38.70386],[-9.19692,38.70414],[-9.19708,38.70449],[-9.19692,38.70476],[-9.19629,38.70481],[-9.19607,38.70449],[-9.19566,38.70418],[-9.19503,38.70418],[-9.19462,38.70386],[-9.19503,38.70349],[-9.19566,38.70349]]],[[[-9.20685,38.70512],[-9.20701,38.70463],[-9.20764,38.70463],[-9.20812,38.70512],[-9.20764,38.70524],[-9.20701,38.70524],[-9.20685,38.70512]]],[[[-9.19377,38.71231],[-9.19345,38.71206],[-9.19314,38.71168],[-9.19251,38.71168],[-9.19241,38.71143],[-9.19251,38.71108],[-9.19314,38.71108],[-9.19334,38.7108],[-9.19327,38.71017],[-9.1936,38.70954],[-9.19377,38.70913],[-9.19384,38.70891],[-9.1944,38.70829],[-9.19441,38.70828],[-9.1944,38.70826],[-9.19388,38.70765],[-9.19388,38.70701],[-9.19377,38.70673],[-9.19333,38.70638],[-9.19314,38.70631],[-9.19251,38.70631],[-9.19211,38.70638],[-9.19191,38.70701],[-9.19187,38.70703],[-9.19185,38.70701],[-9.19174,38.70638],[-9.19164,38.70575],[-9.19124,38.70571],[-9.19064,38.70512],[-9.19061,38.7051],[-9.19059,38.70512],[-9.19047,38.70575],[-9.18998,38.70624],[-9.18935,38.70624],[-9.18913,38.70575],[-9.18888,38.70512],[-9.18872,38.70489],[-9.18855,38.70449],[-9.18872,38.70409],[-9.18893,38.70386],[-9.18872,38.70359],[-9.18809,38.70355],[-9.18746,38.70324],[-9.18683,38.70324],[-9.1862,38.70324],[-9.18619,38.70323],[-9.1862,38.70307],[-9.18628,38.7026],[-9.18632,38.70197],[-9.18683,38.70146],[-9.18746,38.70146],[-9.18809,38.70162],[-9.18827,38.70134],[-9.18829,38.70071],[-9.18833,38.70008],[-9.18809,38.69986],[-9.18755,38.70008],[-9.18746,38.7003],[-9.18683,38.7003],[-9.1862,38.70015],[-9.18585,38.70071],[-9.18557,38.70103],[-9.18509,38.70134],[-9.18494,38.70156],[-9.18431,38.7017],[-9.18368,38.7017],[-9.18328,38.70197],[-9.18329,38.7026],[-9.18304,38.70269],[-9.18295,38.7026],[-9.18241,38.70198],[-9.18191,38.7026],[-9.18178,38.70277],[-9.18134,38.7026],[-9.18115,38.70254],[-9.18052,38.70254],[-9.18017,38.7026],[-9.17989,38.70267],[-9.17929,38.70323],[-9.17989,38.70376],[-9.18001,38.70386],[-9.17989,38.70398],[-9.17926,38.70444],[-9.17922,38.70449],[-9.17894,38.70512],[-9.17884,38.70575],[-9.17863,38.70618],[-9.178,38.70618],[-9.17777,38.70638],[-9.17737,38.70686],[-9.17692,38.70638],[-9.17674,38.70633],[-9.17636,38.70638],[-9.17642,38.70701],[-9.17659,38.70765],[-9.17611,38.70823],[-9.17593,38.70828],[-9.17611,38.70847],[-9.17637,38.70891],[-9.17674,38.70919],[-9.17737,38.70932],[-9.17752,38.70954],[-9.17754,38.71017],[-9.17737,38.71023],[-9.1768,38.7108],[-9.17674,38.71091],[-9.17665,38.7108],[-9.17668,38.71017],[-9.17611,38.70961],[-9.17596,38.70954],[-9.17548,38.70908],[-9.17484,38.70908],[-9.17439,38.70954],[-9.17459,38.71017],[-9.17421,38.71058],[-9.17407,38.7108],[-9.17358,38.71103],[-9.17295,38.71104],[-9.17279,38.7108],[-9.17232,38.71024],[-9.17169,38.71024],[-9.17166,38.71017],[-9.17169,38.71007],[-9.17232,38.71007],[-9.17242,38.70954],[-9.17259,38.70891],[-9.17263,38.70828],[-9.17268,38.70765],[-9.17268,38.70701],[-9.17264,38.70638],[-9.17232,38.70617],[-9.17169,38.70617],[-9.17128,38.70575],[-9.17106,38.70548],[-9.17043,38.70559],[-9.1698,38.70516],[-9.16917,38.70516],[-9.16854,38.70522],[-9.16791,38.70531],[-9.16728,38.7054],[-9.16665,38.70513],[-9.16601,38.70513],[-9.16538,38.70517],[-9.16475,38.70525],[-9.16456,38.70512],[-9.16412,38.7046],[-9.16349,38.7046],[-9.16316,38.70449],[-9.16286,38.70406],[-9.16242,38.70386],[-9.16286,38.70381],[-9.16349,38.70354],[-9.16412,38.70354],[-9.16475,38.70327],[-9.16491,38.70323],[-9.16538,38.70291],[-9.16601,38.70295],[-9.16665,38.70295],[-9.16728,38.70265],[-9.16791,38.70284],[-9.16815,38.7026],[-9.16854,38.70206],[-9.16917,38.70204],[-9.1698,38.70204],[-9.17018,38.70197],[-9.17043,38.70187],[-9.17075,38.70197],[-9.17106,38.70201],[-9.17169,38.702],[-9.17232,38.702],[-9.17236,38.70197],[-9.17295,38.7014],[-9.17306,38.70134],[-9.17306,38.70071],[-9.17319,38.70008],[-9.17295,38.69956],[-9.17255,38.69945],[-9.17289,38.69882],[-9.17289,38.69818],[-9.17295,38.69818],[-9.17321,38.69818],[-9.17321,38.69882],[-9.17358,38.69894],[-9.17421,38.69923],[-9.17437,38.69945],[-9.1748,38.70008],[-9.17484,38.7001],[-9.17548,38.7001],[-9.17611,38.70043],[-9.17674,38.70052],[-9.17737,38.70046],[-9.1778,38.70008],[-9.178,38.69988],[-9.17863,38.69988],[-9.17926,38.69946],[-9.17927,38.69945],[-9.17989,38.69882],[-9.17989,38.69881],[-9.18052,38.69849],[-9.18115,38.69849],[-9.18173,38.69818],[-9.18173,38.69755],[-9.18178,38.69755],[-9.18227,38.69755],[-9.18227,38.69818],[-9.18178,38.69856],[-9.18115,38.69873],[-9.18052,38.69873],[-9.18036,38.69882],[-9.18052,38.69934],[-9.18115,38.69934],[-9.18126,38.69945],[-9.18158,38.70008],[-9.18178,38.70041],[-9.18241,38.7004],[-9.18292,38.70071],[-9.18304,38.70101],[-9.18314,38.70071],[-9.18368,38.70045],[-9.18431,38.70045],[-9.18482,38.70008],[-9.18494,38.69997],[-9.18557,38.69953],[-9.1862,38.6995],[-9.18624,38.69945],[-9.18623,38.69882],[-9.18628,38.69818],[-9.1862,38.69809],[-9.18564,38.69755],[-9.18564,38.69692],[-9.1862,38.69692],[-9.18628,38.69692],[-9.18675,38.69755],[-9.18683,38.69765],[-9.18746,38.69765],[-9.18758,38.69755],[-9.18809,38.69746],[-9.18872,38.69728],[-9.18935,38.69721],[-9.18998,38.69721],[-9.19031,38.69692],[-9.19061,38.69686],[-9.19124,38.69683],[-9.19187,38.69676],[-9.19251,38.6965],[-9.19314,38.6965],[-9.19377,38.69659],[-9.1944,38.69637],[-9.19503,38.69637],[-9.19566,38.69637],[-9.19629,38.69665],[-9.19692,38.69637],[-9.19755,38.69672],[-9.19818,38.69646],[-9.19881,38.69646],[-9.19908,38.69692],[-9.19944,38.69717],[-9.19981,38.69755],[-9.19981,38.69818],[-9.20001,38.69882],[-9.20007,38.69901],[-9.20034,38.69945],[-9.20068,38.70008],[-9.20068,38.70071],[-9.2007,38.70073],[-9.20101,38.70134],[-9.20109,38.70197],[-9.20134,38.70212],[-9.20197,38.70212],[-9.2022,38.70197],[-9.2026,38.70185],[-9.20323,38.70149],[-9.20339,38.70134],[-9.20375,38.70071],[-9.20375,38.70008],[-9.20386,38.69977],[-9.20449,38.69977],[-9.20475,38.69945],[-9.20512,38.69909],[-9.20527,38.69882],[-9.20512,38.69837],[-9.20505,38.69818],[-9.20497,38.69755],[-9.20512,38.69745],[-9.20557,38.69755],[-9.20575,38.69766],[-9.20597,38.69755],[-9.20638,38.69726],[-9.20663,38.69692],[-9.20701,38.69652],[-9.20764,38.69652],[-9.20827,38.69638],[-9.20855,38.69692],[-9.2089,38.69721],[-9.20935,38.69755],[-9.20953,38.69779],[-9.20984,38.69818],[-9.20984,38.69882],[-9.20975,38.69945],[-9.2098,38.70008],[-9.2098,38.70071],[-9.21008,38.70134],[-9.21017,38.70141],[-9.2108,38.70141],[-9.21141,38.70197],[-9.21143,38.702],[-9.21195,38.7026],[-9.21143,38.70308],[-9.21113,38.70323],[-9.21081,38.70386],[-9.2108,38.70387],[-9.21017,38.70429],[-9.20953,38.70429],[-9.20897,38.70449],[-9.2089,38.70454],[-9.20868,38.70449],[-9.20827,38.70437],[-9.20764,38.70445],[-9.20701,38.70445],[-9.20646,38.70449],[-9.20638,38.7045],[-9.2063,38.70449],[-9.20575,38.70445],[-9.20551,38.70449],[-9.20512,38.70468],[-9.20449,38.70511],[-9.20386,38.70511],[-9.20343,38.70449],[-9.20334,38.70386],[-9.20323,38.70364],[-9.20305,38.70386],[-9.2026,38.70423],[-9.20221,38.70449],[-9.20225,38.70512],[-9.20235,38.70575],[-9.20197,38.70599],[-9.20134,38.70599],[-9.20101,38.70638],[-9.20134,38.70659],[-9.20197,38.70659],[-9.20241,38.70638],[-9.2026,38.70605],[-9.20304,38.70638],[-9.20323,38.70643],[-9.20386,38.70661],[-9.20449,38.70661],[-9.20483,38.70701],[-9.20483,38.70765],[-9.20504,38.70828],[-9.20512,38.70842],[-9.20537,38.70891],[-9.20512,38.70942],[-9.20504,38.70954],[-9.20492,38.71017],[-9.20512,38.71038],[-9.20558,38.7108],[-9.20512,38.71099],[-9.20452,38.71143],[-9.20449,38.71146],[-9.20386,38.71146],[-9.2038,38.71143],[-9.20377,38.7108],[-9.20323,38.71051],[-9.20282,38.7108],[-9.2026,38.71095],[-9.20219,38.7108],[-9.20197,38.71056],[-9.20134,38.71078],[-9.2007,38.71079],[-9.20055,38.7108],[-9.20007,38.71082],[-9.19944,38.71123],[-9.19881,38.71121],[-9.19818,38.71121],[-9.198,38.71143],[-9.19818,38.71168],[-9.19881,38.71168],[-9.19931,38.71206],[-9.19908,38.71269],[-9.19901,38.71332],[-9.19901,38.71395],[-9.19881,38.71425],[-9.19818,38.71425],[-9.19755,38.71427],[-9.19692,38.71437],[-9.19629,38.71441],[-9.19594,38.71458],[-9.19566,38.71465],[-9.19503,38.71465],[-9.19452,38.71521],[-9.1944,38.71536],[-9.19428,38.71521],[-9.19377,38.7147],[-9.19366,38.71458],[-9.19377,38.71435],[-9.19429,38.71395],[-9.19415,38.71332],[-9.19404,38.71269],[-9.19377,38.71231]],[[-9.18922,38.70197],[-9.18872,38.70178],[-9.18862,38.70197],[-9.18872,38.70205],[-9.18922,38.70197]],[[-9.18813,38.70323],[-9.18809,38.70319],[-9.18806,38.70323],[-9.18809,38.70325],[-9.18813,38.70323]],[[-9.18683,38.69925],[-9.18674,38.69945],[-9.18683,38.69993],[-9.18746,38.69993],[-9.1876,38.69945],[-9.18746,38.69925],[-9.18683,38.69925]],[[-9.17998,38.70134],[-9.17998,38.70071],[-9.17989,38.70019],[-9.17926,38.70063],[-9.17919,38.70071],[-9.17919,38.70134],[-9.17926,38.70147],[-9.17989,38.70151],[-9.17998,38.70134]],[[-9.17737,38.70525],[-9.17752,38.70512],[-9.178,38.7045],[-9.17863,38.7045],[-9.17864,38.70449],[-9.17879,38.70386],[-9.1787,38.70323],[-9.17884,38.7026],[-9.17863,38.70217],[-9.178,38.70217],[-9.17737,38.70232],[-9.17674,38.7022],[-9.17656,38.70197],[-9.17611,38.70157],[-9.17548,38.70135],[-9.17484,38.70135],[-9.17469,38.70134],[-9.17469,38.70071],[-9.17421,38.70068],[-9.17358,38.70065],[-9.17357,38.70071],[-9.17357,38.70134],[-9.17295,38.70171],[-9.17268,38.70197],[-9.17232,38.7023],[-9.17169,38.7023],[-9.17106,38.7024],[-9.17043,38.70228],[-9.1698,38.70245],[-9.16917,38.70245],[-9.16854,38.70248],[-9.16845,38.7026],[-9.16791,38.70313],[-9.16728,38.70307],[-9.16665,38.70315],[-9.16601,38.70315],[-9.16579,38.70323],[-9.16538,38.70363],[-9.16475,38.7036],[-9.16431,38.70386],[-9.16475,38.70429],[-9.16538,38.70409],[-9.16584,38.70449],[-9.16601,38.70462],[-9.16665,38.70462],[-9.16688,38.70449],[-9.16728,38.70418],[-9.16752,38.70449],[-9.16791,38.70481],[-9.16854,38.70462],[-9.16917,38.7047],[-9.1698,38.7047],[-9.17043,38.70463],[-9.17093,38.70449],[-9.17106,38.70446],[-9.1713,38.70449],[-9.17169,38.70453],[-9.17232,38.70453],[-9.17244,38.70449],[-9.17295,38.70429],[-9.17317,38.70449],[-9.17317,38.70512],[-9.17358,38.70574],[-9.1739,38.70575],[-9.17358,38.70578],[-9.17344,38.70638],[-9.17358,38.70658],[-9.17411,38.70701],[-9.17411,38.70765],[-9.17421,38.70774],[-9.17429,38.70765],[-9.17429,38.70701],[-9.17483,38.70638],[-9.17484,38.70637],[-9.17548,38.70637],[-9.17611,38.70605],[-9.17674,38.70593],[-9.17695,38.70575],[-9.17737,38.70525]],[[-9.17371,38.70828],[-9.17358,38.70814],[-9.17338,38.70828],[-9.17358,38.70839],[-9.17371,38.70828]],[[-9.16729,38.70512],[-9.16728,38.70511],[-9.16727,38.70512],[-9.16728,38.70513],[-9.16729,38.70512]],[[-9.21017,38.70162],[-9.20981,38.70134],[-9.20953,38.70079],[-9.2089,38.7009],[-9.2085,38.70071],[-9.2085,38.70008],[-9.20882,38.69945],[-9.2089,38.69941],[-9.20925,38.69882],[-9.20919,38.69818],[-9.2089,38.69769],[-9.20873,38.69818],[-9.20851,38.69882],[-9.20827,38.69921],[-9.20764,38.69925],[-9.20701,38.69925],[-9.20638,38.69928],[-9.20595,38.69945],[-9.20575,38.69962],[-9.20542,38.70008],[-9.2055,38.70071],[-9.20512,38.70102],[-9.20492,38.70134],[-9.20512,38.70173],[-9.20548,38.70197],[-9.20559,38.7026],[-9.20575,38.70308],[-9.20638,38.70294],[-9.20681,38.70323],[-9.20701,38.70373],[-9.20764,38.70373],[-9.20827,38.70359],[-9.2089,38.70379],[-9.20897,38.70386],[-9.20953,38.70405],[-9.21017,38.70405],[-9.21044,38.70386],[-9.21061,38.70323],[-9.2108,38.70312],[-9.21143,38.70262],[-9.21145,38.7026],[-9.21143,38.70257],[-9.21118,38.70197],[-9.2108,38.70162],[-9.21017,38.70162]],[[-9.20386,38.70246],[-9.2035,38.7026],[-9.20386,38.70295],[-9.20449,38.70295],[-9.20462,38.7026],[-9.20449,38.70246],[-9.20386,38.70246]],[[-9.20262,38.71017],[-9.2026,38.71014],[-9.20253,38.71017],[-9.2026,38.71022],[-9.20262,38.71017]],[[-9.20028,38.71017],[-9.20007,38.70999],[-9.19981,38.71017],[-9.20007,38.71073],[-9.20028,38.71017]],[[-9.19771,38.70828],[-9.19818,38.70853],[-9.19881,38.70853],[-9.19944,38.70888],[-9.19956,38.70828],[-9.19944,38.70798],[-9.19917,38.70765],[-9.19917,38.70701],[-9.19881,38.70679],[-9.19818,38.70679],[-9.19794,38.70701],[-9.19794,38.70765],[-9.19771,38.70828]],[[-9.19629,38.70971],[-9.19566,38.70994],[-9.19503,38.70994],[-9.1944,38.71],[-9.19424,38.71017],[-9.19426,38.7108],[-9.1944,38.71101],[-9.19486,38.71143],[-9.19486,38.71206],[-9.1944,38.71267],[-9.19439,38.71269],[-9.1944,38.7127],[-9.19503,38.71318],[-9.19566,38.71318],[-9.19629,38.71271],[-9.19692,38.71271],[-9.19693,38.71269],[-9.19692,38.71268],[-9.19638,38.71206],[-9.19639,38.71143],[-9.19692,38.71099],[-9.19716,38.7108],[-9.19692,38.7102],[-9.19691,38.71017],[-9.19629,38.70971]],[[-9.18882,38.69945],[-9.18872,38.69929],[-9.1886,38.69945],[-9.18872,38.69954],[-9.18882,38.69945]],[[-9.2026,38.70808],[-9.20197,38.7079],[-9.20134,38.7079],[-9.2007,38.70805],[-9.20017,38.70828],[-9.20007,38.70838],[-9.19995,38.70891],[-9.20007,38.70914],[-9.2007,38.70905],[-9.20134,38.70916],[-9.20197,38.70916],[-9.2026,38.7093],[-9.20321,38.70891],[-9.20323,38.70888],[-9.20386,38.70833],[-9.20449,38.70833],[-9.20452,38.70828],[-9.20449,38.70817],[-9.20386,38.70817],[-9.20323,38.7079],[-9.2026,38.70808]],[[-9.19818,38.70593],[-9.19881,38.70593],[-9.19902,38.70575],[-9.19944,38.70529],[-9.19971,38.70512],[-9.19944,38.70501],[-9.19881,38.705],[-9.19818,38.705],[-9.19809,38.70512],[-9.19793,38.70575],[-9.19818,38.70593]],[[-9.19692,38.7069],[-9.19683,38.70701],[-9.19683,38.70765],[-9.19692,38.70782],[-9.19705,38.70765],[-9.19705,38.70701],[-9.19692,38.7069]],[[-9.19881,38.70428],[-9.19934,38.70386],[-9.19881,38.70351],[-9.19818,38.70351],[-9.19755,38.70365],[-9.1971,38.70323],[-9.19755,38.70302],[-9.19818,38.70304],[-9.19881,38.70304],[-9.19944,38.70312],[-9.19981,38.70323],[-9.20007,38.70344],[-9.20017,38.70323],[-9.20065,38.7026],[-9.20029,38.70197],[-9.20043,38.70134],[-9.20007,38.70098],[-9.19995,38.70071],[-9.19995,38.70008],[-9.19988,38.69945],[-9.19971,38.69882],[-9.19944,38.69833],[-9.19881,38.69832],[-9.19818,38.69832],[-9.19802,38.69818],[-9.19755,38.69777],[-9.19713,38.69755],[-9.19692,38.69732],[-9.19629,38.69729],[-9.19572,38.69692],[-9.19566,38.6969],[-9.19503,38.6969],[-9.1944,38.69688],[-9.19404,38.69692],[-9.19377,38.697],[-9.19314,38.69705],[-9.19251,38.69705],[-9.19187,38.69702],[-9.19124,38.69717],[-9.19061,38.69741],[-9.19045,38.69755],[-9.19061,38.69775],[-9.19124,38.69805],[-9.19187,38.69798],[-9.19243,38.69818],[-9.19213,38.69882],[-9.19202,38.69945],[-9.19187,38.69996],[-9.19184,38.70008],[-9.19187,38.70027],[-9.19204,38.70071],[-9.19204,38.70134],[-9.19187,38.70157],[-9.19124,38.70169],[-9.19061,38.70137],[-9.1903,38.70134],[-9.18998,38.7013],[-9.18935,38.7013],[-9.18928,38.70134],[-9.18935,38.70165],[-9.18998,38.70165],[-9.19001,38.70197],[-9.19061,38.70236],[-9.19124,38.70215],[-9.19149,38.7026],[-9.19157,38.70323],[-9.19124,38.70379],[-9.19116,38.70386],[-9.19124,38.70397],[-9.19187,38.70413],[-9.19231,38.70386],[-9.19235,38.70323],[-9.19251,38.70305],[-9.19314,38.70305],[-9.19338,38.70323],[-9.1934,38.70386],[-9.19349,38.70449],[-9.19377,38.70482],[-9.19409,38.70512],[-9.19433,38.70575],[-9.19421,38.70638],[-9.1944,38.70663],[-9.19503,38.70641],[-9.19566,38.70641],[-9.19571,38.70638],[-9.19629,38.70591],[-9.19692,38.70588],[-9.19701,38.70575],[-9.19755,38.70517],[-9.19758,38.70512],[-9.19797,38.70449],[-9.19818,38.70428],[-9.19881,38.70428]],[[-9.19944,38.70606],[-9.19915,38.70638],[-9.19944,38.70681],[-9.20007,38.70648],[-9.2002,38.70638],[-9.20007,38.7063],[-9.19944,38.70606]]],[[[-9.20866,38.70954],[-9.20868,38.70891],[-9.2089,38.70883],[-9.20948,38.70828],[-9.20953,38.70816],[-9.21017,38.70816],[-9.21031,38.70828],[-9.2108,38.70849],[-9.21123,38.70891],[-9.21143,38.70917],[-9.21206,38.70895],[-9.21269,38.70904],[-9.21332,38.70904],[-9.2138,38.70891],[-9.21395,38.70889],[-9.21397,38.70891],[-9.21458,38.70945],[-9.21469,38.70954],[-9.21458,38.70967],[-9.21395,38.71002],[-9.21332,38.70979],[-9.21269,38.70979],[-9.21211,38.71017],[-9.21206,38.7102],[-9.21197,38.71017],[-9.21143,38.70977],[-9.2108,38.7097],[-9.21017,38.70979],[-9.20953,38.70979],[-9.2089,38.7096],[-9.20866,38.70954]]],[[[-9.20953,38.71474],[-9.20914,38.71458],[-9.20953,38.71426],[-9.21017,38.71426],[-9.21026,38.71458],[-9.21017,38.71474],[-9.20953,38.71474]]],[[[-9.20827,38.71539],[-9.20785,38.71521],[-9.20827,38.71471],[-9.2089,38.71481],[-9.20907,38.71521],[-9.2089,38.71542],[-9.20827,38.71539]]],[[[-9.22063,38.71584],[-9.22074,38.71521],[-9.22089,38.71504],[-9.22124,38.71521],[-9.22124,38.71525],[-9.22063,38.71598],[-9.22063,38.71584]]],[[[-9.18809,38.71781],[-9.18746,38.71778],[-9.18741,38.71774],[-9.18744,38.71711],[-9.18746,38.71696],[-9.18809,38.71661],[-9.18854,38.71711],[-9.18822,38.71774],[-9.18809,38.71781]]],[[[-9.21789,38.71774],[-9.2179,38.71711],[-9.21837,38.71689],[-9.219,38.71689],[-9.21931,38.71648],[-9.21963,38.71626],[-9.22001,38.71648],[-9.22012,38.7166],[-9.21876,38.71823],[-9.2169,38.71931],[-9.2169,38.719],[-9.21647,38.71888],[-9.21629,38.719],[-9.21629,38.71963],[-9.21629,38.71967],[-9.21586,38.71993],[-9.21586,38.71963],[-9.21586,38.719],[-9.21647,38.7186],[-9.2171,38.71846],[-9.2174,38.71837],[-9.21773,38.71815],[-9.21789,38.71774]]],[[[-9.21395,38.72047],[-9.21447,38.72026],[-9.21458,38.72022],[-9.21521,38.71964],[-9.21563,38.72006],[-9.21532,38.72024],[-9.21521,38.72013],[-9.21506,38.72026],[-9.21506,38.72039],[-9.21443,38.72076],[-9.21407,38.7209],[-9.21407,38.72089],[-9.21395,38.72082],[-9.21385,38.72089],[-9.21385,38.72098],[-9.21335,38.72117],[-9.21335,38.72089],[-9.21395,38.72047]]],[[[-9.21206,38.72093],[-9.2126,38.72146],[-9.21217,38.72163],[-9.21217,38.72152],[-9.21206,38.72141],[-9.21196,38.72152],[-9.21196,38.7217],[-9.21154,38.72187],[-9.21154,38.72152],[-9.21206,38.72093]]],[[[-9.20953,38.73017],[-9.20937,38.72972],[-9.20921,38.72909],[-9.20921,38.72846],[-9.20935,38.72838],[-9.20991,38.73009],[-9.20987,38.73017],[-9.20953,38.73017]]],[[[-9.18857,38.73035],[-9.18809,38.73094],[-9.18807,38.73098],[-9.18779,38.73161],[-9.18746,38.73189],[-9.18716,38.73161],[-9.18685,38.73098],[-9.18735,38.73035],[-9.18729,38.72972],[-9.18746,38.72943],[-9.18765,38.72972],[-9.18809,38.72991],[-9.18857,38.73035]],[[-9.18755,38.73098],[-9.18746,38.73088],[-9.18737,38.73098],[-9.18746,38.73112],[-9.18755,38.73098]]],[[[-9.18935,38.73222],[-9.1892,38.73161],[-9.18935,38.73124],[-9.18998,38.73124],[-9.19028,38.73161],[-9.18998,38.73222],[-9.18935,38.73222]]],[[[-9.20518,38.73161],[-9.20533,38.73098],[-9.20575,38.73074],[-9.20638,38.73075],[-9.20701,38.73075],[-9.20764,38.7308],[-9.20778,38.73098],[-9.2077,38.73161],[-9.20827,38.73196],[-9.20851,38.73224],[-9.20851,38.73231],[-9.20801,38.7331],[-9.20764,38.73308],[-9.20701,38.73323],[-9.20638,38.73323],[-9.20607,38.73287],[-9.20607,38.73224],[-9.20575,38.73192],[-9.20518,38.73161]]],[[[-9.20532,38.73287],[-9.20512,38.73314],[-9.2049,38.73287],[-9.20512,38.73255],[-9.20532,38.73287]]],[[[-9.18872,38.73357],[-9.18865,38.73351],[-9.18872,38.73344],[-9.18876,38.73351],[-9.18872,38.73357]]],[[[-9.20332,38.74234],[-9.20323,38.74197],[-9.2026,38.74185],[-9.20197,38.74198],[-9.20188,38.7417],[-9.20197,38.74154],[-9.20216,38.74107],[-9.20197,38.74084],[-9.20167,38.74107],[-9.20134,38.74129],[-9.2007,38.74129],[-9.20014,38.7417],[-9.20007,38.7418],[-9.19976,38.7417],[-9.19995,38.74107],[-9.20007,38.74081],[-9.20032,38.74044],[-9.2007,38.74008],[-9.20134,38.74008],[-9.20193,38.73981],[-9.20197,38.73978],[-9.2021,38.73918],[-9.2026,38.73861],[-9.20265,38.73855],[-9.2026,38.73842],[-9.20203,38.73792],[-9.20207,38.73729],[-9.2026,38.73693],[-9.20323,38.73676],[-9.20386,38.73687],[-9.20449,38.73687],[-9.20512,38.73679],[-9.20541,38.73721],[-9.20509,38.73771],[-9.2051,38.73775],[-9.20484,38.73792],[-9.20449,38.73802],[-9.20386,38.73802],[-9.20378,38.73792],[-9.20386,38.73761],[-9.20449,38.73761],[-9.20471,38.73729],[-9.20449,38.73725],[-9.20386,38.73725],[-9.20367,38.73729],[-9.20323,38.73745],[-9.20274,38.73792],[-9.20292,38.73855],[-9.2026,38.73888],[-9.20234,38.73918],[-9.20235,38.73981],[-9.20202,38.74044],[-9.20252,38.74107],[-9.2026,38.74121],[-9.20323,38.74111],[-9.20386,38.74114],[-9.20449,38.74114],[-9.20486,38.7417],[-9.20512,38.74201],[-9.20554,38.74201],[-9.20562,38.74284],[-9.2057,38.74294],[-9.20567,38.74297],[-9.20512,38.74327],[-9.2048,38.7436],[-9.20449,38.74394],[-9.20386,38.74394],[-9.20358,38.7436],[-9.20386,38.74321],[-9.20449,38.74321],[-9.20474,38.74297],[-9.20449,38.74279],[-9.20386,38.74279],[-9.20332,38.74234]]],[[[-9.20638,38.74436],[-9.20607,38.74423],[-9.20595,38.7436],[-9.20595,38.74328],[-9.20651,38.74405],[-9.20651,38.74423],[-9.20638,38.74436]]],[[[-9.19947,38.74423],[-9.19944,38.74434],[-9.19939,38.74423],[-9.19944,38.744],[-9.19947,38.74423]]],[[[-9.19377,38.74751],[-9.19357,38.74738],[-9.19314,38.74726],[-9.19251,38.74715],[-9.19187,38.74715],[-9.19124,38.747],[-9.19111,38.74675],[-9.1912,38.74612],[-9.19124,38.74598],[-9.19156,38.74549],[-9.19156,38.74486],[-9.19161,38.74423],[-9.19187,38.74403],[-9.19251,38.74403],[-9.19299,38.7436],[-9.19314,38.74355],[-9.19377,38.74347],[-9.19412,38.7436],[-9.1944,38.74378],[-9.19503,38.74405],[-9.19566,38.74405],[-9.19587,38.7436],[-9.19629,38.74339],[-9.19692,38.74357],[-9.19755,38.74344],[-9.19818,38.74344],[-9.19823,38.7436],[-9.19839,38.74423],[-9.19881,38.74464],[-9.19915,38.74486],[-9.19917,38.74549],[-9.19881,38.74571],[-9.19836,38.74612],[-9.19818,38.74641],[-9.19755,38.74641],[-9.19692,38.74661],[-9.19629,38.7466],[-9.19613,38.74675],[-9.19629,38.74693],[-9.19667,38.74738],[-9.19671,38.74801],[-9.19629,38.74833],[-9.19597,38.74801],[-9.19566,38.74753],[-9.19503,38.74753],[-9.19476,38.74801],[-9.1944,38.74826],[-9.19412,38.74801],[-9.19377,38.74751]],[[-9.1944,38.74657],[-9.19499,38.74612],[-9.1944,38.74594],[-9.19422,38.74612],[-9.1944,38.74657]],[[-9.19314,38.74685],[-9.19332,38.74675],[-9.19314,38.74634],[-9.19286,38.74675],[-9.19314,38.74685]],[[-9.19251,38.7461],[-9.19187,38.7461],[-9.1918,38.74612],[-9.19187,38.74613],[-9.19251,38.74613],[-9.19251,38.74612],[-9.19251,38.7461]]],[[[-9.19881,38.74712],[-9.19842,38.74675],[-9.19881,38.74647],[-9.19905,38.74675],[-9.19881,38.74712]]],[[[-9.19734,38.74864],[-9.19755,38.74846],[-9.19818,38.74846],[-9.19832,38.74864],[-9.19818,38.74877],[-9.19755,38.74877],[-9.19734,38.74864]]],[[[-9.19503,38.74879],[-9.19492,38.74864],[-9.19503,38.74845],[-9.19566,38.74845],[-9.19585,38.74864],[-9.19566,38.74879],[-9.19503,38.74879]]],[[[-9.20008,38.7499],[-9.20007,38.74991],[-9.20004,38.7499],[-9.20007,38.7499],[-9.20008,38.7499]]],[[[-9.20913,38.7499],[-9.2089,38.74945],[-9.20827,38.74988],[-9.20823,38.7499],[-9.20765,38.75054],[-9.20764,38.75055],[-9.2076,38.75054],[-9.20701,38.75026],[-9.20638,38.75026],[-9.20575,38.75011],[-9.20526,38.7499],[-9.20568,38.74927],[-9.20575,38.74921],[-9.20638,38.74865],[-9.20701,38.74865],[-9.20702,38.74864],[-9.20764,38.74816],[-9.20811,38.74801],[-9.20827,38.74794],[-9.20835,38.74801],[-9.2089,38.74841],[-9.20934,38.74864],[-9.20953,38.74908],[-9.20997,38.74864],[-9.20997,38.74861],[-9.21142,38.75048],[-9.21027,38.75105],[-9.20906,38.7528],[-9.20906,38.75243],[-9.2089,38.7523],[-9.2085,38.7518],[-9.2089,38.75125],[-9.20901,38.75117],[-9.2093,38.75054],[-9.20913,38.7499]],[[-9.20827,38.74936],[-9.20837,38.74927],[-9.20827,38.74906],[-9.20817,38.74927],[-9.20827,38.74936]],[[-9.20764,38.74878],[-9.20791,38.74864],[-9.20764,38.74855],[-9.20752,38.74864],[-9.20764,38.74878]]],[[[-9.20701,38.75157],[-9.20706,38.7518],[-9.20701,38.75184],[-9.20638,38.75184],[-9.20575,38.75189],[-9.20571,38.7518],[-9.20563,38.75117],[-9.20575,38.75098],[-9.20614,38.75117],[-9.20638,38.75157],[-9.20701,38.75157]]],[[[-9.20512,38.75515],[-9.20575,38.75547],[-9.20638,38.75552],[-9.20701,38.75552],[-9.2074,38.75495],[-9.20724,38.75432],[-9.20701,38.75375],[-9.20638,38.75375],[-9.20625,38.75369],[-9.20624,38.75306],[-9.20638,38.75291],[-9.20701,38.75291],[-9.20725,38.75306],[-9.20764,38.75364],[-9.20778,38.75369],[-9.20827,38.7538],[-9.20886,38.75372],[-9.2089,38.75382],[-9.2089,38.75399],[-9.20845,38.75432],[-9.20827,38.75461],[-9.20802,38.75495],[-9.20764,38.75536],[-9.20744,38.75558],[-9.20701,38.75612],[-9.20638,38.75612],[-9.20621,38.75621],[-9.20577,38.75684],[-9.20577,38.75715],[-9.20397,38.75702],[-9.20387,38.75708],[-9.20387,38.75684],[-9.20449,38.75642],[-9.20488,38.75621],[-9.20491,38.75558],[-9.20512,38.75515]]],[[[-9.18727,38.76504],[-9.18727,38.76441],[-9.18746,38.76416],[-9.18798,38.76441],[-9.18798,38.76504],[-9.18746,38.76553],[-9.18727,38.76504]]],[[[-9.1944,38.76571],[-9.19434,38.76567],[-9.1944,38.76563],[-9.19503,38.76563],[-9.19509,38.76567],[-9.19503,38.76571],[-9.1944,38.76571]]],[[[-9.18938,38.77324],[-9.18935,38.77272],[-9.18872,38.77272],[-9.18856,38.77261],[-9.18872,38.77258],[-9.18935,38.77258],[-9.18959,38.77198],[-9.18998,38.7717],[-9.1906,38.77135],[-9.19058,38.77072],[-9.19061,38.77062],[-9.19069,38.77072],[-9.19064,38.77135],[-9.19124,38.77146],[-9.19142,38.77135],[-9.19142,38.77072],[-9.1914,38.77009],[-9.19124,38.76987],[-9.19061,38.76979],[-9.19047,38.76946],[-9.18998,38.769],[-9.18935,38.76907],[-9.18872,38.76907],[-9.1883,38.76883],[-9.18872,38.76833],[-9.18935,38.76833],[-9.18998,38.76863],[-9.19043,38.7682],[-9.19061,38.76759],[-9.19066,38.76756],[-9.19061,38.76725],[-9.1906,38.76693],[-9.19061,38.76693],[-9.19124,38.76689],[-9.19187,38.76662],[-9.19251,38.76662],[-9.19314,38.7669],[-9.19327,38.76693],[-9.19377,38.76708],[-9.19432,38.76756],[-9.1944,38.7676],[-9.19503,38.7676],[-9.19508,38.76756],[-9.19566,38.7671],[-9.19613,38.76693],[-9.19625,38.7663],[-9.19597,38.76567],[-9.19629,38.76527],[-9.19645,38.76504],[-9.19645,38.76441],[-9.19642,38.76378],[-9.19629,38.76352],[-9.196,38.76378],[-9.19566,38.76392],[-9.19547,38.76378],[-9.19566,38.7634],[-9.19588,38.76315],[-9.19566,38.76297],[-9.19539,38.76252],[-9.19566,38.76201],[-9.19622,38.76252],[-9.19629,38.76261],[-9.19692,38.76257],[-9.19755,38.76275],[-9.19818,38.76275],[-9.19881,38.7627],[-9.19922,38.76252],[-9.19944,38.76234],[-9.19971,38.76189],[-9.19971,38.76156],[-9.2007,38.76197],[-9.20044,38.76261],[-9.20035,38.76267],[-9.1998,38.76281],[-9.19865,38.76338],[-9.19763,38.76338],[-9.19739,38.76421],[-9.19769,38.76437],[-9.19808,38.76496],[-9.198,38.76504],[-9.19755,38.76549],[-9.19701,38.76567],[-9.19755,38.76574],[-9.19809,38.76628],[-9.19693,38.76785],[-9.19707,38.76812],[-9.19701,38.76829],[-9.19646,38.76882],[-9.19629,38.76868],[-9.19594,38.76883],[-9.19566,38.76895],[-9.19503,38.76888],[-9.1944,38.76888],[-9.19383,38.76946],[-9.19393,38.77009],[-9.19377,38.77034],[-9.1936,38.77072],[-9.1936,38.77135],[-9.1936,38.77136],[-9.19298,38.77172],[-9.1931,38.77202],[-9.19282,38.77229],[-9.19261,38.77231],[-9.1922,38.77202],[-9.19113,38.77264],[-9.19037,38.77297],[-9.19029,38.77312],[-9.18966,38.77337],[-9.18937,38.77403],[-9.18909,38.77437],[-9.18823,38.77449],[-9.18793,38.7751],[-9.18788,38.77515],[-9.18788,38.77513],[-9.18789,38.7745],[-9.18772,38.77387],[-9.18809,38.77337],[-9.18872,38.77328],[-9.18935,38.77328],[-9.18938,38.77324]],[[-9.19755,38.76651],[-9.19771,38.7663],[-9.19755,38.76614],[-9.19736,38.7663],[-9.19755,38.76651]],[[-9.19692,38.76381],[-9.19693,38.76378],[-9.19692,38.76375],[-9.19692,38.76378],[-9.19692,38.76381]],[[-9.19629,38.76766],[-9.19636,38.76756],[-9.19629,38.7673],[-9.19624,38.76756],[-9.19629,38.76766]],[[-9.19314,38.76917],[-9.19369,38.76883],[-9.19377,38.7686],[-9.19397,38.7682],[-9.19377,38.76812],[-9.19336,38.7682],[-9.19314,38.76827],[-9.19292,38.76883],[-9.19314,38.76917]]],[[[-9.18552,38.69755],[-9.18494,38.69782],[-9.18431,38.69775],[-9.18368,38.69775],[-9.1833,38.69755],[-9.18368,38.69755],[-9.18431,38.69692],[-9.18494,38.69692],[-9.18552,38.69692],[-9.18552,38.69755]]],[[[-9.17092,38.70071],[-9.17106,38.70059],[-9.17123,38.70071],[-9.17123,38.70134],[-9.17106,38.70172],[-9.17092,38.70134],[-9.17092,38.70071]]],[[[-9.1851,38.70386],[-9.18494,38.70397],[-9.18484,38.70386],[-9.18494,38.70362],[-9.1851,38.70386]]],[[[-9.17637,38.70512],[-9.17611,38.70529],[-9.17578,38.70512],[-9.17611,38.70491],[-9.17637,38.70512]]],[[[-9.18308,38.70765],[-9.18304,38.70774],[-9.18298,38.70765],[-9.18241,38.70708],[-9.18237,38.70701],[-9.18241,38.70697],[-9.18304,38.70699],[-9.18323,38.70701],[-9.18308,38.70765]]],[[[-9.18241,38.71037],[-9.1821,38.71017],[-9.18241,38.70986],[-9.18279,38.70954],[-9.18292,38.70891],[-9.18304,38.70853],[-9.18353,38.70828],[-9.18368,38.70822],[-9.18431,38.70822],[-9.18435,38.70828],[-9.18494,38.70853],[-9.18538,38.70891],[-9.18557,38.70908],[-9.18596,38.70891],[-9.1862,38.70855],[-9.18683,38.70855],[-9.18692,38.70828],[-9.18683,38.70765],[-9.1862,38.70765],[-9.1862,38.70765],[-9.18557,38.7076],[-9.18533,38.70701],[-9.18557,38.70661],[-9.18594,38.70638],[-9.1862,38.70631],[-9.18683,38.70631],[-9.18699,38.70638],[-9.18746,38.70695],[-9.18809,38.70699],[-9.18811,38.70701],[-9.18813,38.70765],[-9.18869,38.70828],[-9.18872,38.70832],[-9.18892,38.70891],[-9.18872,38.70922],[-9.1881,38.70891],[-9.18809,38.7089],[-9.18807,38.70891],[-9.18746,38.70936],[-9.18683,38.7092],[-9.1862,38.7092],[-9.18607,38.70954],[-9.1862,38.70976],[-9.18683,38.70976],[-9.18709,38.71017],[-9.18683,38.71033],[-9.1862,38.71033],[-9.18563,38.7108],[-9.18557,38.71084],[-9.18494,38.7108],[-9.1849,38.7108],[-9.18431,38.71065],[-9.18368,38.71065],[-9.18362,38.7108],[-9.18304,38.71119],[-9.18271,38.7108],[-9.18241,38.71037]],[[-9.18559,38.70954],[-9.18557,38.70952],[-9.18551,38.70954],[-9.18557,38.70959],[-9.18559,38.70954]],[[-9.18455,38.71017],[-9.18494,38.71045],[-9.18531,38.71017],[-9.18494,38.70979],[-9.18451,38.70954],[-9.18431,38.70935],[-9.18368,38.70935],[-9.18348,38.70954],[-9.18368,38.70975],[-9.18431,38.70975],[-9.18455,38.71017]],[[-9.18325,38.7108],[-9.18304,38.71055],[-9.18293,38.7108],[-9.18304,38.71094],[-9.18325,38.7108]],[[-9.18746,38.70814],[-9.18741,38.70828],[-9.18746,38.70836],[-9.18809,38.70832],[-9.18813,38.70828],[-9.18809,38.70823],[-9.18746,38.70814]]],[[[-9.17989,38.71132],[-9.1797,38.7108],[-9.17989,38.71018],[-9.18027,38.7108],[-9.17989,38.71132]]],[[[-9.16548,38.71521],[-9.16601,38.71477],[-9.16665,38.71477],[-9.16672,38.71458],[-9.16665,38.71445],[-9.16601,38.71445],[-9.16538,38.71444],[-9.16526,38.71458],[-9.16475,38.71483],[-9.16427,38.71458],[-9.16475,38.71415],[-9.16498,38.71395],[-9.16498,38.71332],[-9.16538,38.71287],[-9.16549,38.71269],[-9.16538,38.71234],[-9.16475,38.71247],[-9.16454,38.71206],[-9.16475,38.71191],[-9.16538,38.71198],[-9.16601,38.71185],[-9.16665,38.71185],[-9.16728,38.71175],[-9.16786,38.71206],[-9.16791,38.71212],[-9.16854,38.71266],[-9.1689,38.71206],[-9.16917,38.71173],[-9.1698,38.71173],[-9.17011,38.71143],[-9.17043,38.71122],[-9.17073,38.71143],[-9.17079,38.71206],[-9.17051,38.71269],[-9.17043,38.71273],[-9.16982,38.71332],[-9.16982,38.71395],[-9.1698,38.71407],[-9.16917,38.71407],[-9.16888,38.71458],[-9.16854,38.71481],[-9.16791,38.71516],[-9.16784,38.71521],[-9.16791,38.7155],[-9.16801,38.71584],[-9.16791,38.71596],[-9.16774,38.71584],[-9.16728,38.71566],[-9.16704,38.71584],[-9.16665,38.71614],[-9.16601,38.71614],[-9.16572,38.71584],[-9.16548,38.71521]]],[[[-9.17137,38.71774],[-9.17106,38.71811],[-9.17064,38.71774],[-9.17106,38.71722],[-9.17137,38.71774]]],[[[-9.17299,38.71837],[-9.17295,38.71846],[-9.17285,38.71837],[-9.17295,38.71831],[-9.17299,38.71837]]],[[[-9.17043,38.71901],[-9.17041,38.719],[-9.17043,38.71891],[-9.17046,38.719],[-9.17043,38.71901]]],[[[-9.17124,38.72594],[-9.17124,38.72657],[-9.17106,38.72687],[-9.17085,38.7272],[-9.17043,38.72745],[-9.17023,38.7272],[-9.17043,38.72671],[-9.17068,38.72657],[-9.17068,38.72594],[-9.17081,38.72531],[-9.17106,38.72503],[-9.17141,38.72531],[-9.17124,38.72594]]],[[[-9.16854,38.72726],[-9.16849,38.7272],[-9.16854,38.72665],[-9.16917,38.72665],[-9.16922,38.7272],[-9.16917,38.72726],[-9.16854,38.72726]]],[[[-9.17169,38.72911],[-9.17168,38.72909],[-9.17169,38.72901],[-9.17232,38.72901],[-9.17233,38.72909],[-9.17232,38.72911],[-9.17169,38.72911]]],[[[-9.16854,38.73404],[-9.16917,38.73404],[-9.1694,38.73414],[-9.1698,38.73437],[-9.17019,38.73477],[-9.1698,38.73522],[-9.1695,38.7354],[-9.16917,38.73565],[-9.16854,38.73565],[-9.16827,38.7354],[-9.16791,38.73498],[-9.16737,38.73477],[-9.16791,38.73448],[-9.16822,38.73414],[-9.16854,38.73404]]],[[[-9.17989,38.7418],[-9.17935,38.7417],[-9.17989,38.7416],[-9.18,38.7417],[-9.17989,38.7418]]],[[[-9.18115,38.74305],[-9.18052,38.74305],[-9.17989,38.74317],[-9.17962,38.74297],[-9.17989,38.74279],[-9.18052,38.74291],[-9.18115,38.74291],[-9.18124,38.74297],[-9.18115,38.74305]]],[[[-9.17936,38.7436],[-9.17926,38.74388],[-9.17913,38.7436],[-9.17926,38.74346],[-9.17936,38.7436]]],[[[-9.18557,38.74475],[-9.18573,38.74486],[-9.1862,38.74508],[-9.18683,38.74508],[-9.18746,38.74525],[-9.1875,38.74549],[-9.18746,38.74558],[-9.18683,38.74601],[-9.1862,38.74601],[-9.1858,38.74549],[-9.18557,38.74502],[-9.18509,38.74549],[-9.18509,38.74612],[-9.18494,38.74619],[-9.18483,38.74612],[-9.18483,38.74549],[-9.18431,38.7449],[-9.18426,38.74486],[-9.18431,38.7448],[-9.18494,38.74484],[-9.18557,38.74475]]],[[[-9.17684,38.74549],[-9.17674,38.74569],[-9.17665,38.74549],[-9.17674,38.74532],[-9.17684,38.74549]]],[[[-9.17295,38.7475],[-9.17289,38.74738],[-9.17295,38.74733],[-9.173,38.74738],[-9.17295,38.7475]]],[[[-9.17169,38.75295],[-9.17232,38.75295],[-9.17243,38.75306],[-9.17267,38.75369],[-9.17232,38.75419],[-9.17169,38.75419],[-9.17106,38.75382],[-9.17043,38.75379],[-9.17032,38.75369],[-9.17043,38.75363],[-9.17106,38.75349],[-9.17152,38.75306],[-9.17169,38.75295]]],[[[-9.17989,38.75779],[-9.17984,38.75747],[-9.17989,38.75744],[-9.18052,38.75744],[-9.18054,38.75747],[-9.18052,38.75779],[-9.17989,38.75779]]],[[[-9.1862,38.75893],[-9.18611,38.75873],[-9.1862,38.75861],[-9.18683,38.75861],[-9.18692,38.75873],[-9.18683,38.75893],[-9.1862,38.75893]]],[[[-9.18252,38.76063],[-9.18241,38.76083],[-9.18223,38.76063],[-9.18241,38.76039],[-9.18252,38.76063]]],[[[-9.18124,38.76946],[-9.18172,38.77009],[-9.18115,38.77042],[-9.18052,38.77061],[-9.17989,38.77061],[-9.1794,38.77009],[-9.17989,38.76973],[-9.18052,38.76973],[-9.18106,38.76946],[-9.18115,38.76921],[-9.18124,38.76946]]],[[[-9.18156,38.77135],[-9.18178,38.77112],[-9.18241,38.77081],[-9.1827,38.77135],[-9.18241,38.77152],[-9.18178,38.77154],[-9.18156,38.77135]]],[[[-9.18441,38.77198],[-9.18431,38.772],[-9.18426,38.77198],[-9.18431,38.77191],[-9.18441,38.77198]]],[[[-9.17989,38.77348],[-9.17958,38.77324],[-9.17989,38.77272],[-9.18052,38.77272],[-9.18068,38.77324],[-9.18052,38.77348],[-9.17989,38.77348]]],[[[-9.18557,38.77553],[-9.1862,38.77553],[-9.18649,38.77576],[-9.18649,38.77582],[-9.18574,38.77594],[-9.18567,38.77623],[-9.18495,38.77664],[-9.18392,38.77755],[-9.18373,38.77775],[-9.18373,38.77766],[-9.18373,38.77703],[-9.18409,38.77639],[-9.18378,38.77576],[-9.18431,38.77542],[-9.18494,38.77566],[-9.18557,38.77553]]],[[[-9.17484,38.77786],[-9.17421,38.77786],[-9.17398,38.77766],[-9.17391,38.77703],[-9.17421,38.7767],[-9.17484,38.7767],[-9.1753,38.77703],[-9.17523,38.77766],[-9.17484,38.77786]]],[[[-9.18084,38.77892],[-9.18115,38.77886],[-9.18124,38.77892],[-9.18124,38.77905],[-9.18084,38.77911],[-9.18084,38.77892]]],[[[-9.16643,38.78018],[-9.16639,38.77955],[-9.16665,38.77898],[-9.16728,38.77909],[-9.16765,38.77955],[-9.16791,38.77987],[-9.16853,38.77955],[-9.16854,38.77953],[-9.16917,38.77953],[-9.1698,38.77941],[-9.17009,38.77955],[-9.1698,38.77967],[-9.16939,38.78018],[-9.1698,38.78051],[-9.16997,38.78081],[-9.1698,38.78121],[-9.16955,38.78144],[-9.16917,38.78163],[-9.16854,38.78163],[-9.16791,38.78154],[-9.16773,38.78144],[-9.16728,38.78116],[-9.16677,38.78081],[-9.16665,38.78065],[-9.16643,38.78018]]],[[[-9.15555,38.70412],[-9.15583,38.70439],[-9.15583,38.70449],[-9.15529,38.70498],[-9.15466,38.70498],[-9.15408,38.70449],[-9.15438,38.70449],[-9.15466,38.70473],[-9.15529,38.70473],[-9.15555,38.70449],[-9.15555,38.70412]]],[[[-9.16304,38.70512],[-9.16286,38.70523],[-9.16273,38.70512],[-9.16286,38.70469],[-9.16304,38.70512]]],[[[-9.15226,38.70765],[-9.15214,38.7077],[-9.15151,38.7077],[-9.15088,38.70819],[-9.15034,38.70765],[-9.15034,38.70701],[-9.15042,38.70638],[-9.1508,38.70575],[-9.1508,38.70512],[-9.15088,38.70512],[-9.15151,38.70512],[-9.15214,38.70512],[-9.15243,38.70512],[-9.15243,38.70575],[-9.15234,38.70638],[-9.15277,38.70648],[-9.15325,38.70638],[-9.1534,38.7063],[-9.15403,38.70627],[-9.15416,38.70638],[-9.15466,38.70658],[-9.15529,38.70658],[-9.15592,38.70642],[-9.15603,38.70638],[-9.15655,38.70586],[-9.15671,38.70575],[-9.15706,38.70512],[-9.15718,38.7046],[-9.15782,38.7046],[-9.15845,38.70511],[-9.15849,38.70512],[-9.15908,38.70528],[-9.15939,38.70512],[-9.15971,38.70501],[-9.15987,38.70512],[-9.16034,38.70524],[-9.16097,38.70524],[-9.1612,38.70512],[-9.16153,38.70449],[-9.1616,38.70447],[-9.16186,38.70386],[-9.16162,38.70323],[-9.1616,38.70322],[-9.16157,38.70323],[-9.16097,38.70373],[-9.16034,38.70373],[-9.15971,38.70366],[-9.15908,38.70367],[-9.1588,38.70386],[-9.15845,38.70414],[-9.15782,38.70448],[-9.15718,38.70448],[-9.15656,38.70448],[-9.15688,38.70417],[-9.15718,38.70417],[-9.15782,38.70417],[-9.1582,38.70386],[-9.1582,38.70323],[-9.15845,38.70323],[-9.15908,38.70323],[-9.15971,38.7026],[-9.16034,38.7026],[-9.16097,38.7026],[-9.161,38.70257],[-9.16101,38.7026],[-9.1616,38.70298],[-9.16201,38.70323],[-9.16222,38.70386],[-9.16214,38.70449],[-9.16173,38.70512],[-9.1616,38.70528],[-9.16097,38.70555],[-9.16034,38.70555],[-9.15971,38.70559],[-9.15949,38.70575],[-9.15908,38.70619],[-9.15845,38.70622],[-9.15789,38.70638],[-9.15782,38.70642],[-9.15718,38.70642],[-9.15655,38.7067],[-9.15592,38.70679],[-9.15546,38.70701],[-9.15546,38.70765],[-9.15529,38.70776],[-9.15466,38.70776],[-9.15403,38.70781],[-9.15388,38.70765],[-9.15388,38.70701],[-9.1534,38.70675],[-9.15277,38.70689],[-9.15226,38.70701],[-9.15226,38.70765]],[[-9.15088,38.70685],[-9.15077,38.70701],[-9.15077,38.70765],[-9.15088,38.70775],[-9.15101,38.70765],[-9.15101,38.70701],[-9.15088,38.70685]]],[[[-9.14907,38.70765],[-9.14907,38.70701],[-9.14962,38.70657],[-9.15007,38.70701],[-9.15007,38.70765],[-9.14962,38.70813],[-9.1493,38.70828],[-9.14898,38.70853],[-9.14835,38.70853],[-9.14792,38.70891],[-9.14772,38.70909],[-9.14763,38.70891],[-9.14709,38.70853],[-9.14685,38.70828],[-9.14709,38.70774],[-9.14772,38.70767],[-9.14835,38.70785],[-9.14898,38.70785],[-9.14907,38.70765]]],[[[-9.14968,38.70891],[-9.14962,38.70901],[-9.14952,38.70891],[-9.14962,38.70878],[-9.14968,38.70891]]],[[[-9.1505,38.70954],[-9.15025,38.70966],[-9.14993,38.70954],[-9.15025,38.7093],[-9.1505,38.70954]]],[[[-9.16413,38.71143],[-9.16412,38.71145],[-9.16411,38.71143],[-9.16412,38.71142],[-9.16413,38.71143]]],[[[-9.16396,38.72657],[-9.16412,38.72621],[-9.16441,38.72657],[-9.16427,38.7272],[-9.16412,38.72726],[-9.16407,38.7272],[-9.16396,38.72657]]],[[[-9.14513,38.74612],[-9.14513,38.74549],[-9.14457,38.7452],[-9.14424,38.74549],[-9.14424,38.74612],[-9.14394,38.7463],[-9.14357,38.74612],[-9.14357,38.74549],[-9.14394,38.74507],[-9.14411,38.74486],[-9.14457,38.74446],[-9.1452,38.74441],[-9.14583,38.74441],[-9.14646,38.74443],[-9.14709,38.74468],[-9.14732,38.74486],[-9.14772,38.74517],[-9.14796,38.74486],[-9.14772,38.74453],[-9.14748,38.74423],[-9.14772,38.74402],[-9.14796,38.74423],[-9.14835,38.74454],[-9.14898,38.74454],[-9.14962,38.74454],[-9.15018,38.74423],[-9.14962,38.74368],[-9.14898,38.74373],[-9.14835,38.74373],[-9.14824,38.7436],[-9.14835,38.7434],[-9.14898,38.7434],[-9.14962,38.74352],[-9.15025,38.74301],[-9.15026,38.74297],[-9.15066,38.74234],[-9.15068,38.7417],[-9.15029,38.74107],[-9.15032,38.74044],[-9.15063,38.73981],[-9.15063,38.73918],[-9.15088,38.73901],[-9.15138,38.73855],[-9.15151,38.73846],[-9.15214,38.73846],[-9.15277,38.73828],[-9.15314,38.73855],[-9.1534,38.73865],[-9.1536,38.73855],[-9.15403,38.7383],[-9.15466,38.7383],[-9.15529,38.73837],[-9.15584,38.73792],[-9.15592,38.73783],[-9.15641,38.73729],[-9.15655,38.73715],[-9.15688,38.73729],[-9.15718,38.73752],[-9.15782,38.73752],[-9.15845,38.7379],[-9.15908,38.7379],[-9.15909,38.73792],[-9.15971,38.73848],[-9.16034,38.73848],[-9.16042,38.73855],[-9.16034,38.73873],[-9.15971,38.73873],[-9.15964,38.73918],[-9.15964,38.73981],[-9.15971,38.73993],[-9.16034,38.73993],[-9.16054,38.73981],[-9.16054,38.73918],[-9.16097,38.73891],[-9.16121,38.73918],[-9.16121,38.73981],[-9.1616,38.74013],[-9.16223,38.73992],[-9.16286,38.74013],[-9.16349,38.74013],[-9.16412,38.74016],[-9.16436,38.73981],[-9.16436,38.73918],[-9.16475,38.73885],[-9.16519,38.73918],[-9.16519,38.73981],[-9.16538,38.73997],[-9.16601,38.73983],[-9.16665,38.73983],[-9.16666,38.73981],[-9.16666,38.73918],[-9.16665,38.73916],[-9.16601,38.73916],[-9.16563,38.73855],[-9.16601,38.73836],[-9.16665,38.73836],[-9.16687,38.73855],[-9.16728,38.73895],[-9.16766,38.73855],[-9.16791,38.73811],[-9.16854,38.73811],[-9.16917,38.73811],[-9.16928,38.73792],[-9.1694,38.73729],[-9.16917,38.73718],[-9.16854,38.73718],[-9.16839,38.73729],[-9.16791,38.73782],[-9.16728,38.73736],[-9.16665,38.73737],[-9.16601,38.73737],[-9.16573,38.73729],[-9.16538,38.73716],[-9.16495,38.73666],[-9.16492,38.73603],[-9.16475,38.73596],[-9.16412,38.73592],[-9.16349,38.73597],[-9.16286,38.73597],[-9.16272,38.73603],[-9.16286,38.73634],[-9.16349,38.73634],[-9.16372,38.73666],[-9.16349,38.73675],[-9.16286,38.73675],[-9.16223,38.73673],[-9.16209,38.73666],[-9.1616,38.73642],[-9.16106,38.73603],[-9.16097,38.73574],[-9.16034,38.73574],[-9.15975,38.7354],[-9.15971,38.73538],[-9.15967,38.7354],[-9.15938,38.73603],[-9.15969,38.73666],[-9.15908,38.73697],[-9.15881,38.73666],[-9.15853,38.73603],[-9.15885,38.7354],[-9.15908,38.7352],[-9.15938,38.73477],[-9.15908,38.73446],[-9.15869,38.73414],[-9.15908,38.73362],[-9.1594,38.73414],[-9.15971,38.73444],[-9.16034,38.73432],[-9.16097,38.73432],[-9.16126,38.73414],[-9.16101,38.73351],[-9.16101,38.73287],[-9.16097,38.73282],[-9.16034,38.73282],[-9.15987,38.73287],[-9.15987,38.73351],[-9.15971,38.73352],[-9.15964,38.73351],[-9.15964,38.73287],[-9.15908,38.73276],[-9.15845,38.7326],[-9.15812,38.73224],[-9.15782,38.73186],[-9.15718,38.73186],[-9.15694,38.73161],[-9.15655,38.73123],[-9.15648,38.73098],[-9.15655,38.73087],[-9.15718,38.73076],[-9.15782,38.73076],[-9.15841,38.73098],[-9.1582,38.73161],[-9.15845,38.73178],[-9.15863,38.73161],[-9.15855,38.73098],[-9.15908,38.73091],[-9.15918,38.73098],[-9.15971,38.73121],[-9.16034,38.73151],[-9.16097,38.73151],[-9.1616,38.73141],[-9.16187,38.73098],[-9.16223,38.73052],[-9.16265,38.73035],[-9.16244,38.72972],[-9.16223,38.72948],[-9.16186,38.72972],[-9.1616,38.73001],[-9.16143,38.72972],[-9.1616,38.72941],[-9.16179,38.72909],[-9.1616,38.72891],[-9.16134,38.72909],[-9.16097,38.72931],[-9.16034,38.72931],[-9.15971,38.72919],[-9.15962,38.72909],[-9.15971,38.72898],[-9.1599,38.72846],[-9.1602,38.72783],[-9.16034,38.72769],[-9.16097,38.72769],[-9.16131,38.72783],[-9.1616,38.72806],[-9.16223,38.72843],[-9.16286,38.7283],[-9.16349,38.7283],[-9.16412,38.72831],[-9.16475,38.72791],[-9.16486,38.72783],[-9.16538,38.72771],[-9.16601,38.7275],[-9.16665,38.7275],[-9.16698,38.7272],[-9.16665,38.72686],[-9.16601,38.72686],[-9.1655,38.72657],[-9.1655,38.72594],[-9.16538,38.72574],[-9.16509,38.72531],[-9.16487,38.72468],[-9.16475,38.72459],[-9.16441,38.72468],[-9.16412,38.72517],[-9.16397,38.72468],[-9.16412,38.7245],[-9.16429,38.72404],[-9.16412,38.72359],[-9.16404,38.72341],[-9.16412,38.72334],[-9.16452,38.72278],[-9.16451,38.72215],[-9.16475,38.72182],[-9.16538,38.72161],[-9.16558,38.72152],[-9.16583,38.72089],[-9.16601,38.72069],[-9.16665,38.72069],[-9.16728,38.72061],[-9.16791,38.72029],[-9.16804,38.72089],[-9.16854,38.72145],[-9.16917,38.72148],[-9.1698,38.72148],[-9.17043,38.72136],[-9.17106,38.72149],[-9.17108,38.72152],[-9.17106,38.72158],[-9.17043,38.72166],[-9.1698,38.72184],[-9.16917,38.72184],[-9.16897,38.72215],[-9.16895,38.72278],[-9.16917,38.72301],[-9.1698,38.72301],[-9.17014,38.72341],[-9.17043,38.72392],[-9.17057,38.72404],[-9.17057,38.72468],[-9.17043,38.7248],[-9.17015,38.72531],[-9.1703,38.72594],[-9.1698,38.72655],[-9.16917,38.72655],[-9.16854,38.72655],[-9.16849,38.72657],[-9.16791,38.72665],[-9.16753,38.72657],[-9.16751,38.72594],[-9.16749,38.72531],[-9.16728,38.72509],[-9.167,38.72531],[-9.16713,38.72594],[-9.16713,38.72657],[-9.16728,38.72671],[-9.16744,38.7272],[-9.16791,38.72772],[-9.16805,38.72783],[-9.16791,38.72808],[-9.16768,38.72846],[-9.16791,38.72861],[-9.16854,38.72897],[-9.16917,38.72897],[-9.16921,38.72909],[-9.1698,38.72952],[-9.17029,38.72972],[-9.17043,38.72994],[-9.17061,38.73035],[-9.17106,38.73055],[-9.1714,38.73098],[-9.17148,38.73161],[-9.17169,38.73193],[-9.17232,38.73193],[-9.17281,38.73224],[-9.17246,38.73287],[-9.17232,38.73297],[-9.17169,38.73297],[-9.17108,38.73351],[-9.17114,38.73414],[-9.1713,38.73477],[-9.17169,38.7352],[-9.17232,38.7352],[-9.17251,38.7354],[-9.17232,38.73583],[-9.17169,38.73583],[-9.17157,38.73603],[-9.17169,38.73642],[-9.17232,38.73642],[-9.17236,38.73666],[-9.17232,38.73713],[-9.17169,38.73713],[-9.17164,38.73729],[-9.17169,38.73731],[-9.17232,38.73731],[-9.17273,38.73792],[-9.17295,38.7383],[-9.17313,38.73855],[-9.17358,38.73885],[-9.1739,38.73918],[-9.1739,38.73981],[-9.17421,38.74018],[-9.17454,38.74044],[-9.17484,38.74098],[-9.17548,38.74098],[-9.17611,38.7409],[-9.17635,38.74107],[-9.17674,38.74123],[-9.17689,38.74107],[-9.17737,38.74081],[-9.178,38.74081],[-9.17831,38.74107],[-9.17863,38.74146],[-9.17921,38.7417],[-9.17926,38.74175],[-9.17945,38.74234],[-9.17926,38.74262],[-9.17864,38.74234],[-9.17863,38.74232],[-9.17859,38.74234],[-9.178,38.74257],[-9.17737,38.74257],[-9.17674,38.74267],[-9.17629,38.74297],[-9.17611,38.74306],[-9.17567,38.74297],[-9.17582,38.74234],[-9.17611,38.74204],[-9.17637,38.7417],[-9.17611,38.74122],[-9.17578,38.7417],[-9.17548,38.742],[-9.17484,38.74211],[-9.17421,38.74211],[-9.17398,38.7417],[-9.17358,38.74114],[-9.1732,38.7417],[-9.17295,38.74186],[-9.17276,38.7417],[-9.17232,38.7414],[-9.17169,38.7414],[-9.17106,38.74134],[-9.17078,38.7417],[-9.17043,38.74198],[-9.1698,38.74204],[-9.16917,38.74226],[-9.16854,38.74226],[-9.16834,38.74234],[-9.16791,38.74259],[-9.16762,38.74297],[-9.16728,38.74319],[-9.16685,38.74297],[-9.16665,38.74284],[-9.16601,38.74284],[-9.16557,38.74297],[-9.16544,38.7436],[-9.16601,38.74406],[-9.16665,38.74406],[-9.16681,38.74423],[-9.16665,38.74444],[-9.16601,38.74444],[-9.16538,38.74465],[-9.16475,38.74473],[-9.16454,38.74486],[-9.16412,38.74526],[-9.16378,38.74486],[-9.16412,38.74434],[-9.16418,38.74423],[-9.16475,38.74374],[-9.16527,38.7436],[-9.16513,38.74297],[-9.16475,38.74289],[-9.16412,38.74241],[-9.1636,38.74234],[-9.16349,38.74233],[-9.16286,38.74233],[-9.16285,38.74234],[-9.16223,38.74282],[-9.1621,38.74297],[-9.1616,38.74349],[-9.16108,38.7436],[-9.16097,38.74364],[-9.16034,38.74404],[-9.15971,38.74404],[-9.15929,38.74423],[-9.15908,38.74457],[-9.15845,38.74447],[-9.15784,38.74423],[-9.15793,38.7436],[-9.15782,38.74348],[-9.15718,38.74348],[-9.1571,38.7436],[-9.15655,38.74401],[-9.15592,38.74361],[-9.15529,38.7438],[-9.1548,38.7436],[-9.15466,38.74356],[-9.15403,38.74356],[-9.1534,38.74354],[-9.15334,38.7436],[-9.1534,38.74366],[-9.15376,38.74423],[-9.1534,38.74467],[-9.15277,38.74461],[-9.15214,38.74456],[-9.15151,38.74456],[-9.15088,38.74449],[-9.15054,38.74486],[-9.15088,38.74537],[-9.15109,38.74549],[-9.15115,38.74612],[-9.15088,38.74668],[-9.15025,38.74656],[-9.15021,38.74675],[-9.14962,38.74732],[-9.14898,38.7472],[-9.14835,38.7472],[-9.14824,38.74738],[-9.14795,38.74801],[-9.14772,38.74814],[-9.14737,38.74801],[-9.14726,38.74738],[-9.14709,38.74715],[-9.14652,38.74675],[-9.14646,38.74669],[-9.14583,38.74644],[-9.1452,38.74644],[-9.14513,38.74612]],[[-9.16161,38.7354],[-9.1616,38.73536],[-9.16144,38.7354],[-9.1616,38.73544],[-9.16161,38.7354]],[[-9.16542,38.72215],[-9.16538,38.72214],[-9.16536,38.72215],[-9.16538,38.72218],[-9.16542,38.72215]],[[-9.16982,38.72468],[-9.1698,38.72466],[-9.16978,38.72468],[-9.1698,38.72471],[-9.16982,38.72468]],[[-9.16854,38.72489],[-9.16917,38.72489],[-9.16922,38.72468],[-9.1698,38.72406],[-9.16988,38.72404],[-9.1698,38.72402],[-9.16917,38.72402],[-9.16914,38.72404],[-9.16854,38.72459],[-9.16841,38.72468],[-9.16854,38.72489]],[[-9.16601,38.72277],[-9.166,38.72278],[-9.16565,38.72341],[-9.16578,38.72404],[-9.16601,38.72418],[-9.16665,38.72418],[-9.16728,38.72431],[-9.16791,38.72418],[-9.16809,38.72404],[-9.16818,38.72341],[-9.16852,38.72278],[-9.16791,38.7226],[-9.16748,38.72215],[-9.16728,38.72187],[-9.167,38.72215],[-9.16665,38.72277],[-9.16601,38.72277]],[[-9.17378,38.74044],[-9.17358,38.73992],[-9.17346,38.74044],[-9.17358,38.74053],[-9.17378,38.74044]],[[-9.17043,38.7417],[-9.17043,38.7417],[-9.17013,38.74107],[-9.17043,38.74096],[-9.17106,38.74083],[-9.17169,38.741],[-9.17232,38.741],[-9.1726,38.74044],[-9.1726,38.73981],[-9.17267,38.73918],[-9.17232,38.73879],[-9.17169,38.73879],[-9.17118,38.73855],[-9.17106,38.73847],[-9.17094,38.73855],[-9.17043,38.73882],[-9.17006,38.73855],[-9.1698,38.73818],[-9.16958,38.73855],[-9.16917,38.73891],[-9.16854,38.73891],[-9.16811,38.73918],[-9.16811,38.73981],[-9.16791,38.74042],[-9.16788,38.74044],[-9.16728,38.74067],[-9.16665,38.74077],[-9.16601,38.74077],[-9.16538,38.74075],[-9.1651,38.74107],[-9.16508,38.7417],[-9.16538,38.74221],[-9.16601,38.74227],[-9.16665,38.74227],[-9.16694,38.74234],[-9.16728,38.74247],[-9.16738,38.74234],[-9.16791,38.74196],[-9.16834,38.7417],[-9.16854,38.74136],[-9.16917,38.74136],[-9.16947,38.7417],[-9.1698,38.74177],[-9.17043,38.7417],[-9.17043,38.7417]],[[-9.16514,38.74423],[-9.16475,38.74409],[-9.16459,38.74423],[-9.16475,38.74437],[-9.16514,38.74423]],[[-9.16286,38.74138],[-9.16228,38.7417],[-9.16286,38.74188],[-9.16349,38.74188],[-9.16379,38.7417],[-9.16349,38.74138],[-9.16286,38.74138]],[[-9.15908,38.74067],[-9.15857,38.74044],[-9.15908,38.73989],[-9.1591,38.73981],[-9.1591,38.73918],[-9.15908,38.73913],[-9.15845,38.739],[-9.15782,38.73892],[-9.15718,38.73892],[-9.15655,38.73878],[-9.1561,38.73918],[-9.1561,38.73981],[-9.15632,38.74044],[-9.15655,38.74062],[-9.15687,38.74044],[-9.15718,38.74029],[-9.15782,38.74029],[-9.15813,38.74044],[-9.1584,38.74107],[-9.15845,38.74112],[-9.15881,38.7417],[-9.15908,38.74222],[-9.15916,38.74234],[-9.15908,38.74242],[-9.15866,38.74297],[-9.15908,38.74317],[-9.15971,38.74326],[-9.16034,38.74326],[-9.16097,38.74314],[-9.1616,38.74303],[-9.16167,38.74297],[-9.16179,38.74234],[-9.1616,38.74228],[-9.16143,38.7417],[-9.16097,38.74132],[-9.16068,38.74107],[-9.16034,38.74071],[-9.15971,38.74071],[-9.15908,38.74067]],[[-9.15659,38.7436],[-9.15655,38.74347],[-9.15651,38.7436],[-9.15655,38.74362],[-9.15659,38.7436]],[[-9.15592,38.74103],[-9.15529,38.74055],[-9.15509,38.74044],[-9.15466,38.73993],[-9.15403,38.73993],[-9.15385,38.73981],[-9.15385,38.73918],[-9.1534,38.73911],[-9.15324,38.73918],[-9.15324,38.73981],[-9.15277,38.74041],[-9.15214,38.74021],[-9.15151,38.74021],[-9.15144,38.74044],[-9.15137,38.74107],[-9.15151,38.74115],[-9.15214,38.74115],[-9.15229,38.7417],[-9.15277,38.74222],[-9.15292,38.74234],[-9.15277,38.74257],[-9.15214,38.74279],[-9.15151,38.74279],[-9.15088,38.74285],[-9.15078,38.74297],[-9.15088,38.74311],[-9.15151,38.74306],[-9.15214,38.74306],[-9.15277,38.74327],[-9.15307,38.74297],[-9.1534,38.74274],[-9.15387,38.74297],[-9.15403,38.74302],[-9.15466,38.74302],[-9.15495,38.74297],[-9.15529,38.74285],[-9.15551,38.74297],[-9.15592,38.74308],[-9.1562,38.74297],[-9.15592,38.74241],[-9.15589,38.74234],[-9.15592,38.74226],[-9.15655,38.74224],[-9.1569,38.7417],[-9.15655,38.74127],[-9.15595,38.74107],[-9.15592,38.74103]],[[-9.1712,38.73224],[-9.17106,38.73217],[-9.17095,38.73224],[-9.17106,38.73253],[-9.1712,38.73224]],[[-9.16975,38.73351],[-9.16975,38.73287],[-9.1698,38.73273],[-9.17003,38.73224],[-9.1698,38.7317],[-9.16974,38.73161],[-9.16964,38.73098],[-9.16917,38.73068],[-9.16854,38.73068],[-9.16798,38.73035],[-9.16791,38.73019],[-9.16754,38.73035],[-9.16728,38.73039],[-9.16665,38.7304],[-9.16601,38.7304],[-9.16594,38.73035],[-9.16538,38.73004],[-9.16509,38.73035],[-9.16497,38.73098],[-9.16475,38.73126],[-9.16412,38.73153],[-9.16349,38.73101],[-9.16286,38.73101],[-9.16257,38.73161],[-9.16223,38.73201],[-9.16213,38.73224],[-9.16187,38.73287],[-9.16188,38.73351],[-9.16186,38.73414],[-9.16165,38.73477],[-9.16191,38.7354],[-9.16223,38.73581],[-9.16286,38.73555],[-9.16349,38.73555],[-9.16392,38.7354],[-9.16412,38.73533],[-9.16434,38.7354],[-9.16475,38.73554],[-9.16538,38.73567],[-9.16575,38.7354],[-9.16601,38.73521],[-9.16665,38.73521],[-9.16717,38.7354],[-9.16728,38.73577],[-9.16737,38.73603],[-9.16791,38.73629],[-9.16825,38.73666],[-9.16854,38.73679],[-9.16917,38.73679],[-9.1698,38.7369],[-9.17019,38.73666],[-9.17006,38.73603],[-9.17043,38.73571],[-9.17061,38.7354],[-9.17068,38.73477],[-9.17046,38.73414],[-9.17043,38.73406],[-9.1698,38.73363],[-9.16975,38.73351]],[[-9.17053,38.73287],[-9.17043,38.73272],[-9.17002,38.73287],[-9.17043,38.73308],[-9.17053,38.73287]],[[-9.16854,38.72971],[-9.16851,38.72972],[-9.16854,38.72973],[-9.16917,38.72973],[-9.16918,38.72972],[-9.16917,38.72971],[-9.16854,38.72971]]],[[[-9.15718,38.73685],[-9.15712,38.73666],[-9.15718,38.73657],[-9.15782,38.73657],[-9.15794,38.73666],[-9.15782,38.73685],[-9.15718,38.73685]]],[[[-9.16111,38.73792],[-9.16097,38.73822],[-9.16068,38.73792],[-9.16097,38.7375],[-9.16111,38.73792]]],[[[-9.1616,38.74516],[-9.16132,38.74486],[-9.1616,38.74428],[-9.16223,38.74426],[-9.16254,38.74486],[-9.16223,38.74542],[-9.1616,38.74516]]],[[[-9.15466,38.7472],[-9.15403,38.7472],[-9.15388,38.74738],[-9.1534,38.74784],[-9.15277,38.74765],[-9.15262,38.74738],[-9.15277,38.74709],[-9.15299,38.74675],[-9.1534,38.74653],[-9.15403,38.74629],[-9.15466,38.74629],[-9.15477,38.74612],[-9.15477,38.74549],[-9.15529,38.74496],[-9.15568,38.74486],[-9.15592,38.74478],[-9.15602,38.74486],[-9.15648,38.74549],[-9.15648,38.74612],[-9.15655,38.74617],[-9.15718,38.74624],[-9.15782,38.74624],[-9.15844,38.74675],[-9.15845,38.74679],[-9.1586,38.74675],[-9.15888,38.74612],[-9.15888,38.74549],[-9.15908,38.74509],[-9.15941,38.74549],[-9.15941,38.74612],[-9.15971,38.74663],[-9.16034,38.74663],[-9.16046,38.74675],[-9.16034,38.74678],[-9.15971,38.74678],[-9.1594,38.74738],[-9.15908,38.74773],[-9.15867,38.74801],[-9.15845,38.7482],[-9.15783,38.74801],[-9.15782,38.748],[-9.15718,38.748],[-9.15655,38.74785],[-9.15614,38.74738],[-9.15592,38.74728],[-9.15529,38.7471],[-9.15466,38.7472]]],[[[-9.15025,38.74802],[-9.15022,38.74801],[-9.15025,38.74791],[-9.15026,38.74801],[-9.15025,38.74802]]],[[[-9.14583,38.79214],[-9.14646,38.79198],[-9.14709,38.79173],[-9.14772,38.79178],[-9.14835,38.79178],[-9.14883,38.79153],[-9.14898,38.79149],[-9.14962,38.79092],[-9.14962,38.7909],[-9.14962,38.79027],[-9.15008,38.78964],[-9.15025,38.78937],[-9.15063,38.78901],[-9.15088,38.78861],[-9.15151,38.78861],[-9.15202,38.78838],[-9.15151,38.78814],[-9.15088,38.78814],[-9.15061,38.78775],[-9.15025,38.78732],[-9.15011,38.78712],[-9.15025,38.7867],[-9.15031,38.78649],[-9.15025,38.78609],[-9.15004,38.78586],[-9.14962,38.78566],[-9.14924,38.78586],[-9.14898,38.78597],[-9.14835,38.78587],[-9.14772,38.78587],[-9.14772,38.78586],[-9.14772,38.78554],[-9.14835,38.78554],[-9.14898,38.78527],[-9.149,38.78523],[-9.14898,38.7852],[-9.14835,38.78516],[-9.14772,38.78516],[-9.14709,38.78471],[-9.14646,38.78466],[-9.14615,38.78459],[-9.14615,38.78396],[-9.14583,38.78394],[-9.1452,38.78394],[-9.14457,38.78382],[-9.14431,38.78396],[-9.14431,38.78459],[-9.14394,38.78473],[-9.14339,38.78523],[-9.14384,38.78586],[-9.14331,38.7862],[-9.14288,38.78649],[-9.14268,38.7868],[-9.14205,38.7868],[-9.14177,38.78649],[-9.14157,38.78586],[-9.14142,38.78582],[-9.14133,38.78586],[-9.14097,38.78649],[-9.14079,38.7867],[-9.14021,38.78649],[-9.14015,38.78648],[-9.13952,38.78648],[-9.13889,38.78616],[-9.13836,38.78586],[-9.13889,38.78555],[-9.13921,38.78523],[-9.13889,38.78487],[-9.13859,38.78459],[-9.13859,38.78396],[-9.13826,38.78341],[-9.1382,38.78333],[-9.13826,38.78328],[-9.13868,38.7827],[-9.13886,38.78207],[-9.13854,38.78144],[-9.13889,38.78119],[-9.13919,38.78081],[-9.13952,38.78019],[-9.14015,38.78019],[-9.14047,38.78018],[-9.14079,38.78016],[-9.14101,38.77955],[-9.14142,38.77916],[-9.14174,38.77892],[-9.14205,38.77879],[-9.14268,38.77879],[-9.1433,38.77829],[-9.14331,38.77818],[-9.14334,38.77829],[-9.14334,38.77892],[-9.14394,38.77905],[-9.14457,38.77899],[-9.1452,38.77936],[-9.14583,38.77936],[-9.14597,38.77955],[-9.14646,38.7799],[-9.14682,38.77955],[-9.14709,38.77911],[-9.14751,38.77892],[-9.14772,38.77872],[-9.14835,38.77857],[-9.14898,38.77857],[-9.1494,38.77829],[-9.14962,38.77809],[-9.14977,38.77766],[-9.14976,38.77703],[-9.14962,38.77664],[-9.14951,38.77639],[-9.14962,38.77607],[-9.14984,38.77576],[-9.14984,38.77513],[-9.14962,38.77491],[-9.14898,38.77512],[-9.14835,38.77512],[-9.14817,38.7745],[-9.14812,38.77387],[-9.14835,38.77363],[-9.14898,38.77363],[-9.14962,38.77359],[-9.15025,38.77345],[-9.15066,38.77324],[-9.15088,38.77303],[-9.15151,38.77303],[-9.15214,38.77297],[-9.15239,38.77261],[-9.15277,38.77202],[-9.15279,38.77198],[-9.15277,38.77178],[-9.1526,38.77135],[-9.15239,38.77072],[-9.15214,38.77061],[-9.15151,38.77025],[-9.15088,38.77025],[-9.15025,38.77037],[-9.15009,38.77009],[-9.14997,38.76946],[-9.14962,38.76888],[-9.14953,38.76883],[-9.14898,38.76821],[-9.14835,38.76821],[-9.14835,38.7682],[-9.14835,38.76818],[-9.14898,38.76818],[-9.14962,38.76818],[-9.14967,38.7682],[-9.15025,38.76877],[-9.15029,38.7682],[-9.15025,38.76785],[-9.15012,38.76756],[-9.15025,38.76747],[-9.15048,38.76693],[-9.15028,38.7663],[-9.15025,38.76623],[-9.14963,38.76567],[-9.14963,38.76504],[-9.14963,38.76441],[-9.14962,38.76437],[-9.14958,38.76441],[-9.14958,38.76504],[-9.14898,38.76536],[-9.14835,38.76536],[-9.14812,38.76504],[-9.14812,38.76441],[-9.14835,38.7641],[-9.14898,38.7641],[-9.14934,38.76378],[-9.14925,38.76315],[-9.14962,38.76298],[-9.14995,38.76315],[-9.15025,38.76337],[-9.15039,38.76315],[-9.15025,38.76281],[-9.15011,38.76252],[-9.15025,38.7622],[-9.15088,38.7622],[-9.15151,38.7622],[-9.15152,38.76189],[-9.15151,38.76186],[-9.15088,38.76186],[-9.15025,38.76132],[-9.15023,38.76126],[-9.15025,38.76094],[-9.15028,38.76063],[-9.15033,38.76],[-9.15025,38.75982],[-9.14962,38.75991],[-9.14946,38.76],[-9.14898,38.76013],[-9.14835,38.76013],[-9.14772,38.76022],[-9.14725,38.76063],[-9.14709,38.76071],[-9.14646,38.76078],[-9.14583,38.76124],[-9.1452,38.76124],[-9.14498,38.76063],[-9.14495,38.76],[-9.14457,38.75976],[-9.14431,38.76],[-9.14394,38.76026],[-9.14331,38.76018],[-9.14268,38.76018],[-9.14205,38.76054],[-9.14163,38.76063],[-9.14154,38.76126],[-9.14142,38.76147],[-9.14079,38.76155],[-9.14015,38.76158],[-9.13952,38.76158],[-9.13912,38.76189],[-9.13889,38.76216],[-9.13843,38.76189],[-9.13826,38.7618],[-9.13808,38.76189],[-9.13763,38.76205],[-9.13752,38.76189],[-9.137,38.76156],[-9.13637,38.76156],[-9.13605,38.76126],[-9.13574,38.76084],[-9.13511,38.76074],[-9.13466,38.76126],[-9.13487,38.76189],[-9.13448,38.76233],[-9.13385,38.76233],[-9.13322,38.7622],[-9.13259,38.7622],[-9.13196,38.76246],[-9.13189,38.76252],[-9.13132,38.76281],[-9.13069,38.76281],[-9.13006,38.76287],[-9.12943,38.76274],[-9.12899,38.76252],[-9.1288,38.76233],[-9.12841,38.76189],[-9.12817,38.76152],[-9.12772,38.76126],[-9.12754,38.76103],[-9.12691,38.76125],[-9.12678,38.76126],[-9.12671,38.76189],[-9.12658,38.76252],[-9.12681,38.76315],[-9.12644,38.76378],[-9.12628,38.76419],[-9.12615,38.76441],[-9.12565,38.76499],[-9.12502,38.76499],[-9.12496,38.76504],[-9.12496,38.76567],[-9.12475,38.7663],[-9.12467,38.76693],[-9.12439,38.76723],[-9.12421,38.76756],[-9.12439,38.76801],[-9.12452,38.7682],[-9.12502,38.76869],[-9.12565,38.76869],[-9.12573,38.76883],[-9.12565,38.76935],[-9.12502,38.76935],[-9.12496,38.76946],[-9.125,38.77009],[-9.12502,38.77025],[-9.12565,38.77025],[-9.12567,38.77009],[-9.12628,38.76973],[-9.12691,38.76993],[-9.127,38.77009],[-9.1275,38.77072],[-9.12754,38.77081],[-9.12817,38.77081],[-9.12825,38.77072],[-9.12858,38.77009],[-9.1288,38.76955],[-9.12906,38.77009],[-9.12943,38.77058],[-9.12951,38.77072],[-9.13006,38.77117],[-9.13069,38.77123],[-9.13132,38.77123],[-9.13151,38.77135],[-9.13151,38.77198],[-9.13138,38.77261],[-9.13132,38.7727],[-9.13069,38.7727],[-9.13006,38.77297],[-9.12979,38.77324],[-9.12943,38.77336],[-9.12899,38.77387],[-9.12927,38.7745],[-9.1288,38.77485],[-9.12861,38.77513],[-9.1288,38.77533],[-9.12922,38.77576],[-9.12943,38.77605],[-9.12972,38.77576],[-9.13006,38.77549],[-9.13069,38.7756],[-9.13132,38.7756],[-9.13142,38.77576],[-9.13132,38.77605],[-9.13069,38.77605],[-9.13006,38.77621],[-9.12987,38.77639],[-9.12943,38.77667],[-9.12918,38.77703],[-9.12932,38.77766],[-9.12932,38.77829],[-9.12918,38.77892],[-9.1288,38.77916],[-9.12818,38.77892],[-9.12817,38.77891],[-9.12754,38.77891],[-9.12691,38.77869],[-9.12628,38.77829],[-9.12628,38.77766],[-9.12569,38.77703],[-9.12565,38.77694],[-9.12502,38.77694],[-9.12458,38.77639],[-9.12439,38.77627],[-9.12391,38.77639],[-9.12424,38.77703],[-9.12439,38.77721],[-9.12456,38.77766],[-9.12456,38.77829],[-9.12439,38.77843],[-9.12402,38.77829],[-9.12402,38.77766],[-9.12376,38.77744],[-9.12317,38.77703],[-9.12313,38.77701],[-9.12249,38.77684],[-9.12186,38.77684],[-9.12123,38.77661],[-9.1206,38.77678],[-9.11997,38.77697],[-9.11934,38.77697],[-9.11928,38.77703],[-9.11912,38.77766],[-9.11912,38.77829],[-9.11871,38.77881],[-9.11863,38.77892],[-9.11836,38.77955],[-9.11842,38.78018],[-9.11808,38.7806],[-9.11797,38.78081],[-9.11788,38.78144],[-9.11788,38.78154],[-9.11679,38.78121],[-9.11682,38.78118],[-9.11745,38.78102],[-9.1175,38.78081],[-9.11745,38.78059],[-9.1171,38.78018],[-9.11691,38.77955],[-9.11682,38.77947],[-9.11619,38.77947],[-9.11556,38.77919],[-9.11527,38.77892],[-9.11547,38.77829],[-9.11547,38.77766],[-9.11556,38.77732],[-9.11571,38.77703],[-9.11619,38.77673],[-9.11682,38.77673],[-9.11741,38.77639],[-9.11745,38.77635],[-9.11808,38.77602],[-9.11871,38.77589],[-9.11934,38.77604],[-9.11997,38.77604],[-9.1206,38.776],[-9.12123,38.77585],[-9.12186,38.77606],[-9.12249,38.77606],[-9.12277,38.77576],[-9.12313,38.77536],[-9.12376,38.77516],[-9.12385,38.77513],[-9.12439,38.77462],[-9.12502,38.77463],[-9.12565,38.77463],[-9.12567,38.7745],[-9.12565,38.77448],[-9.12502,38.77448],[-9.12439,38.77442],[-9.12376,38.77439],[-9.12339,38.77387],[-9.12323,38.77324],[-9.12338,38.77261],[-9.12331,38.77198],[-9.12329,38.77135],[-9.12313,38.7709],[-9.12308,38.77072],[-9.12313,38.77064],[-9.12346,38.77009],[-9.12343,38.76946],[-9.12334,38.76883],[-9.12354,38.7682],[-9.12364,38.76756],[-9.12373,38.76693],[-9.12376,38.7669],[-9.1241,38.7663],[-9.12435,38.76567],[-9.12435,38.76504],[-9.12419,38.76441],[-9.12415,38.76378],[-9.12423,38.76315],[-9.12376,38.76269],[-9.12313,38.76268],[-9.12249,38.76274],[-9.12186,38.76274],[-9.12171,38.76315],[-9.12123,38.76339],[-9.12078,38.76315],[-9.1206,38.76299],[-9.12023,38.76315],[-9.11997,38.76339],[-9.11934,38.76339],[-9.11884,38.76315],[-9.11915,38.76252],[-9.119,38.76189],[-9.11871,38.76168],[-9.11826,38.76126],[-9.11808,38.76096],[-9.11779,38.76063],[-9.11745,38.76044],[-9.11682,38.76033],[-9.11619,38.76033],[-9.11556,38.76055],[-9.11542,38.76063],[-9.11493,38.76072],[-9.11429,38.761],[-9.11393,38.76063],[-9.11385,38.76],[-9.11366,38.75989],[-9.11303,38.75989],[-9.11268,38.76],[-9.1124,38.76012],[-9.11177,38.76001],[-9.11175,38.76],[-9.11177,38.75997],[-9.11195,38.75937],[-9.11195,38.75873],[-9.11177,38.75863],[-9.11114,38.75854],[-9.11051,38.75854],[-9.10988,38.75863],[-9.10931,38.7581],[-9.10925,38.75802],[-9.1089,38.7581],[-9.10862,38.75826],[-9.10799,38.75851],[-9.10736,38.75851],[-9.10673,38.75845],[-9.10649,38.75873],[-9.10649,38.75937],[-9.10631,38.76],[-9.10669,38.76063],[-9.10673,38.76063],[-9.10736,38.76117],[-9.10799,38.76117],[-9.10809,38.76126],[-9.10826,38.76189],[-9.10799,38.76239],[-9.10736,38.76239],[-9.10673,38.76227],[-9.1061,38.76247],[-9.10601,38.76252],[-9.10597,38.76315],[-9.10563,38.76378],[-9.10546,38.76392],[-9.10483,38.76392],[-9.10448,38.76441],[-9.10481,38.76504],[-9.10481,38.76567],[-9.10483,38.76577],[-9.10546,38.76577],[-9.10583,38.7663],[-9.10558,38.76693],[-9.10575,38.76756],[-9.1061,38.76798],[-9.10673,38.76791],[-9.10704,38.7682],[-9.10673,38.76862],[-9.10665,38.76883],[-9.10663,38.76946],[-9.1061,38.77008],[-9.10609,38.77009],[-9.1061,38.77009],[-9.10673,38.77022],[-9.10691,38.77009],[-9.10736,38.76961],[-9.10799,38.76961],[-9.10857,38.77009],[-9.10847,38.77072],[-9.10843,38.77135],[-9.10841,38.77198],[-9.10799,38.77259],[-9.10736,38.77259],[-9.10683,38.77198],[-9.10682,38.77135],[-9.10673,38.77125],[-9.10664,38.77135],[-9.10664,38.77198],[-9.10671,38.77261],[-9.1067,38.77324],[-9.10673,38.77328],[-9.10706,38.77387],[-9.10673,38.77416],[-9.1061,38.7745],[-9.1061,38.77484],[-9.10454,38.77493],[-9.10454,38.7745],[-9.10426,38.77387],[-9.1042,38.77381],[-9.10414,38.77387],[-9.1036,38.7745],[-9.1036,38.77498],[-9.10091,38.77512],[-9.10042,38.77482],[-9.10026,38.7745],[-9.10042,38.77395],[-9.10105,38.77438],[-9.10118,38.77387],[-9.10168,38.77348],[-9.10231,38.77348],[-9.10249,38.77324],[-9.10294,38.77267],[-9.1034,38.77261],[-9.10306,38.77198],[-9.10304,38.77135],[-9.10294,38.77125],[-9.10251,38.77072],[-9.10267,38.77009],[-9.10231,38.76997],[-9.10168,38.76997],[-9.1012,38.76946],[-9.10105,38.7693],[-9.10042,38.76939],[-9.09984,38.76883],[-9.09999,38.7682],[-9.10042,38.76773],[-9.10061,38.76756],[-9.10042,38.7674],[-9.10011,38.76693],[-9.10034,38.7663],[-9.10042,38.76621],[-9.10048,38.7663],[-9.10105,38.76643],[-9.10126,38.7663],[-9.10168,38.76574],[-9.10231,38.76574],[-9.10238,38.76567],[-9.10238,38.76504],[-9.10269,38.76441],[-9.10294,38.76386],[-9.10302,38.76378],[-9.10303,38.76315],[-9.10294,38.76305],[-9.10231,38.76296],[-9.10168,38.76296],[-9.10147,38.76315],[-9.10168,38.76359],[-9.10231,38.76359],[-9.10274,38.76378],[-9.10231,38.76389],[-9.10168,38.76389],[-9.10141,38.76378],[-9.10105,38.76363],[-9.10075,38.76378],[-9.10042,38.76412],[-9.10026,38.76441],[-9.09979,38.76476],[-9.09945,38.76441],[-9.0997,38.76378],[-9.09979,38.76354],[-9.10042,38.76355],[-9.10065,38.76315],[-9.10042,38.7629],[-9.09979,38.76292],[-9.09916,38.7631],[-9.09853,38.7631],[-9.098,38.76252],[-9.0979,38.76225],[-9.09775,38.76189],[-9.0979,38.76177],[-9.09853,38.76134],[-9.09916,38.76134],[-9.09929,38.76126],[-9.09953,38.76063],[-9.09946,38.76],[-9.09916,38.75938],[-9.09853,38.75938],[-9.09849,38.75937],[-9.09821,38.75873],[-9.09817,38.7581],[-9.09853,38.75764],[-9.09916,38.75764],[-9.09935,38.75747],[-9.0993,38.75684],[-9.09916,38.75663],[-9.09853,38.75663],[-9.09806,38.75621],[-9.09822,38.75558],[-9.0979,38.75531],[-9.09737,38.75495],[-9.09727,38.75479],[-9.0968,38.75432],[-9.09663,38.75391],[-9.096,38.75391],[-9.09595,38.75369],[-9.096,38.75349],[-9.09663,38.75349],[-9.0968,38.75306],[-9.0968,38.75243],[-9.09663,38.7523],[-9.096,38.7523],[-9.09584,38.7518],[-9.0958,38.75117],[-9.096,38.75091],[-9.09663,38.75091],[-9.097,38.75054],[-9.09663,38.75003],[-9.096,38.75003],[-9.09537,38.75003],[-9.09537,38.7499],[-9.09537,38.74982],[-9.096,38.74982],[-9.09663,38.74982],[-9.09724,38.74927],[-9.09725,38.74864],[-9.09727,38.74833],[-9.0973,38.74801],[-9.09782,38.74738],[-9.0979,38.74724],[-9.09822,38.74675],[-9.09822,38.74612],[-9.09853,38.74567],[-9.09916,38.7457],[-9.09979,38.7457],[-9.10011,38.74549],[-9.10042,38.7453],[-9.10105,38.74526],[-9.10155,38.74486],[-9.10112,38.74423],[-9.10105,38.74402],[-9.10042,38.74368],[-9.10039,38.7436],[-9.10007,38.74297],[-9.10003,38.74234],[-9.10023,38.7417],[-9.10042,38.74159],[-9.10054,38.74107],[-9.10105,38.74065],[-9.1012,38.74044],[-9.1012,38.73981],[-9.10142,38.73918],[-9.10105,38.7386],[-9.10102,38.73855],[-9.10105,38.73808],[-9.10125,38.73792],[-9.10168,38.73782],[-9.10231,38.73782],[-9.10253,38.73729],[-9.10252,38.73666],[-9.10279,38.73603],[-9.10294,38.73575],[-9.10339,38.7354],[-9.10331,38.73477],[-9.10301,38.73414],[-9.10335,38.73351],[-9.10357,38.73318],[-9.10372,38.73287],[-9.10357,38.73262],[-9.10319,38.73262],[-9.10357,38.73224],[-9.10357,38.73205],[-9.1042,38.73205],[-9.10461,38.73161],[-9.10483,38.73101],[-9.10546,38.73101],[-9.10549,38.73098],[-9.10581,38.73035],[-9.10604,38.72972],[-9.10604,38.72909],[-9.1061,38.72895],[-9.10643,38.72846],[-9.1063,38.72783],[-9.10673,38.72758],[-9.107,38.7272],[-9.107,38.72657],[-9.10673,38.72602],[-9.10664,38.72602],[-9.10673,38.72594],[-9.10714,38.72553],[-9.10736,38.72553],[-9.10765,38.72594],[-9.10736,38.72637],[-9.10726,38.72657],[-9.10726,38.7272],[-9.10689,38.72783],[-9.10687,38.72846],[-9.10673,38.72905],[-9.10672,38.72909],[-9.10654,38.72972],[-9.1061,38.73019],[-9.10604,38.73035],[-9.10602,38.73098],[-9.10546,38.73156],[-9.10483,38.73156],[-9.10482,38.73161],[-9.10424,38.73224],[-9.1042,38.7323],[-9.10397,38.73287],[-9.1042,38.73325],[-9.10452,38.73351],[-9.10483,38.73393],[-9.10546,38.73393],[-9.1061,38.73391],[-9.10673,38.73412],[-9.10729,38.73351],[-9.10736,38.73331],[-9.10799,38.73331],[-9.1084,38.73287],[-9.10799,38.73227],[-9.10736,38.73248],[-9.10714,38.73224],[-9.10736,38.73191],[-9.10781,38.73161],[-9.10736,38.73103],[-9.10732,38.73098],[-9.10722,38.73035],[-9.10736,38.73008],[-9.10799,38.7299],[-9.10862,38.7299],[-9.10882,38.72972],[-9.10862,38.72921],[-9.10799,38.72921],[-9.10795,38.72909],[-9.10799,38.72903],[-9.10862,38.72903],[-9.10874,38.72909],[-9.10925,38.72929],[-9.10988,38.72926],[-9.1101,38.72909],[-9.11051,38.7288],[-9.11114,38.7288],[-9.11177,38.7285],[-9.11188,38.72846],[-9.11224,38.72783],[-9.1124,38.72736],[-9.11268,38.72783],[-9.11303,38.72805],[-9.11336,38.72783],[-9.11303,38.72733],[-9.11272,38.7272],[-9.11272,38.72657],[-9.11303,38.72648],[-9.11347,38.72657],[-9.11347,38.7272],[-9.11366,38.72727],[-9.11429,38.72727],[-9.11433,38.7272],[-9.11434,38.72657],[-9.11493,38.72599],[-9.11495,38.72594],[-9.11493,38.72588],[-9.11429,38.72571],[-9.11366,38.72571],[-9.11336,38.72531],[-9.11366,38.72502],[-9.11429,38.72502],[-9.11491,38.72468],[-9.11449,38.72404],[-9.11468,38.72341],[-9.11493,38.72331],[-9.11508,38.72341],[-9.11556,38.72382],[-9.1158,38.72341],[-9.11619,38.72285],[-9.11682,38.72285],[-9.11713,38.72278],[-9.11745,38.72242],[-9.11784,38.72215],[-9.11808,38.72212],[-9.11865,38.72152],[-9.11871,38.72121],[-9.11874,38.72089],[-9.11874,38.72026],[-9.11871,38.72012],[-9.11851,38.71963],[-9.11871,38.71946],[-9.1192,38.719],[-9.11934,38.71859],[-9.11997,38.71859],[-9.12002,38.71837],[-9.1206,38.7178],[-9.1207,38.71774],[-9.12098,38.71711],[-9.12107,38.71648],[-9.1206,38.71598],[-9.11997,38.71632],[-9.11934,38.71632],[-9.11924,38.71648],[-9.11871,38.71695],[-9.11853,38.71711],[-9.11808,38.71753],[-9.1178,38.71774],[-9.11745,38.71811],[-9.11692,38.71837],[-9.11682,38.71855],[-9.11619,38.71855],[-9.11601,38.71855],[-9.11619,38.71837],[-9.11669,38.71786],[-9.11682,38.71786],[-9.11745,38.7178],[-9.11751,38.71774],[-9.11808,38.71732],[-9.11831,38.71711],[-9.11871,38.71675],[-9.11902,38.71648],[-9.11934,38.71595],[-9.11997,38.71595],[-9.12012,38.71584],[-9.1206,38.71551],[-9.12097,38.71521],[-9.12123,38.71475],[-9.12139,38.71458],[-9.12139,38.71395],[-9.12186,38.71369],[-9.12215,38.71332],[-9.12249,38.71296],[-9.12313,38.71296],[-9.12333,38.71269],[-9.12313,38.71223],[-9.12296,38.71223],[-9.12313,38.71206],[-9.12359,38.7116],[-9.12376,38.7116],[-9.12403,38.71206],[-9.12376,38.71242],[-9.1236,38.71269],[-9.12376,38.71309],[-9.12439,38.71289],[-9.12502,38.71281],[-9.12565,38.71281],[-9.12628,38.71275],[-9.1264,38.71269],[-9.12691,38.71244],[-9.12754,38.71231],[-9.12785,38.71206],[-9.12813,38.71143],[-9.12817,38.71137],[-9.1288,38.71137],[-9.12943,38.71103],[-9.12975,38.7108],[-9.12993,38.71017],[-9.13006,38.71003],[-9.13047,38.70954],[-9.13006,38.70894],[-9.12943,38.70941],[-9.1288,38.70947],[-9.12817,38.70947],[-9.12809,38.70954],[-9.12754,38.71008],[-9.12691,38.71009],[-9.1267,38.71017],[-9.12628,38.71047],[-9.12565,38.7107],[-9.12502,38.7107],[-9.12449,38.7107],[-9.12472,38.71047],[-9.12502,38.71047],[-9.12565,38.71047],[-9.12608,38.71017],[-9.12628,38.71004],[-9.12691,38.70973],[-9.12754,38.70976],[-9.12776,38.70954],[-9.12817,38.70919],[-9.1288,38.70919],[-9.1293,38.70891],[-9.12943,38.70885],[-9.13006,38.70873],[-9.13069,38.70861],[-9.1312,38.70891],[-9.13132,38.70916],[-9.13196,38.70916],[-9.13259,38.70897],[-9.13322,38.7094],[-9.13344,38.70954],[-9.13322,38.7096],[-9.13259,38.70966],[-9.13218,38.71017],[-9.13196,38.71036],[-9.13132,38.71036],[-9.13069,38.71076],[-9.13067,38.7108],[-9.13006,38.71112],[-9.12968,38.71143],[-9.12951,38.71206],[-9.12943,38.71228],[-9.12902,38.71269],[-9.1288,38.71276],[-9.12817,38.71276],[-9.12754,38.71293],[-9.12691,38.71309],[-9.12638,38.71332],[-9.12629,38.71395],[-9.12629,38.71458],[-9.12628,38.7146],[-9.12565,38.71486],[-9.12502,38.71486],[-9.12482,38.71458],[-9.12482,38.71395],[-9.12439,38.71346],[-9.12401,38.71395],[-9.12401,38.71458],[-9.12376,38.71503],[-9.12315,38.71521],[-9.12313,38.71527],[-9.12249,38.71527],[-9.12186,38.71574],[-9.12167,38.71584],[-9.12169,38.71648],[-9.12186,38.71675],[-9.12211,38.71711],[-9.12249,38.71745],[-9.12313,38.71745],[-9.12339,38.71774],[-9.12333,38.71837],[-9.12313,38.71855],[-9.12249,38.71855],[-9.12207,38.719],[-9.12186,38.71911],[-9.12175,38.719],[-9.12123,38.7185],[-9.1206,38.71848],[-9.12035,38.719],[-9.1206,38.71948],[-9.12084,38.71963],[-9.12123,38.71992],[-9.12143,38.72026],[-9.12123,38.72087],[-9.12122,38.72089],[-9.12123,38.7209],[-9.12186,38.72136],[-9.12213,38.72152],[-9.12249,38.7221],[-9.12313,38.7221],[-9.12315,38.72215],[-9.12361,38.72278],[-9.12376,38.72305],[-9.12396,38.72341],[-9.12376,38.72385],[-9.12359,38.72404],[-9.12376,38.7243],[-9.12439,38.72437],[-9.12502,38.72442],[-9.12565,38.72442],[-9.12628,38.7244],[-9.1265,38.72468],[-9.12639,38.72531],[-9.12628,38.72537],[-9.12613,38.72531],[-9.12565,38.72506],[-9.12502,38.72506],[-9.12467,38.72531],[-9.12464,38.72594],[-9.12502,38.72605],[-9.12565,38.72605],[-9.12606,38.72657],[-9.12606,38.7272],[-9.12601,38.72783],[-9.12628,38.72822],[-9.12638,38.72846],[-9.12628,38.72865],[-9.12565,38.72855],[-9.12502,38.72855],[-9.12439,38.72872],[-9.12376,38.72857],[-9.12353,38.72846],[-9.12342,38.72783],[-9.12313,38.72755],[-9.12249,38.72755],[-9.12207,38.7272],[-9.12207,38.72657],[-9.12186,38.72634],[-9.12158,38.72594],[-9.12137,38.72531],[-9.12123,38.7251],[-9.1206,38.72487],[-9.11997,38.72496],[-9.11934,38.72496],[-9.11871,38.72515],[-9.11818,38.72468],[-9.11829,38.72404],[-9.11808,38.72388],[-9.11788,38.72404],[-9.11745,38.7244],[-9.11703,38.72468],[-9.11745,38.725],[-9.1179,38.72531],[-9.11745,38.72572],[-9.11726,38.72594],[-9.11745,38.72625],[-9.11808,38.72635],[-9.11871,38.72614],[-9.11904,38.72657],[-9.11904,38.7272],[-9.11933,38.72783],[-9.11934,38.72784],[-9.11997,38.72784],[-9.1206,38.72786],[-9.12123,38.72817],[-9.12143,38.72846],[-9.1213,38.72909],[-9.12146,38.72972],[-9.12136,38.73035],[-9.12123,38.73094],[-9.12065,38.73035],[-9.1206,38.73035],[-9.12058,38.73035],[-9.11997,38.73058],[-9.11934,38.73058],[-9.11909,38.73035],[-9.11871,38.73016],[-9.11843,38.73035],[-9.1185,38.73098],[-9.11808,38.73129],[-9.11763,38.73161],[-9.11745,38.73175],[-9.11682,38.73207],[-9.11619,38.73207],[-9.11573,38.73224],[-9.11556,38.73243],[-9.11519,38.73224],[-9.11493,38.73218],[-9.11429,38.73217],[-9.11366,38.73217],[-9.11303,38.73204],[-9.11269,38.73224],[-9.11303,38.73272],[-9.11347,38.73287],[-9.11347,38.73351],[-9.11366,38.73356],[-9.11429,38.73356],[-9.11474,38.73414],[-9.11493,38.73465],[-9.11531,38.73414],[-9.11556,38.73384],[-9.11571,38.73414],[-9.11619,38.73445],[-9.11682,38.73445],[-9.11706,38.73414],[-9.1171,38.73351],[-9.1171,38.73287],[-9.11745,38.73272],[-9.11802,38.73224],[-9.11808,38.73216],[-9.11863,38.73224],[-9.11871,38.73226],[-9.11934,38.73235],[-9.11997,38.73235],[-9.12025,38.73224],[-9.1206,38.73191],[-9.12123,38.73183],[-9.12158,38.73161],[-9.12186,38.73101],[-9.12249,38.73112],[-9.12313,38.73112],[-9.12376,38.73122],[-9.12437,38.73098],[-9.12439,38.73096],[-9.1244,38.73098],[-9.12502,38.73116],[-9.12565,38.73116],[-9.12628,38.7315],[-9.12641,38.73161],[-9.12672,38.73224],[-9.12691,38.7326],[-9.12754,38.73286],[-9.12756,38.73287],[-9.12756,38.73351],[-9.12764,38.73414],[-9.12754,38.73471],[-9.12753,38.73477],[-9.12691,38.73511],[-9.12659,38.73477],[-9.12628,38.73445],[-9.12612,38.73477],[-9.12617,38.7354],[-9.126,38.73603],[-9.12565,38.73656],[-9.12502,38.73656],[-9.12448,38.73666],[-9.12439,38.73679],[-9.12432,38.73666],[-9.12376,38.73643],[-9.1236,38.73666],[-9.12365,38.73729],[-9.12376,38.73741],[-9.12408,38.73792],[-9.12376,38.73809],[-9.12323,38.73855],[-9.12313,38.73877],[-9.12249,38.73877],[-9.12186,38.73869],[-9.12123,38.73884],[-9.12088,38.73918],[-9.12088,38.73981],[-9.1206,38.73999],[-9.12042,38.73981],[-9.12042,38.73918],[-9.11997,38.7386],[-9.11934,38.7386],[-9.11871,38.7389],[-9.11857,38.73918],[-9.11857,38.73981],[-9.11871,38.74],[-9.11896,38.74044],[-9.11934,38.74089],[-9.11997,38.74089],[-9.1202,38.74107],[-9.12038,38.7417],[-9.1206,38.74204],[-9.12088,38.74234],[-9.12083,38.74297],[-9.12123,38.74328],[-9.12186,38.74326],[-9.12249,38.74326],[-9.12313,38.74316],[-9.12376,38.74335],[-9.12412,38.7436],[-9.12439,38.74391],[-9.12487,38.74423],[-9.12439,38.74467],[-9.12424,38.74486],[-9.12439,38.74532],[-9.12502,38.74517],[-9.12565,38.74517],[-9.12595,38.74486],[-9.12596,38.74423],[-9.12628,38.74414],[-9.12673,38.74423],[-9.12691,38.74432],[-9.12733,38.74486],[-9.12754,38.74507],[-9.12798,38.74549],[-9.12802,38.74612],[-9.12817,38.74623],[-9.1288,38.74623],[-9.12924,38.74675],[-9.12943,38.74707],[-9.13006,38.74698],[-9.13034,38.74738],[-9.13015,38.74801],[-9.13069,38.74839],[-9.13132,38.74839],[-9.13153,38.74864],[-9.13166,38.74927],[-9.13196,38.74961],[-9.13259,38.7499],[-9.13196,38.75009],[-9.13156,38.7499],[-9.13132,38.7497],[-9.13069,38.7497],[-9.13006,38.74962],[-9.12943,38.74936],[-9.12926,38.74927],[-9.1288,38.74902],[-9.12817,38.74902],[-9.12799,38.74864],[-9.12765,38.74801],[-9.12754,38.74794],[-9.12725,38.74738],[-9.12691,38.74679],[-9.12666,38.74738],[-9.12628,38.74779],[-9.12595,38.74801],[-9.12565,38.74858],[-9.12502,38.74858],[-9.12439,38.74822],[-9.1243,38.74864],[-9.12439,38.74897],[-9.12502,38.74868],[-9.12565,38.74868],[-9.12614,38.74927],[-9.12627,38.7499],[-9.12628,38.74994],[-9.12691,38.74993],[-9.12754,38.75044],[-9.12772,38.75054],[-9.12817,38.75101],[-9.1288,38.75101],[-9.12885,38.75117],[-9.12887,38.7518],[-9.1288,38.75204],[-9.12817,38.75204],[-9.12777,38.75243],[-9.12797,38.75306],[-9.12817,38.75325],[-9.1288,38.75325],[-9.12905,38.75369],[-9.12921,38.75432],[-9.12904,38.75495],[-9.1288,38.75525],[-9.12817,38.75525],[-9.12801,38.75558],[-9.12788,38.75621],[-9.12754,38.75642],[-9.12707,38.75621],[-9.12691,38.7562],[-9.12628,38.75615],[-9.12565,38.75567],[-9.12502,38.75567],[-9.125,38.75558],[-9.12502,38.75555],[-9.12565,38.75555],[-9.12611,38.75495],[-9.12617,38.75432],[-9.12565,38.75374],[-9.12502,38.75374],[-9.12493,38.75369],[-9.12439,38.75339],[-9.12389,38.75306],[-9.12402,38.75243],[-9.12376,38.75226],[-9.12358,38.7518],[-9.12348,38.75117],[-9.12376,38.75096],[-9.12408,38.75054],[-9.12376,38.75017],[-9.12333,38.75054],[-9.12313,38.7508],[-9.12261,38.75117],[-9.12249,38.75141],[-9.12186,38.75141],[-9.12123,38.75131],[-9.12104,38.7518],[-9.12116,38.75243],[-9.12112,38.75306],[-9.12077,38.75369],[-9.12072,38.75432],[-9.12123,38.75456],[-9.12143,38.75495],[-9.1216,38.75558],[-9.12186,38.75589],[-9.12249,38.75589],[-9.12313,38.75586],[-9.12356,38.75621],[-9.12376,38.75638],[-9.12439,38.75637],[-9.12488,38.75684],[-9.12502,38.75693],[-9.12565,38.75693],[-9.12608,38.75747],[-9.12628,38.75778],[-9.12681,38.7581],[-9.12691,38.75816],[-9.12696,38.7581],[-9.12735,38.75747],[-9.12754,38.75726],[-9.12817,38.75724],[-9.1288,38.75724],[-9.12897,38.75747],[-9.12897,38.7581],[-9.12884,38.75873],[-9.12884,38.75937],[-9.12924,38.76],[-9.12934,38.76063],[-9.12936,38.76126],[-9.12943,38.76129],[-9.13006,38.76159],[-9.13069,38.76146],[-9.13132,38.76146],[-9.13196,38.76158],[-9.13259,38.76146],[-9.13322,38.76164],[-9.13371,38.76126],[-9.13385,38.76108],[-9.13448,38.76108],[-9.13483,38.76063],[-9.13511,38.76025],[-9.13574,38.76025],[-9.13637,38.76022],[-9.137,38.76022],[-9.13745,38.76063],[-9.13763,38.76087],[-9.13793,38.76063],[-9.13826,38.76045],[-9.13889,38.76051],[-9.13913,38.76063],[-9.13952,38.76078],[-9.14015,38.76078],[-9.14039,38.76063],[-9.14079,38.76023],[-9.14142,38.76019],[-9.14205,38.76016],[-9.14231,38.76],[-9.14268,38.75964],[-9.14331,38.75964],[-9.14394,38.75959],[-9.14419,38.75937],[-9.14457,38.75912],[-9.1452,38.75934],[-9.14583,38.75934],[-9.14646,38.75917],[-9.14686,38.75873],[-9.14686,38.7581],[-9.14709,38.7576],[-9.14772,38.75762],[-9.14788,38.75747],[-9.14835,38.75718],[-9.14898,38.75718],[-9.14921,38.75684],[-9.14962,38.75644],[-9.15025,38.7563],[-9.15034,38.75621],[-9.15025,38.75577],[-9.15015,38.75558],[-9.15025,38.75545],[-9.15088,38.75551],[-9.15151,38.75551],[-9.15161,38.75558],[-9.15197,38.75621],[-9.15197,38.75684],[-9.15214,38.75712],[-9.15267,38.75747],[-9.15277,38.75758],[-9.15312,38.7581],[-9.15312,38.75873],[-9.15277,38.75906],[-9.15249,38.75937],[-9.15214,38.75973],[-9.15179,38.76],[-9.152,38.76063],[-9.15214,38.76071],[-9.15277,38.7608],[-9.15295,38.76063],[-9.1534,38.76036],[-9.15367,38.76],[-9.15403,38.75964],[-9.15466,38.75964],[-9.15497,38.75937],[-9.15529,38.7591],[-9.15592,38.75885],[-9.15655,38.75882],[-9.15671,38.75873],[-9.15671,38.7581],[-9.15679,38.75747],[-9.15698,38.75684],[-9.15655,38.75637],[-9.15592,38.75655],[-9.1558,38.75621],[-9.15574,38.75558],[-9.15548,38.75495],[-9.15529,38.75458],[-9.15492,38.75495],[-9.15466,38.75502],[-9.15403,38.75502],[-9.15388,38.75495],[-9.15403,38.75445],[-9.15466,38.75445],[-9.15479,38.75432],[-9.15489,38.75369],[-9.15493,38.75306],[-9.15466,38.75298],[-9.15403,38.75298],[-9.1534,38.75289],[-9.15311,38.75243],[-9.15278,38.7518],[-9.15277,38.75177],[-9.15214,38.75129],[-9.152,38.75117],[-9.15214,38.75089],[-9.15233,38.75054],[-9.15277,38.75012],[-9.15297,38.7499],[-9.1534,38.74944],[-9.15354,38.74927],[-9.1534,38.74909],[-9.15311,38.74864],[-9.1534,38.74818],[-9.15403,38.74833],[-9.15466,38.74833],[-9.15529,38.74846],[-9.15544,38.74864],[-9.15566,38.74927],[-9.15592,38.74946],[-9.1562,38.74927],[-9.15655,38.74901],[-9.1569,38.74927],[-9.15718,38.74983],[-9.15782,38.74983],[-9.15792,38.7499],[-9.15845,38.75008],[-9.15908,38.75031],[-9.15946,38.7499],[-9.15971,38.74966],[-9.16034,38.74966],[-9.16097,38.74964],[-9.16116,38.74927],[-9.16097,38.74891],[-9.16059,38.74864],[-9.16071,38.74801],[-9.16073,38.74738],[-9.16097,38.7469],[-9.1616,38.74727],[-9.16171,38.74738],[-9.1616,38.74755],[-9.16134,38.74801],[-9.16127,38.74864],[-9.1616,38.7488],[-9.16223,38.74882],[-9.16237,38.74864],[-9.16223,38.74822],[-9.16204,38.74801],[-9.16223,38.74789],[-9.16236,38.74801],[-9.16286,38.74823],[-9.16349,38.74823],[-9.16393,38.74801],[-9.16412,38.74785],[-9.16475,38.74787],[-9.16538,38.74768],[-9.16601,38.7477],[-9.16665,38.7477],[-9.16728,38.74777],[-9.16791,38.74791],[-9.168,38.74801],[-9.16832,38.74864],[-9.16802,38.74927],[-9.16854,38.74945],[-9.16917,38.74945],[-9.16952,38.74927],[-9.1696,38.74864],[-9.1698,38.74839],[-9.1701,38.74801],[-9.17043,38.74781],[-9.17079,38.74801],[-9.17106,38.7481],[-9.17169,38.74843],[-9.17232,38.74843],[-9.17295,38.74824],[-9.17358,38.74849],[-9.17421,38.74824],[-9.17484,38.74824],[-9.17504,38.74864],[-9.17484,38.74918],[-9.17421,38.74918],[-9.17358,38.74902],[-9.17295,38.74901],[-9.17259,38.74927],[-9.17232,38.74945],[-9.17169,38.74945],[-9.17106,38.74989],[-9.17102,38.7499],[-9.17076,38.75054],[-9.17043,38.75076],[-9.16983,38.75117],[-9.1698,38.75125],[-9.16948,38.75117],[-9.16917,38.75111],[-9.16854,38.75111],[-9.16849,38.75117],[-9.16791,38.75178],[-9.16784,38.7518],[-9.16784,38.75243],[-9.16728,38.75267],[-9.16697,38.75306],[-9.16665,38.75347],[-9.16615,38.75369],[-9.16612,38.75432],[-9.16664,38.75495],[-9.16665,38.75495],[-9.16728,38.75537],[-9.16739,38.75558],[-9.16728,38.75577],[-9.16699,38.75621],[-9.16723,38.75684],[-9.16676,38.75747],[-9.16682,38.7581],[-9.16679,38.75873],[-9.16665,38.75906],[-9.16601,38.75927],[-9.16538,38.75927],[-9.16535,38.75937],[-9.16475,38.75979],[-9.16412,38.75992],[-9.16404,38.76],[-9.1639,38.76063],[-9.16412,38.76095],[-9.16459,38.76126],[-9.16475,38.76137],[-9.16498,38.76189],[-9.16538,38.76234],[-9.16601,38.76234],[-9.16619,38.76252],[-9.16665,38.76305],[-9.16702,38.76252],[-9.16728,38.76221],[-9.16791,38.76206],[-9.16854,38.76232],[-9.16917,38.76232],[-9.1698,38.76248],[-9.16984,38.76252],[-9.17037,38.76315],[-9.17043,38.76319],[-9.17055,38.76315],[-9.17106,38.76307],[-9.17169,38.76305],[-9.17232,38.76305],[-9.17278,38.76252],[-9.17295,38.76234],[-9.17338,38.76252],[-9.17358,38.76304],[-9.17421,38.76301],[-9.17484,38.76301],[-9.1751,38.76315],[-9.17548,38.76331],[-9.17568,38.76315],[-9.17611,38.76292],[-9.17639,38.76315],[-9.17674,38.7636],[-9.17737,38.76348],[-9.178,38.76348],[-9.17829,38.76378],[-9.17863,38.76405],[-9.17892,38.76441],[-9.17892,38.76504],[-9.17926,38.76545],[-9.17949,38.76567],[-9.17985,38.7663],[-9.17989,38.76632],[-9.18052,38.76632],[-9.18063,38.7663],[-9.18115,38.76616],[-9.18178,38.76626],[-9.18202,38.76567],[-9.18207,38.76504],[-9.18207,38.76441],[-9.18241,38.76383],[-9.18278,38.76378],[-9.18293,38.76315],[-9.18304,38.76311],[-9.18368,38.76311],[-9.1842,38.76315],[-9.18431,38.76316],[-9.18494,38.76316],[-9.18495,38.76315],[-9.18498,38.76252],[-9.18495,38.76189],[-9.18557,38.76135],[-9.18581,38.76126],[-9.18557,38.76106],[-9.18504,38.76063],[-9.18494,38.76053],[-9.18469,38.76],[-9.18431,38.7598],[-9.1837,38.75937],[-9.18368,38.75935],[-9.18304,38.75935],[-9.18302,38.75937],[-9.18241,38.75971],[-9.18214,38.76],[-9.18178,38.7603],[-9.1813,38.76063],[-9.18115,38.76081],[-9.18102,38.76063],[-9.18052,38.76032],[-9.17989,38.76032],[-9.17926,38.76036],[-9.17876,38.76],[-9.17863,38.75986],[-9.178,38.75972],[-9.17737,38.75972],[-9.17674,38.75955],[-9.17641,38.75937],[-9.17611,38.75902],[-9.17548,38.75937],[-9.17484,38.75924],[-9.17421,38.75924],[-9.17408,38.75937],[-9.17381,38.76],[-9.17358,38.76009],[-9.17337,38.76],[-9.17295,38.75979],[-9.17249,38.75937],[-9.17232,38.75919],[-9.17169,38.75919],[-9.17117,38.75937],[-9.17106,38.75941],[-9.17103,38.75937],[-9.17106,38.75887],[-9.17107,38.75873],[-9.17107,38.7581],[-9.17106,38.75809],[-9.171,38.7581],[-9.171,38.75873],[-9.17043,38.75882],[-9.17031,38.75873],[-9.17031,38.7581],[-9.17005,38.75747],[-9.1698,38.75699],[-9.16966,38.75684],[-9.1698,38.7564],[-9.17009,38.75621],[-9.1698,38.75612],[-9.16956,38.75558],[-9.1698,38.75524],[-9.17043,38.75526],[-9.17106,38.75521],[-9.17154,38.75495],[-9.17169,38.75473],[-9.17232,38.75473],[-9.17239,38.75495],[-9.17295,38.75526],[-9.17358,38.75539],[-9.17375,38.75558],[-9.17421,38.75589],[-9.17484,38.75589],[-9.17548,38.75603],[-9.17611,38.75595],[-9.17642,38.75621],[-9.17674,38.75653],[-9.17737,38.75655],[-9.178,38.75655],[-9.17846,38.75621],[-9.178,38.75571],[-9.17737,38.75571],[-9.17731,38.75558],[-9.17737,38.75549],[-9.178,38.75549],[-9.17863,38.75523],[-9.17874,38.75495],[-9.17926,38.75479],[-9.17962,38.75495],[-9.17989,38.75508],[-9.18003,38.75495],[-9.18052,38.75447],[-9.18115,38.75447],[-9.18142,38.75432],[-9.18157,38.75369],[-9.18144,38.75306],[-9.18115,38.75266],[-9.18052,38.75266],[-9.17995,38.75243],[-9.17989,38.7524],[-9.1797,38.7518],[-9.17989,38.75132],[-9.18002,38.75117],[-9.17989,38.75101],[-9.17928,38.75117],[-9.17926,38.75117],[-9.17921,38.75117],[-9.17863,38.75108],[-9.1784,38.75117],[-9.178,38.75124],[-9.17737,38.75124],[-9.17674,38.75133],[-9.17644,38.75117],[-9.17611,38.75088],[-9.17564,38.75054],[-9.17548,38.7503],[-9.1752,38.75054],[-9.17484,38.75104],[-9.17421,38.75104],[-9.17358,38.75067],[-9.17347,38.75054],[-9.17358,38.75021],[-9.1741,38.7499],[-9.17421,38.74959],[-9.17484,38.74959],[-9.17548,38.74951],[-9.17598,38.74927],[-9.17611,38.74922],[-9.17623,38.74927],[-9.17674,38.74946],[-9.17692,38.74927],[-9.17737,38.74896],[-9.178,38.74896],[-9.17863,38.74898],[-9.17926,38.74885],[-9.17989,38.74902],[-9.18006,38.74864],[-9.18052,38.74815],[-9.18115,38.74815],[-9.1813,38.74801],[-9.18178,38.74754],[-9.18241,38.74781],[-9.18271,38.74738],[-9.18274,38.74675],[-9.18282,38.74612],[-9.18282,38.74549],[-9.18304,38.74517],[-9.18368,38.74517],[-9.18397,38.74549],[-9.18397,38.74612],[-9.18431,38.74644],[-9.18455,38.74675],[-9.18446,38.74738],[-9.18494,38.74764],[-9.18524,38.74738],[-9.18546,38.74675],[-9.18557,38.74655],[-9.1862,38.74644],[-9.18683,38.74644],[-9.18689,38.74675],[-9.1869,38.74738],[-9.18683,38.74753],[-9.1862,38.74753],[-9.18557,38.74766],[-9.18526,38.74801],[-9.18557,38.74828],[-9.18596,38.74864],[-9.18606,38.74927],[-9.18571,38.7499],[-9.18588,38.75054],[-9.1862,38.75083],[-9.18683,38.75083],[-9.18746,38.75063],[-9.18762,38.75054],[-9.18758,38.7499],[-9.18809,38.74975],[-9.18842,38.7499],[-9.18872,38.75013],[-9.18935,38.75013],[-9.18987,38.75054],[-9.18998,38.75064],[-9.19056,38.75117],[-9.19061,38.7513],[-9.19104,38.7518],[-9.19104,38.75243],[-9.19109,38.75306],[-9.19124,38.75321],[-9.1916,38.75369],[-9.19187,38.75413],[-9.19251,38.75413],[-9.19264,38.75432],[-9.19251,38.75455],[-9.19187,38.75455],[-9.19154,38.75432],[-9.19124,38.75418],[-9.191,38.75432],[-9.19108,38.75495],[-9.19124,38.75524],[-9.19187,38.75527],[-9.19251,38.75527],[-9.19276,38.75558],[-9.19275,38.75621],[-9.19251,38.75657],[-9.19187,38.75657],[-9.19152,38.75684],[-9.19124,38.7571],[-9.1909,38.75684],[-9.19061,38.75667],[-9.18998,38.75665],[-9.18935,38.75668],[-9.18872,38.75668],[-9.18809,38.75671],[-9.18775,38.75684],[-9.18746,38.7571],[-9.18683,38.7571],[-9.1862,38.7571],[-9.18557,38.75743],[-9.18551,38.75747],[-9.18494,38.75781],[-9.1847,38.7581],[-9.1847,38.75873],[-9.1847,38.75937],[-9.18494,38.7598],[-9.18557,38.75979],[-9.18615,38.76],[-9.1862,38.76005],[-9.18683,38.76005],[-9.18746,38.76021],[-9.18805,38.76],[-9.188,38.75937],[-9.18809,38.75927],[-9.1887,38.75873],[-9.1887,38.7581],[-9.18872,38.75808],[-9.18935,38.75808],[-9.18998,38.75774],[-9.19061,38.75763],[-9.19124,38.75787],[-9.19187,38.75762],[-9.19251,38.75762],[-9.19261,38.75747],[-9.19314,38.75711],[-9.19345,38.75684],[-9.19377,38.75664],[-9.1942,38.75684],[-9.1944,38.75736],[-9.19466,38.75684],[-9.19503,38.75672],[-9.19566,38.75672],[-9.19586,38.75684],[-9.19566,38.75729],[-9.19503,38.75729],[-9.19457,38.75747],[-9.19503,38.75771],[-9.19566,38.75771],[-9.19585,38.7581],[-9.19585,38.75873],[-9.19566,38.75921],[-9.19503,38.75921],[-9.19461,38.75873],[-9.19461,38.7581],[-9.1944,38.75767],[-9.19427,38.7581],[-9.19427,38.75873],[-9.19377,38.75906],[-9.19346,38.75937],[-9.19314,38.75985],[-9.19251,38.75938],[-9.19187,38.75938],[-9.19124,38.75958],[-9.19107,38.75937],[-9.19061,38.75918],[-9.19041,38.75937],[-9.19023,38.76],[-9.18998,38.76033],[-9.18983,38.76063],[-9.18998,38.7608],[-9.19061,38.7608],[-9.19124,38.7608],[-9.19163,38.76063],[-9.19187,38.76047],[-9.19251,38.76047],[-9.19314,38.76045],[-9.19355,38.76],[-9.19377,38.75991],[-9.1944,38.75943],[-9.19503,38.75943],[-9.19566,38.75942],[-9.19629,38.75944],[-9.19656,38.75937],[-9.1968,38.75873],[-9.1968,38.7581],[-9.19692,38.75801],[-9.19755,38.75791],[-9.19818,38.75791],[-9.19881,38.75782],[-9.19935,38.75747],[-9.19944,38.75731],[-9.19974,38.75684],[-9.20007,38.7566],[-9.2007,38.75677],[-9.20134,38.75677],[-9.20171,38.75684],[-9.20197,38.75695],[-9.2021,38.75684],[-9.2026,38.75666],[-9.20321,38.75684],[-9.20323,38.75685],[-9.20362,38.75724],[-9.20328,38.75745],[-9.20323,38.7574],[-9.20314,38.75747],[-9.20314,38.75754],[-9.20286,38.75771],[-9.20015,38.75862],[-9.1999,38.7588],[-9.19805,38.75906],[-9.19785,38.7605],[-9.19774,38.76063],[-9.19755,38.76082],[-9.19692,38.76104],[-9.19629,38.76088],[-9.19589,38.76063],[-9.19566,38.76026],[-9.19545,38.76063],[-9.19503,38.76104],[-9.1944,38.76104],[-9.19377,38.7609],[-9.19363,38.76126],[-9.19377,38.76158],[-9.19411,38.76189],[-9.19377,38.76204],[-9.19327,38.76189],[-9.19314,38.76185],[-9.19308,38.76189],[-9.19314,38.76244],[-9.19314,38.76252],[-9.19314,38.76255],[-9.19311,38.76252],[-9.19251,38.76237],[-9.19187,38.76237],[-9.19124,38.76199],[-9.19118,38.76189],[-9.19061,38.76132],[-9.18998,38.76134],[-9.18977,38.76126],[-9.18938,38.76063],[-9.18935,38.76059],[-9.18872,38.76059],[-9.18868,38.76063],[-9.18837,38.76126],[-9.1881,38.76189],[-9.18809,38.76189],[-9.18757,38.76252],[-9.18767,38.76315],[-9.18746,38.7633],[-9.18683,38.7632],[-9.1862,38.7632],[-9.18557,38.76357],[-9.18508,38.76378],[-9.18557,38.76396],[-9.18585,38.76441],[-9.18585,38.76504],[-9.1862,38.76564],[-9.18683,38.76564],[-9.187,38.76567],[-9.18683,38.76572],[-9.1862,38.76572],[-9.18557,38.76598],[-9.18494,38.76572],[-9.18478,38.76567],[-9.18431,38.7655],[-9.18368,38.76525],[-9.18304,38.76525],[-9.18241,38.7656],[-9.1824,38.76567],[-9.18241,38.76581],[-9.18261,38.7663],[-9.18241,38.7665],[-9.18222,38.76693],[-9.18204,38.76756],[-9.18241,38.76818],[-9.18244,38.7682],[-9.18246,38.76883],[-9.18241,38.76902],[-9.18178,38.76908],[-9.18133,38.76883],[-9.18115,38.76875],[-9.18088,38.7682],[-9.18115,38.76776],[-9.18149,38.76756],[-9.18115,38.76739],[-9.18061,38.76693],[-9.18052,38.76685],[-9.17989,38.76685],[-9.17926,38.76673],[-9.1789,38.7663],[-9.17895,38.76567],[-9.17863,38.76515],[-9.178,38.76509],[-9.17737,38.76509],[-9.17734,38.76504],[-9.17734,38.76441],[-9.17674,38.76392],[-9.1763,38.76378],[-9.17611,38.76334],[-9.17548,38.76369],[-9.17484,38.76352],[-9.17421,38.76352],[-9.17358,38.76364],[-9.17333,38.76378],[-9.17323,38.76441],[-9.17323,38.76504],[-9.17295,38.76526],[-9.17232,38.76551],[-9.17169,38.76551],[-9.17106,38.76544],[-9.17043,38.76509],[-9.17017,38.76504],[-9.17017,38.76441],[-9.1698,38.76436],[-9.16918,38.76378],[-9.16917,38.76375],[-9.16854,38.76375],[-9.16852,38.76378],[-9.16797,38.76441],[-9.16797,38.76504],[-9.16854,38.76532],[-9.16917,38.76532],[-9.16938,38.76567],[-9.16917,38.76592],[-9.16854,38.76592],[-9.16795,38.7663],[-9.16815,38.76693],[-9.16854,38.76753],[-9.16917,38.76753],[-9.1698,38.76721],[-9.17039,38.76756],[-9.17043,38.76758],[-9.17106,38.76774],[-9.17126,38.76756],[-9.17129,38.76693],[-9.17141,38.7663],[-9.17169,38.76609],[-9.17232,38.76609],[-9.17295,38.7662],[-9.17322,38.7663],[-9.17358,38.76644],[-9.17413,38.76693],[-9.17421,38.767],[-9.17484,38.767],[-9.17539,38.76756],[-9.17548,38.76761],[-9.17611,38.76783],[-9.17672,38.76756],[-9.17674,38.76754],[-9.17676,38.76756],[-9.17676,38.7682],[-9.17687,38.76883],[-9.17711,38.76946],[-9.17737,38.76975],[-9.178,38.76975],[-9.17836,38.77009],[-9.17863,38.7705],[-9.17894,38.77072],[-9.1791,38.77135],[-9.17877,38.77198],[-9.17878,38.77261],[-9.17863,38.77296],[-9.17839,38.77324],[-9.17808,38.77387],[-9.17806,38.7745],[-9.17863,38.77503],[-9.17916,38.7745],[-9.17926,38.77442],[-9.17937,38.7745],[-9.17941,38.77513],[-9.17926,38.77519],[-9.17863,38.77531],[-9.178,38.7754],[-9.17737,38.7754],[-9.1772,38.77576],[-9.17737,38.77602],[-9.178,38.77602],[-9.17812,38.77639],[-9.178,38.77673],[-9.17737,38.77673],[-9.17707,38.77703],[-9.17707,38.77766],[-9.17737,38.77787],[-9.178,38.77787],[-9.17845,38.77829],[-9.17863,38.7785],[-9.17897,38.77892],[-9.17926,38.77909],[-9.17967,38.77942],[-9.17956,38.77945],[-9.17932,38.77986],[-9.17929,38.77986],[-9.17929,38.77955],[-9.17926,38.77953],[-9.17863,38.77933],[-9.17825,38.77892],[-9.178,38.77863],[-9.17737,38.77863],[-9.17675,38.77829],[-9.17674,38.77828],[-9.17641,38.77766],[-9.17636,38.77703],[-9.17611,38.77667],[-9.17584,38.77639],[-9.17548,38.77616],[-9.17496,38.77576],[-9.17508,38.77513],[-9.17548,38.77469],[-9.17578,38.7745],[-9.17611,38.77421],[-9.17631,38.77387],[-9.17674,38.77337],[-9.17688,38.77324],[-9.17691,38.77261],[-9.17674,38.772],[-9.17673,38.77198],[-9.17674,38.77197],[-9.17708,38.77135],[-9.17708,38.77072],[-9.17711,38.77009],[-9.17674,38.76964],[-9.1765,38.76946],[-9.17611,38.76917],[-9.17573,38.76883],[-9.17594,38.7682],[-9.17548,38.76788],[-9.17484,38.76761],[-9.17421,38.76761],[-9.17362,38.7682],[-9.17358,38.76826],[-9.17295,38.76823],[-9.17291,38.7682],[-9.17295,38.7681],[-9.17319,38.76756],[-9.17295,38.76726],[-9.1725,38.76693],[-9.17232,38.76686],[-9.17169,38.76686],[-9.17165,38.76693],[-9.17164,38.76756],[-9.17106,38.76805],[-9.17043,38.76787],[-9.16989,38.76756],[-9.1698,38.76751],[-9.16969,38.76756],[-9.16917,38.76803],[-9.16854,38.76803],[-9.16791,38.76768],[-9.16728,38.76793],[-9.16689,38.76756],[-9.16665,38.76722],[-9.16625,38.76756],[-9.16601,38.76805],[-9.16538,38.76805],[-9.16516,38.76756],[-9.16475,38.76703],[-9.16466,38.76693],[-9.16475,38.76666],[-9.16483,38.7663],[-9.16475,38.76619],[-9.16412,38.76568],[-9.16412,38.76567],[-9.16412,38.76567],[-9.16453,38.76504],[-9.16455,38.76441],[-9.1644,38.76378],[-9.16412,38.76368],[-9.16349,38.76315],[-9.16286,38.76315],[-9.16223,38.76313],[-9.16219,38.76315],[-9.1616,38.76336],[-9.1613,38.76378],[-9.16103,38.76441],[-9.16103,38.76504],[-9.16097,38.76518],[-9.16034,38.76553],[-9.15971,38.76553],[-9.15908,38.76518],[-9.15845,38.76509],[-9.15782,38.76516],[-9.15718,38.76516],[-9.15707,38.76504],[-9.15707,38.76441],[-9.15655,38.76409],[-9.15592,38.76424],[-9.15575,38.76378],[-9.15592,38.7634],[-9.15606,38.76315],[-9.15592,38.7628],[-9.15549,38.76252],[-9.15529,38.76235],[-9.15492,38.76189],[-9.15529,38.76155],[-9.15541,38.76126],[-9.15529,38.76116],[-9.15466,38.76096],[-9.15403,38.76096],[-9.1537,38.76126],[-9.1534,38.76154],[-9.15277,38.76162],[-9.1526,38.76189],[-9.15231,38.76252],[-9.15214,38.76283],[-9.15151,38.76311],[-9.15088,38.76311],[-9.15085,38.76315],[-9.15088,38.76322],[-9.15151,38.76322],[-9.15198,38.76378],[-9.15151,38.76429],[-9.15088,38.76429],[-9.15076,38.76441],[-9.15076,38.76504],[-9.15088,38.76515],[-9.15151,38.76515],[-9.15189,38.76567],[-9.15214,38.766],[-9.15237,38.7663],[-9.15214,38.76647],[-9.15158,38.76693],[-9.15163,38.76756],[-9.15151,38.76775],[-9.15088,38.76775],[-9.15064,38.7682],[-9.15053,38.76883],[-9.15035,38.76946],[-9.15088,38.76996],[-9.15151,38.76996],[-9.15188,38.77009],[-9.15214,38.77025],[-9.15277,38.77054],[-9.15302,38.77072],[-9.15309,38.77135],[-9.15324,38.77198],[-9.15296,38.77261],[-9.15294,38.77324],[-9.15277,38.77336],[-9.15214,38.77345],[-9.15151,38.77371],[-9.15088,38.77371],[-9.15025,38.77376],[-9.15002,38.77387],[-9.15003,38.7745],[-9.15025,38.77472],[-9.15051,38.77513],[-9.15088,38.77535],[-9.15151,38.77535],[-9.15194,38.77576],[-9.15151,38.77627],[-9.15088,38.77627],[-9.15069,38.77639],[-9.15025,38.77686],[-9.15016,38.77703],[-9.1501,38.77766],[-9.15002,38.77829],[-9.14962,38.77887],[-9.14954,38.77892],[-9.14962,38.77901],[-9.15009,38.77955],[-9.15022,38.78018],[-9.15025,38.7802],[-9.15027,38.78018],[-9.15088,38.77963],[-9.15151,38.77963],[-9.15214,38.7797],[-9.15277,38.77964],[-9.1534,38.78018],[-9.1534,38.78018],[-9.15403,38.78036],[-9.15466,38.78036],[-9.15509,38.78081],[-9.15529,38.78094],[-9.15543,38.78081],[-9.15592,38.78022],[-9.15599,38.78018],[-9.15613,38.77955],[-9.15611,38.77892],[-9.15592,38.7784],[-9.15585,38.77829],[-9.15585,38.77766],[-9.15554,38.77703],[-9.15567,38.77639],[-9.15592,38.77607],[-9.15647,38.77576],[-9.15655,38.77566],[-9.15718,38.77566],[-9.15782,38.77562],[-9.15845,38.77545],[-9.15874,38.77513],[-9.15908,38.77485],[-9.15939,38.77513],[-9.15971,38.77526],[-9.16034,38.77526],[-9.16049,38.77513],[-9.16097,38.77483],[-9.16145,38.77513],[-9.1616,38.77526],[-9.16176,38.77513],[-9.16211,38.7745],[-9.16223,38.77437],[-9.16236,38.7745],[-9.16272,38.77513],[-9.1625,38.77576],[-9.16223,38.7762],[-9.1616,38.77633],[-9.16155,38.77639],[-9.16139,38.77703],[-9.16097,38.77757],[-9.16083,38.77766],[-9.16067,38.77829],[-9.16063,38.77892],[-9.16034,38.77937],[-9.15971,38.77937],[-9.1596,38.77955],[-9.15971,38.77986],[-9.16034,38.77986],[-9.1604,38.78018],[-9.16034,38.78027],[-9.15971,38.78027],[-9.15913,38.78081],[-9.15908,38.78084],[-9.15857,38.78144],[-9.15845,38.78171],[-9.15823,38.78207],[-9.15782,38.7822],[-9.15718,38.78261],[-9.15655,38.78261],[-9.15651,38.7827],[-9.1561,38.78333],[-9.15592,38.78395],[-9.15529,38.78382],[-9.1548,38.78396],[-9.15515,38.78459],[-9.15482,38.78523],[-9.15466,38.78552],[-9.15403,38.78552],[-9.1534,38.78534],[-9.15322,38.78586],[-9.15277,38.78626],[-9.15214,38.78623],[-9.15151,38.78614],[-9.15088,38.78614],[-9.15072,38.78649],[-9.15088,38.7871],[-9.15151,38.7871],[-9.15152,38.78712],[-9.15184,38.78775],[-9.15214,38.78797],[-9.15252,38.78775],[-9.15256,38.78712],[-9.15277,38.7868],[-9.1534,38.7868],[-9.15403,38.78703],[-9.15466,38.78703],[-9.15478,38.78712],[-9.15489,38.78775],[-9.15466,38.78804],[-9.15403,38.78804],[-9.1534,38.78787],[-9.15277,38.7883],[-9.15274,38.78838],[-9.15277,38.78847],[-9.1534,38.789],[-9.15342,38.78901],[-9.15346,38.78964],[-9.1534,38.78968],[-9.15322,38.78964],[-9.15277,38.78945],[-9.15214,38.78922],[-9.15188,38.78964],[-9.15214,38.79003],[-9.15229,38.79027],[-9.15229,38.7909],[-9.15257,38.79153],[-9.15277,38.79206],[-9.15288,38.79216],[-9.15277,38.79229],[-9.15214,38.79235],[-9.15192,38.79216],[-9.15166,38.79153],[-9.15151,38.79094],[-9.15088,38.79094],[-9.15072,38.7909],[-9.15072,38.79027],[-9.15025,38.79023],[-9.15023,38.79027],[-9.15023,38.7909],[-9.15025,38.79106],[-9.15046,38.79153],[-9.15025,38.79167],[-9.14962,38.79192],[-9.14898,38.79195],[-9.14868,38.79216],[-9.14835,38.79254],[-9.14772,38.79254],[-9.14725,38.79279],[-9.14709,38.79337],[-9.14699,38.79342],[-9.14646,38.79349],[-9.14583,38.79344],[-9.14583,38.79344],[-9.1457,38.79313],[-9.14552,38.79214],[-9.14583,38.79214]],[[-9.14898,38.78279],[-9.14905,38.7827],[-9.14898,38.78254],[-9.14835,38.78254],[-9.14772,38.78254],[-9.14763,38.7827],[-9.14772,38.78276],[-9.14835,38.78276],[-9.14898,38.78279]],[[-9.14709,38.78178],[-9.14766,38.78144],[-9.14709,38.78125],[-9.14696,38.78144],[-9.14709,38.78178]],[[-9.14583,38.78097],[-9.14637,38.78144],[-9.14646,38.78153],[-9.14652,38.78144],[-9.14672,38.78081],[-9.14646,38.78064],[-9.14583,38.78048],[-9.1452,38.78048],[-9.14497,38.78081],[-9.1452,38.78097],[-9.14583,38.78097]],[[-9.14415,38.78333],[-9.14457,38.78306],[-9.145,38.7827],[-9.1452,38.78227],[-9.14583,38.78227],[-9.14605,38.78207],[-9.14583,38.78187],[-9.1452,38.78187],[-9.14502,38.78144],[-9.14457,38.7811],[-9.14413,38.78144],[-9.14394,38.78165],[-9.14333,38.78144],[-9.14331,38.78143],[-9.14328,38.78144],[-9.14268,38.7816],[-9.14205,38.7816],[-9.14142,38.7816],[-9.14079,38.78179],[-9.14036,38.78207],[-9.14015,38.78228],[-9.13952,38.78228],[-9.13939,38.7827],[-9.13932,38.78333],[-9.13921,38.78396],[-9.13921,38.78459],[-9.13952,38.78495],[-9.14015,38.78495],[-9.14063,38.78459],[-9.14063,38.78396],[-9.14079,38.78371],[-9.14112,38.78396],[-9.14112,38.78459],[-9.14113,38.78523],[-9.14142,38.78527],[-9.1415,38.78523],[-9.14159,38.78459],[-9.14159,38.78396],[-9.14205,38.78335],[-9.14268,38.78335],[-9.14331,38.78352],[-9.14394,38.78348],[-9.14415,38.78333]],[[-9.14015,38.78572],[-9.13952,38.78572],[-9.1394,38.78586],[-9.13952,38.78592],[-9.14015,38.78592],[-9.14026,38.78586],[-9.14015,38.78572]],[[-9.1508,38.75621],[-9.15025,38.75673],[-9.15001,38.75684],[-9.15002,38.75747],[-9.15025,38.75795],[-9.15061,38.75747],[-9.15088,38.75732],[-9.15151,38.75732],[-9.15162,38.75684],[-9.15157,38.75621],[-9.15151,38.75611],[-9.15088,38.75611],[-9.1508,38.75621]],[[-9.12943,38.76215],[-9.12968,38.76189],[-9.12943,38.7617],[-9.12918,38.76189],[-9.12943,38.76215]],[[-9.12565,38.75987],[-9.12569,38.75937],[-9.12569,38.75873],[-9.12565,38.75864],[-9.12502,38.75864],[-9.12494,38.75873],[-9.12494,38.75937],[-9.12502,38.75987],[-9.12565,38.75987]],[[-9.12895,38.77135],[-9.1288,38.77113],[-9.12861,38.77135],[-9.12861,38.77198],[-9.1288,38.77228],[-9.12895,38.77198],[-9.12895,38.77135]],[[-9.1288,38.77703],[-9.12881,38.77703],[-9.1288,38.77701],[-9.12876,38.77703],[-9.1288,38.77703]],[[-9.1272,38.77639],[-9.12754,38.77685],[-9.12817,38.77685],[-9.12849,38.77639],[-9.12842,38.77576],[-9.12817,38.77534],[-9.12754,38.77534],[-9.12691,38.77556],[-9.12633,38.77576],[-9.12691,38.77608],[-9.1272,38.77639]],[[-9.12628,38.77561],[-9.12635,38.77513],[-9.12628,38.77508],[-9.12601,38.77513],[-9.12628,38.77561]],[[-9.12565,38.77382],[-9.12502,38.77382],[-9.125,38.77387],[-9.12502,38.77388],[-9.12565,38.77388],[-9.12576,38.77387],[-9.12565,38.77382]],[[-9.12376,38.76136],[-9.12397,38.76126],[-9.12376,38.76112],[-9.12369,38.76126],[-9.12376,38.76136]],[[-9.12313,38.76153],[-9.12325,38.76126],[-9.12313,38.7611],[-9.12279,38.76126],[-9.12313,38.76153]],[[-9.12249,38.76025],[-9.12186,38.76025],[-9.12153,38.76063],[-9.12186,38.76084],[-9.12249,38.76084],[-9.12295,38.76063],[-9.12249,38.76025]],[[-9.12313,38.75951],[-9.12324,38.75937],[-9.12331,38.75873],[-9.12376,38.75833],[-9.12403,38.7581],[-9.12376,38.75786],[-9.12313,38.75761],[-9.12297,38.75747],[-9.12249,38.75721],[-9.12186,38.75721],[-9.12123,38.7574],[-9.1206,38.75734],[-9.12006,38.75684],[-9.11997,38.75646],[-9.11934,38.75646],[-9.11922,38.75621],[-9.11934,38.75578],[-9.11997,38.75578],[-9.12003,38.75558],[-9.11997,38.75544],[-9.11934,38.75544],[-9.11912,38.75558],[-9.11871,38.75568],[-9.11844,38.75621],[-9.11817,38.75684],[-9.11808,38.75694],[-9.11748,38.75747],[-9.11745,38.75753],[-9.11682,38.75768],[-9.11619,38.75768],[-9.11603,38.7581],[-9.11604,38.75873],[-9.11604,38.75937],[-9.11619,38.75957],[-9.11682,38.75957],[-9.1174,38.75937],[-9.11745,38.75932],[-9.11808,38.75929],[-9.1186,38.75937],[-9.11808,38.75955],[-9.11778,38.76],[-9.11808,38.76019],[-9.11848,38.76063],[-9.11871,38.76092],[-9.11898,38.76126],[-9.11934,38.76157],[-9.11997,38.76157],[-9.12052,38.76126],[-9.12055,38.76063],[-9.1206,38.76062],[-9.12123,38.76019],[-9.12146,38.76],[-9.12186,38.75957],[-9.12249,38.75957],[-9.12313,38.75951]],[[-9.11566,38.75873],[-9.11556,38.75836],[-9.11528,38.75873],[-9.11528,38.75937],[-9.11556,38.75971],[-9.11566,38.75937],[-9.11566,38.75873]],[[-9.11493,38.75578],[-9.11518,38.75558],[-9.11493,38.75536],[-9.11468,38.75558],[-9.11493,38.75578]],[[-9.10481,38.75937],[-9.10481,38.75873],[-9.10483,38.75872],[-9.10546,38.75872],[-9.1061,38.75835],[-9.10626,38.7581],[-9.10627,38.75747],[-9.10657,38.75684],[-9.10616,38.75621],[-9.1061,38.75614],[-9.10558,38.75558],[-9.10546,38.75519],[-9.10483,38.75519],[-9.1042,38.75519],[-9.10397,38.75495],[-9.1042,38.75492],[-9.10483,38.75471],[-9.10546,38.75471],[-9.1061,38.75474],[-9.10637,38.75495],[-9.10673,38.75528],[-9.10696,38.75558],[-9.10705,38.75621],[-9.10736,38.75647],[-9.10799,38.75647],[-9.10833,38.75684],[-9.10841,38.75747],[-9.10862,38.75765],[-9.10925,38.75762],[-9.10962,38.7581],[-9.10988,38.75834],[-9.11039,38.7581],[-9.11051,38.7579],[-9.11114,38.7579],[-9.11133,38.7581],[-9.11177,38.75826],[-9.11239,38.7581],[-9.1124,38.75795],[-9.11241,38.7581],[-9.11303,38.75865],[-9.11366,38.75865],[-9.11401,38.75873],[-9.11401,38.75937],[-9.11429,38.75945],[-9.11437,38.75937],[-9.11437,38.75873],[-9.11429,38.75864],[-9.11404,38.7581],[-9.11366,38.75758],[-9.11303,38.75772],[-9.11244,38.75747],[-9.11303,38.75718],[-9.11335,38.75684],[-9.11319,38.75621],[-9.11318,38.75558],[-9.11303,38.7555],[-9.11256,38.75495],[-9.1124,38.75479],[-9.11177,38.75489],[-9.11114,38.75474],[-9.11051,38.75474],[-9.11036,38.75432],[-9.11003,38.75369],[-9.10992,38.75306],[-9.10995,38.75243],[-9.11011,38.7518],[-9.11039,38.75117],[-9.11039,38.75054],[-9.10988,38.75026],[-9.10942,38.7499],[-9.1095,38.74927],[-9.10925,38.74912],[-9.10892,38.74927],[-9.10893,38.7499],[-9.10862,38.75],[-9.10843,38.7499],[-9.10799,38.74931],[-9.10736,38.74931],[-9.10732,38.74927],[-9.10673,38.74882],[-9.10637,38.74864],[-9.1061,38.74853],[-9.10546,38.74853],[-9.10483,38.74853],[-9.10471,38.74864],[-9.1042,38.7492],[-9.10384,38.74927],[-9.10372,38.7499],[-9.10358,38.75054],[-9.10357,38.75055],[-9.10294,38.75055],[-9.10256,38.75117],[-9.10231,38.75143],[-9.10168,38.75143],[-9.10145,38.75117],[-9.10159,38.75054],[-9.1014,38.7499],[-9.10168,38.7495],[-9.10231,38.7495],[-9.10276,38.7499],[-9.10294,38.75048],[-9.10338,38.7499],[-9.10326,38.74927],[-9.10357,38.74922],[-9.10387,38.74864],[-9.10357,38.74834],[-9.103,38.74864],[-9.10294,38.74896],[-9.10277,38.74864],[-9.10258,38.74801],[-9.10258,38.74738],[-9.10231,38.74719],[-9.10168,38.74719],[-9.10142,38.74738],[-9.10105,38.74767],[-9.10066,38.74801],[-9.10058,38.74864],[-9.10042,38.74874],[-9.09989,38.74864],[-9.10021,38.74801],[-9.10042,38.74754],[-9.10055,38.74738],[-9.10043,38.74675],[-9.10043,38.74612],[-9.10042,38.74611],[-9.1004,38.74612],[-9.1004,38.74675],[-9.09979,38.74714],[-9.09916,38.74714],[-9.09853,38.74725],[-9.09847,38.74738],[-9.0979,38.74796],[-9.09786,38.74801],[-9.09765,38.74864],[-9.0977,38.74927],[-9.0979,38.74975],[-9.09837,38.74927],[-9.09853,38.74903],[-9.09916,38.74868],[-9.09979,38.74868],[-9.10002,38.74927],[-9.10042,38.74959],[-9.10071,38.7499],[-9.10042,38.7503],[-9.10016,38.75054],[-9.10042,38.75107],[-9.10046,38.75117],[-9.10105,38.75147],[-9.10141,38.7518],[-9.10168,38.75222],[-9.10231,38.75222],[-9.10294,38.75223],[-9.10313,38.75243],[-9.10294,38.75277],[-9.10265,38.75306],[-9.10294,38.75337],[-9.10357,38.75367],[-9.10358,38.75369],[-9.10358,38.75432],[-9.10357,38.75442],[-9.10353,38.75432],[-9.10294,38.75398],[-9.10265,38.75369],[-9.10231,38.75337],[-9.10168,38.75337],[-9.10142,38.75369],[-9.10105,38.75424],[-9.10058,38.75369],[-9.10058,38.75306],[-9.10042,38.75291],[-9.1003,38.75306],[-9.10017,38.75369],[-9.09979,38.75384],[-9.09958,38.75432],[-9.09972,38.75495],[-9.09979,38.75504],[-9.10042,38.75527],[-9.10057,38.75495],[-9.10105,38.75439],[-9.10126,38.75495],[-9.10109,38.75558],[-9.10105,38.75574],[-9.10069,38.75621],[-9.10105,38.75662],[-9.10162,38.75621],[-9.10168,38.7562],[-9.10231,38.7562],[-9.10294,38.75609],[-9.10357,38.75588],[-9.1042,38.75569],[-9.10469,38.75621],[-9.1042,38.75664],[-9.10357,38.75661],[-9.10294,38.75627],[-9.10237,38.75684],[-9.10231,38.75695],[-9.10168,38.75695],[-9.10143,38.75747],[-9.10158,38.7581],[-9.1011,38.75873],[-9.1011,38.75937],[-9.10134,38.76],[-9.10168,38.7605],[-9.10231,38.7605],[-9.10238,38.76063],[-9.10244,38.76126],[-9.10231,38.7617],[-9.10168,38.7617],[-9.10162,38.76189],[-9.10168,38.76198],[-9.10231,38.76198],[-9.10294,38.76226],[-9.10357,38.76203],[-9.1042,38.76231],[-9.10456,38.76189],[-9.10483,38.76158],[-9.10546,38.76158],[-9.10574,38.76189],[-9.1061,38.76214],[-9.10638,38.76189],[-9.1061,38.76127],[-9.10608,38.76126],[-9.1057,38.76063],[-9.10556,38.76],[-9.10546,38.75942],[-9.10483,38.75942],[-9.10481,38.75937]],[[-9.10799,38.77129],[-9.10736,38.77129],[-9.10733,38.77135],[-9.10736,38.77166],[-9.10799,38.77166],[-9.10801,38.77135],[-9.10799,38.77129]],[[-9.10673,38.77075],[-9.10678,38.77072],[-9.10673,38.77069],[-9.10631,38.77072],[-9.10673,38.77075]],[[-9.10547,38.77009],[-9.10546,38.77002],[-9.10483,38.77002],[-9.1042,38.7699],[-9.10411,38.77009],[-9.1042,38.77018],[-9.10476,38.77072],[-9.10473,38.77135],[-9.10473,38.77198],[-9.1045,38.77261],[-9.10454,38.77324],[-9.10483,38.77356],[-9.10546,38.77356],[-9.10574,38.77324],[-9.10606,38.77261],[-9.1061,38.77254],[-9.1062,38.77198],[-9.1062,38.77135],[-9.1061,38.77079],[-9.10591,38.77072],[-9.10547,38.77009]],[[-9.10294,38.77337],[-9.10306,38.77324],[-9.10294,38.77315],[-9.10287,38.77324],[-9.10294,38.77337]],[[-9.10105,38.76704],[-9.10113,38.76693],[-9.10105,38.76688],[-9.10093,38.76693],[-9.10105,38.76704]],[[-9.10042,38.76146],[-9.1006,38.76126],[-9.10042,38.76099],[-9.10011,38.76126],[-9.10042,38.76146]],[[-9.09853,38.75035],[-9.0979,38.75018],[-9.09758,38.75054],[-9.0979,38.75064],[-9.09853,38.75066],[-9.09866,38.75054],[-9.09853,38.75035]],[[-9.12313,38.71331],[-9.12249,38.71331],[-9.12248,38.71332],[-9.12249,38.71336],[-9.12313,38.71336],[-9.12318,38.71332],[-9.12313,38.71331]],[[-9.12186,38.71528],[-9.12195,38.71521],[-9.12186,38.71504],[-9.1217,38.71521],[-9.12186,38.71528]],[[-9.12565,38.72723],[-9.12566,38.7272],[-9.12566,38.72657],[-9.12565,38.72655],[-9.12502,38.72655],[-9.12498,38.72657],[-9.12498,38.7272],[-9.12502,38.72723],[-9.12565,38.72723]],[[-9.12123,38.72145],[-9.1206,38.72109],[-9.12023,38.72152],[-9.11997,38.72202],[-9.11934,38.72202],[-9.11917,38.72215],[-9.11878,38.72278],[-9.11934,38.72336],[-9.11997,38.72336],[-9.1206,38.72333],[-9.12078,38.72341],[-9.12123,38.72361],[-9.12186,38.72355],[-9.12197,38.72341],[-9.12186,38.72324],[-9.1216,38.72278],[-9.12186,38.72226],[-9.12191,38.72215],[-9.12186,38.7221],[-9.12133,38.72152],[-9.12123,38.72145]],[[-9.11745,38.72363],[-9.1178,38.72341],[-9.11745,38.72295],[-9.11729,38.72341],[-9.11745,38.72363]],[[-9.11619,38.72842],[-9.11556,38.72833],[-9.11524,38.72846],[-9.11506,38.72909],[-9.11556,38.72935],[-9.11599,38.72972],[-9.11619,38.73008],[-9.11682,38.73008],[-9.11745,38.73],[-9.11767,38.72972],[-9.11808,38.72923],[-9.11828,38.72909],[-9.11821,38.72846],[-9.11808,38.72832],[-9.11745,38.72814],[-9.11682,38.72842],[-9.11619,38.72842]],[[-9.11556,38.73162],[-9.11557,38.73161],[-9.11556,38.73161],[-9.11555,38.73161],[-9.11556,38.73162]],[[-9.11493,38.72796],[-9.11496,38.72783],[-9.11493,38.72777],[-9.11482,38.72783],[-9.11493,38.72796]],[[-9.11429,38.72839],[-9.11366,38.72839],[-9.11363,38.72846],[-9.11366,38.72849],[-9.11429,38.72849],[-9.11438,38.72846],[-9.11429,38.72839]],[[-9.12145,38.73666],[-9.12186,38.737],[-9.12221,38.73666],[-9.12218,38.73603],[-9.12186,38.73574],[-9.12164,38.7354],[-9.12186,38.73528],[-9.12234,38.7354],[-9.12249,38.73557],[-9.12313,38.73557],[-9.12376,38.73548],[-9.12439,38.73568],[-9.12488,38.7354],[-9.12502,38.73525],[-9.12565,38.73525],[-9.12575,38.73477],[-9.12598,38.73414],[-9.12594,38.73351],[-9.12594,38.73287],[-9.12565,38.73251],[-9.12502,38.73251],[-9.12486,38.73224],[-9.12502,38.73164],[-9.12565,38.73164],[-9.12566,38.73161],[-9.12565,38.73161],[-9.12502,38.73161],[-9.12499,38.73161],[-9.12439,38.73176],[-9.12376,38.73176],[-9.12329,38.73161],[-9.12313,38.73154],[-9.12249,38.73154],[-9.12238,38.73161],[-9.12186,38.73196],[-9.12152,38.73224],[-9.12123,38.73252],[-9.1206,38.73252],[-9.11997,38.73265],[-9.11934,38.73265],[-9.11896,38.73287],[-9.1188,38.73351],[-9.11871,38.73358],[-9.11815,38.73414],[-9.11808,38.73435],[-9.11777,38.73477],[-9.11745,38.7351],[-9.11682,38.73519],[-9.11619,38.73519],[-9.11604,38.7354],[-9.11619,38.73556],[-9.11682,38.73556],[-9.11733,38.73603],[-9.1172,38.73666],[-9.11682,38.7371],[-9.11619,38.7371],[-9.11605,38.73729],[-9.11619,38.73741],[-9.11682,38.73741],[-9.11745,38.7375],[-9.11808,38.7377],[-9.11839,38.73729],[-9.1187,38.73666],[-9.11871,38.73664],[-9.11873,38.73666],[-9.11901,38.73729],[-9.11934,38.73757],[-9.11997,38.73757],[-9.1206,38.73758],[-9.12087,38.73729],[-9.12099,38.73666],[-9.1206,38.73631],[-9.12029,38.73603],[-9.1206,38.73595],[-9.12105,38.73603],[-9.12123,38.73625],[-9.12145,38.73666]],[[-9.12433,38.7518],[-9.12439,38.7519],[-9.12502,38.75199],[-9.12565,38.75199],[-9.12628,38.75195],[-9.12642,38.7518],[-9.12635,38.75117],[-9.12628,38.75099],[-9.12624,38.75117],[-9.12565,38.75171],[-9.12502,38.75171],[-9.12439,38.75176],[-9.12433,38.7518]],[[-9.15233,38.7581],[-9.15214,38.75793],[-9.15196,38.7581],[-9.15196,38.75873],[-9.15214,38.75891],[-9.15233,38.75873],[-9.15233,38.7581]],[[-9.17106,38.74935],[-9.17118,38.74927],[-9.1713,38.74864],[-9.17106,38.74848],[-9.17043,38.74857],[-9.17037,38.74864],[-9.17043,38.74878],[-9.17086,38.74927],[-9.17106,38.74935]],[[-9.18141,38.7581],[-9.18133,38.75873],[-9.18178,38.75908],[-9.18241,38.75873],[-9.1824,38.7581],[-9.18241,38.75808],[-9.18304,38.75807],[-9.18368,38.75807],[-9.18386,38.7581],[-9.18386,38.75873],[-9.18431,38.75883],[-9.18433,38.75873],[-9.18433,38.7581],[-9.1846,38.75747],[-9.18431,38.75699],[-9.18421,38.75684],[-9.18431,38.7568],[-9.18494,38.7568],[-9.18557,38.75678],[-9.1862,38.75664],[-9.18683,38.75664],[-9.18743,38.75621],[-9.18746,38.75619],[-9.18759,38.75621],[-9.18809,38.75629],[-9.18846,38.75621],[-9.18864,38.75558],[-9.18811,38.75495],[-9.18809,38.75494],[-9.18746,38.75465],[-9.18723,38.75432],[-9.18683,38.75392],[-9.1862,38.75392],[-9.18557,38.75428],[-9.18494,38.75412],[-9.18451,38.75432],[-9.18431,38.75439],[-9.18368,38.75434],[-9.18304,38.75434],[-9.18266,38.75495],[-9.18241,38.75521],[-9.18178,38.7553],[-9.18128,38.75558],[-9.18115,38.75587],[-9.18052,38.75587],[-9.18007,38.75621],[-9.17989,38.75627],[-9.17951,38.75684],[-9.17926,38.75715],[-9.17863,38.75719],[-9.178,38.75722],[-9.17737,38.75722],[-9.17674,38.75711],[-9.17614,38.75684],[-9.17611,38.75681],[-9.17609,38.75684],[-9.1756,38.75747],[-9.17611,38.75769],[-9.17641,38.7581],[-9.17641,38.75873],[-9.17674,38.75909],[-9.17714,38.75937],[-9.17737,38.75945],[-9.178,38.75945],[-9.17863,38.75949],[-9.17915,38.76],[-9.17926,38.76008],[-9.17985,38.76],[-9.17945,38.75937],[-9.17989,38.75875],[-9.18052,38.75875],[-9.18057,38.75873],[-9.18057,38.7581],[-9.18115,38.75792],[-9.18141,38.7581]],[[-9.17415,38.75684],[-9.17366,38.75621],[-9.17358,38.75616],[-9.17295,38.75564],[-9.17232,38.75571],[-9.17169,38.75571],[-9.17106,38.75591],[-9.17084,38.75621],[-9.17058,38.75684],[-9.17106,38.75743],[-9.17115,38.75747],[-9.17167,38.7581],[-9.17169,38.75826],[-9.17232,38.75826],[-9.17242,38.75873],[-9.17295,38.75929],[-9.17358,38.75913],[-9.17399,38.75873],[-9.174,38.7581],[-9.17421,38.75781],[-9.17484,38.75781],[-9.1754,38.75747],[-9.17484,38.75695],[-9.17421,38.75695],[-9.17415,38.75684]],[[-9.18052,38.74881],[-9.1804,38.74927],[-9.18,38.7499],[-9.18023,38.75054],[-9.18052,38.75117],[-9.18052,38.75117],[-9.18115,38.75117],[-9.18119,38.75117],[-9.18137,38.75054],[-9.18178,38.75013],[-9.18211,38.7499],[-9.18178,38.7493],[-9.18175,38.74927],[-9.18115,38.74881],[-9.18052,38.74881]],[[-9.178,38.75044],[-9.17737,38.75044],[-9.17678,38.75054],[-9.17737,38.75062],[-9.178,38.75062],[-9.1782,38.75054],[-9.178,38.75044]],[[-9.18769,38.75243],[-9.18809,38.75274],[-9.18872,38.75257],[-9.18935,38.75257],[-9.18998,38.75259],[-9.19005,38.75243],[-9.19005,38.7518],[-9.18998,38.75163],[-9.18935,38.75155],[-9.18872,38.75155],[-9.18809,38.75134],[-9.18769,38.7518],[-9.18769,38.75243]],[[-9.18935,38.75425],[-9.18872,38.75425],[-9.18862,38.75432],[-9.18872,38.75445],[-9.18935,38.75445],[-9.18946,38.75432],[-9.18935,38.75425]],[[-9.20134,38.75745],[-9.2007,38.75745],[-9.20068,38.75747],[-9.2007,38.7575],[-9.20134,38.7575],[-9.20137,38.75747],[-9.20134,38.75745]],[[-9.19314,38.76126],[-9.19314,38.76126],[-9.19314,38.76115],[-9.19311,38.76126],[-9.19314,38.76126]],[[-9.18935,38.7599],[-9.18872,38.7599],[-9.18815,38.76],[-9.18872,38.76004],[-9.18935,38.76004],[-9.18947,38.76],[-9.18935,38.7599]],[[-9.18438,38.76441],[-9.18431,38.76437],[-9.18428,38.76441],[-9.18428,38.76504],[-9.18431,38.76506],[-9.18438,38.76504],[-9.18438,38.76441]],[[-9.16728,38.76759],[-9.16735,38.76756],[-9.16728,38.76744],[-9.16724,38.76756],[-9.16728,38.76759]],[[-9.16424,38.76189],[-9.16412,38.76179],[-9.16367,38.76189],[-9.16392,38.76252],[-9.16412,38.76276],[-9.16425,38.76252],[-9.16424,38.76189]],[[-9.16097,38.76209],[-9.16114,38.76189],[-9.16097,38.76164],[-9.16083,38.76189],[-9.16097,38.76209]],[[-9.16034,38.76244],[-9.15971,38.76244],[-9.15932,38.76189],[-9.15971,38.76144],[-9.16034,38.76144],[-9.16064,38.76126],[-9.16097,38.76069],[-9.1616,38.7609],[-9.16223,38.76086],[-9.16245,38.76063],[-9.16273,38.76],[-9.16286,38.75967],[-9.16349,38.75967],[-9.16385,38.75937],[-9.16412,38.75918],[-9.16475,38.75919],[-9.16496,38.75873],[-9.16511,38.7581],[-9.16538,38.75773],[-9.16601,38.75773],[-9.16614,38.75747],[-9.16642,38.75684],[-9.16641,38.75621],[-9.16665,38.75588],[-9.16683,38.75558],[-9.16665,38.75543],[-9.16624,38.75495],[-9.16601,38.75469],[-9.16538,38.75469],[-9.165,38.75432],[-9.16475,38.7539],[-9.16429,38.75369],[-9.16475,38.75334],[-9.16497,38.75306],[-9.16538,38.75275],[-9.16601,38.75269],[-9.16665,38.75269],[-9.16687,38.75243],[-9.16687,38.7518],[-9.16698,38.75117],[-9.16728,38.7509],[-9.16791,38.75109],[-9.16836,38.75054],[-9.16791,38.75021],[-9.16728,38.75013],[-9.16674,38.75054],[-9.16665,38.75066],[-9.16601,38.75066],[-9.16595,38.75054],[-9.16538,38.74997],[-9.16475,38.75002],[-9.16412,38.75003],[-9.16368,38.7499],[-9.16349,38.74975],[-9.16286,38.74975],[-9.16223,38.74965],[-9.16208,38.7499],[-9.1616,38.75034],[-9.16148,38.75054],[-9.16159,38.75117],[-9.16147,38.7518],[-9.16147,38.75243],[-9.16137,38.75306],[-9.16097,38.75362],[-9.16047,38.75306],[-9.16034,38.75288],[-9.15971,38.75288],[-9.15922,38.75243],[-9.15922,38.7518],[-9.15908,38.75141],[-9.15888,38.7518],[-9.15888,38.75243],[-9.15864,38.75306],[-9.15845,38.7531],[-9.15782,38.75321],[-9.15718,38.75321],[-9.15698,38.75306],[-9.15718,38.75245],[-9.15782,38.75245],[-9.15784,38.75243],[-9.15784,38.7518],[-9.15782,38.75179],[-9.15718,38.75179],[-9.15717,38.7518],[-9.15717,38.75243],[-9.15655,38.75264],[-9.15595,38.75306],[-9.15592,38.75316],[-9.1558,38.75369],[-9.15585,38.75432],[-9.15592,38.75446],[-9.15655,38.75472],[-9.15698,38.75495],[-9.15718,38.75506],[-9.15782,38.75506],[-9.15826,38.75558],[-9.15845,38.75577],[-9.15886,38.75558],[-9.15908,38.75546],[-9.15921,38.75558],[-9.15951,38.75621],[-9.15971,38.75639],[-9.16034,38.75639],[-9.16075,38.75684],[-9.16034,38.75696],[-9.15971,38.75696],[-9.15939,38.75747],[-9.15908,38.75768],[-9.15845,38.75785],[-9.15807,38.7581],[-9.15807,38.75873],[-9.15782,38.75901],[-9.15718,38.75901],[-9.15655,38.75924],[-9.15605,38.75937],[-9.15592,38.75981],[-9.15589,38.76],[-9.15529,38.76051],[-9.15521,38.76063],[-9.15529,38.76068],[-9.15592,38.76092],[-9.15655,38.76083],[-9.15704,38.76126],[-9.15718,38.76149],[-9.15782,38.76149],[-9.15808,38.76189],[-9.15802,38.76252],[-9.15789,38.76315],[-9.15845,38.76335],[-9.15908,38.76345],[-9.15925,38.76378],[-9.15971,38.76413],[-9.16034,38.76413],[-9.16081,38.76378],[-9.16034,38.76327],[-9.15971,38.76327],[-9.15944,38.76315],[-9.15971,38.76269],[-9.16034,38.76269],[-9.16046,38.76252],[-9.16034,38.76244]],[[-9.15782,38.76362],[-9.15718,38.76362],[-9.15717,38.76378],[-9.15718,38.76379],[-9.15782,38.76379],[-9.15783,38.76378],[-9.15782,38.76362]],[[-9.15592,38.76192],[-9.15593,38.76189],[-9.15592,38.76188],[-9.1559,38.76189],[-9.15592,38.76192]],[[-9.16034,38.77631],[-9.15971,38.77631],[-9.15956,38.77639],[-9.15971,38.77652],[-9.16034,38.77652],[-9.1604,38.77639],[-9.16034,38.77631]],[[-9.15908,38.77873],[-9.15952,38.77829],[-9.15952,38.77766],[-9.15912,38.77703],[-9.15908,38.77698],[-9.15904,38.77703],[-9.15865,38.77766],[-9.15865,38.77829],[-9.15908,38.77873]],[[-9.15718,38.78125],[-9.15655,38.78125],[-9.15647,38.78144],[-9.15655,38.78147],[-9.15718,38.78147],[-9.15721,38.78144],[-9.15718,38.78125]],[[-9.15466,38.78221],[-9.15529,38.78237],[-9.15553,38.78207],[-9.15529,38.78156],[-9.15515,38.78144],[-9.15466,38.78123],[-9.15403,38.78123],[-9.15358,38.78081],[-9.1534,38.78071],[-9.15296,38.78018],[-9.15277,38.78002],[-9.15233,38.78018],[-9.15214,38.78027],[-9.15151,38.78031],[-9.15088,38.78031],[-9.15025,38.78077],[-9.15012,38.78081],[-9.14996,38.78144],[-9.14962,38.78207],[-9.14961,38.78207],[-9.14962,38.78211],[-9.14979,38.7827],[-9.14964,38.78333],[-9.14975,38.78396],[-9.14975,38.78459],[-9.15025,38.78475],[-9.15085,38.78459],[-9.15085,38.78396],[-9.15088,38.78396],[-9.15151,38.78396],[-9.15157,38.78396],[-9.15157,38.78459],[-9.15214,38.78471],[-9.15234,38.78459],[-9.15234,38.78396],[-9.15277,38.78369],[-9.15297,38.78333],[-9.1534,38.78286],[-9.15361,38.7827],[-9.15403,38.78221],[-9.15466,38.78221]],[[-9.14898,38.78031],[-9.14905,38.78018],[-9.14898,38.78006],[-9.14835,38.78006],[-9.14772,38.78009],[-9.14759,38.78018],[-9.14772,38.7803],[-9.14835,38.78031],[-9.14898,38.78031]],[[-9.14331,38.7803],[-9.1434,38.78018],[-9.14331,38.78001],[-9.14298,38.78018],[-9.14331,38.7803]],[[-9.12628,38.77254],[-9.12565,38.7725],[-9.12502,38.7725],[-9.1249,38.77261],[-9.12502,38.77272],[-9.12565,38.77272],[-9.12611,38.77324],[-9.12628,38.77356],[-9.12691,38.77356],[-9.12725,38.77387],[-9.12729,38.7745],[-9.12754,38.77464],[-9.12817,38.77464],[-9.12839,38.7745],[-9.12829,38.77387],[-9.12817,38.77353],[-9.12754,38.77353],[-9.12727,38.77324],[-9.12691,38.77304],[-9.12639,38.77261],[-9.12628,38.77254]],[[-9.12628,38.77451],[-9.12631,38.7745],[-9.12628,38.77439],[-9.12627,38.7745],[-9.12628,38.77451]],[[-9.1206,38.75689],[-9.1207,38.75684],[-9.1206,38.75677],[-9.12055,38.75684],[-9.1206,38.75689]],[[-9.11934,38.75185],[-9.11927,38.7518],[-9.11934,38.75171],[-9.11997,38.75171],[-9.12018,38.75117],[-9.12047,38.75054],[-9.1206,38.75042],[-9.12088,38.75054],[-9.12123,38.75062],[-9.12132,38.75054],[-9.12123,38.75021],[-9.1211,38.7499],[-9.12123,38.74983],[-9.12186,38.74977],[-9.12249,38.74977],[-9.12313,38.74937],[-9.12316,38.74927],[-9.12376,38.74882],[-9.12383,38.74864],[-9.12407,38.74801],[-9.12401,38.74738],[-9.12376,38.7472],[-9.12313,38.74713],[-9.12249,38.74732],[-9.12186,38.74732],[-9.12123,38.74679],[-9.12108,38.74675],[-9.12107,38.74612],[-9.1206,38.74598],[-9.12005,38.74549],[-9.11997,38.74541],[-9.11934,38.74541],[-9.11871,38.74516],[-9.11808,38.74498],[-9.11798,38.74486],[-9.11808,38.74468],[-9.11871,38.74452],[-9.11896,38.74423],[-9.11871,38.74405],[-9.11808,38.74367],[-9.11745,38.74376],[-9.11723,38.7436],[-9.11688,38.74297],[-9.11682,38.74272],[-9.11619,38.74272],[-9.11596,38.74234],[-9.11559,38.7417],[-9.11556,38.7417],[-9.1152,38.74107],[-9.11493,38.74054],[-9.11487,38.74044],[-9.11487,38.73981],[-9.11483,38.73918],[-9.11429,38.73885],[-9.11366,38.73885],[-9.11346,38.73855],[-9.11366,38.73792],[-9.11364,38.73729],[-9.1135,38.73666],[-9.11366,38.73637],[-9.11429,38.73637],[-9.11473,38.73603],[-9.11429,38.73585],[-9.11366,38.73585],[-9.11303,38.73543],[-9.11302,38.7354],[-9.11303,38.73538],[-9.11325,38.73477],[-9.11303,38.73454],[-9.1124,38.73439],[-9.11215,38.73414],[-9.11177,38.73392],[-9.11153,38.73414],[-9.11114,38.73445],[-9.11051,38.73445],[-9.10992,38.73477],[-9.10988,38.73481],[-9.10984,38.73477],[-9.10944,38.73414],[-9.10925,38.73393],[-9.10873,38.73414],[-9.10862,38.73418],[-9.10804,38.73477],[-9.10799,38.73486],[-9.10736,38.73486],[-9.10698,38.7354],[-9.10673,38.7359],[-9.10625,38.7354],[-9.1061,38.7353],[-9.10553,38.7354],[-9.10546,38.73541],[-9.10483,38.73541],[-9.1042,38.73579],[-9.10357,38.73583],[-9.10297,38.73603],[-9.10294,38.73604],[-9.10278,38.73666],[-9.10281,38.73729],[-9.10274,38.73792],[-9.10262,38.73855],[-9.10231,38.73888],[-9.10168,38.73888],[-9.10158,38.73918],[-9.10143,38.73981],[-9.10144,38.74044],[-9.10105,38.74096],[-9.10092,38.74107],[-9.10078,38.7417],[-9.10047,38.74234],[-9.10042,38.74261],[-9.10039,38.74297],[-9.10042,38.74302],[-9.10105,38.74322],[-9.10148,38.7436],[-9.10155,38.74423],[-9.10168,38.74439],[-9.10231,38.74439],[-9.10246,38.74423],[-9.10294,38.74373],[-9.10335,38.7436],[-9.10326,38.74297],[-9.10294,38.74265],[-9.10268,38.74234],[-9.1029,38.7417],[-9.10294,38.74163],[-9.10301,38.7417],[-9.10357,38.74205],[-9.10402,38.7417],[-9.1042,38.74135],[-9.10483,38.74163],[-9.10546,38.74163],[-9.10553,38.7417],[-9.10546,38.74188],[-9.10483,38.74188],[-9.10465,38.74234],[-9.10483,38.74258],[-9.10546,38.74258],[-9.10597,38.74297],[-9.1061,38.74305],[-9.10627,38.74297],[-9.10673,38.74285],[-9.10736,38.74287],[-9.10799,38.74287],[-9.10806,38.74297],[-9.10852,38.7436],[-9.10862,38.74369],[-9.10869,38.7436],[-9.10925,38.74301],[-9.10971,38.7436],[-9.10966,38.74423],[-9.10969,38.74486],[-9.10988,38.74507],[-9.11051,38.74508],[-9.11114,38.74508],[-9.11177,38.74546],[-9.11235,38.74486],[-9.11222,38.74423],[-9.1124,38.74418],[-9.11298,38.7436],[-9.11303,38.74332],[-9.11328,38.74297],[-9.11366,38.74284],[-9.11429,38.74284],[-9.11493,38.74283],[-9.11519,38.74297],[-9.11493,38.74313],[-9.11452,38.7436],[-9.11429,38.74382],[-9.11366,38.74382],[-9.11315,38.74423],[-9.11312,38.74486],[-9.11342,38.74549],[-9.11319,38.74612],[-9.11319,38.74675],[-9.11339,38.74738],[-9.11366,38.74783],[-9.11429,38.74783],[-9.1144,38.74801],[-9.11438,38.74864],[-9.11429,38.74879],[-9.11366,38.74879],[-9.11328,38.74927],[-9.11303,38.74945],[-9.1124,38.74962],[-9.112,38.7499],[-9.11177,38.75013],[-9.11129,38.75054],[-9.11119,38.75117],[-9.11153,38.7518],[-9.11177,38.75197],[-9.1123,38.75243],[-9.1123,38.75306],[-9.1124,38.75314],[-9.11303,38.75312],[-9.11354,38.75306],[-9.11354,38.75243],[-9.11366,38.75239],[-9.11429,38.75239],[-9.11442,38.75243],[-9.11493,38.75284],[-9.11534,38.75243],[-9.11556,38.75235],[-9.11567,38.75243],[-9.11603,38.75306],[-9.11619,38.75324],[-9.11682,38.75324],[-9.11716,38.75306],[-9.11745,38.7528],[-9.11808,38.75306],[-9.11808,38.75306],[-9.11808,38.75306],[-9.11833,38.75243],[-9.11871,38.75205],[-9.11903,38.75243],[-9.11912,38.75306],[-9.11934,38.75322],[-9.11997,38.75322],[-9.12013,38.75306],[-9.12034,38.75243],[-9.1206,38.75183],[-9.12061,38.7518],[-9.1206,38.75178],[-9.12042,38.7518],[-9.11997,38.75185],[-9.11934,38.75185]],[[-9.11871,38.75446],[-9.11904,38.75432],[-9.11871,38.75407],[-9.11865,38.75432],[-9.11871,38.75446]],[[-9.11808,38.75445],[-9.11817,38.75432],[-9.11808,38.75421],[-9.11785,38.75432],[-9.11808,38.75445]],[[-9.11745,38.7557],[-9.11772,38.75558],[-9.11745,38.75543],[-9.11712,38.75558],[-9.11745,38.7557]],[[-9.11682,38.7568],[-9.11619,38.7568],[-9.11616,38.75684],[-9.11619,38.75696],[-9.11682,38.75696],[-9.1169,38.75684],[-9.11682,38.7568]],[[-9.1124,38.7535],[-9.11183,38.75306],[-9.11183,38.75243],[-9.11177,38.75237],[-9.11158,38.75243],[-9.11158,38.75306],[-9.11114,38.75342],[-9.11051,38.75342],[-9.11043,38.75369],[-9.11051,38.75384],[-9.11114,38.75384],[-9.11177,38.75373],[-9.11203,38.75432],[-9.1124,38.7544],[-9.11268,38.75432],[-9.11303,38.75414],[-9.11338,38.75432],[-9.11366,38.75468],[-9.11429,38.75468],[-9.11493,38.75464],[-9.11556,38.75433],[-9.1156,38.75432],[-9.11556,38.75429],[-9.11493,38.75411],[-9.11429,38.75409],[-9.11366,38.75409],[-9.11344,38.75369],[-9.11303,38.75346],[-9.1124,38.7535]],[[-9.11303,38.75503],[-9.11337,38.75495],[-9.11303,38.75469],[-9.11296,38.75495],[-9.11303,38.75503]],[[-9.10925,38.74764],[-9.10963,38.74738],[-9.10925,38.74713],[-9.10909,38.74738],[-9.10925,38.74764]],[[-9.10845,38.74612],[-9.10845,38.74675],[-9.10862,38.74694],[-9.10891,38.74675],[-9.10891,38.74612],[-9.10925,38.74564],[-9.10942,38.74549],[-9.10925,38.74534],[-9.10862,38.74527],[-9.10847,38.74549],[-9.10845,38.74612]],[[-9.10627,38.74738],[-9.10647,38.74801],[-9.10673,38.74845],[-9.1072,38.74801],[-9.10736,38.74786],[-9.10799,38.74786],[-9.10822,38.74738],[-9.10799,38.74717],[-9.10736,38.74717],[-9.10673,38.74712],[-9.10627,38.74738]],[[-9.10357,38.74417],[-9.10294,38.74422],[-9.10294,38.74423],[-9.10294,38.74425],[-9.10357,38.7443],[-9.10366,38.74423],[-9.10357,38.74417]],[[-9.1042,38.7686],[-9.10444,38.7682],[-9.1042,38.76789],[-9.10364,38.7682],[-9.1042,38.7686]],[[-9.11997,38.72104],[-9.12007,38.72089],[-9.12005,38.72026],[-9.11997,38.72001],[-9.11934,38.72001],[-9.11928,38.72026],[-9.11928,38.72089],[-9.11934,38.72104],[-9.11997,38.72104]],[[-9.11556,38.7256],[-9.11588,38.72531],[-9.11556,38.72489],[-9.1151,38.72531],[-9.11556,38.7256]],[[-9.11556,38.73106],[-9.11572,38.73098],[-9.11556,38.73077],[-9.11544,38.73098],[-9.11556,38.73106]],[[-9.12565,38.75119],[-9.12568,38.75117],[-9.12568,38.75054],[-9.12565,38.75014],[-9.12502,38.75014],[-9.12491,38.75054],[-9.12497,38.75117],[-9.12502,38.75119],[-9.12565,38.75119]],[[-9.12439,38.7501],[-9.12455,38.7499],[-9.12439,38.74948],[-9.12415,38.7499],[-9.12439,38.7501]],[[-9.18462,38.75117],[-9.18483,38.7518],[-9.1848,38.75243],[-9.18465,38.75306],[-9.18431,38.7535],[-9.18414,38.75369],[-9.18431,38.75391],[-9.18483,38.75369],[-9.18494,38.75363],[-9.18499,38.75369],[-9.18557,38.75399],[-9.18597,38.75369],[-9.1861,38.75306],[-9.18601,38.75243],[-9.18601,38.7518],[-9.18583,38.75117],[-9.18557,38.75088],[-9.18494,38.75069],[-9.18462,38.75117]],[[-9.18368,38.75422],[-9.18374,38.75369],[-9.18368,38.75362],[-9.18304,38.75362],[-9.18241,38.75357],[-9.18237,38.75369],[-9.18241,38.75375],[-9.18304,38.75422],[-9.18368,38.75422]],[[-9.16526,38.7663],[-9.16538,38.76648],[-9.16601,38.76648],[-9.16665,38.76659],[-9.16728,38.76673],[-9.16785,38.7663],[-9.16728,38.76581],[-9.16665,38.76598],[-9.16638,38.76567],[-9.16601,38.76525],[-9.16538,38.76525],[-9.16495,38.76567],[-9.16526,38.7663]],[[-9.15971,38.75089],[-9.15956,38.75117],[-9.15971,38.75137],[-9.16034,38.75137],[-9.16071,38.7518],[-9.16071,38.75243],[-9.16097,38.75274],[-9.16112,38.75243],[-9.16112,38.7518],[-9.16113,38.75117],[-9.16103,38.75054],[-9.16097,38.75032],[-9.1608,38.75054],[-9.16034,38.75089],[-9.15971,38.75089]],[[-9.15718,38.77687],[-9.15655,38.77687],[-9.15641,38.77703],[-9.15655,38.77746],[-9.15718,38.77746],[-9.1575,38.77703],[-9.15718,38.77687]],[[-9.12691,38.77095],[-9.12704,38.77072],[-9.12691,38.77057],[-9.12675,38.77072],[-9.12691,38.77095]],[[-9.12402,38.74549],[-9.12376,38.74544],[-9.12366,38.74549],[-9.1237,38.74612],[-9.12376,38.74617],[-9.12402,38.74612],[-9.12402,38.74549]],[[-9.12313,38.74509],[-9.12326,38.74486],[-9.12313,38.74464],[-9.12289,38.74486],[-9.12313,38.74509]],[[-9.12249,38.7461],[-9.12186,38.7461],[-9.12177,38.74612],[-9.12186,38.74614],[-9.12249,38.74614],[-9.12251,38.74612],[-9.12249,38.7461]],[[-9.12153,38.74423],[-9.12123,38.74388],[-9.12098,38.74423],[-9.12103,38.74486],[-9.12123,38.74499],[-9.12134,38.74486],[-9.12153,38.74423]],[[-9.11808,38.74174],[-9.11811,38.7417],[-9.11808,38.74164],[-9.11806,38.7417],[-9.11808,38.74174]],[[-9.11745,38.74267],[-9.11773,38.74234],[-9.11745,38.74212],[-9.11725,38.74234],[-9.11745,38.74267]],[[-9.11493,38.73668],[-9.11497,38.73666],[-9.11493,38.73664],[-9.1149,38.73666],[-9.11493,38.73668]],[[-9.11177,38.73103],[-9.11217,38.73098],[-9.11177,38.73095],[-9.11151,38.73098],[-9.11177,38.73103]],[[-9.11176,38.74675],[-9.11165,38.74738],[-9.11177,38.74748],[-9.11188,38.74738],[-9.1124,38.74685],[-9.11257,38.74675],[-9.11275,38.74612],[-9.1124,38.74578],[-9.11177,38.74551],[-9.1115,38.74612],[-9.11176,38.74675]],[[-9.11682,38.75469],[-9.11619,38.75469],[-9.1161,38.75495],[-9.11619,38.75515],[-9.11682,38.75515],[-9.11689,38.75495],[-9.11682,38.75469]],[[-9.10546,38.74414],[-9.10483,38.74414],[-9.10473,38.74423],[-9.1042,38.74458],[-9.10394,38.74486],[-9.1042,38.74545],[-9.10429,38.74549],[-9.10483,38.74609],[-9.10546,38.74609],[-9.1061,38.74611],[-9.10673,38.74576],[-9.10736,38.74563],[-9.10799,38.74563],[-9.10801,38.74549],[-9.10824,38.74486],[-9.10799,38.74454],[-9.10736,38.74454],[-9.10673,38.74445],[-9.10634,38.74423],[-9.1061,38.74404],[-9.10546,38.74414]],[[-9.10423,38.76504],[-9.1042,38.76501],[-9.10416,38.76504],[-9.10416,38.76567],[-9.1042,38.76572],[-9.10423,38.76567],[-9.10423,38.76504]],[[-9.18494,38.74995],[-9.18498,38.7499],[-9.18494,38.74986],[-9.18477,38.7499],[-9.18494,38.74995]],[[-9.18431,38.75307],[-9.18432,38.75306],[-9.18431,38.75299],[-9.18429,38.75306],[-9.18431,38.75307]],[[-9.18368,38.75279],[-9.18304,38.75279],[-9.18282,38.75306],[-9.18304,38.75323],[-9.18368,38.75323],[-9.18386,38.75306],[-9.18368,38.75279]],[[-9.18281,38.7518],[-9.18241,38.75124],[-9.18203,38.7518],[-9.18203,38.75243],[-9.18241,38.75291],[-9.18281,38.75243],[-9.18281,38.7518]],[[-9.11761,38.73918],[-9.11745,38.73906],[-9.11733,38.73918],[-9.11733,38.73981],[-9.11745,38.73994],[-9.11761,38.73981],[-9.11761,38.73918]],[[-9.11493,38.73543],[-9.11515,38.7354],[-9.11493,38.73508],[-9.11429,38.73522],[-9.11366,38.73522],[-9.11363,38.7354],[-9.11366,38.73542],[-9.11429,38.73542],[-9.11493,38.73543]],[[-9.18431,38.75186],[-9.18432,38.7518],[-9.18431,38.75176],[-9.18426,38.7518],[-9.18431,38.75186]],[[-9.18368,38.74975],[-9.18304,38.74975],[-9.18273,38.7499],[-9.18304,38.75035],[-9.18368,38.75035],[-9.18401,38.7499],[-9.18368,38.74975]],[[-9.18241,38.75069],[-9.18257,38.75054],[-9.18241,38.75046],[-9.18237,38.75054],[-9.18241,38.75069]],[[-9.18431,38.7489],[-9.18442,38.74864],[-9.18431,38.74856],[-9.18418,38.74864],[-9.18431,38.7489]]],[[[-9.15718,38.75475],[-9.15695,38.75432],[-9.15718,38.75422],[-9.15782,38.75422],[-9.15793,38.75432],[-9.15782,38.75475],[-9.15718,38.75475]]],[[[-9.15845,38.76039],[-9.1579,38.76],[-9.15845,38.75938],[-9.15908,38.75998],[-9.15909,38.76],[-9.15908,38.76002],[-9.15845,38.76039]]],[[[-9.15655,38.76576],[-9.15648,38.76567],[-9.15655,38.76552],[-9.15671,38.76567],[-9.15655,38.76576]]],[[[-9.16349,38.77368],[-9.16383,38.77324],[-9.16349,38.77291],[-9.16286,38.77291],[-9.16232,38.77324],[-9.16223,38.77335],[-9.16215,38.77324],[-9.16195,38.77261],[-9.16223,38.77229],[-9.16286,38.77205],[-9.16349,38.77205],[-9.16355,38.77198],[-9.1637,38.77135],[-9.1637,38.77072],[-9.16349,38.77048],[-9.16286,38.77048],[-9.16261,38.77009],[-9.16268,38.76946],[-9.16286,38.76923],[-9.16349,38.76923],[-9.16412,38.76927],[-9.16475,38.76909],[-9.16538,38.769],[-9.16601,38.769],[-9.16625,38.76946],[-9.16601,38.77001],[-9.16538,38.77001],[-9.16536,38.77009],[-9.16538,38.77013],[-9.16601,38.77013],[-9.16665,38.77053],[-9.16694,38.77072],[-9.16694,38.77135],[-9.16728,38.77177],[-9.16743,38.77198],[-9.16728,38.77208],[-9.16665,38.77252],[-9.16663,38.77261],[-9.16601,38.77297],[-9.16538,38.77297],[-9.16475,38.77295],[-9.16448,38.77324],[-9.16475,38.77362],[-9.16515,38.77387],[-9.16475,38.77404],[-9.16436,38.77387],[-9.16412,38.77373],[-9.16389,38.77387],[-9.16349,38.77408],[-9.16286,38.77408],[-9.16264,38.77387],[-9.16286,38.77368],[-9.16349,38.77368]],[[-9.1645,38.77072],[-9.1645,38.77135],[-9.16413,38.77198],[-9.16475,38.77249],[-9.16521,38.77198],[-9.16489,38.77135],[-9.16489,38.77072],[-9.16484,38.77009],[-9.16475,38.76994],[-9.16412,38.77],[-9.16394,38.77009],[-9.16412,38.77038],[-9.1645,38.77072]]],[[[-9.15949,38.77261],[-9.15908,38.77323],[-9.15889,38.77261],[-9.15908,38.77232],[-9.15949,38.77261]]],[[[-9.15555,38.77387],[-9.15577,38.77324],[-9.15592,38.7731],[-9.15655,38.77272],[-9.15718,38.77272],[-9.15782,38.7729],[-9.15831,38.77324],[-9.15845,38.77344],[-9.15908,38.77327],[-9.15971,38.77329],[-9.16034,38.77329],[-9.16037,38.77324],[-9.16097,38.77319],[-9.16105,38.77324],[-9.16108,38.77387],[-9.16097,38.774],[-9.16034,38.77398],[-9.15971,38.77398],[-9.15908,38.7742],[-9.15845,38.77446],[-9.15841,38.7745],[-9.15782,38.77503],[-9.15718,38.7748],[-9.15655,38.7748],[-9.15592,38.77501],[-9.15529,38.77478],[-9.15516,38.7745],[-9.15529,38.77438],[-9.15555,38.77387]],[[-9.15782,38.774],[-9.15797,38.77387],[-9.15782,38.77377],[-9.15733,38.77387],[-9.15782,38.774]],[[-9.15605,38.77387],[-9.15592,38.77371],[-9.15585,38.77387],[-9.15589,38.7745],[-9.15592,38.77453],[-9.15596,38.7745],[-9.15605,38.77387]],[[-9.15782,38.77331],[-9.15788,38.77324],[-9.15782,38.7732],[-9.1577,38.77324],[-9.15782,38.77331]]],[[[-9.15403,38.77523],[-9.15368,38.77513],[-9.15403,38.775],[-9.15466,38.775],[-9.15494,38.77513],[-9.15466,38.77523],[-9.15403,38.77523]]],[[[-9.15266,38.77576],[-9.15277,38.77568],[-9.1534,38.77543],[-9.15349,38.77576],[-9.1534,38.77612],[-9.15277,38.77591],[-9.15266,38.77576]]],[[[-9.16665,38.78239],[-9.16636,38.78207],[-9.16665,38.78176],[-9.16693,38.78207],[-9.16665,38.78239]]],[[[-9.15864,38.78333],[-9.15845,38.78355],[-9.15832,38.78333],[-9.15845,38.78293],[-9.15864,38.78333]]],[[[-9.16725,38.78333],[-9.16665,38.78355],[-9.16647,38.78333],[-9.16665,38.78309],[-9.16725,38.78333]]],[[[-9.16475,38.78511],[-9.16412,38.78477],[-9.16393,38.78459],[-9.16372,38.78396],[-9.16412,38.78371],[-9.16475,38.78339],[-9.16538,38.78371],[-9.16601,38.78371],[-9.16632,38.78396],[-9.16632,38.78459],[-9.16665,38.78487],[-9.16701,38.78523],[-9.16665,38.78566],[-9.16632,38.78586],[-9.16632,38.78626],[-9.16597,38.7863],[-9.16578,38.78608],[-9.16553,38.78618],[-9.16538,38.78603],[-9.16475,38.78586],[-9.16473,38.78586],[-9.16475,38.78578],[-9.16483,38.78523],[-9.16475,38.78511]]],[[[-9.15655,38.78739],[-9.15718,38.78739],[-9.15725,38.78712],[-9.15718,38.78657],[-9.15655,38.78657],[-9.15642,38.78712],[-9.15592,38.78736],[-9.15572,38.78712],[-9.15576,38.78649],[-9.15592,38.78624],[-9.15628,38.78586],[-9.15655,38.78537],[-9.15718,38.78537],[-9.1574,38.78523],[-9.15782,38.78511],[-9.15845,38.78493],[-9.15882,38.78459],[-9.15882,38.78396],[-9.15908,38.78373],[-9.15959,38.78333],[-9.15971,38.78325],[-9.16034,38.78325],[-9.16042,38.78333],[-9.16097,38.78369],[-9.1613,38.78396],[-9.1613,38.78459],[-9.1616,38.78507],[-9.16184,38.78523],[-9.1616,38.78565],[-9.16101,38.78586],[-9.16097,38.78586],[-9.16071,38.78649],[-9.16034,38.78708],[-9.15971,38.78708],[-9.15916,38.78712],[-9.15941,38.78775],[-9.15908,38.78825],[-9.15875,38.78775],[-9.15845,38.78752],[-9.15782,38.78765],[-9.15747,38.78775],[-9.15718,38.78781],[-9.15655,38.78781],[-9.15644,38.78775],[-9.15655,38.78739]],[[-9.15971,38.78638],[-9.15966,38.78649],[-9.15971,38.78651],[-9.16034,38.78651],[-9.16036,38.78649],[-9.16034,38.78638],[-9.15971,38.78638]]],[[[-9.1616,38.7865],[-9.16159,38.78649],[-9.1616,38.78644],[-9.16161,38.78649],[-9.1616,38.7865]]],[[[-9.16097,38.78862],[-9.1613,38.78838],[-9.16158,38.78775],[-9.1616,38.78774],[-9.16161,38.78775],[-9.16184,38.78838],[-9.16184,38.78874],[-9.16172,38.78876],[-9.16087,38.78958],[-9.16081,38.78995],[-9.16034,38.78984],[-9.15971,38.78984],[-9.15958,38.78964],[-9.1595,38.78901],[-9.15971,38.78851],[-9.16034,38.78851],[-9.16097,38.78862]]],[[[-9.15602,38.79153],[-9.15592,38.79166],[-9.15572,38.79153],[-9.15592,38.7914],[-9.15602,38.79153]]],[[[-9.15845,38.79155],[-9.15843,38.79153],[-9.15845,38.79152],[-9.15908,38.79151],[-9.15931,38.79151],[-9.15926,38.79164],[-9.15878,38.79189],[-9.15845,38.79155]]],[[[-9.15782,38.79239],[-9.15762,38.79216],[-9.15782,38.79187],[-9.15816,38.79216],[-9.15782,38.79239]]],[[[-9.14205,38.70665],[-9.14193,38.70638],[-9.14205,38.70625],[-9.14221,38.70638],[-9.14205,38.70665]]],[[[-9.14709,38.70666],[-9.14665,38.70638],[-9.14709,38.70635],[-9.14772,38.70638],[-9.14776,38.70638],[-9.14772,38.7067],[-9.14709,38.70666]]],[[[-9.14457,38.70578],[-9.1452,38.70578],[-9.14577,38.70638],[-9.14539,38.70701],[-9.14539,38.70765],[-9.1452,38.70769],[-9.14457,38.70766],[-9.14448,38.70765],[-9.14448,38.70701],[-9.14394,38.70642],[-9.14392,38.70638],[-9.14394,38.70632],[-9.14457,38.70578]]],[[[-9.13784,38.70765],[-9.13813,38.70701],[-9.13826,38.70698],[-9.1386,38.70701],[-9.13879,38.70765],[-9.13879,38.70828],[-9.13889,38.70847],[-9.13905,38.70828],[-9.13899,38.70765],[-9.13952,38.70711],[-9.14001,38.70765],[-9.13992,38.70828],[-9.14015,38.70839],[-9.14079,38.70839],[-9.14103,38.70891],[-9.14079,38.70924],[-9.14015,38.70924],[-9.13952,38.70913],[-9.13889,38.70897],[-9.13855,38.70891],[-9.13826,38.70875],[-9.13784,38.70828],[-9.13784,38.70765]]],[[[-9.13242,38.70765],[-9.13259,38.70757],[-9.13289,38.70765],[-9.13289,38.70828],[-9.13259,38.70888],[-9.13242,38.70828],[-9.13242,38.70765]]],[[[-9.14571,38.70891],[-9.14583,38.70884],[-9.14646,38.70884],[-9.14653,38.70891],[-9.14646,38.70947],[-9.14583,38.70947],[-9.14571,38.70891]]],[[[-9.12249,38.71657],[-9.12233,38.71648],[-9.12249,38.71616],[-9.12313,38.71616],[-9.12322,38.71648],[-9.12313,38.71657],[-9.12249,38.71657]]],[[[-9.136,38.71711],[-9.13592,38.71648],[-9.13637,38.71618],[-9.13652,38.71648],[-9.13651,38.71711],[-9.13637,38.71732],[-9.136,38.71711]]],[[[-9.13555,38.71774],[-9.13511,38.71802],[-9.13496,38.71774],[-9.13511,38.71724],[-9.13555,38.71774]]],[[[-9.13574,38.7184],[-9.13568,38.71837],[-9.13574,38.71823],[-9.13576,38.71837],[-9.13574,38.7184]]],[[[-9.12691,38.7217],[-9.12668,38.72152],[-9.12691,38.72141],[-9.1272,38.72152],[-9.12691,38.7217]]],[[[-9.12729,38.7272],[-9.12729,38.72657],[-9.12754,38.7262],[-9.12776,38.72657],[-9.12776,38.7272],[-9.12754,38.7274],[-9.12729,38.7272]]],[[[-9.14016,38.7272],[-9.14015,38.72721],[-9.13952,38.72721],[-9.13951,38.7272],[-9.13951,38.72657],[-9.13952,38.72656],[-9.14015,38.72656],[-9.14016,38.72657],[-9.14016,38.7272]]],[[[-9.12719,38.72783],[-9.12691,38.72806],[-9.12651,38.72783],[-9.12691,38.7275],[-9.12719,38.72783]]],[[[-9.12179,38.74044],[-9.12186,38.7404],[-9.12249,38.7404],[-9.12256,38.74044],[-9.12249,38.74047],[-9.12186,38.74047],[-9.12179,38.74044]]],[[[-9.13322,38.74747],[-9.13302,38.74738],[-9.13322,38.74733],[-9.13341,38.74738],[-9.13322,38.74747]]],[[[-9.13754,38.75243],[-9.13754,38.7518],[-9.13762,38.75117],[-9.13763,38.75113],[-9.13772,38.75054],[-9.13797,38.7499],[-9.13826,38.7495],[-9.13889,38.7495],[-9.13952,38.74928],[-9.14015,38.74928],[-9.14048,38.7499],[-9.14079,38.75019],[-9.14106,38.75054],[-9.14126,38.75117],[-9.14129,38.7518],[-9.14129,38.75243],[-9.14142,38.75263],[-9.14205,38.75296],[-9.14215,38.75306],[-9.14205,38.75318],[-9.14142,38.75357],[-9.14079,38.7531],[-9.1402,38.75369],[-9.14015,38.75377],[-9.13952,38.75377],[-9.1395,38.75369],[-9.13889,38.75344],[-9.13826,38.75357],[-9.13787,38.75306],[-9.13763,38.75248],[-9.13754,38.75243]],[[-9.14015,38.75006],[-9.13952,38.75006],[-9.13889,38.75005],[-9.13827,38.75054],[-9.13838,38.75117],[-9.13826,38.75139],[-9.13797,38.7518],[-9.13797,38.75243],[-9.13817,38.75306],[-9.13826,38.75318],[-9.13889,38.75315],[-9.13916,38.75306],[-9.13946,38.75243],[-9.13952,38.75221],[-9.14015,38.75221],[-9.14053,38.7518],[-9.14073,38.75117],[-9.14066,38.75054],[-9.14015,38.75006]]],[[[-9.14105,38.75621],[-9.14079,38.75586],[-9.14063,38.75558],[-9.14039,38.75495],[-9.14043,38.75432],[-9.14079,38.75407],[-9.14104,38.75432],[-9.14128,38.75495],[-9.14142,38.75513],[-9.14205,38.75504],[-9.14268,38.75513],[-9.14331,38.75513],[-9.14394,38.755],[-9.14422,38.75495],[-9.14394,38.75488],[-9.14331,38.75487],[-9.14268,38.75487],[-9.14205,38.75493],[-9.1416,38.75432],[-9.14205,38.75387],[-9.14232,38.75369],[-9.14268,38.75336],[-9.14331,38.75336],[-9.14354,38.75369],[-9.14394,38.75406],[-9.14436,38.75432],[-9.14457,38.7548],[-9.14475,38.75495],[-9.14472,38.75558],[-9.1451,38.75621],[-9.1452,38.75655],[-9.14583,38.75655],[-9.14646,38.75666],[-9.14657,38.75684],[-9.14646,38.75694],[-9.14583,38.75692],[-9.1452,38.75692],[-9.14457,38.75734],[-9.14411,38.75747],[-9.14394,38.75754],[-9.14376,38.75747],[-9.14331,38.75694],[-9.14268,38.75694],[-9.14263,38.75684],[-9.14205,38.75666],[-9.14142,38.75659],[-9.14105,38.75621]],[[-9.14394,38.75705],[-9.14433,38.75684],[-9.14394,38.75643],[-9.14373,38.75684],[-9.14394,38.75705]]],[[[-9.14732,38.75558],[-9.14709,38.75565],[-9.14697,38.75558],[-9.14709,38.75551],[-9.14732,38.75558]]],[[[-9.12691,38.75707],[-9.12664,38.75684],[-9.12691,38.75634],[-9.12716,38.75684],[-9.12691,38.75707]]],[[[-9.12048,38.7581],[-9.1206,38.75792],[-9.12123,38.75762],[-9.12135,38.7581],[-9.12123,38.7582],[-9.1206,38.75819],[-9.12048,38.7581]]],[[[-9.14217,38.75937],[-9.14205,38.7595],[-9.14178,38.75937],[-9.14205,38.75927],[-9.14217,38.75937]]],[[[-9.11877,38.76],[-9.11871,38.76001],[-9.11869,38.76],[-9.11871,38.75984],[-9.11877,38.76]]],[[[-9.14394,38.7613],[-9.14393,38.76126],[-9.14394,38.76123],[-9.14457,38.76125],[-9.14488,38.76126],[-9.14457,38.76127],[-9.14394,38.7613]]],[[[-9.13322,38.76316],[-9.1332,38.76315],[-9.13322,38.76313],[-9.13325,38.76315],[-9.13322,38.76316]]],[[[-9.1206,38.76431],[-9.1208,38.76441],[-9.1206,38.76445],[-9.11997,38.76446],[-9.11934,38.76446],[-9.11871,38.76452],[-9.11864,38.76441],[-9.11871,38.76429],[-9.11934,38.76427],[-9.11997,38.76427],[-9.1206,38.76431]]],[[[-9.13069,38.77415],[-9.13132,38.77415],[-9.13143,38.7745],[-9.13132,38.77465],[-9.13069,38.77465],[-9.13016,38.7745],[-9.13006,38.77444],[-9.12995,38.77387],[-9.13006,38.77352],[-9.1305,38.77387],[-9.13069,38.77415]]],[[[-9.1466,38.77892],[-9.14646,38.77897],[-9.14638,38.77892],[-9.14646,38.77873],[-9.1466,38.77892]]],[[[-9.12186,38.78042],[-9.12164,38.78018],[-9.12186,38.77992],[-9.12249,38.77992],[-9.12269,38.78018],[-9.12249,38.78042],[-9.12186,38.78042]]],[[[-9.12691,38.78284],[-9.12709,38.7827],[-9.12691,38.78247],[-9.12628,38.78216],[-9.12616,38.78207],[-9.12565,38.78189],[-9.12502,38.78189],[-9.12481,38.78144],[-9.12502,38.78108],[-9.12565,38.78108],[-9.12606,38.78081],[-9.12628,38.78054],[-9.12652,38.78081],[-9.12691,38.78107],[-9.12708,38.78144],[-9.12754,38.78187],[-9.12817,38.78187],[-9.12844,38.78207],[-9.1288,38.78231],[-9.12943,38.78264],[-9.13006,38.78266],[-9.13028,38.7827],[-9.13006,38.78274],[-9.12965,38.78333],[-9.12973,38.78396],[-9.12973,38.78399],[-9.12877,38.78397],[-9.12656,38.78329],[-9.12605,38.78308],[-9.12628,38.78283],[-9.12691,38.78284]],[[-9.12653,38.78144],[-9.12628,38.78107],[-9.12605,38.78144],[-9.12628,38.78199],[-9.12653,38.78144]]],[[[-9.12447,38.7827],[-9.12447,38.78282],[-9.12395,38.78281],[-9.12281,38.78314],[-9.12281,38.7827],[-9.12313,38.78236],[-9.12376,38.78262],[-9.12439,38.78267],[-9.12447,38.7827]]],[[[-9.14268,38.78728],[-9.14292,38.78712],[-9.14331,38.78684],[-9.14394,38.78677],[-9.144,38.78712],[-9.14394,38.78726],[-9.14372,38.78775],[-9.14365,38.78838],[-9.14365,38.78839],[-9.14278,38.78854],[-9.14252,38.78852],[-9.14169,38.7878],[-9.14174,38.78773],[-9.14124,38.78728],[-9.14142,38.78728],[-9.14205,38.78728],[-9.14268,38.78728]]],[[[-9.14701,38.79406],[-9.14709,38.7935],[-9.14734,38.79406],[-9.14744,38.79458],[-9.14701,38.79443],[-9.14701,38.79406]]],[[[-9.11789,38.72089],[-9.11789,38.72026],[-9.11808,38.72003],[-9.11859,38.72026],[-9.11859,38.72089],[-9.11808,38.72108],[-9.11789,38.72089]]],[[[-9.11009,38.72383],[-9.11051,38.72383],[-9.11114,38.72383],[-9.11175,38.72341],[-9.11177,38.72339],[-9.1124,38.72285],[-9.11247,38.72278],[-9.11303,38.72229],[-9.11315,38.72215],[-9.11335,38.72152],[-9.11303,38.72103],[-9.1129,38.72103],[-9.11303,38.72089],[-9.11366,38.72026],[-9.11388,38.72026],[-9.11429,38.72068],[-9.11451,38.72089],[-9.11429,38.72111],[-9.11366,38.72111],[-9.11352,38.72152],[-9.11341,38.72215],[-9.11303,38.72259],[-9.11282,38.72278],[-9.1124,38.7232],[-9.11216,38.72341],[-9.11177,38.72374],[-9.11122,38.72404],[-9.11114,38.72439],[-9.11051,38.72439],[-9.10988,38.7245],[-9.10983,38.72468],[-9.10925,38.72497],[-9.10862,38.72511],[-9.10799,38.72511],[-9.10755,38.72511],[-9.10799,38.72468],[-9.10862,38.72404],[-9.10925,38.72404],[-9.10988,38.72404],[-9.11009,38.72383]]],[[[-9.1061,38.73768],[-9.10578,38.73729],[-9.1061,38.73711],[-9.10624,38.73729],[-9.1061,38.73768]]],[[[-9.10483,38.73931],[-9.10474,38.73918],[-9.10483,38.73901],[-9.10546,38.73901],[-9.10557,38.73918],[-9.10546,38.73931],[-9.10483,38.73931]]],[[[-9.10911,38.74234],[-9.10862,38.74262],[-9.10829,38.74234],[-9.10862,38.74192],[-9.10911,38.74234]]],[[[-9.11191,38.7436],[-9.11177,38.74396],[-9.1116,38.7436],[-9.11177,38.7435],[-9.11191,38.7436]]],[[[-9.11042,38.74423],[-9.11051,38.7442],[-9.11114,38.7442],[-9.11125,38.74423],[-9.11114,38.74444],[-9.11051,38.74444],[-9.11042,38.74423]]],[[[-9.10673,38.75125],[-9.10668,38.75117],[-9.10673,38.75111],[-9.10677,38.75117],[-9.10673,38.75125]]],[[[-9.10887,38.75243],[-9.10897,38.7518],[-9.10925,38.75129],[-9.10951,38.7518],[-9.10973,38.75243],[-9.10925,38.75304],[-9.10887,38.75243]]],[[[-9.10816,38.75306],[-9.10799,38.75322],[-9.10736,38.75322],[-9.10725,38.75306],[-9.10724,38.75243],[-9.10736,38.75233],[-9.10799,38.75233],[-9.10827,38.75243],[-9.10816,38.75306]]],[[[-9.10929,38.75432],[-9.10925,38.75436],[-9.10919,38.75432],[-9.10925,38.75425],[-9.10929,38.75432]]],[[[-9.10862,38.75506],[-9.10845,38.75495],[-9.10862,38.75485],[-9.10869,38.75495],[-9.10862,38.75506]]],[[[-9.0979,38.76005],[-9.09777,38.76],[-9.0979,38.75972],[-9.09807,38.76],[-9.0979,38.76005]]],[[[-9.10427,38.76126],[-9.1042,38.76131],[-9.10413,38.76126],[-9.1042,38.76117],[-9.10427,38.76126]]],[[[-9.11429,38.76157],[-9.1149,38.76189],[-9.11463,38.76252],[-9.11429,38.76289],[-9.11366,38.76267],[-9.11303,38.76267],[-9.11296,38.76252],[-9.11303,38.76228],[-9.11366,38.76228],[-9.11406,38.76189],[-9.11429,38.76157]]],[[[-9.10736,38.76342],[-9.10695,38.76315],[-9.10736,38.76265],[-9.10799,38.76265],[-9.10838,38.76315],[-9.10799,38.76342],[-9.10736,38.76342]]],[[[-9.1061,38.76459],[-9.10599,38.76441],[-9.1061,38.76428],[-9.10619,38.76441],[-9.1061,38.76459]]],[[[-9.10673,38.7653],[-9.10637,38.76504],[-9.10673,38.7648],[-9.10688,38.76504],[-9.10673,38.7653]]],[[[-9.09448,38.76756],[-9.09474,38.76722],[-9.09503,38.76756],[-9.09531,38.7682],[-9.09474,38.7688],[-9.09411,38.76881],[-9.09403,38.76883],[-9.09348,38.76888],[-9.09285,38.76888],[-9.09278,38.76883],[-9.09285,38.76872],[-9.09348,38.76872],[-9.09382,38.7682],[-9.09411,38.7679],[-9.09448,38.76756]],[[-9.09474,38.76822],[-9.09477,38.7682],[-9.09474,38.76811],[-9.09455,38.7682],[-9.09474,38.76822]]],[[[-9.10736,38.7689],[-9.1072,38.76883],[-9.10736,38.76874],[-9.10799,38.76874],[-9.10803,38.76883],[-9.10799,38.7689],[-9.10736,38.7689]]],[[[-9.11192,38.76883],[-9.11177,38.769],[-9.11161,38.76883],[-9.11177,38.76869],[-9.11192,38.76883]]],[[[-9.10925,38.76971],[-9.10882,38.76946],[-9.10925,38.76915],[-9.10962,38.76946],[-9.10925,38.76971]]],[[[-9.10042,38.77029],[-9.10034,38.77009],[-9.10042,38.7697],[-9.10059,38.77009],[-9.10042,38.77029]]],[[[-9.11032,38.77009],[-9.10988,38.77049],[-9.10971,38.77009],[-9.10988,38.76981],[-9.11032,38.77009]]],[[[-9.11016,38.77135],[-9.11006,38.77198],[-9.10988,38.77213],[-9.10964,38.77198],[-9.10944,38.77135],[-9.10925,38.77115],[-9.10876,38.77072],[-9.10925,38.77044],[-9.10975,38.77072],[-9.10988,38.77085],[-9.11016,38.77135]]],[[[-9.11241,38.77703],[-9.1124,38.77701],[-9.11177,38.7767],[-9.11126,38.77639],[-9.11114,38.77633],[-9.11051,38.77633],[-9.11044,38.77639],[-9.11051,38.77684],[-9.11114,38.77684],[-9.1112,38.77703],[-9.11114,38.7775],[-9.11051,38.7775],[-9.11027,38.77756],[-9.11005,38.77723],[-9.10861,38.77632],[-9.10862,38.77631],[-9.10901,38.77576],[-9.10907,38.77513],[-9.10925,38.77491],[-9.10953,38.77513],[-9.1097,38.77576],[-9.10988,38.77588],[-9.11003,38.77576],[-9.11051,38.77541],[-9.11114,38.77541],[-9.11177,38.77551],[-9.1124,38.77546],[-9.11248,38.77576],[-9.11276,38.77639],[-9.11285,38.77703],[-9.11303,38.77762],[-9.11366,38.77762],[-9.1137,38.77766],[-9.1137,38.77829],[-9.11366,38.77835],[-9.11303,38.77835],[-9.1124,38.77882],[-9.11232,38.77892],[-9.11184,38.77929],[-9.11145,38.77905],[-9.11177,38.77905],[-9.11194,38.77892],[-9.1124,38.77836],[-9.11249,38.77829],[-9.11249,38.77766],[-9.11241,38.77703]]],[[[-9.11114,38.77847],[-9.11085,38.77847],[-9.11035,38.77769],[-9.11051,38.77769],[-9.11114,38.77769],[-9.1115,38.77829],[-9.11114,38.77847]]],[[[-9.09537,38.79554],[-9.09494,38.79532],[-9.09474,38.79507],[-9.09411,38.79475],[-9.09407,38.79469],[-9.09387,38.79406],[-9.09348,38.79354],[-9.09285,38.79354],[-9.09267,38.79342],[-9.09267,38.79279],[-9.09222,38.79236],[-9.09159,38.79223],[-9.09156,38.79216],[-9.09148,38.79153],[-9.09159,38.79107],[-9.09171,38.7909],[-9.09167,38.79027],[-9.09159,38.79013],[-9.09144,38.78964],[-9.09159,38.78934],[-9.09194,38.78901],[-9.09215,38.78838],[-9.09222,38.78819],[-9.09285,38.78811],[-9.09348,38.78811],[-9.09411,38.78809],[-9.09467,38.78775],[-9.09474,38.78771],[-9.09537,38.78746],[-9.09586,38.78712],[-9.096,38.78686],[-9.09663,38.78686],[-9.09687,38.78649],[-9.0968,38.78586],[-9.09679,38.78523],[-9.09679,38.78459],[-9.09702,38.78396],[-9.09727,38.78368],[-9.0979,38.78334],[-9.09791,38.78333],[-9.09833,38.7827],[-9.09853,38.78259],[-9.09916,38.78259],[-9.09979,38.78218],[-9.10016,38.78218],[-9.10045,38.78413],[-9.10042,38.78413],[-9.10015,38.78396],[-9.09979,38.78372],[-9.09949,38.78396],[-9.09916,38.78443],[-9.09853,38.78443],[-9.0979,38.78446],[-9.09766,38.78459],[-9.09766,38.78523],[-9.09746,38.78586],[-9.09765,38.78649],[-9.0979,38.7869],[-9.09808,38.78712],[-9.09812,38.78775],[-9.0984,38.78838],[-9.09853,38.78852],[-9.09916,38.78852],[-9.09938,38.78901],[-9.09979,38.78955],[-9.09988,38.78964],[-9.09979,38.7898],[-9.09952,38.79027],[-9.09979,38.79055],[-9.10026,38.7909],[-9.10026,38.79153],[-9.10042,38.79179],[-9.10072,38.79179],[-9.09955,38.79583],[-9.09916,38.79585],[-9.09853,38.79585],[-9.09828,38.79595],[-9.09828,38.79613],[-9.09818,38.79612],[-9.09781,38.79619],[-9.09712,38.79648],[-9.09712,38.79595],[-9.09684,38.79532],[-9.09663,38.79523],[-9.096,38.79523],[-9.0958,38.79532],[-9.09537,38.79554]],[[-9.09979,38.79259],[-9.0995,38.79279],[-9.09916,38.79307],[-9.09853,38.79307],[-9.0979,38.79316],[-9.09727,38.79284],[-9.09724,38.79279],[-9.09727,38.79278],[-9.09774,38.79216],[-9.0979,38.79173],[-9.09797,38.79153],[-9.0979,38.79145],[-9.09737,38.79153],[-9.09727,38.79155],[-9.09663,38.79183],[-9.096,38.79183],[-9.09537,38.79201],[-9.09474,38.79211],[-9.09467,38.79153],[-9.09467,38.7909],[-9.09441,38.79027],[-9.09411,38.78995],[-9.09385,38.78964],[-9.09348,38.78927],[-9.09285,38.78927],[-9.09241,38.78964],[-9.09222,38.79016],[-9.09218,38.79027],[-9.09222,38.7904],[-9.09273,38.7909],[-9.09273,38.79153],[-9.09263,38.79216],[-9.09285,38.79238],[-9.09348,38.79238],[-9.09407,38.79279],[-9.09411,38.79284],[-9.09474,38.7932],[-9.09486,38.79342],[-9.09501,38.79406],[-9.09537,38.79442],[-9.09576,38.79469],[-9.096,38.79484],[-9.09663,38.79484],[-9.09727,38.79474],[-9.09733,38.79469],[-9.0979,38.79421],[-9.09853,38.79411],[-9.09916,38.79411],[-9.09942,38.79406],[-9.09974,38.79342],[-9.09979,38.79335],[-9.10005,38.79279],[-9.09979,38.79259]],[[-9.09727,38.79086],[-9.0979,38.79047],[-9.09802,38.79027],[-9.0979,38.78993],[-9.09727,38.78968],[-9.09663,38.79017],[-9.096,38.79017],[-9.09595,38.79027],[-9.096,38.79039],[-9.09663,38.79039],[-9.09727,38.79086]],[[-9.09516,38.78838],[-9.09537,38.78875],[-9.09564,38.78901],[-9.096,38.78932],[-9.09663,38.78932],[-9.09727,38.78961],[-9.09753,38.78901],[-9.0973,38.78838],[-9.09727,38.78836],[-9.09669,38.78775],[-9.09663,38.7877],[-9.096,38.7877],[-9.0959,38.78775],[-9.09537,38.78807],[-9.09516,38.78838]]],[[[-9.09591,38.79406],[-9.096,38.79397],[-9.09663,38.79397],[-9.09711,38.79406],[-9.09663,38.79422],[-9.096,38.79422],[-9.09591,38.79406]]]]},"properties":{"class":8,"label":"37 a 38","fill":"#d41020"}},{"type":"Feature","geometry":{"type":"MultiPolygon","coordinates":[[[[-9.22467,38.69751],[-9.2253,38.69751],[-9.2258,38.69692],[-9.2259,38.69629],[-9.22593,38.69628],[-9.22596,38.69629],[-9.22656,38.6967],[-9.2272,38.69651],[-9.22783,38.69651],[-9.22833,38.69629],[-9.22846,38.69627],[-9.22876,38.69629],[-9.22897,38.69685],[-9.22874,38.69727],[-9.22865,38.69736],[-9.22724,38.69681],[-9.22641,38.69758],[-9.22674,38.69775],[-9.22674,38.69818],[-9.22675,38.69882],[-9.22656,38.69888],[-9.2265,38.69882],[-9.22634,38.69818],[-9.22593,38.69761],[-9.2253,38.6976],[-9.22467,38.6976],[-9.22466,38.69755],[-9.22467,38.69751]]],[[[-9.18882,38.69945],[-9.18872,38.69954],[-9.1886,38.69945],[-9.18872,38.69929],[-9.18882,38.69945]]],[[[-9.20638,38.70294],[-9.20575,38.70308],[-9.20559,38.7026],[-9.20548,38.70197],[-9.20512,38.70173],[-9.20492,38.70134],[-9.20512,38.70102],[-9.2055,38.70071],[-9.20542,38.70008],[-9.20575,38.69962],[-9.20595,38.69945],[-9.20638,38.69928],[-9.20701,38.69925],[-9.20764,38.69925],[-9.20827,38.69921],[-9.20851,38.69882],[-9.20873,38.69818],[-9.2089,38.69769],[-9.20919,38.69818],[-9.20925,38.69882],[-9.2089,38.69941],[-9.20882,38.69945],[-9.2085,38.70008],[-9.2085,38.70071],[-9.2089,38.7009],[-9.20953,38.70079],[-9.20981,38.70134],[-9.21017,38.70162],[-9.2108,38.70162],[-9.21118,38.70197],[-9.21143,38.70257],[-9.21145,38.7026],[-9.21143,38.70262],[-9.2108,38.70312],[-9.21061,38.70323],[-9.21044,38.70386],[-9.21017,38.70405],[-9.20953,38.70405],[-9.20897,38.70386],[-9.2089,38.70379],[-9.20827,38.70359],[-9.20764,38.70373],[-9.20701,38.70373],[-9.20681,38.70323],[-9.20638,38.70294]],[[-9.20949,38.70134],[-9.20912,38.70197],[-9.2089,38.70244],[-9.20884,38.7026],[-9.2089,38.70275],[-9.20913,38.70323],[-9.20953,38.70366],[-9.21017,38.70366],[-9.21032,38.70323],[-9.2108,38.70295],[-9.21122,38.7026],[-9.21094,38.70197],[-9.2108,38.70184],[-9.21017,38.70184],[-9.20955,38.70134],[-9.20953,38.70132],[-9.20949,38.70134]],[[-9.20701,38.70117],[-9.20688,38.70134],[-9.20701,38.70138],[-9.20764,38.70138],[-9.2078,38.70134],[-9.20764,38.70117],[-9.20701,38.70117]]],[[[-9.19349,38.70449],[-9.1934,38.70386],[-9.19338,38.70323],[-9.19314,38.70305],[-9.19251,38.70305],[-9.19235,38.70323],[-9.19231,38.70386],[-9.19187,38.70413],[-9.19124,38.70397],[-9.19116,38.70386],[-9.19124,38.70379],[-9.19157,38.70323],[-9.19149,38.7026],[-9.19124,38.70215],[-9.19061,38.70236],[-9.19001,38.70197],[-9.18998,38.70165],[-9.18935,38.70165],[-9.18928,38.70134],[-9.18935,38.7013],[-9.18998,38.7013],[-9.1903,38.70134],[-9.19061,38.70137],[-9.19124,38.70169],[-9.19187,38.70157],[-9.19204,38.70134],[-9.19204,38.70071],[-9.19187,38.70027],[-9.19184,38.70008],[-9.19187,38.69996],[-9.19202,38.69945],[-9.19213,38.69882],[-9.19243,38.69818],[-9.19187,38.69798],[-9.19124,38.69805],[-9.19061,38.69775],[-9.19045,38.69755],[-9.19061,38.69741],[-9.19124,38.69717],[-9.19187,38.69702],[-9.19251,38.69705],[-9.19314,38.69705],[-9.19377,38.697],[-9.19404,38.69692],[-9.1944,38.69688],[-9.19503,38.6969],[-9.19566,38.6969],[-9.19572,38.69692],[-9.19629,38.69729],[-9.19692,38.69732],[-9.19713,38.69755],[-9.19755,38.69777],[-9.19802,38.69818],[-9.19818,38.69832],[-9.19881,38.69832],[-9.19944,38.69833],[-9.19971,38.69882],[-9.19988,38.69945],[-9.19995,38.70008],[-9.19995,38.70071],[-9.20007,38.70098],[-9.20043,38.70134],[-9.20029,38.70197],[-9.20065,38.7026],[-9.20017,38.70323],[-9.20007,38.70344],[-9.19981,38.70323],[-9.19944,38.70312],[-9.19881,38.70304],[-9.19818,38.70304],[-9.19755,38.70302],[-9.1971,38.70323],[-9.19755,38.70365],[-9.19818,38.70351],[-9.19881,38.70351],[-9.19934,38.70386],[-9.19881,38.70428],[-9.19818,38.70428],[-9.19797,38.70449],[-9.19758,38.70512],[-9.19755,38.70517],[-9.19701,38.70575],[-9.19692,38.70588],[-9.19629,38.70591],[-9.19571,38.70638],[-9.19566,38.70641],[-9.19503,38.70641],[-9.1944,38.70663],[-9.19421,38.70638],[-9.19433,38.70575],[-9.19409,38.70512],[-9.19377,38.70482],[-9.19349,38.70449]],[[-9.19944,38.70263],[-9.19969,38.7026],[-9.19944,38.70205],[-9.19881,38.70207],[-9.19818,38.70207],[-9.19787,38.7026],[-9.19818,38.70262],[-9.19881,38.70262],[-9.19944,38.70263]],[[-9.19503,38.70418],[-9.19566,38.70418],[-9.19607,38.70449],[-9.19629,38.70481],[-9.19692,38.70476],[-9.19708,38.70449],[-9.19692,38.70414],[-9.19658,38.70386],[-9.19629,38.70373],[-9.19566,38.70349],[-9.19503,38.70349],[-9.19462,38.70386],[-9.19503,38.70418]],[[-9.19955,38.70071],[-9.19955,38.70008],[-9.19947,38.69945],[-9.19944,38.69913],[-9.1993,38.69882],[-9.19881,38.69872],[-9.19818,38.69872],[-9.19756,38.69818],[-9.19755,38.69817],[-9.19753,38.69818],[-9.19692,38.69853],[-9.19645,38.69818],[-9.19629,38.698],[-9.19566,38.69806],[-9.19503,38.69806],[-9.1944,38.69796],[-9.19403,38.69818],[-9.19377,38.69866],[-9.1937,38.69882],[-9.19377,38.69921],[-9.19379,38.69945],[-9.19391,38.70008],[-9.19394,38.70071],[-9.19404,38.70134],[-9.19379,38.70197],[-9.19377,38.70202],[-9.19369,38.7026],[-9.19377,38.70267],[-9.19408,38.7026],[-9.1944,38.70242],[-9.19503,38.70242],[-9.19566,38.70242],[-9.19615,38.7026],[-9.19629,38.70263],[-9.19692,38.7028],[-9.19748,38.7026],[-9.19751,38.70197],[-9.19755,38.70192],[-9.19818,38.70195],[-9.19881,38.70195],[-9.19915,38.70134],[-9.19944,38.70103],[-9.19955,38.70071]]],[[[-9.18922,38.70197],[-9.18872,38.70205],[-9.18862,38.70197],[-9.18872,38.70178],[-9.18922,38.70197]]],[[[-9.18813,38.70323],[-9.18809,38.70325],[-9.18806,38.70323],[-9.18809,38.70319],[-9.18813,38.70323]]],[[[-9.18746,38.70836],[-9.18741,38.70828],[-9.18746,38.70814],[-9.18809,38.70823],[-9.18813,38.70828],[-9.18809,38.70832],[-9.18746,38.70836]]],[[[-9.20017,38.70828],[-9.2007,38.70805],[-9.20134,38.7079],[-9.20197,38.7079],[-9.2026,38.70808],[-9.20323,38.7079],[-9.20386,38.70817],[-9.20449,38.70817],[-9.20452,38.70828],[-9.20449,38.70833],[-9.20386,38.70833],[-9.20323,38.70888],[-9.20321,38.70891],[-9.2026,38.7093],[-9.20197,38.70916],[-9.20134,38.70916],[-9.2007,38.70905],[-9.20007,38.70914],[-9.19995,38.70891],[-9.20007,38.70838],[-9.20017,38.70828]]],[[[-9.18559,38.70954],[-9.18557,38.70959],[-9.18551,38.70954],[-9.18557,38.70952],[-9.18559,38.70954]]],[[[-9.18451,38.70954],[-9.18494,38.70979],[-9.18531,38.71017],[-9.18494,38.71045],[-9.18455,38.71017],[-9.18431,38.70975],[-9.18368,38.70975],[-9.18348,38.70954],[-9.18368,38.70935],[-9.18431,38.70935],[-9.18451,38.70954]]],[[[-9.19486,38.71206],[-9.19486,38.71143],[-9.1944,38.71101],[-9.19426,38.7108],[-9.19424,38.71017],[-9.1944,38.71],[-9.19503,38.70994],[-9.19566,38.70994],[-9.19629,38.70971],[-9.19691,38.71017],[-9.19692,38.7102],[-9.19716,38.7108],[-9.19692,38.71099],[-9.19639,38.71143],[-9.19638,38.71206],[-9.19692,38.71268],[-9.19693,38.71269],[-9.19692,38.71271],[-9.19629,38.71271],[-9.19566,38.71318],[-9.19503,38.71318],[-9.1944,38.7127],[-9.19439,38.71269],[-9.1944,38.71267],[-9.19486,38.71206]]],[[[-9.21629,38.71963],[-9.21629,38.719],[-9.21647,38.71888],[-9.2169,38.719],[-9.2169,38.71931],[-9.21629,38.71967],[-9.21629,38.71963]]],[[[-9.21506,38.72026],[-9.21521,38.72013],[-9.21532,38.72024],[-9.21506,38.72039],[-9.21506,38.72026]]],[[[-9.21385,38.72089],[-9.21395,38.72082],[-9.21407,38.72089],[-9.21407,38.7209],[-9.21385,38.72098],[-9.21385,38.72089]]],[[[-9.21196,38.72152],[-9.21206,38.72141],[-9.21217,38.72152],[-9.21217,38.72163],[-9.21196,38.7217],[-9.21196,38.72152]]],[[[-9.18755,38.73098],[-9.18746,38.73112],[-9.18737,38.73098],[-9.18746,38.73088],[-9.18755,38.73098]]],[[[-9.20252,38.74107],[-9.20202,38.74044],[-9.20235,38.73981],[-9.20234,38.73918],[-9.2026,38.73888],[-9.20292,38.73855],[-9.20274,38.73792],[-9.20323,38.73745],[-9.20367,38.73729],[-9.20386,38.73725],[-9.20449,38.73725],[-9.20471,38.73729],[-9.20449,38.73761],[-9.20386,38.73761],[-9.20378,38.73792],[-9.20386,38.73802],[-9.20449,38.73802],[-9.20484,38.73792],[-9.2051,38.73775],[-9.2053,38.73972],[-9.20512,38.73972],[-9.20449,38.73959],[-9.20386,38.73959],[-9.20339,38.73918],[-9.20339,38.73855],[-9.20323,38.73831],[-9.20319,38.73855],[-9.2026,38.73915],[-9.20257,38.73918],[-9.2026,38.73933],[-9.20281,38.73981],[-9.2026,38.74024],[-9.20251,38.74044],[-9.2026,38.74056],[-9.20313,38.74044],[-9.20323,38.74042],[-9.20386,38.73996],[-9.20449,38.73996],[-9.20512,38.73992],[-9.20532,38.73992],[-9.20554,38.74201],[-9.20512,38.74201],[-9.20486,38.7417],[-9.20449,38.74114],[-9.20386,38.74114],[-9.20323,38.74111],[-9.2026,38.74121],[-9.20252,38.74107]]],[[[-9.19499,38.74612],[-9.1944,38.74657],[-9.19422,38.74612],[-9.1944,38.74594],[-9.19499,38.74612]]],[[[-9.19332,38.74675],[-9.19314,38.74685],[-9.19286,38.74675],[-9.19314,38.74634],[-9.19332,38.74675]]],[[[-9.20791,38.74864],[-9.20764,38.74878],[-9.20752,38.74864],[-9.20764,38.74855],[-9.20791,38.74864]]],[[[-9.18442,38.74864],[-9.18431,38.7489],[-9.18418,38.74864],[-9.18431,38.74856],[-9.18442,38.74864]]],[[[-9.20837,38.74927],[-9.20827,38.74936],[-9.20817,38.74927],[-9.20827,38.74906],[-9.20837,38.74927]]],[[[-9.18498,38.7499],[-9.18494,38.74995],[-9.18477,38.7499],[-9.18494,38.74986],[-9.18498,38.7499]]],[[[-9.18304,38.75035],[-9.18273,38.7499],[-9.18304,38.74975],[-9.18368,38.74975],[-9.18401,38.7499],[-9.18368,38.75035],[-9.18304,38.75035]]],[[[-9.18432,38.7518],[-9.18431,38.75186],[-9.18426,38.7518],[-9.18431,38.75176],[-9.18432,38.7518]]],[[[-9.18872,38.75155],[-9.18935,38.75155],[-9.18998,38.75163],[-9.19005,38.7518],[-9.19005,38.75243],[-9.18998,38.75259],[-9.18935,38.75257],[-9.18872,38.75257],[-9.18809,38.75274],[-9.18769,38.75243],[-9.18769,38.7518],[-9.18809,38.75134],[-9.18872,38.75155]]],[[[-9.18432,38.75306],[-9.18431,38.75307],[-9.18429,38.75306],[-9.18431,38.75299],[-9.18432,38.75306]]],[[[-9.18872,38.75445],[-9.18862,38.75432],[-9.18872,38.75425],[-9.18935,38.75425],[-9.18946,38.75432],[-9.18935,38.75445],[-9.18872,38.75445]]],[[[-9.20621,38.75621],[-9.20638,38.75612],[-9.20701,38.75612],[-9.20744,38.75558],[-9.20764,38.75536],[-9.20802,38.75495],[-9.20827,38.75461],[-9.20845,38.75432],[-9.2089,38.75399],[-9.2089,38.7541],[-9.20875,38.75425],[-9.20881,38.75437],[-9.2087,38.75495],[-9.2087,38.7551],[-9.20793,38.75558],[-9.20808,38.75613],[-9.20794,38.75634],[-9.20742,38.75655],[-9.20696,38.75648],[-9.2066,38.75663],[-9.20644,38.75684],[-9.20638,38.75678],[-9.20633,38.75684],[-9.20633,38.75699],[-9.20619,38.75718],[-9.20577,38.75715],[-9.20577,38.75684],[-9.20621,38.75621]]],[[[-9.2007,38.7575],[-9.20068,38.75747],[-9.2007,38.75745],[-9.20134,38.75745],[-9.20137,38.75747],[-9.20134,38.7575],[-9.2007,38.7575]]],[[[-9.20314,38.75747],[-9.20323,38.7574],[-9.20328,38.75745],[-9.20314,38.75754],[-9.20314,38.75747]]],[[[-9.19755,38.76574],[-9.19701,38.76567],[-9.19755,38.76549],[-9.198,38.76504],[-9.19808,38.76496],[-9.1985,38.7656],[-9.19848,38.76575],[-9.19809,38.76628],[-9.19755,38.76574]]],[[[-9.19629,38.76766],[-9.19624,38.76756],[-9.19629,38.7673],[-9.19636,38.76756],[-9.19629,38.76766]]],[[[-9.17737,38.77787],[-9.17707,38.77766],[-9.17707,38.77703],[-9.17737,38.77673],[-9.178,38.77673],[-9.17812,38.77639],[-9.178,38.77602],[-9.17737,38.77602],[-9.1772,38.77576],[-9.17737,38.7754],[-9.178,38.7754],[-9.17863,38.77531],[-9.17926,38.77519],[-9.17941,38.77513],[-9.17937,38.7745],[-9.17926,38.77442],[-9.17916,38.7745],[-9.17863,38.77503],[-9.17806,38.7745],[-9.17808,38.77387],[-9.17839,38.77324],[-9.17863,38.77296],[-9.17878,38.77261],[-9.17877,38.77198],[-9.1791,38.77135],[-9.17894,38.77072],[-9.17863,38.7705],[-9.17836,38.77009],[-9.178,38.76975],[-9.17737,38.76975],[-9.17711,38.76946],[-9.17687,38.76883],[-9.17676,38.7682],[-9.17676,38.76756],[-9.17674,38.76754],[-9.17672,38.76756],[-9.17611,38.76783],[-9.17548,38.76761],[-9.17539,38.76756],[-9.17484,38.767],[-9.17421,38.767],[-9.17413,38.76693],[-9.17358,38.76644],[-9.17322,38.7663],[-9.17295,38.7662],[-9.17232,38.76609],[-9.17169,38.76609],[-9.17141,38.7663],[-9.17129,38.76693],[-9.17126,38.76756],[-9.17106,38.76774],[-9.17043,38.76758],[-9.17039,38.76756],[-9.1698,38.76721],[-9.16917,38.76753],[-9.16854,38.76753],[-9.16815,38.76693],[-9.16795,38.7663],[-9.16854,38.76592],[-9.16917,38.76592],[-9.16938,38.76567],[-9.16917,38.76532],[-9.16854,38.76532],[-9.16797,38.76504],[-9.16797,38.76441],[-9.16852,38.76378],[-9.16854,38.76375],[-9.16917,38.76375],[-9.16918,38.76378],[-9.1698,38.76436],[-9.17017,38.76441],[-9.17017,38.76504],[-9.17043,38.76509],[-9.17106,38.76544],[-9.17169,38.76551],[-9.17232,38.76551],[-9.17295,38.76526],[-9.17323,38.76504],[-9.17323,38.76441],[-9.17333,38.76378],[-9.17358,38.76364],[-9.17421,38.76352],[-9.17484,38.76352],[-9.17548,38.76369],[-9.17611,38.76334],[-9.1763,38.76378],[-9.17674,38.76392],[-9.17734,38.76441],[-9.17734,38.76504],[-9.17737,38.76509],[-9.178,38.76509],[-9.17863,38.76515],[-9.17895,38.76567],[-9.1789,38.7663],[-9.17926,38.76673],[-9.17989,38.76685],[-9.18052,38.76685],[-9.18061,38.76693],[-9.18115,38.76739],[-9.18149,38.76756],[-9.18115,38.76776],[-9.18088,38.7682],[-9.18115,38.76875],[-9.18133,38.76883],[-9.18178,38.76908],[-9.18241,38.76902],[-9.18246,38.76883],[-9.18244,38.7682],[-9.18241,38.76818],[-9.18204,38.76756],[-9.18222,38.76693],[-9.18241,38.7665],[-9.18261,38.7663],[-9.18241,38.76581],[-9.1824,38.76567],[-9.18241,38.7656],[-9.18304,38.76525],[-9.18368,38.76525],[-9.18431,38.7655],[-9.18478,38.76567],[-9.18494,38.76572],[-9.18557,38.76598],[-9.1862,38.76572],[-9.18683,38.76572],[-9.187,38.76567],[-9.18683,38.76564],[-9.1862,38.76564],[-9.18585,38.76504],[-9.18585,38.76441],[-9.18557,38.76396],[-9.18508,38.76378],[-9.18557,38.76357],[-9.1862,38.7632],[-9.18683,38.7632],[-9.18746,38.7633],[-9.18767,38.76315],[-9.18757,38.76252],[-9.18809,38.76189],[-9.1881,38.76189],[-9.18837,38.76126],[-9.18868,38.76063],[-9.18872,38.76059],[-9.18935,38.76059],[-9.18938,38.76063],[-9.18977,38.76126],[-9.18998,38.76134],[-9.19061,38.76132],[-9.19118,38.76189],[-9.19124,38.76199],[-9.19187,38.76237],[-9.19251,38.76237],[-9.19311,38.76252],[-9.19314,38.76255],[-9.19314,38.76252],[-9.19314,38.76244],[-9.19308,38.76189],[-9.19314,38.76185],[-9.19327,38.76189],[-9.19377,38.76204],[-9.19411,38.76189],[-9.19377,38.76158],[-9.19363,38.76126],[-9.19377,38.7609],[-9.1944,38.76104],[-9.19503,38.76104],[-9.19545,38.76063],[-9.19566,38.76026],[-9.19589,38.76063],[-9.19629,38.76088],[-9.19692,38.76104],[-9.19755,38.76082],[-9.19774,38.76063],[-9.19785,38.7605],[-9.19784,38.76059],[-9.19812,38.76054],[-9.19818,38.76096],[-9.1989,38.76155],[-9.19945,38.76146],[-9.19971,38.76156],[-9.19971,38.76189],[-9.19944,38.76234],[-9.19922,38.76252],[-9.19881,38.7627],[-9.19818,38.76275],[-9.19755,38.76275],[-9.19692,38.76257],[-9.19629,38.76261],[-9.19622,38.76252],[-9.19566,38.76201],[-9.19539,38.76252],[-9.19566,38.76297],[-9.19588,38.76315],[-9.19566,38.7634],[-9.19547,38.76378],[-9.19566,38.76392],[-9.196,38.76378],[-9.19629,38.76352],[-9.19642,38.76378],[-9.19645,38.76441],[-9.19645,38.76504],[-9.19629,38.76527],[-9.19597,38.76567],[-9.19625,38.7663],[-9.19613,38.76693],[-9.19566,38.7671],[-9.19508,38.76756],[-9.19503,38.7676],[-9.1944,38.7676],[-9.19432,38.76756],[-9.19377,38.76708],[-9.19327,38.76693],[-9.19314,38.7669],[-9.19251,38.76662],[-9.19187,38.76662],[-9.19124,38.76689],[-9.19061,38.76693],[-9.1906,38.76693],[-9.19061,38.76725],[-9.19066,38.76756],[-9.19061,38.76759],[-9.19043,38.7682],[-9.18998,38.76863],[-9.18935,38.76833],[-9.18872,38.76833],[-9.1883,38.76883],[-9.18872,38.76907],[-9.18935,38.76907],[-9.18998,38.769],[-9.19047,38.76946],[-9.19061,38.76979],[-9.19124,38.76987],[-9.1914,38.77009],[-9.19142,38.77072],[-9.19142,38.77135],[-9.19124,38.77146],[-9.19064,38.77135],[-9.19069,38.77072],[-9.19061,38.77062],[-9.19058,38.77072],[-9.1906,38.77135],[-9.18998,38.7717],[-9.18959,38.77198],[-9.18935,38.77258],[-9.18872,38.77258],[-9.18856,38.77261],[-9.18872,38.77272],[-9.18935,38.77272],[-9.18938,38.77324],[-9.18935,38.77328],[-9.18872,38.77328],[-9.18809,38.77337],[-9.18772,38.77387],[-9.18789,38.7745],[-9.18788,38.77513],[-9.18788,38.77515],[-9.18737,38.77568],[-9.18649,38.77582],[-9.18649,38.77576],[-9.1862,38.77553],[-9.18557,38.77553],[-9.18494,38.77566],[-9.18431,38.77542],[-9.18378,38.77576],[-9.18409,38.77639],[-9.18373,38.77703],[-9.18373,38.77766],[-9.18373,38.77775],[-9.18346,38.77803],[-9.18312,38.77855],[-9.18194,38.77874],[-9.18165,38.77899],[-9.18124,38.77905],[-9.18124,38.77892],[-9.18115,38.77886],[-9.18084,38.77892],[-9.18084,38.77911],[-9.18044,38.77917],[-9.17995,38.77931],[-9.17967,38.77942],[-9.17926,38.77909],[-9.17897,38.77892],[-9.17863,38.7785],[-9.17845,38.77829],[-9.178,38.77787],[-9.17737,38.77787]],[[-9.17934,38.76756],[-9.17926,38.76751],[-9.17894,38.76756],[-9.17863,38.76775],[-9.17851,38.7682],[-9.178,38.7686],[-9.17737,38.7686],[-9.17722,38.76883],[-9.17737,38.76911],[-9.178,38.76911],[-9.17842,38.76946],[-9.17863,38.76964],[-9.17926,38.76973],[-9.17959,38.76946],[-9.17952,38.76883],[-9.17989,38.76824],[-9.18052,38.76824],[-9.18055,38.7682],[-9.18052,38.76812],[-9.17989,38.76812],[-9.17934,38.76756]],[[-9.17611,38.76433],[-9.17548,38.7641],[-9.17504,38.76441],[-9.17504,38.76504],[-9.17548,38.76544],[-9.17574,38.76567],[-9.17548,38.76603],[-9.17495,38.7663],[-9.17548,38.76659],[-9.17611,38.76642],[-9.17674,38.76645],[-9.17688,38.7663],[-9.17674,38.76579],[-9.17669,38.76567],[-9.17674,38.76564],[-9.17703,38.76504],[-9.17703,38.76441],[-9.17674,38.76417],[-9.17611,38.76433]],[[-9.16996,38.76567],[-9.1698,38.76558],[-9.16974,38.76567],[-9.16921,38.7663],[-9.1698,38.76689],[-9.17016,38.7663],[-9.16996,38.76567]],[[-9.19573,38.76441],[-9.19566,38.76437],[-9.19551,38.76441],[-9.19551,38.76504],[-9.19566,38.76513],[-9.19573,38.76504],[-9.19573,38.76441]],[[-9.19503,38.76563],[-9.1944,38.76563],[-9.19434,38.76567],[-9.1944,38.76571],[-9.19503,38.76571],[-9.19509,38.76567],[-9.19503,38.76563]],[[-9.19377,38.76632],[-9.19383,38.7663],[-9.19377,38.76627],[-9.19372,38.7663],[-9.19377,38.76632]],[[-9.19168,38.76441],[-9.19168,38.76504],[-9.19124,38.76544],[-9.19089,38.76567],[-9.19124,38.76578],[-9.19187,38.76571],[-9.19251,38.76571],[-9.19259,38.76567],[-9.19268,38.76504],[-9.19276,38.76441],[-9.19255,38.76378],[-9.19251,38.76377],[-9.19187,38.76377],[-9.19186,38.76378],[-9.19168,38.76441]],[[-9.18998,38.7666],[-9.1904,38.7663],[-9.18998,38.76599],[-9.18935,38.76593],[-9.18872,38.76593],[-9.18831,38.7663],[-9.18872,38.7666],[-9.18935,38.7666],[-9.18998,38.7666]],[[-9.1862,38.76933],[-9.18607,38.76946],[-9.18607,38.77009],[-9.1862,38.77068],[-9.18683,38.77068],[-9.18684,38.77072],[-9.18746,38.77108],[-9.18775,38.77072],[-9.18809,38.77041],[-9.18848,38.77009],[-9.18809,38.76975],[-9.18746,38.76988],[-9.18691,38.76946],[-9.18683,38.76933],[-9.1862,38.76933]],[[-9.1862,38.77356],[-9.18557,38.77356],[-9.18514,38.77387],[-9.18557,38.77412],[-9.1862,38.77412],[-9.18632,38.77387],[-9.1862,38.77356]],[[-9.18494,38.77458],[-9.18501,38.7745],[-9.18494,38.77431],[-9.1848,38.7745],[-9.18494,38.77458]],[[-9.18241,38.7727],[-9.18249,38.77261],[-9.18241,38.77254],[-9.18223,38.77261],[-9.18241,38.7727]],[[-9.18115,38.77564],[-9.18086,38.77576],[-9.18052,38.77587],[-9.17989,38.77587],[-9.17926,38.7758],[-9.17863,38.77621],[-9.1785,38.77639],[-9.17849,38.77703],[-9.17849,38.77766],[-9.17863,38.77779],[-9.1791,38.77829],[-9.17926,38.77848],[-9.17989,38.77853],[-9.18052,38.77853],[-9.18115,38.77837],[-9.18136,38.77829],[-9.18151,38.77766],[-9.18169,38.77703],[-9.18178,38.77677],[-9.18196,38.77639],[-9.18178,38.77623],[-9.18127,38.77576],[-9.18115,38.77564]],[[-9.18998,38.76323],[-9.19012,38.76315],[-9.18998,38.76301],[-9.18985,38.76315],[-9.18998,38.76323]],[[-9.18798,38.76441],[-9.18746,38.76416],[-9.18727,38.76441],[-9.18727,38.76504],[-9.18746,38.76553],[-9.18798,38.76504],[-9.18798,38.76441]],[[-9.18557,38.76776],[-9.1862,38.76767],[-9.18683,38.76767],[-9.18705,38.76756],[-9.18696,38.76693],[-9.18683,38.76679],[-9.1862,38.76679],[-9.18602,38.76693],[-9.18557,38.76726],[-9.1853,38.76756],[-9.18557,38.76776]],[[-9.18494,38.77332],[-9.18498,38.77324],[-9.18513,38.77261],[-9.18494,38.77249],[-9.18431,38.77251],[-9.18412,38.77261],[-9.18431,38.77276],[-9.18493,38.77324],[-9.18494,38.77332]],[[-9.18241,38.77081],[-9.18178,38.77112],[-9.18156,38.77135],[-9.18178,38.77154],[-9.18241,38.77152],[-9.1827,38.77135],[-9.18241,38.77081]],[[-9.17989,38.77061],[-9.18052,38.77061],[-9.18115,38.77042],[-9.18172,38.77009],[-9.18124,38.76946],[-9.18115,38.76921],[-9.18106,38.76946],[-9.18052,38.76973],[-9.17989,38.76973],[-9.1794,38.77009],[-9.17989,38.77061]],[[-9.18052,38.77272],[-9.17989,38.77272],[-9.17958,38.77324],[-9.17989,38.77348],[-9.18052,38.77348],[-9.18068,38.77324],[-9.18052,38.77272]],[[-9.18494,38.76655],[-9.18533,38.7663],[-9.18494,38.76608],[-9.18465,38.7663],[-9.18494,38.76655]],[[-9.18431,38.772],[-9.18441,38.77198],[-9.18431,38.77191],[-9.18426,38.77198],[-9.18431,38.772]]],[[[-9.18052,38.69934],[-9.18036,38.69882],[-9.18052,38.69873],[-9.18115,38.69873],[-9.18178,38.69856],[-9.18227,38.69818],[-9.18227,38.69755],[-9.18241,38.69755],[-9.18304,38.69755],[-9.1833,38.69755],[-9.18368,38.69775],[-9.18431,38.69775],[-9.18494,38.69782],[-9.18552,38.69755],[-9.18552,38.69692],[-9.18557,38.69692],[-9.18564,38.69692],[-9.18564,38.69755],[-9.1862,38.69809],[-9.18628,38.69818],[-9.18623,38.69882],[-9.18624,38.69945],[-9.1862,38.6995],[-9.18557,38.69953],[-9.18494,38.69997],[-9.18482,38.70008],[-9.18431,38.70045],[-9.18368,38.70045],[-9.18314,38.70071],[-9.18304,38.70101],[-9.18292,38.70071],[-9.18241,38.7004],[-9.18178,38.70041],[-9.18158,38.70008],[-9.18126,38.69945],[-9.18115,38.69934],[-9.18052,38.69934]],[[-9.18494,38.6981],[-9.18431,38.69817],[-9.18368,38.69817],[-9.18365,38.69818],[-9.18304,38.69856],[-9.18241,38.69871],[-9.18224,38.69882],[-9.18241,38.69941],[-9.18243,38.69945],[-9.18304,38.69963],[-9.18348,38.70008],[-9.18368,38.70017],[-9.18431,38.70017],[-9.18444,38.70008],[-9.18494,38.69963],[-9.18517,38.69945],[-9.18557,38.69902],[-9.18577,38.69882],[-9.18557,38.69829],[-9.18542,38.69818],[-9.18494,38.6981]]],[[[-9.17358,38.70574],[-9.17317,38.70512],[-9.17317,38.70449],[-9.17295,38.70429],[-9.17244,38.70449],[-9.17232,38.70453],[-9.17169,38.70453],[-9.1713,38.70449],[-9.17106,38.70446],[-9.17093,38.70449],[-9.17043,38.70463],[-9.1698,38.7047],[-9.16917,38.7047],[-9.16854,38.70462],[-9.16791,38.70481],[-9.16752,38.70449],[-9.16728,38.70418],[-9.16688,38.70449],[-9.16665,38.70462],[-9.16601,38.70462],[-9.16584,38.70449],[-9.16538,38.70409],[-9.16475,38.70429],[-9.16431,38.70386],[-9.16475,38.7036],[-9.16538,38.70363],[-9.16579,38.70323],[-9.16601,38.70315],[-9.16665,38.70315],[-9.16728,38.70307],[-9.16791,38.70313],[-9.16845,38.7026],[-9.16854,38.70248],[-9.16917,38.70245],[-9.1698,38.70245],[-9.17043,38.70228],[-9.17106,38.7024],[-9.17169,38.7023],[-9.17232,38.7023],[-9.17268,38.70197],[-9.17295,38.70171],[-9.17357,38.70134],[-9.17357,38.70071],[-9.17358,38.70065],[-9.17421,38.70068],[-9.17469,38.70071],[-9.17469,38.70134],[-9.17484,38.70135],[-9.17548,38.70135],[-9.17611,38.70157],[-9.17656,38.70197],[-9.17674,38.7022],[-9.17737,38.70232],[-9.178,38.70217],[-9.17863,38.70217],[-9.17884,38.7026],[-9.1787,38.70323],[-9.17879,38.70386],[-9.17864,38.70449],[-9.17863,38.7045],[-9.178,38.7045],[-9.17752,38.70512],[-9.17737,38.70525],[-9.17695,38.70575],[-9.17674,38.70593],[-9.17611,38.70605],[-9.17548,38.70637],[-9.17484,38.70637],[-9.17483,38.70638],[-9.17429,38.70701],[-9.17429,38.70765],[-9.17421,38.70774],[-9.17411,38.70765],[-9.17411,38.70701],[-9.17358,38.70658],[-9.17344,38.70638],[-9.17358,38.70578],[-9.1739,38.70575],[-9.17358,38.70574]],[[-9.17421,38.70452],[-9.17424,38.70449],[-9.17421,38.70445],[-9.1742,38.70449],[-9.17421,38.70452]],[[-9.17169,38.70262],[-9.17232,38.70262],[-9.1727,38.70323],[-9.17295,38.70342],[-9.17358,38.70348],[-9.17392,38.70323],[-9.17358,38.70293],[-9.1732,38.7026],[-9.17295,38.70225],[-9.17232,38.7026],[-9.17169,38.7026],[-9.17168,38.7026],[-9.17169,38.70262]],[[-9.17611,38.70529],[-9.17637,38.70512],[-9.17611,38.70491],[-9.17578,38.70512],[-9.17611,38.70529]],[[-9.17358,38.70199],[-9.1736,38.70197],[-9.17358,38.70196],[-9.17354,38.70197],[-9.17358,38.70199]]],[[[-9.15277,38.70648],[-9.15234,38.70638],[-9.15243,38.70575],[-9.15243,38.70512],[-9.15277,38.70512],[-9.1534,38.70512],[-9.15403,38.70449],[-9.15408,38.70449],[-9.15466,38.70498],[-9.15529,38.70498],[-9.15583,38.70449],[-9.15583,38.70439],[-9.15592,38.70449],[-9.15655,38.70449],[-9.15656,38.70448],[-9.15718,38.70448],[-9.15782,38.70448],[-9.15845,38.70414],[-9.1588,38.70386],[-9.15908,38.70367],[-9.15971,38.70366],[-9.16034,38.70373],[-9.16097,38.70373],[-9.16157,38.70323],[-9.1616,38.70322],[-9.16162,38.70323],[-9.16186,38.70386],[-9.1616,38.70447],[-9.16153,38.70449],[-9.1612,38.70512],[-9.16097,38.70524],[-9.16034,38.70524],[-9.15987,38.70512],[-9.15971,38.70501],[-9.15939,38.70512],[-9.15908,38.70528],[-9.15849,38.70512],[-9.15845,38.70511],[-9.15782,38.7046],[-9.15718,38.7046],[-9.15706,38.70512],[-9.15671,38.70575],[-9.15655,38.70586],[-9.15603,38.70638],[-9.15592,38.70642],[-9.15529,38.70658],[-9.15466,38.70658],[-9.15416,38.70638],[-9.15403,38.70627],[-9.1534,38.7063],[-9.15325,38.70638],[-9.15277,38.70648]]],[[[-9.16729,38.70512],[-9.16728,38.70513],[-9.16727,38.70512],[-9.16728,38.70511],[-9.16729,38.70512]]],[[[-9.17371,38.70828],[-9.17358,38.70839],[-9.17338,38.70828],[-9.17358,38.70814],[-9.17371,38.70828]]],[[[-9.18325,38.7108],[-9.18304,38.71094],[-9.18293,38.7108],[-9.18304,38.71055],[-9.18325,38.7108]]],[[[-9.16542,38.72215],[-9.16538,38.72218],[-9.16536,38.72215],[-9.16538,38.72214],[-9.16542,38.72215]]],[[[-9.16601,38.72277],[-9.16665,38.72277],[-9.167,38.72215],[-9.16728,38.72187],[-9.16748,38.72215],[-9.16791,38.7226],[-9.16852,38.72278],[-9.16818,38.72341],[-9.16809,38.72404],[-9.16791,38.72418],[-9.16728,38.72431],[-9.16665,38.72418],[-9.16601,38.72418],[-9.16578,38.72404],[-9.16565,38.72341],[-9.166,38.72278],[-9.16601,38.72277]]],[[[-9.16982,38.72468],[-9.1698,38.72471],[-9.16978,38.72468],[-9.1698,38.72466],[-9.16982,38.72468]]],[[[-9.16854,38.72973],[-9.16851,38.72972],[-9.16854,38.72971],[-9.16917,38.72971],[-9.16918,38.72972],[-9.16917,38.72973],[-9.16854,38.72973]]],[[[-9.17053,38.73287],[-9.17043,38.73308],[-9.17002,38.73287],[-9.17043,38.73272],[-9.17053,38.73287]]],[[[-9.16717,38.7354],[-9.16665,38.73521],[-9.16601,38.73521],[-9.16575,38.7354],[-9.16538,38.73567],[-9.16475,38.73554],[-9.16434,38.7354],[-9.16412,38.73533],[-9.16392,38.7354],[-9.16349,38.73555],[-9.16286,38.73555],[-9.16223,38.73581],[-9.16191,38.7354],[-9.16165,38.73477],[-9.16186,38.73414],[-9.16188,38.73351],[-9.16187,38.73287],[-9.16213,38.73224],[-9.16223,38.73201],[-9.16257,38.73161],[-9.16286,38.73101],[-9.16349,38.73101],[-9.16412,38.73153],[-9.16475,38.73126],[-9.16497,38.73098],[-9.16509,38.73035],[-9.16538,38.73004],[-9.16594,38.73035],[-9.16601,38.7304],[-9.16665,38.7304],[-9.16728,38.73039],[-9.16754,38.73035],[-9.16791,38.73019],[-9.16798,38.73035],[-9.16854,38.73068],[-9.16917,38.73068],[-9.16964,38.73098],[-9.16974,38.73161],[-9.1698,38.7317],[-9.17003,38.73224],[-9.1698,38.73273],[-9.16975,38.73287],[-9.16975,38.73351],[-9.1698,38.73363],[-9.17043,38.73406],[-9.17046,38.73414],[-9.17068,38.73477],[-9.17061,38.7354],[-9.17043,38.73571],[-9.17006,38.73603],[-9.17019,38.73666],[-9.1698,38.7369],[-9.16917,38.73679],[-9.16854,38.73679],[-9.16825,38.73666],[-9.16791,38.73629],[-9.16737,38.73603],[-9.16728,38.73577],[-9.16717,38.7354]],[[-9.16822,38.73414],[-9.16791,38.73448],[-9.16737,38.73477],[-9.16791,38.73498],[-9.16827,38.7354],[-9.16854,38.73565],[-9.16917,38.73565],[-9.1695,38.7354],[-9.1698,38.73522],[-9.17019,38.73477],[-9.1698,38.73437],[-9.1694,38.73414],[-9.16917,38.73404],[-9.16854,38.73404],[-9.16822,38.73414]],[[-9.16742,38.73098],[-9.16728,38.73111],[-9.16665,38.73139],[-9.16601,38.73139],[-9.16588,38.73161],[-9.16601,38.73183],[-9.16665,38.73183],[-9.16686,38.73224],[-9.16715,38.73287],[-9.16715,38.73351],[-9.16728,38.73363],[-9.16751,38.73351],[-9.16751,38.73287],[-9.1678,38.73224],[-9.16791,38.73215],[-9.16829,38.73161],[-9.1682,38.73098],[-9.16791,38.73078],[-9.16742,38.73098]],[[-9.16477,38.73351],[-9.16477,38.73287],[-9.16475,38.7328],[-9.16471,38.73287],[-9.16412,38.73325],[-9.16396,38.73351],[-9.16349,38.73382],[-9.16286,38.73382],[-9.16249,38.73414],[-9.16223,38.73433],[-9.16207,38.73477],[-9.16222,38.7354],[-9.16223,38.73542],[-9.16228,38.7354],[-9.16286,38.735],[-9.16349,38.735],[-9.16412,38.73496],[-9.16442,38.73477],[-9.16452,38.73414],[-9.16475,38.73353],[-9.16477,38.73351]],[[-9.16917,38.73359],[-9.16926,38.73351],[-9.16924,38.73287],[-9.16917,38.73248],[-9.16854,38.73248],[-9.16834,38.73287],[-9.16831,38.73351],[-9.16854,38.73359],[-9.16917,38.73359]]],[[[-9.17378,38.74044],[-9.17358,38.74053],[-9.17346,38.74044],[-9.17358,38.73992],[-9.17378,38.74044]]],[[[-9.16538,38.74075],[-9.16601,38.74077],[-9.16665,38.74077],[-9.16728,38.74067],[-9.16788,38.74044],[-9.16791,38.74042],[-9.16811,38.73981],[-9.16811,38.73918],[-9.16854,38.73891],[-9.16917,38.73891],[-9.16958,38.73855],[-9.1698,38.73818],[-9.17006,38.73855],[-9.17043,38.73882],[-9.17094,38.73855],[-9.17106,38.73847],[-9.17118,38.73855],[-9.17169,38.73879],[-9.17232,38.73879],[-9.17267,38.73918],[-9.1726,38.73981],[-9.1726,38.74044],[-9.17232,38.741],[-9.17169,38.741],[-9.17106,38.74083],[-9.17043,38.74096],[-9.17013,38.74107],[-9.17043,38.7417],[-9.17043,38.7417],[-9.17043,38.7417],[-9.1698,38.74177],[-9.16947,38.7417],[-9.16917,38.74136],[-9.16854,38.74136],[-9.16834,38.7417],[-9.16791,38.74196],[-9.16738,38.74234],[-9.16728,38.74247],[-9.16694,38.74234],[-9.16665,38.74227],[-9.16601,38.74227],[-9.16538,38.74221],[-9.16508,38.7417],[-9.1651,38.74107],[-9.16538,38.74075]],[[-9.16665,38.74159],[-9.16601,38.74159],[-9.16591,38.7417],[-9.16601,38.74176],[-9.16665,38.74176],[-9.16674,38.7417],[-9.16665,38.74159]],[[-9.17043,38.74021],[-9.1698,38.7402],[-9.16954,38.74044],[-9.1698,38.74059],[-9.17043,38.74053],[-9.17068,38.74044],[-9.17043,38.74021]]],[[[-9.15908,38.74222],[-9.15881,38.7417],[-9.15845,38.74112],[-9.1584,38.74107],[-9.15813,38.74044],[-9.15782,38.74029],[-9.15718,38.74029],[-9.15687,38.74044],[-9.15655,38.74062],[-9.15632,38.74044],[-9.1561,38.73981],[-9.1561,38.73918],[-9.15655,38.73878],[-9.15718,38.73892],[-9.15782,38.73892],[-9.15845,38.739],[-9.15908,38.73913],[-9.1591,38.73918],[-9.1591,38.73981],[-9.15908,38.73989],[-9.15857,38.74044],[-9.15908,38.74067],[-9.15971,38.74071],[-9.16034,38.74071],[-9.16068,38.74107],[-9.16097,38.74132],[-9.16143,38.7417],[-9.1616,38.74228],[-9.16179,38.74234],[-9.16167,38.74297],[-9.1616,38.74303],[-9.16097,38.74314],[-9.16034,38.74326],[-9.15971,38.74326],[-9.15908,38.74317],[-9.15866,38.74297],[-9.15908,38.74242],[-9.15916,38.74234],[-9.15908,38.74222]]],[[[-9.16228,38.7417],[-9.16286,38.74138],[-9.16349,38.74138],[-9.16379,38.7417],[-9.16349,38.74188],[-9.16286,38.74188],[-9.16228,38.7417]]],[[[-9.16514,38.74423],[-9.16475,38.74437],[-9.16459,38.74423],[-9.16475,38.74409],[-9.16514,38.74423]]],[[[-9.17118,38.74927],[-9.17106,38.74935],[-9.17086,38.74927],[-9.17043,38.74878],[-9.17037,38.74864],[-9.17043,38.74857],[-9.17106,38.74848],[-9.1713,38.74864],[-9.17118,38.74927]]],[[[-9.18115,38.74881],[-9.18175,38.74927],[-9.18178,38.7493],[-9.18211,38.7499],[-9.18178,38.75013],[-9.18137,38.75054],[-9.18119,38.75117],[-9.18115,38.75117],[-9.18052,38.75117],[-9.18052,38.75117],[-9.18023,38.75054],[-9.18,38.7499],[-9.1804,38.74927],[-9.18052,38.74881],[-9.18115,38.74881]]],[[[-9.17737,38.75062],[-9.17678,38.75054],[-9.17737,38.75044],[-9.178,38.75044],[-9.1782,38.75054],[-9.178,38.75062],[-9.17737,38.75062]]],[[[-9.18257,38.75054],[-9.18241,38.75069],[-9.18237,38.75054],[-9.18241,38.75046],[-9.18257,38.75054]]],[[[-9.18203,38.75243],[-9.18203,38.7518],[-9.18241,38.75124],[-9.18281,38.7518],[-9.18281,38.75243],[-9.18241,38.75291],[-9.18203,38.75243]]],[[[-9.18374,38.75369],[-9.18368,38.75422],[-9.18304,38.75422],[-9.18241,38.75375],[-9.18237,38.75369],[-9.18241,38.75357],[-9.18304,38.75362],[-9.18368,38.75362],[-9.18374,38.75369]]],[[[-9.15808,38.76189],[-9.15782,38.76149],[-9.15718,38.76149],[-9.15704,38.76126],[-9.15655,38.76083],[-9.15592,38.76092],[-9.15529,38.76068],[-9.15521,38.76063],[-9.15529,38.76051],[-9.15589,38.76],[-9.15592,38.75981],[-9.15605,38.75937],[-9.15655,38.75924],[-9.15718,38.75901],[-9.15782,38.75901],[-9.15807,38.75873],[-9.15807,38.7581],[-9.15845,38.75785],[-9.15908,38.75768],[-9.15939,38.75747],[-9.15971,38.75696],[-9.16034,38.75696],[-9.16075,38.75684],[-9.16034,38.75639],[-9.15971,38.75639],[-9.15951,38.75621],[-9.15921,38.75558],[-9.15908,38.75546],[-9.15886,38.75558],[-9.15845,38.75577],[-9.15826,38.75558],[-9.15782,38.75506],[-9.15718,38.75506],[-9.15698,38.75495],[-9.15655,38.75472],[-9.15592,38.75446],[-9.15585,38.75432],[-9.1558,38.75369],[-9.15592,38.75316],[-9.15595,38.75306],[-9.15655,38.75264],[-9.15717,38.75243],[-9.15717,38.7518],[-9.15718,38.75179],[-9.15782,38.75179],[-9.15784,38.7518],[-9.15784,38.75243],[-9.15782,38.75245],[-9.15718,38.75245],[-9.15698,38.75306],[-9.15718,38.75321],[-9.15782,38.75321],[-9.15845,38.7531],[-9.15864,38.75306],[-9.15888,38.75243],[-9.15888,38.7518],[-9.15908,38.75141],[-9.15922,38.7518],[-9.15922,38.75243],[-9.15971,38.75288],[-9.16034,38.75288],[-9.16047,38.75306],[-9.16097,38.75362],[-9.16137,38.75306],[-9.16147,38.75243],[-9.16147,38.7518],[-9.16159,38.75117],[-9.16148,38.75054],[-9.1616,38.75034],[-9.16208,38.7499],[-9.16223,38.74965],[-9.16286,38.74975],[-9.16349,38.74975],[-9.16368,38.7499],[-9.16412,38.75003],[-9.16475,38.75002],[-9.16538,38.74997],[-9.16595,38.75054],[-9.16601,38.75066],[-9.16665,38.75066],[-9.16674,38.75054],[-9.16728,38.75013],[-9.16791,38.75021],[-9.16836,38.75054],[-9.16791,38.75109],[-9.16728,38.7509],[-9.16698,38.75117],[-9.16687,38.7518],[-9.16687,38.75243],[-9.16665,38.75269],[-9.16601,38.75269],[-9.16538,38.75275],[-9.16497,38.75306],[-9.16475,38.75334],[-9.16429,38.75369],[-9.16475,38.7539],[-9.165,38.75432],[-9.16538,38.75469],[-9.16601,38.75469],[-9.16624,38.75495],[-9.16665,38.75543],[-9.16683,38.75558],[-9.16665,38.75588],[-9.16641,38.75621],[-9.16642,38.75684],[-9.16614,38.75747],[-9.16601,38.75773],[-9.16538,38.75773],[-9.16511,38.7581],[-9.16496,38.75873],[-9.16475,38.75919],[-9.16412,38.75918],[-9.16385,38.75937],[-9.16349,38.75967],[-9.16286,38.75967],[-9.16273,38.76],[-9.16245,38.76063],[-9.16223,38.76086],[-9.1616,38.7609],[-9.16097,38.76069],[-9.16064,38.76126],[-9.16034,38.76144],[-9.15971,38.76144],[-9.15932,38.76189],[-9.15971,38.76244],[-9.16034,38.76244],[-9.16046,38.76252],[-9.16034,38.76269],[-9.15971,38.76269],[-9.15944,38.76315],[-9.15971,38.76327],[-9.16034,38.76327],[-9.16081,38.76378],[-9.16034,38.76413],[-9.15971,38.76413],[-9.15925,38.76378],[-9.15908,38.76345],[-9.15845,38.76335],[-9.15789,38.76315],[-9.15802,38.76252],[-9.15808,38.76189]],[[-9.16034,38.76376],[-9.15971,38.76376],[-9.15969,38.76378],[-9.15971,38.7638],[-9.16034,38.7638],[-9.16036,38.76378],[-9.16034,38.76376]],[[-9.15908,38.75998],[-9.15845,38.75938],[-9.1579,38.76],[-9.15845,38.76039],[-9.15908,38.76002],[-9.15909,38.76],[-9.15908,38.75998]],[[-9.15782,38.75422],[-9.15718,38.75422],[-9.15695,38.75432],[-9.15718,38.75475],[-9.15782,38.75475],[-9.15793,38.75432],[-9.15782,38.75422]],[[-9.16475,38.75087],[-9.16453,38.75054],[-9.16412,38.75035],[-9.16349,38.75044],[-9.16286,38.75044],[-9.16265,38.75054],[-9.16232,38.75117],[-9.1626,38.7518],[-9.1626,38.75243],[-9.16286,38.75251],[-9.16349,38.75251],[-9.16412,38.75251],[-9.16475,38.75249],[-9.16483,38.75243],[-9.16523,38.7518],[-9.16538,38.75152],[-9.16551,38.75117],[-9.16541,38.75054],[-9.16538,38.75051],[-9.1653,38.75054],[-9.16475,38.75087]],[[-9.1643,38.7581],[-9.16475,38.75747],[-9.16475,38.75747],[-9.16531,38.75684],[-9.16524,38.75621],[-9.16538,38.75601],[-9.16601,38.75601],[-9.16637,38.75558],[-9.16601,38.75516],[-9.16538,38.75516],[-9.16526,38.75495],[-9.16475,38.75445],[-9.16412,38.75442],[-9.16399,38.75432],[-9.16349,38.75376],[-9.16286,38.75376],[-9.16223,38.75402],[-9.16189,38.75432],[-9.1616,38.75453],[-9.16101,38.75495],[-9.16105,38.75558],[-9.16097,38.7561],[-9.16093,38.75621],[-9.16097,38.75626],[-9.16129,38.75684],[-9.16097,38.75727],[-9.16062,38.75747],[-9.16034,38.75768],[-9.15971,38.75768],[-9.15908,38.75801],[-9.15884,38.7581],[-9.15884,38.75873],[-9.15907,38.75937],[-9.15908,38.75937],[-9.15963,38.76],[-9.15971,38.7601],[-9.16034,38.7601],[-9.16097,38.76014],[-9.1616,38.76032],[-9.16214,38.76],[-9.16218,38.75937],[-9.16223,38.75932],[-9.16286,38.759],[-9.16349,38.759],[-9.1638,38.75873],[-9.16412,38.75829],[-9.1643,38.7581]],[[-9.15782,38.75371],[-9.1579,38.75369],[-9.15782,38.75367],[-9.15718,38.75367],[-9.15655,38.75349],[-9.15647,38.75369],[-9.15655,38.75379],[-9.15718,38.75371],[-9.15782,38.75371]]],[[[-9.17641,38.75873],[-9.17641,38.7581],[-9.17611,38.75769],[-9.1756,38.75747],[-9.17609,38.75684],[-9.17611,38.75681],[-9.17614,38.75684],[-9.17674,38.75711],[-9.17737,38.75722],[-9.178,38.75722],[-9.17863,38.75719],[-9.17926,38.75715],[-9.17951,38.75684],[-9.17989,38.75627],[-9.18007,38.75621],[-9.18052,38.75587],[-9.18115,38.75587],[-9.18128,38.75558],[-9.18178,38.7553],[-9.18241,38.75521],[-9.18266,38.75495],[-9.18304,38.75434],[-9.18368,38.75434],[-9.18431,38.75439],[-9.18451,38.75432],[-9.18494,38.75412],[-9.18557,38.75428],[-9.1862,38.75392],[-9.18683,38.75392],[-9.18723,38.75432],[-9.18746,38.75465],[-9.18809,38.75494],[-9.18811,38.75495],[-9.18864,38.75558],[-9.18846,38.75621],[-9.18809,38.75629],[-9.18759,38.75621],[-9.18746,38.75619],[-9.18743,38.75621],[-9.18683,38.75664],[-9.1862,38.75664],[-9.18557,38.75678],[-9.18494,38.7568],[-9.18431,38.7568],[-9.18421,38.75684],[-9.18431,38.75699],[-9.1846,38.75747],[-9.18433,38.7581],[-9.18433,38.75873],[-9.18431,38.75883],[-9.18386,38.75873],[-9.18386,38.7581],[-9.18368,38.75807],[-9.18304,38.75807],[-9.18241,38.75808],[-9.1824,38.7581],[-9.18241,38.75873],[-9.18178,38.75908],[-9.18133,38.75873],[-9.18141,38.7581],[-9.18115,38.75792],[-9.18057,38.7581],[-9.18057,38.75873],[-9.18052,38.75875],[-9.17989,38.75875],[-9.17945,38.75937],[-9.17985,38.76],[-9.17926,38.76008],[-9.17915,38.76],[-9.17863,38.75949],[-9.178,38.75945],[-9.17737,38.75945],[-9.17714,38.75937],[-9.17674,38.75909],[-9.17641,38.75873]],[[-9.18557,38.75476],[-9.18494,38.75471],[-9.18431,38.75473],[-9.18375,38.75495],[-9.18368,38.75512],[-9.18304,38.75512],[-9.1827,38.75558],[-9.18304,38.75572],[-9.18368,38.75572],[-9.18428,38.75558],[-9.18431,38.75557],[-9.18434,38.75558],[-9.18494,38.75598],[-9.18557,38.7559],[-9.18598,38.75621],[-9.1862,38.75625],[-9.18683,38.75625],[-9.18689,38.75621],[-9.18746,38.75579],[-9.18777,38.75558],[-9.18746,38.75529],[-9.18683,38.75521],[-9.1862,38.75521],[-9.18593,38.75495],[-9.18557,38.75476]],[[-9.18241,38.75629],[-9.18249,38.75621],[-9.18241,38.75599],[-9.18225,38.75621],[-9.18241,38.75629]],[[-9.18052,38.75744],[-9.17989,38.75744],[-9.17984,38.75747],[-9.17989,38.75779],[-9.18052,38.75779],[-9.18054,38.75747],[-9.18052,38.75744]]],[[[-9.17106,38.75743],[-9.17058,38.75684],[-9.17084,38.75621],[-9.17106,38.75591],[-9.17169,38.75571],[-9.17232,38.75571],[-9.17295,38.75564],[-9.17358,38.75616],[-9.17366,38.75621],[-9.17415,38.75684],[-9.17421,38.75695],[-9.17484,38.75695],[-9.1754,38.75747],[-9.17484,38.75781],[-9.17421,38.75781],[-9.174,38.7581],[-9.17399,38.75873],[-9.17358,38.75913],[-9.17295,38.75929],[-9.17242,38.75873],[-9.17232,38.75826],[-9.17169,38.75826],[-9.17167,38.7581],[-9.17115,38.75747],[-9.17106,38.75743]],[[-9.17169,38.75632],[-9.17232,38.75632],[-9.17247,38.75684],[-9.17295,38.75727],[-9.17358,38.75689],[-9.17359,38.75684],[-9.17358,38.75684],[-9.17298,38.75621],[-9.17295,38.75618],[-9.17232,38.75621],[-9.17169,38.75621],[-9.17168,38.75621],[-9.17169,38.75632]],[[-9.17106,38.75696],[-9.17158,38.75684],[-9.17106,38.75664],[-9.17097,38.75684],[-9.17106,38.75696]]],[[[-9.16114,38.76189],[-9.16097,38.76209],[-9.16083,38.76189],[-9.16097,38.76164],[-9.16114,38.76189]]],[[[-9.16392,38.76252],[-9.16367,38.76189],[-9.16412,38.76179],[-9.16424,38.76189],[-9.16425,38.76252],[-9.16412,38.76276],[-9.16392,38.76252]]],[[[-9.15718,38.76379],[-9.15717,38.76378],[-9.15718,38.76362],[-9.15782,38.76362],[-9.15783,38.76378],[-9.15782,38.76379],[-9.15718,38.76379]]],[[[-9.16601,38.76525],[-9.16638,38.76567],[-9.16665,38.76598],[-9.16728,38.76581],[-9.16785,38.7663],[-9.16728,38.76673],[-9.16665,38.76659],[-9.16601,38.76648],[-9.16538,38.76648],[-9.16526,38.7663],[-9.16495,38.76567],[-9.16538,38.76525],[-9.16601,38.76525]]],[[[-9.16735,38.76756],[-9.16728,38.76759],[-9.16724,38.76756],[-9.16728,38.76744],[-9.16735,38.76756]]],[[[-9.16484,38.77009],[-9.16489,38.77072],[-9.16489,38.77135],[-9.16521,38.77198],[-9.16475,38.77249],[-9.16413,38.77198],[-9.1645,38.77135],[-9.1645,38.77072],[-9.16412,38.77038],[-9.16394,38.77009],[-9.16412,38.77],[-9.16475,38.76994],[-9.16484,38.77009]]],[[[-9.15782,38.77331],[-9.1577,38.77324],[-9.15782,38.7732],[-9.15788,38.77324],[-9.15782,38.77331]]],[[[-9.15971,38.78651],[-9.15966,38.78649],[-9.15971,38.78638],[-9.16034,38.78638],[-9.16036,38.78649],[-9.16034,38.78651],[-9.15971,38.78651]]],[[[-9.15077,38.70765],[-9.15077,38.70701],[-9.15088,38.70685],[-9.15101,38.70701],[-9.15101,38.70765],[-9.15088,38.70775],[-9.15077,38.70765]]],[[[-9.12403,38.71206],[-9.12376,38.7116],[-9.12359,38.7116],[-9.12376,38.71143],[-9.12439,38.7108],[-9.12449,38.7107],[-9.12502,38.7107],[-9.12565,38.7107],[-9.12628,38.71047],[-9.1267,38.71017],[-9.12691,38.71009],[-9.12754,38.71008],[-9.12809,38.70954],[-9.12817,38.70947],[-9.1288,38.70947],[-9.12943,38.70941],[-9.13006,38.70894],[-9.13047,38.70954],[-9.13006,38.71003],[-9.12993,38.71017],[-9.12975,38.7108],[-9.12943,38.71103],[-9.1288,38.71137],[-9.12817,38.71137],[-9.12813,38.71143],[-9.12785,38.71206],[-9.12754,38.71231],[-9.12691,38.71244],[-9.1264,38.71269],[-9.12628,38.71275],[-9.12565,38.71281],[-9.12502,38.71281],[-9.12439,38.71289],[-9.12376,38.71309],[-9.1236,38.71269],[-9.12376,38.71242],[-9.12403,38.71206]],[[-9.12565,38.71114],[-9.12502,38.71114],[-9.12477,38.71143],[-9.12502,38.71194],[-9.12565,38.71194],[-9.12607,38.71143],[-9.12565,38.71114]]],[[[-9.12249,38.71336],[-9.12248,38.71332],[-9.12249,38.71331],[-9.12313,38.71331],[-9.12318,38.71332],[-9.12313,38.71336],[-9.12249,38.71336]]],[[[-9.12195,38.71521],[-9.12186,38.71528],[-9.1217,38.71521],[-9.12186,38.71504],[-9.12195,38.71521]]],[[[-9.11917,38.72215],[-9.11934,38.72202],[-9.11997,38.72202],[-9.12023,38.72152],[-9.1206,38.72109],[-9.12123,38.72145],[-9.12133,38.72152],[-9.12186,38.7221],[-9.12191,38.72215],[-9.12186,38.72226],[-9.1216,38.72278],[-9.12186,38.72324],[-9.12197,38.72341],[-9.12186,38.72355],[-9.12123,38.72361],[-9.12078,38.72341],[-9.1206,38.72333],[-9.11997,38.72336],[-9.11934,38.72336],[-9.11878,38.72278],[-9.11917,38.72215]]],[[[-9.12566,38.7272],[-9.12565,38.72723],[-9.12502,38.72723],[-9.12498,38.7272],[-9.12498,38.72657],[-9.12502,38.72655],[-9.12565,38.72655],[-9.12566,38.72657],[-9.12566,38.7272]]],[[[-9.12217,38.73414],[-9.12186,38.73448],[-9.12172,38.73414],[-9.12186,38.73399],[-9.12217,38.73414]]],[[[-9.11839,38.73729],[-9.11808,38.7377],[-9.11745,38.7375],[-9.11682,38.73741],[-9.11619,38.73741],[-9.11605,38.73729],[-9.11619,38.7371],[-9.11682,38.7371],[-9.1172,38.73666],[-9.11733,38.73603],[-9.11682,38.73556],[-9.11619,38.73556],[-9.11604,38.7354],[-9.11619,38.73519],[-9.11682,38.73519],[-9.11745,38.7351],[-9.11777,38.73477],[-9.11808,38.73435],[-9.11815,38.73414],[-9.11871,38.73358],[-9.1188,38.73351],[-9.11896,38.73287],[-9.11934,38.73265],[-9.11997,38.73265],[-9.1206,38.73252],[-9.12123,38.73252],[-9.12152,38.73224],[-9.12186,38.73196],[-9.12238,38.73161],[-9.12249,38.73154],[-9.12313,38.73154],[-9.12329,38.73161],[-9.12376,38.73176],[-9.12439,38.73176],[-9.12499,38.73161],[-9.12502,38.73161],[-9.12565,38.73161],[-9.12566,38.73161],[-9.12565,38.73164],[-9.12502,38.73164],[-9.12486,38.73224],[-9.12502,38.73251],[-9.12565,38.73251],[-9.12594,38.73287],[-9.12594,38.73351],[-9.12598,38.73414],[-9.12575,38.73477],[-9.12565,38.73525],[-9.12502,38.73525],[-9.12488,38.7354],[-9.12439,38.73568],[-9.12376,38.73548],[-9.12313,38.73557],[-9.12249,38.73557],[-9.12234,38.7354],[-9.12186,38.73528],[-9.12164,38.7354],[-9.12186,38.73574],[-9.12218,38.73603],[-9.12221,38.73666],[-9.12186,38.737],[-9.12145,38.73666],[-9.12123,38.73625],[-9.12105,38.73603],[-9.1206,38.73595],[-9.12029,38.73603],[-9.1206,38.73631],[-9.12099,38.73666],[-9.12087,38.73729],[-9.1206,38.73758],[-9.11997,38.73757],[-9.11934,38.73757],[-9.11901,38.73729],[-9.11873,38.73666],[-9.11871,38.73664],[-9.1187,38.73666],[-9.11839,38.73729]],[[-9.1238,38.73414],[-9.12405,38.73351],[-9.12405,38.73287],[-9.12419,38.73224],[-9.12376,38.73208],[-9.12337,38.73224],[-9.12313,38.73247],[-9.12249,38.73247],[-9.12186,38.73244],[-9.1214,38.73287],[-9.1214,38.73351],[-9.12123,38.73367],[-9.1206,38.73355],[-9.12008,38.73351],[-9.11997,38.73348],[-9.11934,38.73348],[-9.11934,38.73351],[-9.11871,38.73405],[-9.11862,38.73414],[-9.11871,38.7343],[-9.11891,38.73477],[-9.11871,38.73511],[-9.11847,38.7354],[-9.11871,38.73567],[-9.11895,38.7354],[-9.11934,38.73515],[-9.11997,38.73515],[-9.12046,38.7354],[-9.1206,38.7355],[-9.1208,38.7354],[-9.12123,38.73501],[-9.12186,38.73485],[-9.12236,38.73477],[-9.12249,38.73466],[-9.12313,38.73466],[-9.12376,38.73428],[-9.1238,38.73414]]],[[[-9.1534,38.74274],[-9.15307,38.74297],[-9.15277,38.74327],[-9.15214,38.74306],[-9.15151,38.74306],[-9.15088,38.74311],[-9.15078,38.74297],[-9.15088,38.74285],[-9.15151,38.74279],[-9.15214,38.74279],[-9.15277,38.74257],[-9.15292,38.74234],[-9.15277,38.74222],[-9.15229,38.7417],[-9.15214,38.74115],[-9.15151,38.74115],[-9.15137,38.74107],[-9.15144,38.74044],[-9.15151,38.74021],[-9.15214,38.74021],[-9.15277,38.74041],[-9.15324,38.73981],[-9.15324,38.73918],[-9.1534,38.73911],[-9.15385,38.73918],[-9.15385,38.73981],[-9.15403,38.73993],[-9.15466,38.73993],[-9.15509,38.74044],[-9.15529,38.74055],[-9.15592,38.74103],[-9.15595,38.74107],[-9.15655,38.74127],[-9.1569,38.7417],[-9.15655,38.74224],[-9.15592,38.74226],[-9.15589,38.74234],[-9.15592,38.74241],[-9.1562,38.74297],[-9.15592,38.74308],[-9.15551,38.74297],[-9.15529,38.74285],[-9.15495,38.74297],[-9.15466,38.74302],[-9.15403,38.74302],[-9.15387,38.74297],[-9.1534,38.74274]]],[[[-9.15659,38.7436],[-9.15655,38.74362],[-9.15651,38.7436],[-9.15655,38.74347],[-9.15659,38.7436]]],[[[-9.12103,38.74486],[-9.12098,38.74423],[-9.12123,38.74388],[-9.12153,38.74423],[-9.12134,38.74486],[-9.12123,38.74499],[-9.12103,38.74486]]],[[[-9.12186,38.74614],[-9.12177,38.74612],[-9.12186,38.7461],[-9.12249,38.7461],[-9.12251,38.74612],[-9.12249,38.74614],[-9.12186,38.74614]]],[[[-9.12082,38.74864],[-9.1206,38.74916],[-9.12038,38.74864],[-9.1206,38.74839],[-9.12082,38.74864]]],[[[-9.12568,38.75117],[-9.12565,38.75119],[-9.12502,38.75119],[-9.12497,38.75117],[-9.12491,38.75054],[-9.12502,38.75014],[-9.12565,38.75014],[-9.12568,38.75054],[-9.12568,38.75117]]],[[[-9.13889,38.75005],[-9.13952,38.75006],[-9.14015,38.75006],[-9.14066,38.75054],[-9.14073,38.75117],[-9.14053,38.7518],[-9.14015,38.75221],[-9.13952,38.75221],[-9.13946,38.75243],[-9.13916,38.75306],[-9.13889,38.75315],[-9.13826,38.75318],[-9.13817,38.75306],[-9.13797,38.75243],[-9.13797,38.7518],[-9.13826,38.75139],[-9.13838,38.75117],[-9.13827,38.75054],[-9.13889,38.75005]],[[-9.13863,38.75054],[-9.13863,38.75117],[-9.13836,38.7518],[-9.13889,38.75226],[-9.13925,38.7518],[-9.13952,38.75153],[-9.14015,38.75153],[-9.14046,38.75117],[-9.14021,38.75054],[-9.14015,38.75048],[-9.13952,38.75048],[-9.13889,38.75033],[-9.13863,38.75054]]],[[[-9.14394,38.75705],[-9.14373,38.75684],[-9.14394,38.75643],[-9.14433,38.75684],[-9.14394,38.75705]]],[[[-9.15157,38.75621],[-9.15162,38.75684],[-9.15151,38.75732],[-9.15088,38.75732],[-9.15061,38.75747],[-9.15025,38.75795],[-9.15002,38.75747],[-9.15001,38.75684],[-9.15025,38.75673],[-9.1508,38.75621],[-9.15088,38.75611],[-9.15151,38.75611],[-9.15157,38.75621]]],[[[-9.12186,38.76084],[-9.12153,38.76063],[-9.12186,38.76025],[-9.12249,38.76025],[-9.12295,38.76063],[-9.12249,38.76084],[-9.12186,38.76084]]],[[[-9.12397,38.76126],[-9.12376,38.76136],[-9.12369,38.76126],[-9.12376,38.76112],[-9.12397,38.76126]]],[[[-9.12968,38.76189],[-9.12943,38.76215],[-9.12918,38.76189],[-9.12943,38.7617],[-9.12968,38.76189]]],[[[-9.13577,38.76883],[-9.13574,38.76885],[-9.13568,38.76883],[-9.13574,38.76878],[-9.13577,38.76883]]],[[[-9.13637,38.77073],[-9.13636,38.77072],[-9.13637,38.77067],[-9.137,38.77067],[-9.13702,38.77072],[-9.137,38.77073],[-9.13637,38.77073]]],[[[-9.12565,38.77272],[-9.12502,38.77272],[-9.1249,38.77261],[-9.12502,38.7725],[-9.12565,38.7725],[-9.12628,38.77254],[-9.12639,38.77261],[-9.12691,38.77304],[-9.12727,38.77324],[-9.12754,38.77353],[-9.12817,38.77353],[-9.12829,38.77387],[-9.12839,38.7745],[-9.12817,38.77464],[-9.12754,38.77464],[-9.12729,38.7745],[-9.12725,38.77387],[-9.12691,38.77356],[-9.12628,38.77356],[-9.12611,38.77324],[-9.12565,38.77272]]],[[[-9.12502,38.77388],[-9.125,38.77387],[-9.12502,38.77382],[-9.12565,38.77382],[-9.12576,38.77387],[-9.12565,38.77388],[-9.12502,38.77388]]],[[[-9.15589,38.7745],[-9.15585,38.77387],[-9.15592,38.77371],[-9.15605,38.77387],[-9.15596,38.7745],[-9.15592,38.77453],[-9.15589,38.7745]]],[[[-9.12631,38.7745],[-9.12628,38.77451],[-9.12627,38.7745],[-9.12628,38.77439],[-9.12631,38.7745]]],[[[-9.14583,38.78966],[-9.14646,38.79021],[-9.14709,38.79007],[-9.14724,38.79027],[-9.14729,38.7909],[-9.14772,38.7912],[-9.14835,38.7912],[-9.14898,38.79111],[-9.14921,38.7909],[-9.14921,38.79027],[-9.14962,38.78987],[-9.14978,38.78964],[-9.15009,38.78901],[-9.14986,38.78838],[-9.14983,38.78775],[-9.14963,38.78712],[-9.14962,38.78709],[-9.14898,38.78708],[-9.14835,38.78707],[-9.14772,38.78707],[-9.14744,38.78649],[-9.14728,38.78586],[-9.14709,38.78565],[-9.14646,38.78585],[-9.14583,38.78542],[-9.1452,38.78542],[-9.14494,38.78586],[-9.14502,38.78649],[-9.1452,38.78668],[-9.14583,38.78668],[-9.1461,38.78712],[-9.14583,38.78767],[-9.1452,38.78767],[-9.14514,38.78775],[-9.1452,38.78812],[-9.14583,38.78812],[-9.14588,38.78838],[-9.14583,38.78842],[-9.14522,38.78842],[-9.14509,38.78815],[-9.14365,38.78839],[-9.14365,38.78838],[-9.14372,38.78775],[-9.14394,38.78726],[-9.144,38.78712],[-9.14394,38.78677],[-9.14331,38.78684],[-9.14292,38.78712],[-9.14268,38.78728],[-9.14205,38.78728],[-9.14142,38.78728],[-9.14124,38.78728],[-9.14115,38.7872],[-9.1378,38.78614],[-9.13697,38.78571],[-9.137,38.78568],[-9.13763,38.78528],[-9.1377,38.78523],[-9.13763,38.78491],[-9.137,38.78462],[-9.13637,38.78462],[-9.13634,38.78459],[-9.13634,38.78396],[-9.13637,38.78391],[-9.137,38.78391],[-9.13735,38.78333],[-9.13763,38.78301],[-9.13798,38.7827],[-9.13763,38.78227],[-9.13756,38.78207],[-9.13763,38.78199],[-9.13801,38.78144],[-9.13826,38.78082],[-9.13827,38.78081],[-9.13856,38.78018],[-9.13889,38.77969],[-9.13921,38.77955],[-9.13952,38.77904],[-9.14015,38.77904],[-9.14021,38.77892],[-9.14059,38.77829],[-9.14079,38.77801],[-9.14098,38.77829],[-9.14142,38.77857],[-9.14205,38.77835],[-9.14268,38.77835],[-9.14276,38.77829],[-9.14268,38.7782],[-9.14205,38.7782],[-9.14165,38.77766],[-9.14205,38.77732],[-9.14268,38.77732],[-9.14331,38.77721],[-9.14394,38.77723],[-9.14457,38.77706],[-9.1452,38.7772],[-9.14583,38.7772],[-9.14646,38.77742],[-9.14691,38.77703],[-9.14709,38.77668],[-9.14772,38.77658],[-9.14835,38.77663],[-9.14898,38.77663],[-9.14905,38.77639],[-9.14911,38.77576],[-9.14898,38.77566],[-9.14835,38.77566],[-9.14772,38.77516],[-9.14771,38.77513],[-9.1475,38.7745],[-9.14709,38.77433],[-9.1465,38.77387],[-9.1467,38.77324],[-9.14709,38.77288],[-9.14758,38.77261],[-9.14709,38.77231],[-9.14687,38.77198],[-9.14687,38.77135],[-9.14709,38.77119],[-9.14772,38.77115],[-9.1478,38.77135],[-9.1478,38.77198],[-9.14835,38.77251],[-9.14898,38.77251],[-9.14941,38.77198],[-9.14941,38.77135],[-9.14898,38.77094],[-9.14835,38.77094],[-9.14795,38.77072],[-9.14772,38.77044],[-9.14755,38.77009],[-9.14772,38.76959],[-9.14781,38.76946],[-9.14778,38.76883],[-9.1478,38.7682],[-9.14779,38.76756],[-9.14772,38.76748],[-9.14709,38.76694],[-9.14708,38.76693],[-9.14683,38.7663],[-9.14646,38.76607],[-9.14623,38.76567],[-9.14628,38.76504],[-9.14644,38.76441],[-9.14646,38.76437],[-9.14664,38.76378],[-9.14646,38.76331],[-9.14639,38.76315],[-9.14646,38.76311],[-9.14709,38.76302],[-9.14772,38.76293],[-9.14792,38.76252],[-9.14813,38.76189],[-9.14835,38.76167],[-9.14898,38.76167],[-9.14962,38.76145],[-9.14974,38.76126],[-9.14962,38.76098],[-9.14904,38.76063],[-9.14898,38.76061],[-9.14835,38.76061],[-9.14831,38.76063],[-9.14772,38.76099],[-9.14709,38.76116],[-9.14682,38.76126],[-9.14668,38.76189],[-9.14646,38.76204],[-9.14599,38.76189],[-9.14583,38.76185],[-9.1452,38.76185],[-9.14503,38.76189],[-9.14457,38.76202],[-9.14412,38.76252],[-9.14394,38.76283],[-9.1435,38.76252],[-9.14331,38.76234],[-9.14268,38.76234],[-9.14228,38.76189],[-9.14268,38.76162],[-9.14331,38.76162],[-9.1435,38.76126],[-9.14331,38.76064],[-9.14268,38.76064],[-9.14205,38.76116],[-9.14198,38.76126],[-9.14185,38.76189],[-9.14142,38.76217],[-9.14088,38.76252],[-9.14079,38.76264],[-9.14022,38.76252],[-9.14015,38.76251],[-9.13952,38.76251],[-9.13952,38.76252],[-9.13889,38.76304],[-9.13862,38.76315],[-9.13826,38.76342],[-9.13787,38.76378],[-9.13763,38.76388],[-9.13746,38.76378],[-9.137,38.76355],[-9.13637,38.76355],[-9.13574,38.76343],[-9.13511,38.76346],[-9.13469,38.76378],[-9.13448,38.76393],[-9.13385,38.76393],[-9.13322,38.7639],[-9.13273,38.76441],[-9.13259,38.76454],[-9.13197,38.76504],[-9.13197,38.76567],[-9.13259,38.76604],[-9.13312,38.7663],[-9.13322,38.76645],[-9.13339,38.76693],[-9.13326,38.76756],[-9.13385,38.76793],[-9.13448,38.76793],[-9.13491,38.7682],[-9.13448,38.76838],[-9.13385,38.76838],[-9.13322,38.76836],[-9.13284,38.76883],[-9.13259,38.769],[-9.13228,38.76946],[-9.13196,38.76999],[-9.13144,38.76946],[-9.13132,38.76888],[-9.13069,38.76888],[-9.13006,38.76926],[-9.12981,38.76946],[-9.12964,38.77009],[-9.13006,38.77061],[-9.13026,38.77072],[-9.13069,38.77089],[-9.13132,38.77089],[-9.13178,38.77072],[-9.13196,38.77029],[-9.13259,38.77026],[-9.13309,38.77072],[-9.13305,38.77135],[-9.13305,38.77198],[-9.1326,38.77261],[-9.13322,38.77322],[-9.13322,38.77324],[-9.13322,38.77326],[-9.13259,38.77341],[-9.13196,38.77378],[-9.1319,38.77387],[-9.13196,38.77413],[-9.1321,38.7745],[-9.13219,38.77513],[-9.13196,38.77568],[-9.13193,38.77576],[-9.13169,38.77639],[-9.13157,38.77703],[-9.13132,38.7776],[-9.13069,38.7776],[-9.1306,38.77766],[-9.1306,38.77829],[-9.13006,38.77851],[-9.12987,38.77892],[-9.12943,38.77922],[-9.12897,38.77955],[-9.1288,38.77997],[-9.12853,38.78018],[-9.12844,38.78081],[-9.1288,38.78141],[-9.12891,38.78144],[-9.12943,38.78149],[-9.13006,38.78185],[-9.13022,38.78207],[-9.13069,38.78224],[-9.13132,38.78224],[-9.13181,38.7827],[-9.13171,38.78333],[-9.13162,38.78396],[-9.13161,38.7844],[-9.12978,38.784],[-9.12973,38.78399],[-9.12973,38.78396],[-9.12965,38.78333],[-9.13006,38.78274],[-9.13028,38.7827],[-9.13006,38.78266],[-9.12943,38.78264],[-9.1288,38.78231],[-9.12844,38.78207],[-9.12817,38.78187],[-9.12754,38.78187],[-9.12708,38.78144],[-9.12691,38.78107],[-9.12652,38.78081],[-9.12628,38.78054],[-9.12606,38.78081],[-9.12565,38.78108],[-9.12502,38.78108],[-9.12481,38.78144],[-9.12502,38.78189],[-9.12565,38.78189],[-9.12616,38.78207],[-9.12628,38.78216],[-9.12691,38.78247],[-9.12709,38.7827],[-9.12691,38.78284],[-9.12628,38.78283],[-9.12605,38.78308],[-9.12586,38.783],[-9.12486,38.78283],[-9.12447,38.78282],[-9.12447,38.7827],[-9.12439,38.78267],[-9.12376,38.78262],[-9.12313,38.78236],[-9.12281,38.7827],[-9.12281,38.78314],[-9.12214,38.78333],[-9.12202,38.78333],[-9.12161,38.78264],[-9.12072,38.78268],[-9.12046,38.78251],[-9.12034,38.78259],[-9.11958,38.78204],[-9.11788,38.78154],[-9.11788,38.78144],[-9.11797,38.78081],[-9.11808,38.7806],[-9.11842,38.78018],[-9.11836,38.77955],[-9.11863,38.77892],[-9.11871,38.77881],[-9.11912,38.77829],[-9.11912,38.77766],[-9.11928,38.77703],[-9.11934,38.77697],[-9.11997,38.77697],[-9.1206,38.77678],[-9.12123,38.77661],[-9.12186,38.77684],[-9.12249,38.77684],[-9.12313,38.77701],[-9.12317,38.77703],[-9.12376,38.77744],[-9.12402,38.77766],[-9.12402,38.77829],[-9.12439,38.77843],[-9.12456,38.77829],[-9.12456,38.77766],[-9.12439,38.77721],[-9.12424,38.77703],[-9.12391,38.77639],[-9.12439,38.77627],[-9.12458,38.77639],[-9.12502,38.77694],[-9.12565,38.77694],[-9.12569,38.77703],[-9.12628,38.77766],[-9.12628,38.77829],[-9.12691,38.77869],[-9.12754,38.77891],[-9.12817,38.77891],[-9.12818,38.77892],[-9.1288,38.77916],[-9.12918,38.77892],[-9.12932,38.77829],[-9.12932,38.77766],[-9.12918,38.77703],[-9.12943,38.77667],[-9.12987,38.77639],[-9.13006,38.77621],[-9.13069,38.77605],[-9.13132,38.77605],[-9.13142,38.77576],[-9.13132,38.7756],[-9.13069,38.7756],[-9.13006,38.77549],[-9.12972,38.77576],[-9.12943,38.77605],[-9.12922,38.77576],[-9.1288,38.77533],[-9.12861,38.77513],[-9.1288,38.77485],[-9.12927,38.7745],[-9.12899,38.77387],[-9.12943,38.77336],[-9.12979,38.77324],[-9.13006,38.77297],[-9.13069,38.7727],[-9.13132,38.7727],[-9.13138,38.77261],[-9.13151,38.77198],[-9.13151,38.77135],[-9.13132,38.77123],[-9.13069,38.77123],[-9.13006,38.77117],[-9.12951,38.77072],[-9.12943,38.77058],[-9.12906,38.77009],[-9.1288,38.76955],[-9.12858,38.77009],[-9.12825,38.77072],[-9.12817,38.77081],[-9.12754,38.77081],[-9.1275,38.77072],[-9.127,38.77009],[-9.12691,38.76993],[-9.12628,38.76973],[-9.12567,38.77009],[-9.12565,38.77025],[-9.12502,38.77025],[-9.125,38.77009],[-9.12496,38.76946],[-9.12502,38.76935],[-9.12565,38.76935],[-9.12573,38.76883],[-9.12565,38.76869],[-9.12502,38.76869],[-9.12452,38.7682],[-9.12439,38.76801],[-9.12421,38.76756],[-9.12439,38.76723],[-9.12467,38.76693],[-9.12475,38.7663],[-9.12496,38.76567],[-9.12496,38.76504],[-9.12502,38.76499],[-9.12565,38.76499],[-9.12615,38.76441],[-9.12628,38.76419],[-9.12644,38.76378],[-9.12681,38.76315],[-9.12658,38.76252],[-9.12671,38.76189],[-9.12678,38.76126],[-9.12691,38.76125],[-9.12754,38.76103],[-9.12772,38.76126],[-9.12817,38.76152],[-9.12841,38.76189],[-9.1288,38.76233],[-9.12899,38.76252],[-9.12943,38.76274],[-9.13006,38.76287],[-9.13069,38.76281],[-9.13132,38.76281],[-9.13189,38.76252],[-9.13196,38.76246],[-9.13259,38.7622],[-9.13322,38.7622],[-9.13385,38.76233],[-9.13448,38.76233],[-9.13487,38.76189],[-9.13466,38.76126],[-9.13511,38.76074],[-9.13574,38.76084],[-9.13605,38.76126],[-9.13637,38.76156],[-9.137,38.76156],[-9.13752,38.76189],[-9.13763,38.76205],[-9.13808,38.76189],[-9.13826,38.7618],[-9.13843,38.76189],[-9.13889,38.76216],[-9.13912,38.76189],[-9.13952,38.76158],[-9.14015,38.76158],[-9.14079,38.76155],[-9.14142,38.76147],[-9.14154,38.76126],[-9.14163,38.76063],[-9.14205,38.76054],[-9.14268,38.76018],[-9.14331,38.76018],[-9.14394,38.76026],[-9.14431,38.76],[-9.14457,38.75976],[-9.14495,38.76],[-9.14498,38.76063],[-9.1452,38.76124],[-9.14583,38.76124],[-9.14646,38.76078],[-9.14709,38.76071],[-9.14725,38.76063],[-9.14772,38.76022],[-9.14835,38.76013],[-9.14898,38.76013],[-9.14946,38.76],[-9.14962,38.75991],[-9.15025,38.75982],[-9.15033,38.76],[-9.15028,38.76063],[-9.15025,38.76094],[-9.15023,38.76126],[-9.15025,38.76132],[-9.15088,38.76186],[-9.15151,38.76186],[-9.15152,38.76189],[-9.15151,38.7622],[-9.15088,38.7622],[-9.15025,38.7622],[-9.15011,38.76252],[-9.15025,38.76281],[-9.15039,38.76315],[-9.15025,38.76337],[-9.14995,38.76315],[-9.14962,38.76298],[-9.14925,38.76315],[-9.14934,38.76378],[-9.14898,38.7641],[-9.14835,38.7641],[-9.14812,38.76441],[-9.14812,38.76504],[-9.14835,38.76536],[-9.14898,38.76536],[-9.14958,38.76504],[-9.14958,38.76441],[-9.14962,38.76437],[-9.14963,38.76441],[-9.14963,38.76504],[-9.14963,38.76567],[-9.15025,38.76623],[-9.15028,38.7663],[-9.15048,38.76693],[-9.15025,38.76747],[-9.15012,38.76756],[-9.15025,38.76785],[-9.15029,38.7682],[-9.15025,38.76877],[-9.14967,38.7682],[-9.14962,38.76818],[-9.14898,38.76818],[-9.14835,38.76818],[-9.14835,38.7682],[-9.14835,38.76821],[-9.14898,38.76821],[-9.14953,38.76883],[-9.14962,38.76888],[-9.14997,38.76946],[-9.15009,38.77009],[-9.15025,38.77037],[-9.15088,38.77025],[-9.15151,38.77025],[-9.15214,38.77061],[-9.15239,38.77072],[-9.1526,38.77135],[-9.15277,38.77178],[-9.15279,38.77198],[-9.15277,38.77202],[-9.15239,38.77261],[-9.15214,38.77297],[-9.15151,38.77303],[-9.15088,38.77303],[-9.15066,38.77324],[-9.15025,38.77345],[-9.14962,38.77359],[-9.14898,38.77363],[-9.14835,38.77363],[-9.14812,38.77387],[-9.14817,38.7745],[-9.14835,38.77512],[-9.14898,38.77512],[-9.14962,38.77491],[-9.14984,38.77513],[-9.14984,38.77576],[-9.14962,38.77607],[-9.14951,38.77639],[-9.14962,38.77664],[-9.14976,38.77703],[-9.14977,38.77766],[-9.14962,38.77809],[-9.1494,38.77829],[-9.14898,38.77857],[-9.14835,38.77857],[-9.14772,38.77872],[-9.14751,38.77892],[-9.14709,38.77911],[-9.14682,38.77955],[-9.14646,38.7799],[-9.14597,38.77955],[-9.14583,38.77936],[-9.1452,38.77936],[-9.14457,38.77899],[-9.14394,38.77905],[-9.14334,38.77892],[-9.14334,38.77829],[-9.14331,38.77818],[-9.1433,38.77829],[-9.14268,38.77879],[-9.14205,38.77879],[-9.14174,38.77892],[-9.14142,38.77916],[-9.14101,38.77955],[-9.14079,38.78016],[-9.14047,38.78018],[-9.14015,38.78019],[-9.13952,38.78019],[-9.13919,38.78081],[-9.13889,38.78119],[-9.13854,38.78144],[-9.13886,38.78207],[-9.13868,38.7827],[-9.13826,38.78328],[-9.1382,38.78333],[-9.13826,38.78341],[-9.13859,38.78396],[-9.13859,38.78459],[-9.13889,38.78487],[-9.13921,38.78523],[-9.13889,38.78555],[-9.13836,38.78586],[-9.13889,38.78616],[-9.13952,38.78648],[-9.14015,38.78648],[-9.14021,38.78649],[-9.14079,38.7867],[-9.14097,38.78649],[-9.14133,38.78586],[-9.14142,38.78582],[-9.14157,38.78586],[-9.14177,38.78649],[-9.14205,38.7868],[-9.14268,38.7868],[-9.14288,38.78649],[-9.14331,38.7862],[-9.14384,38.78586],[-9.14339,38.78523],[-9.14394,38.78473],[-9.14431,38.78459],[-9.14431,38.78396],[-9.14457,38.78382],[-9.1452,38.78394],[-9.14583,38.78394],[-9.14615,38.78396],[-9.14615,38.78459],[-9.14646,38.78466],[-9.14709,38.78471],[-9.14772,38.78516],[-9.14835,38.78516],[-9.14898,38.7852],[-9.149,38.78523],[-9.14898,38.78527],[-9.14835,38.78554],[-9.14772,38.78554],[-9.14772,38.78586],[-9.14772,38.78587],[-9.14835,38.78587],[-9.14898,38.78597],[-9.14924,38.78586],[-9.14962,38.78566],[-9.15004,38.78586],[-9.15025,38.78609],[-9.15031,38.78649],[-9.15025,38.7867],[-9.15011,38.78712],[-9.15025,38.78732],[-9.15061,38.78775],[-9.15088,38.78814],[-9.15151,38.78814],[-9.15202,38.78838],[-9.15151,38.78861],[-9.15088,38.78861],[-9.15063,38.78901],[-9.15025,38.78937],[-9.15008,38.78964],[-9.14962,38.79027],[-9.14962,38.7909],[-9.14962,38.79092],[-9.14898,38.79149],[-9.14883,38.79153],[-9.14835,38.79178],[-9.14772,38.79178],[-9.14709,38.79173],[-9.14646,38.79198],[-9.14583,38.79214],[-9.14552,38.79214],[-9.1455,38.79205],[-9.14544,38.79193],[-9.14575,38.79161],[-9.14599,38.79163],[-9.146,38.79153],[-9.14564,38.78966],[-9.14583,38.78966]],[[-9.14457,38.78524],[-9.14461,38.78523],[-9.14457,38.78522],[-9.14455,38.78523],[-9.14457,38.78524]],[[-9.14457,38.76125],[-9.14394,38.76123],[-9.14393,38.76126],[-9.14394,38.7613],[-9.14457,38.76127],[-9.14488,38.76126],[-9.14457,38.76125]],[[-9.13511,38.76159],[-9.13553,38.76126],[-9.13511,38.76105],[-9.13493,38.76126],[-9.13511,38.76159]],[[-9.13322,38.76316],[-9.13325,38.76315],[-9.13322,38.76313],[-9.1332,38.76315],[-9.13322,38.76316]],[[-9.13132,38.76662],[-9.13069,38.76662],[-9.13061,38.76693],[-9.13069,38.76703],[-9.13132,38.76703],[-9.1318,38.76693],[-9.13132,38.76662]],[[-9.13196,38.77278],[-9.13255,38.77261],[-9.13196,38.7723],[-9.13186,38.77261],[-9.13196,38.77278]],[[-9.12249,38.77992],[-9.12186,38.77992],[-9.12164,38.78018],[-9.12186,38.78042],[-9.12249,38.78042],[-9.12269,38.78018],[-9.12249,38.77992]],[[-9.12046,38.77892],[-9.1206,38.77921],[-9.12123,38.779],[-9.12152,38.77892],[-9.12145,38.77829],[-9.12145,38.77766],[-9.12123,38.77757],[-9.12106,38.77766],[-9.12106,38.77829],[-9.1206,38.77865],[-9.12046,38.77892]],[[-9.1206,38.78156],[-9.12072,38.78144],[-9.1206,38.78133],[-9.12022,38.78144],[-9.1206,38.78156]],[[-9.13016,38.7745],[-9.13069,38.77465],[-9.13132,38.77465],[-9.13143,38.7745],[-9.13132,38.77415],[-9.13069,38.77415],[-9.1305,38.77387],[-9.13006,38.77352],[-9.12995,38.77387],[-9.13006,38.77444],[-9.13016,38.7745]],[[-9.12943,38.77407],[-9.12957,38.77387],[-9.12943,38.77373],[-9.12931,38.77387],[-9.12943,38.77407]],[[-9.1288,38.76774],[-9.12898,38.76756],[-9.1288,38.76731],[-9.12844,38.76756],[-9.1288,38.76774]],[[-9.12691,38.76821],[-9.12628,38.76877],[-9.12624,38.76883],[-9.12628,38.76888],[-9.12691,38.76902],[-9.12715,38.76883],[-9.12691,38.76821]],[[-9.15151,38.7707],[-9.15088,38.7707],[-9.15084,38.77072],[-9.15088,38.77082],[-9.15151,38.77082],[-9.15153,38.77072],[-9.15151,38.7707]],[[-9.14962,38.77049],[-9.14973,38.77009],[-9.14962,38.76976],[-9.14939,38.77009],[-9.14962,38.77049]],[[-9.14646,38.77897],[-9.1466,38.77892],[-9.14646,38.77873],[-9.14638,38.77892],[-9.14646,38.77897]],[[-9.12817,38.76318],[-9.12754,38.76318],[-9.12691,38.76362],[-9.1268,38.76378],[-9.12691,38.76436],[-9.12696,38.76441],[-9.12754,38.76464],[-9.12817,38.76464],[-9.1288,38.76499],[-9.1294,38.76441],[-9.12934,38.76378],[-9.12943,38.76345],[-9.12957,38.76315],[-9.12943,38.76308],[-9.12912,38.76315],[-9.1288,38.76323],[-9.12817,38.76318]],[[-9.12691,38.7674],[-9.12724,38.76693],[-9.12691,38.76679],[-9.12664,38.76693],[-9.12691,38.7674]]],[[[-9.13012,38.78018],[-9.13006,38.78027],[-9.13004,38.78018],[-9.13006,38.78012],[-9.13012,38.78018]]],[[[-9.14646,38.78064],[-9.14672,38.78081],[-9.14652,38.78144],[-9.14646,38.78153],[-9.14637,38.78144],[-9.14583,38.78097],[-9.1452,38.78097],[-9.14497,38.78081],[-9.1452,38.78048],[-9.14583,38.78048],[-9.14646,38.78064]]],[[[-9.13209,38.78144],[-9.13196,38.78164],[-9.13132,38.78171],[-9.13069,38.78171],[-9.13035,38.78144],[-9.13069,38.78098],[-9.13132,38.78098],[-9.13196,38.78121],[-9.13209,38.78144]]],[[[-9.15655,38.78147],[-9.15647,38.78144],[-9.15655,38.78125],[-9.15718,38.78125],[-9.15721,38.78144],[-9.15718,38.78147],[-9.15655,38.78147]]],[[[-9.12628,38.78199],[-9.12605,38.78144],[-9.12628,38.78107],[-9.12653,38.78144],[-9.12628,38.78199]]],[[[-9.14975,38.78459],[-9.14975,38.78396],[-9.14964,38.78333],[-9.14979,38.7827],[-9.14962,38.78211],[-9.14961,38.78207],[-9.14962,38.78207],[-9.14996,38.78144],[-9.15012,38.78081],[-9.15025,38.78077],[-9.15088,38.78031],[-9.15151,38.78031],[-9.15214,38.78027],[-9.15233,38.78018],[-9.15277,38.78002],[-9.15296,38.78018],[-9.1534,38.78071],[-9.15358,38.78081],[-9.15403,38.78123],[-9.15466,38.78123],[-9.15515,38.78144],[-9.15529,38.78156],[-9.15553,38.78207],[-9.15529,38.78237],[-9.15466,38.78221],[-9.15403,38.78221],[-9.15361,38.7827],[-9.1534,38.78286],[-9.15297,38.78333],[-9.15277,38.78369],[-9.15234,38.78396],[-9.15234,38.78459],[-9.15214,38.78471],[-9.15157,38.78459],[-9.15157,38.78396],[-9.15151,38.78396],[-9.15088,38.78396],[-9.15085,38.78396],[-9.15085,38.78459],[-9.15025,38.78475],[-9.14975,38.78459]],[[-9.15231,38.78081],[-9.15214,38.78077],[-9.15204,38.78081],[-9.15214,38.7809],[-9.15231,38.78081]],[[-9.15177,38.78333],[-9.15151,38.78289],[-9.15088,38.78289],[-9.15025,38.78309],[-9.15008,38.78333],[-9.15025,38.78355],[-9.15088,38.78348],[-9.15151,38.78348],[-9.15177,38.78333]],[[-9.15277,38.78101],[-9.15245,38.78144],[-9.15217,38.78207],[-9.15277,38.78241],[-9.15321,38.78207],[-9.15302,38.78144],[-9.15277,38.78101]],[[-9.15088,38.78136],[-9.15069,38.78144],[-9.15088,38.78151],[-9.15151,38.78151],[-9.15158,38.78144],[-9.15151,38.78136],[-9.15088,38.78136]]],[[[-9.14915,38.78775],[-9.14898,38.78781],[-9.14892,38.78775],[-9.14898,38.78731],[-9.14915,38.78775]]],[[[-9.1178,38.72341],[-9.11745,38.72363],[-9.11729,38.72341],[-9.11745,38.72295],[-9.1178,38.72341]]],[[[-9.1042,38.7323],[-9.10424,38.73224],[-9.10482,38.73161],[-9.10483,38.73156],[-9.10546,38.73156],[-9.10602,38.73098],[-9.10604,38.73035],[-9.1061,38.73019],[-9.10654,38.72972],[-9.10672,38.72909],[-9.10673,38.72905],[-9.10687,38.72846],[-9.10689,38.72783],[-9.10726,38.7272],[-9.10726,38.72657],[-9.10736,38.72637],[-9.10765,38.72594],[-9.10736,38.72553],[-9.10714,38.72553],[-9.10736,38.72531],[-9.10755,38.72511],[-9.10799,38.72511],[-9.10862,38.72511],[-9.10925,38.72497],[-9.10983,38.72468],[-9.10988,38.7245],[-9.11051,38.72439],[-9.11114,38.72439],[-9.11122,38.72404],[-9.11177,38.72374],[-9.11216,38.72341],[-9.1124,38.7232],[-9.11282,38.72278],[-9.11303,38.72259],[-9.11341,38.72215],[-9.11352,38.72152],[-9.11366,38.72111],[-9.11429,38.72111],[-9.11451,38.72089],[-9.11429,38.72068],[-9.11388,38.72026],[-9.11429,38.72026],[-9.11455,38.72],[-9.11493,38.72],[-9.11521,38.72026],[-9.11521,38.72089],[-9.11493,38.72117],[-9.11458,38.72152],[-9.11431,38.72215],[-9.11493,38.72246],[-9.11535,38.72215],[-9.11556,38.72185],[-9.11569,38.72152],[-9.11599,38.72089],[-9.11599,38.72026],[-9.11619,38.7202],[-9.11682,38.7202],[-9.11713,38.71963],[-9.11682,38.71934],[-9.11619,38.71934],[-9.11556,38.71951],[-9.11504,38.71951],[-9.11556,38.719],[-9.11601,38.71855],[-9.11619,38.71855],[-9.11682,38.71855],[-9.11692,38.71837],[-9.11745,38.71811],[-9.1178,38.71774],[-9.11808,38.71753],[-9.11853,38.71711],[-9.11871,38.71695],[-9.11924,38.71648],[-9.11934,38.71632],[-9.11997,38.71632],[-9.1206,38.71598],[-9.12107,38.71648],[-9.12098,38.71711],[-9.1207,38.71774],[-9.1206,38.7178],[-9.12002,38.71837],[-9.11997,38.71859],[-9.11934,38.71859],[-9.1192,38.719],[-9.11871,38.71946],[-9.11851,38.71963],[-9.11871,38.72012],[-9.11874,38.72026],[-9.11874,38.72089],[-9.11871,38.72121],[-9.11865,38.72152],[-9.11808,38.72212],[-9.11784,38.72215],[-9.11745,38.72242],[-9.11713,38.72278],[-9.11682,38.72285],[-9.11619,38.72285],[-9.1158,38.72341],[-9.11556,38.72382],[-9.11508,38.72341],[-9.11493,38.72331],[-9.11468,38.72341],[-9.11449,38.72404],[-9.11491,38.72468],[-9.11429,38.72502],[-9.11366,38.72502],[-9.11336,38.72531],[-9.11366,38.72571],[-9.11429,38.72571],[-9.11493,38.72588],[-9.11495,38.72594],[-9.11493,38.72599],[-9.11434,38.72657],[-9.11433,38.7272],[-9.11429,38.72727],[-9.11366,38.72727],[-9.11347,38.7272],[-9.11347,38.72657],[-9.11303,38.72648],[-9.11272,38.72657],[-9.11272,38.7272],[-9.11303,38.72733],[-9.11336,38.72783],[-9.11303,38.72805],[-9.11268,38.72783],[-9.1124,38.72736],[-9.11224,38.72783],[-9.11188,38.72846],[-9.11177,38.7285],[-9.11114,38.7288],[-9.11051,38.7288],[-9.1101,38.72909],[-9.10988,38.72926],[-9.10925,38.72929],[-9.10874,38.72909],[-9.10862,38.72903],[-9.10799,38.72903],[-9.10795,38.72909],[-9.10799,38.72921],[-9.10862,38.72921],[-9.10882,38.72972],[-9.10862,38.7299],[-9.10799,38.7299],[-9.10736,38.73008],[-9.10722,38.73035],[-9.10732,38.73098],[-9.10736,38.73103],[-9.10781,38.73161],[-9.10736,38.73191],[-9.10714,38.73224],[-9.10736,38.73248],[-9.10799,38.73227],[-9.1084,38.73287],[-9.10799,38.73331],[-9.10736,38.73331],[-9.10729,38.73351],[-9.10673,38.73412],[-9.1061,38.73391],[-9.10546,38.73393],[-9.10483,38.73393],[-9.10452,38.73351],[-9.1042,38.73325],[-9.10397,38.73287],[-9.1042,38.7323]],[[-9.10444,38.73287],[-9.10483,38.73296],[-9.10546,38.73296],[-9.1055,38.73287],[-9.1061,38.73245],[-9.10632,38.73224],[-9.1061,38.73194],[-9.10546,38.73204],[-9.10483,38.73204],[-9.10465,38.73224],[-9.10444,38.73287]],[[-9.11859,38.72026],[-9.11808,38.72003],[-9.11789,38.72026],[-9.11789,38.72089],[-9.11808,38.72108],[-9.11859,38.72089],[-9.11859,38.72026]],[[-9.11745,38.71919],[-9.11764,38.719],[-9.11745,38.71862],[-9.11727,38.719],[-9.11745,38.71919]],[[-9.11177,38.72591],[-9.11213,38.72531],[-9.11177,38.72506],[-9.11149,38.72531],[-9.11177,38.72591]],[[-9.11051,38.72592],[-9.10988,38.72541],[-9.10925,38.72575],[-9.10871,38.72594],[-9.10872,38.72657],[-9.10872,38.7272],[-9.10862,38.72751],[-9.10799,38.72751],[-9.10792,38.72783],[-9.10799,38.72784],[-9.10862,38.72784],[-9.10925,38.72793],[-9.10988,38.72786],[-9.10994,38.72783],[-9.10993,38.7272],[-9.10993,38.72657],[-9.11051,38.72595],[-9.11114,38.72595],[-9.11146,38.72594],[-9.11114,38.72592],[-9.11051,38.72592]],[[-9.11808,38.71851],[-9.11855,38.71837],[-9.11871,38.71797],[-9.11873,38.71774],[-9.11871,38.71766],[-9.11824,38.71774],[-9.11808,38.71778],[-9.11776,38.71837],[-9.11808,38.71851]]],[[[-9.11588,38.72531],[-9.11556,38.7256],[-9.1151,38.72531],[-9.11556,38.72489],[-9.11588,38.72531]]],[[[-9.11496,38.72783],[-9.11493,38.72796],[-9.11482,38.72783],[-9.11493,38.72777],[-9.11496,38.72783]]],[[[-9.11366,38.72849],[-9.11363,38.72846],[-9.11366,38.72839],[-9.11429,38.72839],[-9.11438,38.72846],[-9.11429,38.72849],[-9.11366,38.72849]]],[[[-9.11556,38.72833],[-9.11619,38.72842],[-9.11682,38.72842],[-9.11745,38.72814],[-9.11808,38.72832],[-9.11821,38.72846],[-9.11828,38.72909],[-9.11808,38.72923],[-9.11767,38.72972],[-9.11745,38.73],[-9.11682,38.73008],[-9.11619,38.73008],[-9.11599,38.72972],[-9.11556,38.72935],[-9.11506,38.72909],[-9.11524,38.72846],[-9.11556,38.72833]]],[[[-9.11557,38.73161],[-9.11556,38.73162],[-9.11555,38.73161],[-9.11556,38.73161],[-9.11557,38.73161]]],[[[-9.11733,38.73981],[-9.11733,38.73918],[-9.11745,38.73906],[-9.11761,38.73918],[-9.11761,38.73981],[-9.11745,38.73994],[-9.11733,38.73981]]],[[[-9.10912,38.74044],[-9.10912,38.73981],[-9.10925,38.73972],[-9.10945,38.73981],[-9.10945,38.74044],[-9.10925,38.74056],[-9.10912,38.74044]]],[[[-9.11808,38.75306],[-9.11808,38.75306],[-9.11745,38.7528],[-9.11716,38.75306],[-9.11682,38.75324],[-9.11619,38.75324],[-9.11603,38.75306],[-9.11567,38.75243],[-9.11556,38.75235],[-9.11534,38.75243],[-9.11493,38.75284],[-9.11442,38.75243],[-9.11429,38.75239],[-9.11366,38.75239],[-9.11354,38.75243],[-9.11354,38.75306],[-9.11303,38.75312],[-9.1124,38.75314],[-9.1123,38.75306],[-9.1123,38.75243],[-9.11177,38.75197],[-9.11153,38.7518],[-9.11119,38.75117],[-9.11129,38.75054],[-9.11177,38.75013],[-9.112,38.7499],[-9.1124,38.74962],[-9.11303,38.74945],[-9.11328,38.74927],[-9.11366,38.74879],[-9.11429,38.74879],[-9.11438,38.74864],[-9.1144,38.74801],[-9.11429,38.74783],[-9.11366,38.74783],[-9.11339,38.74738],[-9.11319,38.74675],[-9.11319,38.74612],[-9.11342,38.74549],[-9.11312,38.74486],[-9.11315,38.74423],[-9.11366,38.74382],[-9.11429,38.74382],[-9.11452,38.7436],[-9.11493,38.74313],[-9.11519,38.74297],[-9.11493,38.74283],[-9.11429,38.74284],[-9.11366,38.74284],[-9.11328,38.74297],[-9.11303,38.74332],[-9.11298,38.7436],[-9.1124,38.74418],[-9.11222,38.74423],[-9.11235,38.74486],[-9.11177,38.74546],[-9.11114,38.74508],[-9.11051,38.74508],[-9.10988,38.74507],[-9.10969,38.74486],[-9.10966,38.74423],[-9.10971,38.7436],[-9.10925,38.74301],[-9.10869,38.7436],[-9.10862,38.74369],[-9.10852,38.7436],[-9.10806,38.74297],[-9.10799,38.74287],[-9.10736,38.74287],[-9.10673,38.74285],[-9.10627,38.74297],[-9.1061,38.74305],[-9.10597,38.74297],[-9.10546,38.74258],[-9.10483,38.74258],[-9.10465,38.74234],[-9.10483,38.74188],[-9.10546,38.74188],[-9.10553,38.7417],[-9.10546,38.74163],[-9.10483,38.74163],[-9.1042,38.74135],[-9.10402,38.7417],[-9.10357,38.74205],[-9.10301,38.7417],[-9.10294,38.74163],[-9.1029,38.7417],[-9.10268,38.74234],[-9.10294,38.74265],[-9.10326,38.74297],[-9.10335,38.7436],[-9.10294,38.74373],[-9.10246,38.74423],[-9.10231,38.74439],[-9.10168,38.74439],[-9.10155,38.74423],[-9.10148,38.7436],[-9.10105,38.74322],[-9.10042,38.74302],[-9.10039,38.74297],[-9.10042,38.74261],[-9.10047,38.74234],[-9.10078,38.7417],[-9.10092,38.74107],[-9.10105,38.74096],[-9.10144,38.74044],[-9.10143,38.73981],[-9.10158,38.73918],[-9.10168,38.73888],[-9.10231,38.73888],[-9.10262,38.73855],[-9.10274,38.73792],[-9.10281,38.73729],[-9.10278,38.73666],[-9.10294,38.73604],[-9.10297,38.73603],[-9.10357,38.73583],[-9.1042,38.73579],[-9.10483,38.73541],[-9.10546,38.73541],[-9.10553,38.7354],[-9.1061,38.7353],[-9.10625,38.7354],[-9.10673,38.7359],[-9.10698,38.7354],[-9.10736,38.73486],[-9.10799,38.73486],[-9.10804,38.73477],[-9.10862,38.73418],[-9.10873,38.73414],[-9.10925,38.73393],[-9.10944,38.73414],[-9.10984,38.73477],[-9.10988,38.73481],[-9.10992,38.73477],[-9.11051,38.73445],[-9.11114,38.73445],[-9.11153,38.73414],[-9.11177,38.73392],[-9.11215,38.73414],[-9.1124,38.73439],[-9.11303,38.73454],[-9.11325,38.73477],[-9.11303,38.73538],[-9.11302,38.7354],[-9.11303,38.73543],[-9.11366,38.73585],[-9.11429,38.73585],[-9.11473,38.73603],[-9.11429,38.73637],[-9.11366,38.73637],[-9.1135,38.73666],[-9.11364,38.73729],[-9.11366,38.73792],[-9.11346,38.73855],[-9.11366,38.73885],[-9.11429,38.73885],[-9.11483,38.73918],[-9.11487,38.73981],[-9.11487,38.74044],[-9.11493,38.74054],[-9.1152,38.74107],[-9.11556,38.7417],[-9.11559,38.7417],[-9.11596,38.74234],[-9.11619,38.74272],[-9.11682,38.74272],[-9.11688,38.74297],[-9.11723,38.7436],[-9.11745,38.74376],[-9.11808,38.74367],[-9.11871,38.74405],[-9.11896,38.74423],[-9.11871,38.74452],[-9.11808,38.74468],[-9.11798,38.74486],[-9.11808,38.74498],[-9.11871,38.74516],[-9.11934,38.74541],[-9.11997,38.74541],[-9.12005,38.74549],[-9.1206,38.74598],[-9.12107,38.74612],[-9.12108,38.74675],[-9.12123,38.74679],[-9.12186,38.74732],[-9.12249,38.74732],[-9.12313,38.74713],[-9.12376,38.7472],[-9.12401,38.74738],[-9.12407,38.74801],[-9.12383,38.74864],[-9.12376,38.74882],[-9.12316,38.74927],[-9.12313,38.74937],[-9.12249,38.74977],[-9.12186,38.74977],[-9.12123,38.74983],[-9.1211,38.7499],[-9.12123,38.75021],[-9.12132,38.75054],[-9.12123,38.75062],[-9.12088,38.75054],[-9.1206,38.75042],[-9.12047,38.75054],[-9.12018,38.75117],[-9.11997,38.75171],[-9.11934,38.75171],[-9.11927,38.7518],[-9.11934,38.75185],[-9.11997,38.75185],[-9.12042,38.7518],[-9.1206,38.75178],[-9.12061,38.7518],[-9.1206,38.75183],[-9.12034,38.75243],[-9.12013,38.75306],[-9.11997,38.75322],[-9.11934,38.75322],[-9.11912,38.75306],[-9.11903,38.75243],[-9.11871,38.75205],[-9.11833,38.75243],[-9.11808,38.75306],[-9.11808,38.75306]],[[-9.11871,38.75126],[-9.1188,38.75117],[-9.11871,38.75095],[-9.11808,38.751],[-9.11745,38.75083],[-9.11717,38.75117],[-9.11745,38.75135],[-9.11808,38.75132],[-9.11871,38.75126]],[[-9.11596,38.75054],[-9.11619,38.75074],[-9.11682,38.75074],[-9.11707,38.75054],[-9.11745,38.75034],[-9.11772,38.7499],[-9.11808,38.74932],[-9.11871,38.74933],[-9.11934,38.7495],[-9.11997,38.7495],[-9.1206,38.74934],[-9.12108,38.74927],[-9.12123,38.74925],[-9.12186,38.74876],[-9.12249,38.74876],[-9.12255,38.74864],[-9.12249,38.74855],[-9.12186,38.74855],[-9.12129,38.74801],[-9.12123,38.74782],[-9.1206,38.74768],[-9.12013,38.74738],[-9.11997,38.74719],[-9.11934,38.74719],[-9.11871,38.74719],[-9.11833,38.74675],[-9.11829,38.74612],[-9.11808,38.7456],[-9.11745,38.7456],[-9.11736,38.74549],[-9.11745,38.74515],[-9.11751,38.74486],[-9.11745,38.74471],[-9.11682,38.74443],[-9.11619,38.74443],[-9.11556,38.74435],[-9.11502,38.74486],[-9.11493,38.74493],[-9.11465,38.74549],[-9.11493,38.74593],[-9.11506,38.74612],[-9.11505,38.74675],[-9.11522,38.74738],[-9.11516,38.74801],[-9.11493,38.74834],[-9.11479,38.74864],[-9.11454,38.74927],[-9.11429,38.74979],[-9.11366,38.74979],[-9.11303,38.74987],[-9.11297,38.7499],[-9.11255,38.75054],[-9.11293,38.75117],[-9.11264,38.7518],[-9.11303,38.75203],[-9.11341,38.7518],[-9.11366,38.75128],[-9.11429,38.75128],[-9.11444,38.75117],[-9.11493,38.751],[-9.11537,38.75054],[-9.11556,38.75027],[-9.11596,38.75054]],[[-9.1124,38.74094],[-9.11303,38.74094],[-9.11355,38.74044],[-9.11352,38.73981],[-9.11339,38.73918],[-9.11312,38.73855],[-9.11303,38.73806],[-9.11276,38.73792],[-9.1124,38.73776],[-9.11177,38.73758],[-9.11147,38.73729],[-9.11177,38.73708],[-9.1124,38.73686],[-9.11303,38.73668],[-9.11305,38.73666],[-9.11303,38.73664],[-9.11245,38.73603],[-9.1124,38.73594],[-9.11177,38.73575],[-9.11114,38.73573],[-9.11051,38.73573],[-9.11028,38.73603],[-9.1103,38.73666],[-9.10988,38.73718],[-9.10945,38.73729],[-9.10925,38.73733],[-9.10862,38.73747],[-9.10824,38.73792],[-9.10799,38.73818],[-9.10736,38.73818],[-9.10673,38.73843],[-9.10664,38.73855],[-9.10673,38.73898],[-9.10693,38.73918],[-9.10736,38.73944],[-9.10799,38.73944],[-9.10811,38.73981],[-9.10811,38.74044],[-9.10862,38.74077],[-9.10892,38.74107],[-9.10916,38.7417],[-9.10925,38.74178],[-9.10941,38.7417],[-9.10988,38.74152],[-9.11019,38.7417],[-9.11051,38.74198],[-9.11114,38.74198],[-9.11172,38.7417],[-9.11177,38.74164],[-9.11181,38.7417],[-9.1123,38.74234],[-9.11177,38.74274],[-9.11157,38.74297],[-9.11177,38.74304],[-9.1124,38.74301],[-9.11242,38.74297],[-9.11303,38.74248],[-9.11327,38.74234],[-9.11337,38.7417],[-9.11303,38.74132],[-9.1124,38.74127],[-9.11213,38.74107],[-9.1124,38.74094]],[[-9.11177,38.74396],[-9.11191,38.7436],[-9.11177,38.7435],[-9.1116,38.7436],[-9.11177,38.74396]],[[-9.11114,38.7442],[-9.11051,38.7442],[-9.11042,38.74423],[-9.11051,38.74444],[-9.11114,38.74444],[-9.11125,38.74423],[-9.11114,38.7442]],[[-9.10862,38.74262],[-9.10911,38.74234],[-9.10862,38.74192],[-9.10829,38.74234],[-9.10862,38.74262]],[[-9.10799,38.74086],[-9.10736,38.74086],[-9.10724,38.74107],[-9.10736,38.74157],[-9.10799,38.74157],[-9.10806,38.74107],[-9.10799,38.74086]],[[-9.10673,38.74046],[-9.10675,38.74044],[-9.10673,38.74036],[-9.10672,38.74044],[-9.10673,38.74046]],[[-9.1061,38.73768],[-9.10624,38.73729],[-9.1061,38.73711],[-9.10578,38.73729],[-9.1061,38.73768]],[[-9.10546,38.73901],[-9.10483,38.73901],[-9.10474,38.73918],[-9.10483,38.73931],[-9.10546,38.73931],[-9.10557,38.73918],[-9.10546,38.73901]],[[-9.10231,38.74049],[-9.10236,38.74044],[-9.1024,38.73981],[-9.10231,38.73966],[-9.10168,38.73966],[-9.10166,38.73981],[-9.10167,38.74044],[-9.10168,38.74049],[-9.10231,38.74049]]],[[[-9.10925,38.74564],[-9.10891,38.74612],[-9.10891,38.74675],[-9.10862,38.74694],[-9.10845,38.74675],[-9.10845,38.74612],[-9.10847,38.74549],[-9.10862,38.74527],[-9.10925,38.74534],[-9.10942,38.74549],[-9.10925,38.74564]]],[[[-9.11257,38.74675],[-9.1124,38.74685],[-9.11188,38.74738],[-9.11177,38.74748],[-9.11165,38.74738],[-9.11176,38.74675],[-9.1115,38.74612],[-9.11177,38.74551],[-9.1124,38.74578],[-9.11275,38.74612],[-9.11257,38.74675]]],[[[-9.10963,38.74738],[-9.10925,38.74764],[-9.10909,38.74738],[-9.10925,38.74713],[-9.10963,38.74738]]],[[[-9.10799,38.74786],[-9.10736,38.74786],[-9.1072,38.74801],[-9.10673,38.74845],[-9.10647,38.74801],[-9.10627,38.74738],[-9.10673,38.74712],[-9.10736,38.74717],[-9.10799,38.74717],[-9.10822,38.74738],[-9.10799,38.74786]]],[[[-9.09758,38.75054],[-9.0979,38.75018],[-9.09853,38.75035],[-9.09866,38.75054],[-9.09853,38.75066],[-9.0979,38.75064],[-9.09758,38.75054]]],[[[-9.10231,38.76198],[-9.10168,38.76198],[-9.10162,38.76189],[-9.10168,38.7617],[-9.10231,38.7617],[-9.10244,38.76126],[-9.10238,38.76063],[-9.10231,38.7605],[-9.10168,38.7605],[-9.10134,38.76],[-9.1011,38.75937],[-9.1011,38.75873],[-9.10158,38.7581],[-9.10143,38.75747],[-9.10168,38.75695],[-9.10231,38.75695],[-9.10237,38.75684],[-9.10294,38.75627],[-9.10357,38.75661],[-9.1042,38.75664],[-9.10469,38.75621],[-9.1042,38.75569],[-9.10357,38.75588],[-9.10294,38.75609],[-9.10231,38.7562],[-9.10168,38.7562],[-9.10162,38.75621],[-9.10105,38.75662],[-9.10069,38.75621],[-9.10105,38.75574],[-9.10109,38.75558],[-9.10126,38.75495],[-9.10105,38.75439],[-9.10057,38.75495],[-9.10042,38.75527],[-9.09979,38.75504],[-9.09972,38.75495],[-9.09958,38.75432],[-9.09979,38.75384],[-9.10017,38.75369],[-9.1003,38.75306],[-9.10042,38.75291],[-9.10058,38.75306],[-9.10058,38.75369],[-9.10105,38.75424],[-9.10142,38.75369],[-9.10168,38.75337],[-9.10231,38.75337],[-9.10265,38.75369],[-9.10294,38.75398],[-9.10353,38.75432],[-9.10357,38.75442],[-9.10358,38.75432],[-9.10358,38.75369],[-9.10357,38.75367],[-9.10294,38.75337],[-9.10265,38.75306],[-9.10294,38.75277],[-9.10313,38.75243],[-9.10294,38.75223],[-9.10231,38.75222],[-9.10168,38.75222],[-9.10141,38.7518],[-9.10105,38.75147],[-9.10046,38.75117],[-9.10042,38.75107],[-9.10016,38.75054],[-9.10042,38.7503],[-9.10071,38.7499],[-9.10042,38.74959],[-9.10002,38.74927],[-9.09979,38.74868],[-9.09916,38.74868],[-9.09853,38.74903],[-9.09837,38.74927],[-9.0979,38.74975],[-9.0977,38.74927],[-9.09765,38.74864],[-9.09786,38.74801],[-9.0979,38.74796],[-9.09847,38.74738],[-9.09853,38.74725],[-9.09916,38.74714],[-9.09979,38.74714],[-9.1004,38.74675],[-9.1004,38.74612],[-9.10042,38.74611],[-9.10043,38.74612],[-9.10043,38.74675],[-9.10055,38.74738],[-9.10042,38.74754],[-9.10021,38.74801],[-9.09989,38.74864],[-9.10042,38.74874],[-9.10058,38.74864],[-9.10066,38.74801],[-9.10105,38.74767],[-9.10142,38.74738],[-9.10168,38.74719],[-9.10231,38.74719],[-9.10258,38.74738],[-9.10258,38.74801],[-9.10277,38.74864],[-9.10294,38.74896],[-9.103,38.74864],[-9.10357,38.74834],[-9.10387,38.74864],[-9.10357,38.74922],[-9.10326,38.74927],[-9.10338,38.7499],[-9.10294,38.75048],[-9.10276,38.7499],[-9.10231,38.7495],[-9.10168,38.7495],[-9.1014,38.7499],[-9.10159,38.75054],[-9.10145,38.75117],[-9.10168,38.75143],[-9.10231,38.75143],[-9.10256,38.75117],[-9.10294,38.75055],[-9.10357,38.75055],[-9.10358,38.75054],[-9.10372,38.7499],[-9.10384,38.74927],[-9.1042,38.7492],[-9.10471,38.74864],[-9.10483,38.74853],[-9.10546,38.74853],[-9.1061,38.74853],[-9.10637,38.74864],[-9.10673,38.74882],[-9.10732,38.74927],[-9.10736,38.74931],[-9.10799,38.74931],[-9.10843,38.7499],[-9.10862,38.75],[-9.10893,38.7499],[-9.10892,38.74927],[-9.10925,38.74912],[-9.1095,38.74927],[-9.10942,38.7499],[-9.10988,38.75026],[-9.11039,38.75054],[-9.11039,38.75117],[-9.11011,38.7518],[-9.10995,38.75243],[-9.10992,38.75306],[-9.11003,38.75369],[-9.11036,38.75432],[-9.11051,38.75474],[-9.11114,38.75474],[-9.11177,38.75489],[-9.1124,38.75479],[-9.11256,38.75495],[-9.11303,38.7555],[-9.11318,38.75558],[-9.11319,38.75621],[-9.11335,38.75684],[-9.11303,38.75718],[-9.11244,38.75747],[-9.11303,38.75772],[-9.11366,38.75758],[-9.11404,38.7581],[-9.11429,38.75864],[-9.11437,38.75873],[-9.11437,38.75937],[-9.11429,38.75945],[-9.11401,38.75937],[-9.11401,38.75873],[-9.11366,38.75865],[-9.11303,38.75865],[-9.11241,38.7581],[-9.1124,38.75795],[-9.11239,38.7581],[-9.11177,38.75826],[-9.11133,38.7581],[-9.11114,38.7579],[-9.11051,38.7579],[-9.11039,38.7581],[-9.10988,38.75834],[-9.10962,38.7581],[-9.10925,38.75762],[-9.10862,38.75765],[-9.10841,38.75747],[-9.10833,38.75684],[-9.10799,38.75647],[-9.10736,38.75647],[-9.10705,38.75621],[-9.10696,38.75558],[-9.10673,38.75528],[-9.10637,38.75495],[-9.1061,38.75474],[-9.10546,38.75471],[-9.10483,38.75471],[-9.1042,38.75492],[-9.10397,38.75495],[-9.1042,38.75519],[-9.10483,38.75519],[-9.10546,38.75519],[-9.10558,38.75558],[-9.1061,38.75614],[-9.10616,38.75621],[-9.10657,38.75684],[-9.10627,38.75747],[-9.10626,38.7581],[-9.1061,38.75835],[-9.10546,38.75872],[-9.10483,38.75872],[-9.10481,38.75873],[-9.10481,38.75937],[-9.10483,38.75942],[-9.10546,38.75942],[-9.10556,38.76],[-9.1057,38.76063],[-9.10608,38.76126],[-9.1061,38.76127],[-9.10638,38.76189],[-9.1061,38.76214],[-9.10574,38.76189],[-9.10546,38.76158],[-9.10483,38.76158],[-9.10456,38.76189],[-9.1042,38.76231],[-9.10357,38.76203],[-9.10294,38.76226],[-9.10231,38.76198]],[[-9.10427,38.76126],[-9.1042,38.76117],[-9.10413,38.76126],[-9.1042,38.76131],[-9.10427,38.76126]],[[-9.11114,38.75538],[-9.11051,38.75538],[-9.10988,38.7554],[-9.10936,38.75495],[-9.10925,38.7549],[-9.1092,38.75495],[-9.1092,38.75558],[-9.10925,38.75566],[-9.10938,38.75621],[-9.10925,38.7565],[-9.10908,38.75684],[-9.10925,38.75702],[-9.10976,38.75747],[-9.10988,38.75777],[-9.11,38.75747],[-9.11051,38.75718],[-9.11114,38.75718],[-9.11177,38.75735],[-9.11214,38.75684],[-9.11196,38.75621],[-9.11177,38.75607],[-9.11133,38.75558],[-9.11114,38.75538]],[[-9.10869,38.75495],[-9.10862,38.75485],[-9.10845,38.75495],[-9.10862,38.75506],[-9.10869,38.75495]],[[-9.10816,38.75306],[-9.10827,38.75243],[-9.10799,38.75233],[-9.10736,38.75233],[-9.10724,38.75243],[-9.10725,38.75306],[-9.10736,38.75322],[-9.10799,38.75322],[-9.10816,38.75306]],[[-9.10677,38.75117],[-9.10673,38.75111],[-9.10668,38.75117],[-9.10673,38.75125],[-9.10677,38.75117]],[[-9.10483,38.7499],[-9.10483,38.7499],[-9.10483,38.74993],[-9.10546,38.74993],[-9.10548,38.7499],[-9.10546,38.7499],[-9.10483,38.7499]],[[-9.10929,38.75432],[-9.10925,38.75425],[-9.10919,38.75432],[-9.10925,38.75436],[-9.10929,38.75432]],[[-9.10862,38.75044],[-9.10832,38.75054],[-9.10838,38.75117],[-9.10862,38.75124],[-9.10867,38.75117],[-9.10902,38.75054],[-9.10862,38.75044]],[[-9.10925,38.75129],[-9.10897,38.7518],[-9.10887,38.75243],[-9.10925,38.75304],[-9.10973,38.75243],[-9.10951,38.7518],[-9.10925,38.75129]]],[[[-9.11904,38.75432],[-9.11871,38.75446],[-9.11865,38.75432],[-9.11871,38.75407],[-9.11904,38.75432]]],[[[-9.11518,38.75558],[-9.11493,38.75578],[-9.11468,38.75558],[-9.11493,38.75536],[-9.11518,38.75558]]],[[[-9.11619,38.75696],[-9.11616,38.75684],[-9.11619,38.7568],[-9.11682,38.7568],[-9.1169,38.75684],[-9.11682,38.75696],[-9.11619,38.75696]]],[[[-9.11808,38.75955],[-9.1186,38.75937],[-9.11808,38.75929],[-9.11745,38.75932],[-9.1174,38.75937],[-9.11682,38.75957],[-9.11619,38.75957],[-9.11604,38.75937],[-9.11604,38.75873],[-9.11603,38.7581],[-9.11619,38.75768],[-9.11682,38.75768],[-9.11745,38.75753],[-9.11748,38.75747],[-9.11808,38.75694],[-9.11817,38.75684],[-9.11844,38.75621],[-9.11871,38.75568],[-9.11912,38.75558],[-9.11934,38.75544],[-9.11997,38.75544],[-9.12003,38.75558],[-9.11997,38.75578],[-9.11934,38.75578],[-9.11922,38.75621],[-9.11934,38.75646],[-9.11997,38.75646],[-9.12006,38.75684],[-9.1206,38.75734],[-9.12123,38.7574],[-9.12186,38.75721],[-9.12249,38.75721],[-9.12297,38.75747],[-9.12313,38.75761],[-9.12376,38.75786],[-9.12403,38.7581],[-9.12376,38.75833],[-9.12331,38.75873],[-9.12324,38.75937],[-9.12313,38.75951],[-9.12249,38.75957],[-9.12186,38.75957],[-9.12146,38.76],[-9.12123,38.76019],[-9.1206,38.76062],[-9.12055,38.76063],[-9.12052,38.76126],[-9.11997,38.76157],[-9.11934,38.76157],[-9.11898,38.76126],[-9.11871,38.76092],[-9.11848,38.76063],[-9.11808,38.76019],[-9.11778,38.76],[-9.11808,38.75955]],[[-9.11871,38.76001],[-9.11877,38.76],[-9.11871,38.75984],[-9.11869,38.76],[-9.11871,38.76001]],[[-9.11808,38.75877],[-9.11812,38.75873],[-9.11808,38.75867],[-9.11802,38.75873],[-9.11808,38.75877]],[[-9.12123,38.75762],[-9.1206,38.75792],[-9.12048,38.7581],[-9.1206,38.75819],[-9.12123,38.7582],[-9.12135,38.7581],[-9.12123,38.75762]]],[[[-9.10416,38.76567],[-9.10416,38.76504],[-9.1042,38.76501],[-9.10423,38.76504],[-9.10423,38.76567],[-9.1042,38.76572],[-9.10416,38.76567]]],[[[-9.10113,38.76693],[-9.10105,38.76704],[-9.10093,38.76693],[-9.10105,38.76688],[-9.10113,38.76693]]],[[[-9.09477,38.7682],[-9.09474,38.76822],[-9.09455,38.7682],[-9.09474,38.76811],[-9.09477,38.7682]]],[[[-9.10444,38.7682],[-9.1042,38.7686],[-9.10364,38.7682],[-9.1042,38.76789],[-9.10444,38.7682]]],[[[-9.10678,38.77072],[-9.10673,38.77075],[-9.10631,38.77072],[-9.10673,38.77069],[-9.10678,38.77072]]],[[[-9.10736,38.77166],[-9.10733,38.77135],[-9.10736,38.77129],[-9.10799,38.77129],[-9.10801,38.77135],[-9.10799,38.77166],[-9.10736,38.77166]]],[[[-9.1042,38.77018],[-9.10411,38.77009],[-9.1042,38.7699],[-9.10483,38.77002],[-9.10546,38.77002],[-9.10547,38.77009],[-9.10591,38.77072],[-9.1061,38.77079],[-9.1062,38.77135],[-9.1062,38.77198],[-9.1061,38.77254],[-9.10606,38.77261],[-9.10574,38.77324],[-9.10546,38.77356],[-9.10483,38.77356],[-9.10454,38.77324],[-9.1045,38.77261],[-9.10473,38.77198],[-9.10473,38.77135],[-9.10476,38.77072],[-9.1042,38.77018]]],[[[-9.10306,38.77324],[-9.10294,38.77337],[-9.10287,38.77324],[-9.10294,38.77315],[-9.10306,38.77324]]],[[[-9.11051,38.77769],[-9.11035,38.77769],[-9.11027,38.77756],[-9.11051,38.7775],[-9.11114,38.7775],[-9.1112,38.77703],[-9.11114,38.77684],[-9.11051,38.77684],[-9.11044,38.77639],[-9.11051,38.77633],[-9.11114,38.77633],[-9.11126,38.77639],[-9.11177,38.7767],[-9.1124,38.77701],[-9.11241,38.77703],[-9.11249,38.77766],[-9.11249,38.77829],[-9.1124,38.77836],[-9.11194,38.77892],[-9.11177,38.77905],[-9.11145,38.77905],[-9.1112,38.77889],[-9.11099,38.77869],[-9.11085,38.77847],[-9.11114,38.77847],[-9.1115,38.77829],[-9.11114,38.77769],[-9.11051,38.77769]]],[[[-9.09988,38.78964],[-9.09979,38.78955],[-9.09938,38.78901],[-9.09916,38.78852],[-9.09853,38.78852],[-9.0984,38.78838],[-9.09812,38.78775],[-9.09808,38.78712],[-9.0979,38.7869],[-9.09765,38.78649],[-9.09746,38.78586],[-9.09766,38.78523],[-9.09766,38.78459],[-9.0979,38.78446],[-9.09853,38.78443],[-9.09916,38.78443],[-9.09949,38.78396],[-9.09979,38.78372],[-9.10015,38.78396],[-9.10042,38.78413],[-9.10045,38.78413],[-9.10068,38.78569],[-9.10042,38.78569],[-9.10017,38.78586],[-9.09979,38.78625],[-9.09965,38.78649],[-9.09979,38.78708],[-9.09979,38.78712],[-9.09985,38.78775],[-9.09979,38.78781],[-9.09963,38.78838],[-9.09979,38.78879],[-9.1004,38.78838],[-9.10042,38.78836],[-9.10096,38.78836],[-9.10102,38.78935],[-9.10094,38.79052],[-9.10074,38.79174],[-9.10072,38.79179],[-9.10042,38.79179],[-9.10026,38.79153],[-9.10026,38.7909],[-9.09979,38.79055],[-9.09952,38.79027],[-9.09979,38.7898],[-9.09988,38.78964]]],[[[-9.0959,38.78775],[-9.096,38.7877],[-9.09663,38.7877],[-9.09669,38.78775],[-9.09727,38.78836],[-9.0973,38.78838],[-9.09753,38.78901],[-9.09727,38.78961],[-9.09663,38.78932],[-9.096,38.78932],[-9.09564,38.78901],[-9.09537,38.78875],[-9.09516,38.78838],[-9.09537,38.78807],[-9.0959,38.78775]]],[[[-9.0979,38.78993],[-9.09802,38.79027],[-9.0979,38.79047],[-9.09727,38.79086],[-9.09663,38.79039],[-9.096,38.79039],[-9.09595,38.79027],[-9.096,38.79017],[-9.09663,38.79017],[-9.09727,38.78968],[-9.0979,38.78993]]],[[[-9.09411,38.79284],[-9.09407,38.79279],[-9.09348,38.79238],[-9.09285,38.79238],[-9.09263,38.79216],[-9.09273,38.79153],[-9.09273,38.7909],[-9.09222,38.7904],[-9.09218,38.79027],[-9.09222,38.79016],[-9.09241,38.78964],[-9.09285,38.78927],[-9.09348,38.78927],[-9.09385,38.78964],[-9.09411,38.78995],[-9.09441,38.79027],[-9.09467,38.7909],[-9.09467,38.79153],[-9.09474,38.79211],[-9.09537,38.79201],[-9.096,38.79183],[-9.09663,38.79183],[-9.09727,38.79155],[-9.09737,38.79153],[-9.0979,38.79145],[-9.09797,38.79153],[-9.0979,38.79173],[-9.09774,38.79216],[-9.09727,38.79278],[-9.09724,38.79279],[-9.09727,38.79284],[-9.0979,38.79316],[-9.09853,38.79307],[-9.09916,38.79307],[-9.0995,38.79279],[-9.09979,38.79259],[-9.10005,38.79279],[-9.09979,38.79335],[-9.09974,38.79342],[-9.09942,38.79406],[-9.09916,38.79411],[-9.09853,38.79411],[-9.0979,38.79421],[-9.09733,38.79469],[-9.09727,38.79474],[-9.09663,38.79484],[-9.096,38.79484],[-9.09576,38.79469],[-9.09537,38.79442],[-9.09501,38.79406],[-9.09486,38.79342],[-9.09474,38.7932],[-9.09411,38.79284]],[[-9.096,38.79397],[-9.09591,38.79406],[-9.096,38.79422],[-9.09663,38.79422],[-9.09711,38.79406],[-9.09663,38.79397],[-9.096,38.79397]]]]},"properties":{"class":9,"label":"38 a 39","fill":"#b10026"}},{"type":"Feature","geometry":{"type":"MultiPolygon","coordinates":[[[[-9.18224,38.69882],[-9.18241,38.69871],[-9.18304,38.69856],[-9.18365,38.69818],[-9.18368,38.69817],[-9.18431,38.69817],[-9.18494,38.6981],[-9.18542,38.69818],[-9.18557,38.69829],[-9.18577,38.69882],[-9.18557,38.69902],[-9.18517,38.69945],[-9.18494,38.69963],[-9.18444,38.70008],[-9.18431,38.70017],[-9.18368,38.70017],[-9.18348,38.70008],[-9.18304,38.69963],[-9.18243,38.69945],[-9.18241,38.69941],[-9.18224,38.69882]]],[[[-9.19408,38.7026],[-9.19377,38.70267],[-9.19369,38.7026],[-9.19377,38.70202],[-9.19379,38.70197],[-9.19404,38.70134],[-9.19394,38.70071],[-9.19391,38.70008],[-9.19379,38.69945],[-9.19377,38.69921],[-9.1937,38.69882],[-9.19377,38.69866],[-9.19403,38.69818],[-9.1944,38.69796],[-9.19503,38.69806],[-9.19566,38.69806],[-9.19629,38.698],[-9.19645,38.69818],[-9.19692,38.69853],[-9.19753,38.69818],[-9.19755,38.69817],[-9.19756,38.69818],[-9.19818,38.69872],[-9.19881,38.69872],[-9.1993,38.69882],[-9.19944,38.69913],[-9.19947,38.69945],[-9.19955,38.70008],[-9.19955,38.70071],[-9.19944,38.70103],[-9.19915,38.70134],[-9.19881,38.70195],[-9.19818,38.70195],[-9.19755,38.70192],[-9.19751,38.70197],[-9.19748,38.7026],[-9.19692,38.7028],[-9.19629,38.70263],[-9.19615,38.7026],[-9.19566,38.70242],[-9.19503,38.70242],[-9.1944,38.70242],[-9.19408,38.7026]]],[[[-9.17358,38.70196],[-9.1736,38.70197],[-9.17358,38.70199],[-9.17354,38.70197],[-9.17358,38.70196]]],[[[-9.19944,38.70205],[-9.19969,38.7026],[-9.19944,38.70263],[-9.19881,38.70262],[-9.19818,38.70262],[-9.19787,38.7026],[-9.19818,38.70207],[-9.19881,38.70207],[-9.19944,38.70205]]],[[[-9.20912,38.70197],[-9.20949,38.70134],[-9.20953,38.70132],[-9.20955,38.70134],[-9.21017,38.70184],[-9.2108,38.70184],[-9.21094,38.70197],[-9.21122,38.7026],[-9.2108,38.70295],[-9.21032,38.70323],[-9.21017,38.70366],[-9.20953,38.70366],[-9.20913,38.70323],[-9.2089,38.70275],[-9.20884,38.7026],[-9.2089,38.70244],[-9.20912,38.70197]]],[[[-9.17421,38.70445],[-9.17424,38.70449],[-9.17421,38.70452],[-9.1742,38.70449],[-9.17421,38.70445]]],[[[-9.2026,38.73915],[-9.20319,38.73855],[-9.20323,38.73831],[-9.20339,38.73855],[-9.20339,38.73918],[-9.20386,38.73959],[-9.20449,38.73959],[-9.20512,38.73972],[-9.2053,38.73972],[-9.20532,38.73992],[-9.20512,38.73992],[-9.20449,38.73996],[-9.20386,38.73996],[-9.20323,38.74042],[-9.20313,38.74044],[-9.2026,38.74056],[-9.20251,38.74044],[-9.2026,38.74024],[-9.20281,38.73981],[-9.2026,38.73933],[-9.20257,38.73918],[-9.2026,38.73915]]],[[[-9.2087,38.75495],[-9.20881,38.75437],[-9.20907,38.75488],[-9.2087,38.7551],[-9.2087,38.75495]]],[[[-9.18428,38.75558],[-9.18368,38.75572],[-9.18304,38.75572],[-9.1827,38.75558],[-9.18304,38.75512],[-9.18368,38.75512],[-9.18375,38.75495],[-9.18431,38.75473],[-9.18494,38.75471],[-9.18557,38.75476],[-9.18593,38.75495],[-9.1862,38.75521],[-9.18683,38.75521],[-9.18746,38.75529],[-9.18777,38.75558],[-9.18746,38.75579],[-9.18689,38.75621],[-9.18683,38.75625],[-9.1862,38.75625],[-9.18598,38.75621],[-9.18557,38.7559],[-9.18494,38.75598],[-9.18434,38.75558],[-9.18431,38.75557],[-9.18428,38.75558]]],[[[-9.18241,38.75599],[-9.18249,38.75621],[-9.18241,38.75629],[-9.18225,38.75621],[-9.18241,38.75599]]],[[[-9.20633,38.75684],[-9.20638,38.75678],[-9.20644,38.75684],[-9.20633,38.75699],[-9.20633,38.75684]]],[[[-9.18998,38.76301],[-9.19012,38.76315],[-9.18998,38.76323],[-9.18985,38.76315],[-9.18998,38.76301]]],[[[-9.19551,38.76504],[-9.19551,38.76441],[-9.19566,38.76437],[-9.19573,38.76441],[-9.19573,38.76504],[-9.19566,38.76513],[-9.19551,38.76504]]],[[[-9.19186,38.76378],[-9.19187,38.76377],[-9.19251,38.76377],[-9.19255,38.76378],[-9.19276,38.76441],[-9.19268,38.76504],[-9.19259,38.76567],[-9.19251,38.76571],[-9.19187,38.76571],[-9.19124,38.76578],[-9.19089,38.76567],[-9.19124,38.76544],[-9.19168,38.76504],[-9.19168,38.76441],[-9.19186,38.76378]]],[[[-9.17548,38.76544],[-9.17504,38.76504],[-9.17504,38.76441],[-9.17548,38.7641],[-9.17611,38.76433],[-9.17674,38.76417],[-9.17703,38.76441],[-9.17703,38.76504],[-9.17674,38.76564],[-9.17669,38.76567],[-9.17674,38.76579],[-9.17688,38.7663],[-9.17674,38.76645],[-9.17611,38.76642],[-9.17548,38.76659],[-9.17495,38.7663],[-9.17548,38.76603],[-9.17574,38.76567],[-9.17548,38.76544]]],[[[-9.18998,38.76599],[-9.1904,38.7663],[-9.18998,38.7666],[-9.18935,38.7666],[-9.18872,38.7666],[-9.18831,38.7663],[-9.18872,38.76593],[-9.18935,38.76593],[-9.18998,38.76599]]],[[[-9.19377,38.76627],[-9.19383,38.7663],[-9.19377,38.76632],[-9.19372,38.7663],[-9.19377,38.76627]]],[[[-9.18533,38.7663],[-9.18494,38.76655],[-9.18465,38.7663],[-9.18494,38.76608],[-9.18533,38.7663]]],[[[-9.18683,38.76679],[-9.18696,38.76693],[-9.18705,38.76756],[-9.18683,38.76767],[-9.1862,38.76767],[-9.18557,38.76776],[-9.1853,38.76756],[-9.18557,38.76726],[-9.18602,38.76693],[-9.1862,38.76679],[-9.18683,38.76679]]],[[[-9.17737,38.7686],[-9.178,38.7686],[-9.17851,38.7682],[-9.17863,38.76775],[-9.17894,38.76756],[-9.17926,38.76751],[-9.17934,38.76756],[-9.17989,38.76812],[-9.18052,38.76812],[-9.18055,38.7682],[-9.18052,38.76824],[-9.17989,38.76824],[-9.17952,38.76883],[-9.17959,38.76946],[-9.17926,38.76973],[-9.17863,38.76964],[-9.17842,38.76946],[-9.178,38.76911],[-9.17737,38.76911],[-9.17722,38.76883],[-9.17737,38.7686]]],[[[-9.1862,38.76933],[-9.18683,38.76933],[-9.18691,38.76946],[-9.18746,38.76988],[-9.18809,38.76975],[-9.18848,38.77009],[-9.18809,38.77041],[-9.18775,38.77072],[-9.18746,38.77108],[-9.18684,38.77072],[-9.18683,38.77068],[-9.1862,38.77068],[-9.18607,38.77009],[-9.18607,38.76946],[-9.1862,38.76933]]],[[[-9.18241,38.77254],[-9.18249,38.77261],[-9.18241,38.7727],[-9.18223,38.77261],[-9.18241,38.77254]]],[[[-9.18498,38.77324],[-9.18494,38.77332],[-9.18493,38.77324],[-9.18431,38.77276],[-9.18412,38.77261],[-9.18431,38.77251],[-9.18494,38.77249],[-9.18513,38.77261],[-9.18498,38.77324]]],[[[-9.18557,38.77412],[-9.18514,38.77387],[-9.18557,38.77356],[-9.1862,38.77356],[-9.18632,38.77387],[-9.1862,38.77412],[-9.18557,38.77412]]],[[[-9.18494,38.77431],[-9.18501,38.7745],[-9.18494,38.77458],[-9.1848,38.7745],[-9.18494,38.77431]]],[[[-9.17849,38.77766],[-9.17849,38.77703],[-9.1785,38.77639],[-9.17863,38.77621],[-9.17926,38.7758],[-9.17989,38.77587],[-9.18052,38.77587],[-9.18086,38.77576],[-9.18115,38.77564],[-9.18127,38.77576],[-9.18178,38.77623],[-9.18196,38.77639],[-9.18178,38.77677],[-9.18169,38.77703],[-9.18151,38.77766],[-9.18136,38.77829],[-9.18115,38.77837],[-9.18052,38.77853],[-9.17989,38.77853],[-9.17926,38.77848],[-9.1791,38.77829],[-9.17863,38.77779],[-9.17849,38.77766]]],[[[-9.17169,38.7026],[-9.17232,38.7026],[-9.17295,38.70225],[-9.1732,38.7026],[-9.17358,38.70293],[-9.17392,38.70323],[-9.17358,38.70348],[-9.17295,38.70342],[-9.1727,38.70323],[-9.17232,38.70262],[-9.17169,38.70262],[-9.17168,38.7026],[-9.17169,38.7026]]],[[[-9.16601,38.73139],[-9.16665,38.73139],[-9.16728,38.73111],[-9.16742,38.73098],[-9.16791,38.73078],[-9.1682,38.73098],[-9.16829,38.73161],[-9.16791,38.73215],[-9.1678,38.73224],[-9.16751,38.73287],[-9.16751,38.73351],[-9.16728,38.73363],[-9.16715,38.73351],[-9.16715,38.73287],[-9.16686,38.73224],[-9.16665,38.73183],[-9.16601,38.73183],[-9.16588,38.73161],[-9.16601,38.73139]]],[[[-9.16926,38.73351],[-9.16917,38.73359],[-9.16854,38.73359],[-9.16831,38.73351],[-9.16834,38.73287],[-9.16854,38.73248],[-9.16917,38.73248],[-9.16924,38.73287],[-9.16926,38.73351]]],[[[-9.16349,38.73382],[-9.16396,38.73351],[-9.16412,38.73325],[-9.16471,38.73287],[-9.16475,38.7328],[-9.16477,38.73287],[-9.16477,38.73351],[-9.16475,38.73353],[-9.16452,38.73414],[-9.16442,38.73477],[-9.16412,38.73496],[-9.16349,38.735],[-9.16286,38.735],[-9.16228,38.7354],[-9.16223,38.73542],[-9.16222,38.7354],[-9.16207,38.73477],[-9.16223,38.73433],[-9.16249,38.73414],[-9.16286,38.73382],[-9.16349,38.73382]]],[[[-9.17043,38.74053],[-9.1698,38.74059],[-9.16954,38.74044],[-9.1698,38.7402],[-9.17043,38.74021],[-9.17068,38.74044],[-9.17043,38.74053]]],[[[-9.16665,38.74176],[-9.16601,38.74176],[-9.16591,38.7417],[-9.16601,38.74159],[-9.16665,38.74159],[-9.16674,38.7417],[-9.16665,38.74176]]],[[[-9.14021,38.75054],[-9.14046,38.75117],[-9.14015,38.75153],[-9.13952,38.75153],[-9.13925,38.7518],[-9.13889,38.75226],[-9.13836,38.7518],[-9.13863,38.75117],[-9.13863,38.75054],[-9.13889,38.75033],[-9.13952,38.75048],[-9.14015,38.75048],[-9.14021,38.75054]]],[[[-9.16265,38.75054],[-9.16286,38.75044],[-9.16349,38.75044],[-9.16412,38.75035],[-9.16453,38.75054],[-9.16475,38.75087],[-9.1653,38.75054],[-9.16538,38.75051],[-9.16541,38.75054],[-9.16551,38.75117],[-9.16538,38.75152],[-9.16523,38.7518],[-9.16483,38.75243],[-9.16475,38.75249],[-9.16412,38.75251],[-9.16349,38.75251],[-9.16286,38.75251],[-9.1626,38.75243],[-9.1626,38.7518],[-9.16232,38.75117],[-9.16265,38.75054]]],[[[-9.15782,38.75367],[-9.1579,38.75369],[-9.15782,38.75371],[-9.15718,38.75371],[-9.15655,38.75379],[-9.15647,38.75369],[-9.15655,38.75349],[-9.15718,38.75367],[-9.15782,38.75367]]],[[[-9.17169,38.75621],[-9.17232,38.75621],[-9.17295,38.75618],[-9.17298,38.75621],[-9.17358,38.75684],[-9.17359,38.75684],[-9.17358,38.75689],[-9.17295,38.75727],[-9.17247,38.75684],[-9.17232,38.75632],[-9.17169,38.75632],[-9.17168,38.75621],[-9.17169,38.75621]]],[[[-9.17106,38.75664],[-9.17158,38.75684],[-9.17106,38.75696],[-9.17097,38.75684],[-9.17106,38.75664]]],[[[-9.15884,38.75873],[-9.15884,38.7581],[-9.15908,38.75801],[-9.15971,38.75768],[-9.16034,38.75768],[-9.16062,38.75747],[-9.16097,38.75727],[-9.16129,38.75684],[-9.16097,38.75626],[-9.16093,38.75621],[-9.16097,38.7561],[-9.16105,38.75558],[-9.16101,38.75495],[-9.1616,38.75453],[-9.16189,38.75432],[-9.16223,38.75402],[-9.16286,38.75376],[-9.16349,38.75376],[-9.16399,38.75432],[-9.16412,38.75442],[-9.16475,38.75445],[-9.16526,38.75495],[-9.16538,38.75516],[-9.16601,38.75516],[-9.16637,38.75558],[-9.16601,38.75601],[-9.16538,38.75601],[-9.16524,38.75621],[-9.16531,38.75684],[-9.16475,38.75747],[-9.16475,38.75747],[-9.1643,38.7581],[-9.16412,38.75829],[-9.1638,38.75873],[-9.16349,38.759],[-9.16286,38.759],[-9.16223,38.75932],[-9.16218,38.75937],[-9.16214,38.76],[-9.1616,38.76032],[-9.16097,38.76014],[-9.16034,38.7601],[-9.15971,38.7601],[-9.15963,38.76],[-9.15908,38.75937],[-9.15907,38.75937],[-9.15884,38.75873]]],[[[-9.13553,38.76126],[-9.13511,38.76159],[-9.13493,38.76126],[-9.13511,38.76105],[-9.13553,38.76126]]],[[[-9.16034,38.7638],[-9.15971,38.7638],[-9.15969,38.76378],[-9.15971,38.76376],[-9.16034,38.76376],[-9.16036,38.76378],[-9.16034,38.7638]]],[[[-9.1698,38.76689],[-9.16921,38.7663],[-9.16974,38.76567],[-9.1698,38.76558],[-9.16996,38.76567],[-9.17016,38.7663],[-9.1698,38.76689]]],[[[-9.13132,38.76703],[-9.13069,38.76703],[-9.13061,38.76693],[-9.13069,38.76662],[-9.13132,38.76662],[-9.1318,38.76693],[-9.13132,38.76703]]],[[[-9.14962,38.76976],[-9.14973,38.77009],[-9.14962,38.77049],[-9.14939,38.77009],[-9.14962,38.76976]]],[[[-9.15151,38.77082],[-9.15088,38.77082],[-9.15084,38.77072],[-9.15088,38.7707],[-9.15151,38.7707],[-9.15153,38.77072],[-9.15151,38.77082]]],[[[-9.13196,38.7723],[-9.13255,38.77261],[-9.13196,38.77278],[-9.13186,38.77261],[-9.13196,38.7723]]],[[[-9.13162,38.78396],[-9.13171,38.78333],[-9.13181,38.7827],[-9.13132,38.78224],[-9.13069,38.78224],[-9.13022,38.78207],[-9.13006,38.78185],[-9.12943,38.78149],[-9.12891,38.78144],[-9.1288,38.78141],[-9.12844,38.78081],[-9.12853,38.78018],[-9.1288,38.77997],[-9.12897,38.77955],[-9.12943,38.77922],[-9.12987,38.77892],[-9.13006,38.77851],[-9.1306,38.77829],[-9.1306,38.77766],[-9.13069,38.7776],[-9.13132,38.7776],[-9.13157,38.77703],[-9.13169,38.77639],[-9.13193,38.77576],[-9.13196,38.77568],[-9.13219,38.77513],[-9.1321,38.7745],[-9.13196,38.77413],[-9.1319,38.77387],[-9.13196,38.77378],[-9.13259,38.77341],[-9.13322,38.77326],[-9.13322,38.77324],[-9.13322,38.77322],[-9.1326,38.77261],[-9.13305,38.77198],[-9.13305,38.77135],[-9.13309,38.77072],[-9.13259,38.77026],[-9.13196,38.77029],[-9.13178,38.77072],[-9.13132,38.77089],[-9.13069,38.77089],[-9.13026,38.77072],[-9.13006,38.77061],[-9.12964,38.77009],[-9.12981,38.76946],[-9.13006,38.76926],[-9.13069,38.76888],[-9.13132,38.76888],[-9.13144,38.76946],[-9.13196,38.76999],[-9.13228,38.76946],[-9.13259,38.769],[-9.13284,38.76883],[-9.13322,38.76836],[-9.13385,38.76838],[-9.13448,38.76838],[-9.13491,38.7682],[-9.13448,38.76793],[-9.13385,38.76793],[-9.13326,38.76756],[-9.13339,38.76693],[-9.13322,38.76645],[-9.13312,38.7663],[-9.13259,38.76604],[-9.13197,38.76567],[-9.13197,38.76504],[-9.13259,38.76454],[-9.13273,38.76441],[-9.13322,38.7639],[-9.13385,38.76393],[-9.13448,38.76393],[-9.13469,38.76378],[-9.13511,38.76346],[-9.13574,38.76343],[-9.13637,38.76355],[-9.137,38.76355],[-9.13746,38.76378],[-9.13763,38.76388],[-9.13787,38.76378],[-9.13826,38.76342],[-9.13862,38.76315],[-9.13889,38.76304],[-9.13952,38.76252],[-9.13952,38.76251],[-9.14015,38.76251],[-9.14022,38.76252],[-9.14079,38.76264],[-9.14088,38.76252],[-9.14142,38.76217],[-9.14185,38.76189],[-9.14198,38.76126],[-9.14205,38.76116],[-9.14268,38.76064],[-9.14331,38.76064],[-9.1435,38.76126],[-9.14331,38.76162],[-9.14268,38.76162],[-9.14228,38.76189],[-9.14268,38.76234],[-9.14331,38.76234],[-9.1435,38.76252],[-9.14394,38.76283],[-9.14412,38.76252],[-9.14457,38.76202],[-9.14503,38.76189],[-9.1452,38.76185],[-9.14583,38.76185],[-9.14599,38.76189],[-9.14646,38.76204],[-9.14668,38.76189],[-9.14682,38.76126],[-9.14709,38.76116],[-9.14772,38.76099],[-9.14831,38.76063],[-9.14835,38.76061],[-9.14898,38.76061],[-9.14904,38.76063],[-9.14962,38.76098],[-9.14974,38.76126],[-9.14962,38.76145],[-9.14898,38.76167],[-9.14835,38.76167],[-9.14813,38.76189],[-9.14792,38.76252],[-9.14772,38.76293],[-9.14709,38.76302],[-9.14646,38.76311],[-9.14639,38.76315],[-9.14646,38.76331],[-9.14664,38.76378],[-9.14646,38.76437],[-9.14644,38.76441],[-9.14628,38.76504],[-9.14623,38.76567],[-9.14646,38.76607],[-9.14683,38.7663],[-9.14708,38.76693],[-9.14709,38.76694],[-9.14772,38.76748],[-9.14779,38.76756],[-9.1478,38.7682],[-9.14778,38.76883],[-9.14781,38.76946],[-9.14772,38.76959],[-9.14755,38.77009],[-9.14772,38.77044],[-9.14795,38.77072],[-9.14835,38.77094],[-9.14898,38.77094],[-9.14941,38.77135],[-9.14941,38.77198],[-9.14898,38.77251],[-9.14835,38.77251],[-9.1478,38.77198],[-9.1478,38.77135],[-9.14772,38.77115],[-9.14709,38.77119],[-9.14687,38.77135],[-9.14687,38.77198],[-9.14709,38.77231],[-9.14758,38.77261],[-9.14709,38.77288],[-9.1467,38.77324],[-9.1465,38.77387],[-9.14709,38.77433],[-9.1475,38.7745],[-9.14771,38.77513],[-9.14772,38.77516],[-9.14835,38.77566],[-9.14898,38.77566],[-9.14911,38.77576],[-9.14905,38.77639],[-9.14898,38.77663],[-9.14835,38.77663],[-9.14772,38.77658],[-9.14709,38.77668],[-9.14691,38.77703],[-9.14646,38.77742],[-9.14583,38.7772],[-9.1452,38.7772],[-9.14457,38.77706],[-9.14394,38.77723],[-9.14331,38.77721],[-9.14268,38.77732],[-9.14205,38.77732],[-9.14165,38.77766],[-9.14205,38.7782],[-9.14268,38.7782],[-9.14276,38.77829],[-9.14268,38.77835],[-9.14205,38.77835],[-9.14142,38.77857],[-9.14098,38.77829],[-9.14079,38.77801],[-9.14059,38.77829],[-9.14021,38.77892],[-9.14015,38.77904],[-9.13952,38.77904],[-9.13921,38.77955],[-9.13889,38.77969],[-9.13856,38.78018],[-9.13827,38.78081],[-9.13826,38.78082],[-9.13801,38.78144],[-9.13763,38.78199],[-9.13756,38.78207],[-9.13763,38.78227],[-9.13798,38.7827],[-9.13763,38.78301],[-9.13735,38.78333],[-9.137,38.78391],[-9.13637,38.78391],[-9.13634,38.78396],[-9.13634,38.78459],[-9.13637,38.78462],[-9.137,38.78462],[-9.13763,38.78491],[-9.1377,38.78523],[-9.13763,38.78528],[-9.137,38.78568],[-9.13697,38.78571],[-9.13642,38.78543],[-9.13565,38.78513],[-9.13378,38.78487],[-9.13161,38.7844],[-9.13162,38.78396]],[[-9.13568,38.76883],[-9.13574,38.76885],[-9.13577,38.76883],[-9.13574,38.76878],[-9.13568,38.76883]],[[-9.13132,38.78171],[-9.13196,38.78164],[-9.13209,38.78144],[-9.13196,38.78121],[-9.13132,38.78098],[-9.13069,38.78098],[-9.13035,38.78144],[-9.13069,38.78171],[-9.13132,38.78171]],[[-9.13004,38.78018],[-9.13006,38.78027],[-9.13012,38.78018],[-9.13006,38.78012],[-9.13004,38.78018]],[[-9.13702,38.77072],[-9.137,38.77067],[-9.13637,38.77067],[-9.13636,38.77072],[-9.13637,38.77073],[-9.137,38.77073],[-9.13702,38.77072]]],[[[-9.15231,38.78081],[-9.15214,38.7809],[-9.15204,38.78081],[-9.15214,38.78077],[-9.15231,38.78081]]],[[[-9.15088,38.78151],[-9.15069,38.78144],[-9.15088,38.78136],[-9.15151,38.78136],[-9.15158,38.78144],[-9.15151,38.78151],[-9.15088,38.78151]]],[[[-9.15277,38.78241],[-9.15217,38.78207],[-9.15245,38.78144],[-9.15277,38.78101],[-9.15302,38.78144],[-9.15321,38.78207],[-9.15277,38.78241]]],[[[-9.15151,38.78289],[-9.15177,38.78333],[-9.15151,38.78348],[-9.15088,38.78348],[-9.15025,38.78355],[-9.15008,38.78333],[-9.15025,38.78309],[-9.15088,38.78289],[-9.15151,38.78289]]],[[[-9.14457,38.78522],[-9.14461,38.78523],[-9.14457,38.78524],[-9.14455,38.78523],[-9.14457,38.78522]]],[[[-9.14583,38.78966],[-9.14564,38.78966],[-9.14552,38.78905],[-9.14522,38.78842],[-9.14583,38.78842],[-9.14588,38.78838],[-9.14583,38.78812],[-9.1452,38.78812],[-9.14514,38.78775],[-9.1452,38.78767],[-9.14583,38.78767],[-9.1461,38.78712],[-9.14583,38.78668],[-9.1452,38.78668],[-9.14502,38.78649],[-9.14494,38.78586],[-9.1452,38.78542],[-9.14583,38.78542],[-9.14646,38.78585],[-9.14709,38.78565],[-9.14728,38.78586],[-9.14744,38.78649],[-9.14772,38.78707],[-9.14835,38.78707],[-9.14898,38.78708],[-9.14962,38.78709],[-9.14963,38.78712],[-9.14983,38.78775],[-9.14986,38.78838],[-9.15009,38.78901],[-9.14978,38.78964],[-9.14962,38.78987],[-9.14921,38.79027],[-9.14921,38.7909],[-9.14898,38.79111],[-9.14835,38.7912],[-9.14772,38.7912],[-9.14729,38.7909],[-9.14724,38.79027],[-9.14709,38.79007],[-9.14646,38.79021],[-9.14583,38.78966]],[[-9.14898,38.78781],[-9.14915,38.78775],[-9.14898,38.78731],[-9.14892,38.78775],[-9.14898,38.78781]]],[[[-9.12502,38.71194],[-9.12477,38.71143],[-9.12502,38.71114],[-9.12565,38.71114],[-9.12607,38.71143],[-9.12565,38.71194],[-9.12502,38.71194]]],[[[-9.11871,38.71797],[-9.11855,38.71837],[-9.11808,38.71851],[-9.11776,38.71837],[-9.11808,38.71778],[-9.11824,38.71774],[-9.11871,38.71766],[-9.11873,38.71774],[-9.11871,38.71797]]],[[[-9.11745,38.71862],[-9.11764,38.719],[-9.11745,38.71919],[-9.11727,38.719],[-9.11745,38.71862]]],[[[-9.11493,38.72],[-9.11455,38.72],[-9.11493,38.71963],[-9.11504,38.71951],[-9.11556,38.71951],[-9.11619,38.71934],[-9.11682,38.71934],[-9.11713,38.71963],[-9.11682,38.7202],[-9.11619,38.7202],[-9.11599,38.72026],[-9.11599,38.72089],[-9.11569,38.72152],[-9.11556,38.72185],[-9.11535,38.72215],[-9.11493,38.72246],[-9.11431,38.72215],[-9.11458,38.72152],[-9.11493,38.72117],[-9.11521,38.72089],[-9.11521,38.72026],[-9.11493,38.72]]],[[[-9.11213,38.72531],[-9.11177,38.72591],[-9.11149,38.72531],[-9.11177,38.72506],[-9.11213,38.72531]]],[[[-9.10872,38.7272],[-9.10872,38.72657],[-9.10871,38.72594],[-9.10925,38.72575],[-9.10988,38.72541],[-9.11051,38.72592],[-9.11114,38.72592],[-9.11146,38.72594],[-9.11114,38.72595],[-9.11051,38.72595],[-9.10993,38.72657],[-9.10993,38.7272],[-9.10994,38.72783],[-9.10988,38.72786],[-9.10925,38.72793],[-9.10862,38.72784],[-9.10799,38.72784],[-9.10792,38.72783],[-9.10799,38.72751],[-9.10862,38.72751],[-9.10872,38.7272]]],[[[-9.1061,38.73194],[-9.10632,38.73224],[-9.1061,38.73245],[-9.1055,38.73287],[-9.10546,38.73296],[-9.10483,38.73296],[-9.10444,38.73287],[-9.10465,38.73224],[-9.10483,38.73204],[-9.10546,38.73204],[-9.1061,38.73194]]],[[[-9.11847,38.7354],[-9.11871,38.73511],[-9.11891,38.73477],[-9.11871,38.7343],[-9.11862,38.73414],[-9.11871,38.73405],[-9.11934,38.73351],[-9.11934,38.73348],[-9.11997,38.73348],[-9.12008,38.73351],[-9.1206,38.73355],[-9.12123,38.73367],[-9.1214,38.73351],[-9.1214,38.73287],[-9.12186,38.73244],[-9.12249,38.73247],[-9.12313,38.73247],[-9.12337,38.73224],[-9.12376,38.73208],[-9.12419,38.73224],[-9.12405,38.73287],[-9.12405,38.73351],[-9.1238,38.73414],[-9.12376,38.73428],[-9.12313,38.73466],[-9.12249,38.73466],[-9.12236,38.73477],[-9.12186,38.73485],[-9.12123,38.73501],[-9.1208,38.7354],[-9.1206,38.7355],[-9.12046,38.7354],[-9.11997,38.73515],[-9.11934,38.73515],[-9.11895,38.7354],[-9.11871,38.73567],[-9.11847,38.7354]],[[-9.12172,38.73414],[-9.12186,38.73448],[-9.12217,38.73414],[-9.12186,38.73399],[-9.12172,38.73414]]],[[[-9.11177,38.74164],[-9.11172,38.7417],[-9.11114,38.74198],[-9.11051,38.74198],[-9.11019,38.7417],[-9.10988,38.74152],[-9.10941,38.7417],[-9.10925,38.74178],[-9.10916,38.7417],[-9.10892,38.74107],[-9.10862,38.74077],[-9.10811,38.74044],[-9.10811,38.73981],[-9.10799,38.73944],[-9.10736,38.73944],[-9.10693,38.73918],[-9.10673,38.73898],[-9.10664,38.73855],[-9.10673,38.73843],[-9.10736,38.73818],[-9.10799,38.73818],[-9.10824,38.73792],[-9.10862,38.73747],[-9.10925,38.73733],[-9.10945,38.73729],[-9.10988,38.73718],[-9.1103,38.73666],[-9.11028,38.73603],[-9.11051,38.73573],[-9.11114,38.73573],[-9.11177,38.73575],[-9.1124,38.73594],[-9.11245,38.73603],[-9.11303,38.73664],[-9.11305,38.73666],[-9.11303,38.73668],[-9.1124,38.73686],[-9.11177,38.73708],[-9.11147,38.73729],[-9.11177,38.73758],[-9.1124,38.73776],[-9.11276,38.73792],[-9.11303,38.73806],[-9.11312,38.73855],[-9.11339,38.73918],[-9.11352,38.73981],[-9.11355,38.74044],[-9.11303,38.74094],[-9.1124,38.74094],[-9.11213,38.74107],[-9.1124,38.74127],[-9.11303,38.74132],[-9.11337,38.7417],[-9.11327,38.74234],[-9.11303,38.74248],[-9.11242,38.74297],[-9.1124,38.74301],[-9.11177,38.74304],[-9.11157,38.74297],[-9.11177,38.74274],[-9.1123,38.74234],[-9.11181,38.7417],[-9.11177,38.74164]],[[-9.10945,38.74044],[-9.10945,38.73981],[-9.10925,38.73972],[-9.10912,38.73981],[-9.10912,38.74044],[-9.10925,38.74056],[-9.10945,38.74044]]],[[[-9.10236,38.74044],[-9.10231,38.74049],[-9.10168,38.74049],[-9.10167,38.74044],[-9.10166,38.73981],[-9.10168,38.73966],[-9.10231,38.73966],[-9.1024,38.73981],[-9.10236,38.74044]]],[[[-9.10675,38.74044],[-9.10673,38.74046],[-9.10672,38.74044],[-9.10673,38.74036],[-9.10675,38.74044]]],[[[-9.10799,38.74157],[-9.10736,38.74157],[-9.10724,38.74107],[-9.10736,38.74086],[-9.10799,38.74086],[-9.10806,38.74107],[-9.10799,38.74157]]],[[[-9.11429,38.74979],[-9.11454,38.74927],[-9.11479,38.74864],[-9.11493,38.74834],[-9.11516,38.74801],[-9.11522,38.74738],[-9.11505,38.74675],[-9.11506,38.74612],[-9.11493,38.74593],[-9.11465,38.74549],[-9.11493,38.74493],[-9.11502,38.74486],[-9.11556,38.74435],[-9.11619,38.74443],[-9.11682,38.74443],[-9.11745,38.74471],[-9.11751,38.74486],[-9.11745,38.74515],[-9.11736,38.74549],[-9.11745,38.7456],[-9.11808,38.7456],[-9.11829,38.74612],[-9.11833,38.74675],[-9.11871,38.74719],[-9.11934,38.74719],[-9.11997,38.74719],[-9.12013,38.74738],[-9.1206,38.74768],[-9.12123,38.74782],[-9.12129,38.74801],[-9.12186,38.74855],[-9.12249,38.74855],[-9.12255,38.74864],[-9.12249,38.74876],[-9.12186,38.74876],[-9.12123,38.74925],[-9.12108,38.74927],[-9.1206,38.74934],[-9.11997,38.7495],[-9.11934,38.7495],[-9.11871,38.74933],[-9.11808,38.74932],[-9.11772,38.7499],[-9.11745,38.75034],[-9.11707,38.75054],[-9.11682,38.75074],[-9.11619,38.75074],[-9.11596,38.75054],[-9.11556,38.75027],[-9.11537,38.75054],[-9.11493,38.751],[-9.11444,38.75117],[-9.11429,38.75128],[-9.11366,38.75128],[-9.11341,38.7518],[-9.11303,38.75203],[-9.11264,38.7518],[-9.11293,38.75117],[-9.11255,38.75054],[-9.11297,38.7499],[-9.11303,38.74987],[-9.11366,38.74979],[-9.11429,38.74979]],[[-9.1206,38.74916],[-9.12082,38.74864],[-9.1206,38.74839],[-9.12038,38.74864],[-9.1206,38.74916]]],[[[-9.10546,38.74993],[-9.10483,38.74993],[-9.10483,38.7499],[-9.10483,38.7499],[-9.10546,38.7499],[-9.10548,38.7499],[-9.10546,38.74993]]],[[[-9.10838,38.75117],[-9.10832,38.75054],[-9.10862,38.75044],[-9.10902,38.75054],[-9.10867,38.75117],[-9.10862,38.75124],[-9.10838,38.75117]]],[[[-9.1188,38.75117],[-9.11871,38.75126],[-9.11808,38.75132],[-9.11745,38.75135],[-9.11717,38.75117],[-9.11745,38.75083],[-9.11808,38.751],[-9.11871,38.75095],[-9.1188,38.75117]]],[[[-9.10925,38.75566],[-9.1092,38.75558],[-9.1092,38.75495],[-9.10925,38.7549],[-9.10936,38.75495],[-9.10988,38.7554],[-9.11051,38.75538],[-9.11114,38.75538],[-9.11133,38.75558],[-9.11177,38.75607],[-9.11196,38.75621],[-9.11214,38.75684],[-9.11177,38.75735],[-9.11114,38.75718],[-9.11051,38.75718],[-9.11,38.75747],[-9.10988,38.75777],[-9.10976,38.75747],[-9.10925,38.75702],[-9.10908,38.75684],[-9.10925,38.7565],[-9.10938,38.75621],[-9.10925,38.75566]]],[[[-9.11808,38.75867],[-9.11812,38.75873],[-9.11808,38.75877],[-9.11802,38.75873],[-9.11808,38.75867]]],[[[-9.12691,38.76362],[-9.12754,38.76318],[-9.12817,38.76318],[-9.1288,38.76323],[-9.12912,38.76315],[-9.12943,38.76308],[-9.12957,38.76315],[-9.12943,38.76345],[-9.12934,38.76378],[-9.1294,38.76441],[-9.1288,38.76499],[-9.12817,38.76464],[-9.12754,38.76464],[-9.12696,38.76441],[-9.12691,38.76436],[-9.1268,38.76378],[-9.12691,38.76362]]],[[[-9.12724,38.76693],[-9.12691,38.7674],[-9.12664,38.76693],[-9.12691,38.76679],[-9.12724,38.76693]]],[[[-9.12898,38.76756],[-9.1288,38.76774],[-9.12844,38.76756],[-9.1288,38.76731],[-9.12898,38.76756]]],[[[-9.12691,38.76902],[-9.12628,38.76888],[-9.12624,38.76883],[-9.12628,38.76877],[-9.12691,38.76821],[-9.12715,38.76883],[-9.12691,38.76902]]],[[[-9.12943,38.77373],[-9.12957,38.77387],[-9.12943,38.77407],[-9.12931,38.77387],[-9.12943,38.77373]]],[[[-9.12123,38.77757],[-9.12145,38.77766],[-9.12145,38.77829],[-9.12152,38.77892],[-9.12123,38.779],[-9.1206,38.77921],[-9.12046,38.77892],[-9.1206,38.77865],[-9.12106,38.77829],[-9.12106,38.77766],[-9.12123,38.77757]]],[[[-9.12072,38.78144],[-9.1206,38.78156],[-9.12022,38.78144],[-9.1206,38.78133],[-9.12072,38.78144]]],[[[-9.09979,38.78625],[-9.10017,38.78586],[-9.10042,38.78569],[-9.10068,38.78569],[-9.10088,38.78705],[-9.10096,38.78836],[-9.10042,38.78836],[-9.1004,38.78838],[-9.09979,38.78879],[-9.09963,38.78838],[-9.09979,38.78781],[-9.09985,38.78775],[-9.09979,38.78712],[-9.09979,38.78708],[-9.09965,38.78649],[-9.09979,38.78625]]]]},"properties":{"class":10,"label":"> 39","fill":"#800026"}}]}