{"type":"FeatureCollection","features":[{"type":"Feature","geometry":{"type":"MultiPolygon","coordinates":[[[[-9.19304,38.73035],[-9.19314,38.73026],[-9.19319,38.73035],[-9.19329,38.73098],[-9.19314,38.73102],[-9.19306,38.73098],[-9.19304,38.73035]]],[[[-9.18506,38.75243],[-9.18494,38.75253],[-9.18473,38.75243],[-9.18494,38.7521],[-9.18506,38.75243]]],[[[-9.12883,38.77198],[-9.1288,38.77199],[-9.1288,38.77198],[-9.1288,38.77194],[-9.12883,38.77198]]],[[[-9.16854,38.7738],[-9.16917,38.7738],[-9.16929,38.77387],[-9.16917,38.77396],[-9.16854,38.77396],[-9.16842,38.77387],[-9.16854,38.7738]]],[[[-9.17209,38.77387],[-9.17232,38.77373],[-9.17245,38.77387],[-9.17295,38.77446],[-9.17302,38.7745],[-9.17295,38.77482],[-9.17232,38.77473],[-9.1722,38.7745],[-9.17209,38.77387]]],[[[-9.09084,38.78912],[-9.09096,38.78901],[-9.09096,38.78886],[-9.09159,38.78886],[-9.09222,38.78882],[-9.09247,38.78901],[-9.09222,38.78922],[-9.09159,38.78918],[-9.09096,38.78912],[-9.09084,38.78912]]],[[[-9.14583,38.79266],[-9.14597,38.79279],[-9.14583,38.79309],[-9.14569,38.79309],[-9.14561,38.79266],[-9.14583,38.79266]]]]},"properties":{"class":1,"label":"18 a 18,5","fill":"#ffea9a"}},{"type":"Feature","geometry":{"type":"MultiPolygon","coordinates":[[[[-9.19692,38.72022],[-9.19696,38.72026],[-9.19692,38.72028],[-9.19689,38.72026],[-9.19692,38.72022]]],[[[-9.19781,38.72215],[-9.19755,38.72233],[-9.19742,38.72215],[-9.19755,38.72196],[-9.19781,38.72215]]],[[[-9.19071,38.72215],[-9.19061,38.72228],[-9.19049,38.72215],[-9.19061,38.72202],[-9.19071,38.72215]]],[[[-9.19124,38.72314],[-9.19137,38.72341],[-9.19124,38.72356],[-9.19112,38.72341],[-9.19124,38.72314]]],[[[-9.19124,38.7246],[-9.19187,38.72465],[-9.19251,38.72465],[-9.19252,38.72468],[-9.19268,38.72531],[-9.19277,38.72594],[-9.19251,38.72628],[-9.19187,38.72628],[-9.19141,38.72657],[-9.19124,38.72662],[-9.19113,38.72657],[-9.19113,38.72594],[-9.19124,38.72581],[-9.19174,38.72531],[-9.19124,38.72483],[-9.19118,38.72468],[-9.19124,38.7246]]],[[[-9.19886,38.72783],[-9.19881,38.72786],[-9.19818,38.72786],[-9.19755,38.72786],[-9.19703,38.72783],[-9.19755,38.7278],[-9.19818,38.72778],[-9.19881,38.72778],[-9.19886,38.72783]]],[[[-9.19251,38.728],[-9.19187,38.728],[-9.19167,38.72783],[-9.19187,38.72767],[-9.19251,38.72767],[-9.1928,38.72783],[-9.19251,38.728]]],[[[-9.19503,38.72784],[-9.19566,38.72784],[-9.19627,38.72846],[-9.19629,38.72852],[-9.19636,38.72909],[-9.19629,38.72937],[-9.19586,38.72972],[-9.19566,38.72977],[-9.19503,38.72977],[-9.19497,38.72972],[-9.1944,38.72919],[-9.19428,38.72909],[-9.1944,38.72901],[-9.19477,38.72846],[-9.19503,38.72784]]],[[[-9.19818,38.7306],[-9.19797,38.73035],[-9.19818,38.73005],[-9.19881,38.73005],[-9.19914,38.73035],[-9.19881,38.7306],[-9.19818,38.7306]]],[[[-9.1886,38.73161],[-9.18872,38.73141],[-9.18907,38.73098],[-9.18935,38.73073],[-9.18998,38.73073],[-9.19052,38.73035],[-9.19037,38.72972],[-9.19061,38.72947],[-9.19124,38.72935],[-9.1915,38.72909],[-9.19187,38.72893],[-9.19251,38.72893],[-9.19266,38.72909],[-9.19251,38.72955],[-9.19187,38.72955],[-9.1917,38.72972],[-9.19187,38.72984],[-9.19251,38.72984],[-9.19263,38.72972],[-9.19314,38.72951],[-9.19377,38.72951],[-9.19396,38.72972],[-9.19377,38.73019],[-9.1937,38.73035],[-9.19377,38.73047],[-9.19393,38.73098],[-9.19377,38.73132],[-9.19314,38.73132],[-9.19254,38.73098],[-9.19251,38.7309],[-9.19187,38.7309],[-9.19124,38.73073],[-9.19074,38.73098],[-9.19099,38.73161],[-9.19124,38.73195],[-9.19187,38.73197],[-9.19251,38.73197],[-9.19314,38.73223],[-9.19314,38.73224],[-9.19314,38.73232],[-9.19251,38.73279],[-9.19187,38.73279],[-9.19165,38.73287],[-9.19124,38.73325],[-9.19109,38.73287],[-9.1909,38.73224],[-9.19061,38.73204],[-9.18998,38.73204],[-9.18935,38.73204],[-9.18872,38.73175],[-9.1886,38.73161]],[[-9.19319,38.73035],[-9.19314,38.73026],[-9.19304,38.73035],[-9.19306,38.73098],[-9.19314,38.73102],[-9.19329,38.73098],[-9.19319,38.73035]]],[[[-9.19503,38.73163],[-9.195,38.73161],[-9.19503,38.7316],[-9.19566,38.7316],[-9.19568,38.73161],[-9.19566,38.73163],[-9.19503,38.73163]]],[[[-9.19572,38.73351],[-9.19566,38.73353],[-9.19503,38.73353],[-9.1944,38.73355],[-9.19433,38.73351],[-9.1944,38.73347],[-9.19503,38.73344],[-9.19566,38.73344],[-9.19572,38.73351]]],[[[-9.19093,38.73351],[-9.19061,38.73363],[-9.18998,38.73373],[-9.18935,38.73373],[-9.18918,38.73351],[-9.18935,38.73331],[-9.18998,38.73331],[-9.19061,38.73339],[-9.19093,38.73351]]],[[[-9.19314,38.73361],[-9.19341,38.73414],[-9.19314,38.73437],[-9.19283,38.73414],[-9.19314,38.73361]]],[[[-9.19127,38.73477],[-9.19124,38.73479],[-9.19123,38.73477],[-9.19124,38.73475],[-9.19127,38.73477]]],[[[-9.19064,38.7354],[-9.19061,38.73541],[-9.19058,38.7354],[-9.19061,38.73538],[-9.19064,38.7354]]],[[[-9.19314,38.73593],[-9.19329,38.73603],[-9.19314,38.73612],[-9.19307,38.73603],[-9.19314,38.73593]]],[[[-9.19251,38.75274],[-9.19258,38.75243],[-9.19258,38.7518],[-9.19314,38.7517],[-9.19327,38.7518],[-9.19325,38.75243],[-9.19321,38.75306],[-9.19314,38.75308],[-9.19251,38.75307],[-9.19187,38.75307],[-9.19124,38.75307],[-9.19123,38.75306],[-9.19124,38.75299],[-9.19187,38.75274],[-9.19251,38.75274]]],[[[-9.20889,38.75495],[-9.20889,38.75453],[-9.20907,38.75488],[-9.20889,38.75499],[-9.20889,38.75495]]],[[[-9.1931,38.76252],[-9.19251,38.76282],[-9.19187,38.76282],[-9.19148,38.76315],[-9.19124,38.76353],[-9.19111,38.76315],[-9.19095,38.76252],[-9.19124,38.7622],[-9.19187,38.76225],[-9.19251,38.76225],[-9.1931,38.76252]]],[[[-9.1908,38.76441],[-9.19061,38.76452],[-9.19056,38.76441],[-9.19061,38.76425],[-9.1908,38.76441]]],[[[-9.19309,38.76504],[-9.19309,38.76441],[-9.19314,38.76437],[-9.19314,38.76441],[-9.19314,38.76504],[-9.19314,38.76505],[-9.19309,38.76504]]],[[[-9.19016,38.76567],[-9.18998,38.76572],[-9.18991,38.76567],[-9.18998,38.76558],[-9.19016,38.76567]]],[[[-9.19569,38.7682],[-9.19566,38.76843],[-9.19503,38.76853],[-9.1944,38.76853],[-9.19423,38.7682],[-9.1944,38.76804],[-9.19503,38.76804],[-9.19566,38.76815],[-9.19569,38.7682]]],[[[-9.19542,38.76946],[-9.19566,38.76897],[-9.19576,38.76883],[-9.19629,38.76862],[-9.19654,38.76874],[-9.19599,38.76928],[-9.19604,38.76954],[-9.19543,38.76985],[-9.19542,38.76946]]],[[[-9.19251,38.77159],[-9.19277,38.77135],[-9.19308,38.77072],[-9.19314,38.77068],[-9.19366,38.77009],[-9.19352,38.76946],[-9.19377,38.76923],[-9.19396,38.76946],[-9.19395,38.77009],[-9.1944,38.77066],[-9.19445,38.77072],[-9.19445,38.77083],[-9.19442,38.77087],[-9.19298,38.77172],[-9.1931,38.77202],[-9.19282,38.77229],[-9.19261,38.77231],[-9.1922,38.77202],[-9.1915,38.77242],[-9.1915,38.77198],[-9.19156,38.77135],[-9.19187,38.77128],[-9.19202,38.77135],[-9.19251,38.77159]]],[[[-9.18872,38.71245],[-9.18894,38.71269],[-9.18872,38.71296],[-9.18858,38.71269],[-9.18872,38.71245]]],[[[-9.19093,38.71521],[-9.19061,38.71571],[-9.18998,38.7156],[-9.18935,38.7156],[-9.18906,38.71521],[-9.18935,38.71495],[-9.18998,38.71495],[-9.19061,38.71509],[-9.19093,38.71521]]],[[[-9.18935,38.72928],[-9.18923,38.72909],[-9.18935,38.72882],[-9.18998,38.72882],[-9.19018,38.72909],[-9.18998,38.72928],[-9.18935,38.72928]]],[[[-9.18809,38.73022],[-9.1883,38.73035],[-9.18809,38.73061],[-9.18779,38.73035],[-9.18809,38.73022]]],[[[-9.18714,38.73161],[-9.18739,38.73098],[-9.18746,38.73084],[-9.18758,38.73098],[-9.18756,38.73161],[-9.18746,38.73172],[-9.18714,38.73161]]],[[[-9.18801,38.73224],[-9.18809,38.73217],[-9.18817,38.73224],[-9.18841,38.73287],[-9.18845,38.73351],[-9.18872,38.73382],[-9.18909,38.73414],[-9.18872,38.73431],[-9.18809,38.73433],[-9.18746,38.73415],[-9.1873,38.73414],[-9.18746,38.73409],[-9.18773,38.73351],[-9.18801,38.73287],[-9.18801,38.73224]]],[[[-9.18431,38.73329],[-9.18494,38.73347],[-9.18553,38.73287],[-9.18557,38.73269],[-9.1862,38.73278],[-9.18683,38.73278],[-9.18686,38.73287],[-9.187,38.73351],[-9.18683,38.7339],[-9.1862,38.7339],[-9.18557,38.73359],[-9.18494,38.73355],[-9.18431,38.73375],[-9.18411,38.73351],[-9.18431,38.73329]]],[[[-9.1869,38.73666],[-9.18683,38.73671],[-9.1862,38.73671],[-9.18613,38.73666],[-9.1861,38.73603],[-9.1862,38.73593],[-9.18683,38.73593],[-9.18691,38.73603],[-9.1869,38.73666]]],[[[-9.18852,38.73729],[-9.18809,38.73742],[-9.18791,38.73729],[-9.18809,38.73693],[-9.18852,38.73729]]],[[[-9.18935,38.73824],[-9.18923,38.73792],[-9.18935,38.73785],[-9.18998,38.73785],[-9.19008,38.73792],[-9.18998,38.73824],[-9.18935,38.73824]]],[[[-9.18433,38.75243],[-9.18437,38.7518],[-9.18494,38.7513],[-9.18519,38.7518],[-9.18532,38.75243],[-9.18494,38.75273],[-9.18433,38.75243]],[[-9.18494,38.75253],[-9.18506,38.75243],[-9.18494,38.7521],[-9.18473,38.75243],[-9.18494,38.75253]]],[[[-9.18572,38.76063],[-9.18557,38.76085],[-9.18551,38.76063],[-9.18557,38.76058],[-9.18572,38.76063]]],[[[-9.1901,38.76126],[-9.18998,38.76157],[-9.18991,38.76126],[-9.18998,38.76118],[-9.1901,38.76126]]],[[[-9.18712,38.76126],[-9.18743,38.76063],[-9.18746,38.76061],[-9.18747,38.76063],[-9.18758,38.76126],[-9.18797,38.76189],[-9.18746,38.76228],[-9.18724,38.76252],[-9.18683,38.76274],[-9.1862,38.76274],[-9.18588,38.76252],[-9.18611,38.76189],[-9.1862,38.76171],[-9.18683,38.76171],[-9.18712,38.76126]]],[[[-9.18408,38.76189],[-9.18431,38.76149],[-9.18445,38.76189],[-9.18494,38.76249],[-9.185,38.76252],[-9.185,38.76315],[-9.185,38.76378],[-9.185,38.76441],[-9.185,38.76504],[-9.18494,38.7651],[-9.18491,38.76504],[-9.18491,38.76441],[-9.18446,38.76378],[-9.1848,38.76315],[-9.18431,38.76265],[-9.18423,38.76252],[-9.18408,38.76189]]],[[[-9.1862,38.76382],[-9.18609,38.76378],[-9.1862,38.76372],[-9.18683,38.76372],[-9.18691,38.76378],[-9.18683,38.76382],[-9.1862,38.76382]]],[[[-9.18431,38.76564],[-9.18436,38.76567],[-9.18431,38.7657],[-9.18425,38.76567],[-9.18431,38.76564]]],[[[-9.18222,38.76756],[-9.18178,38.76771],[-9.18162,38.76756],[-9.18178,38.76743],[-9.18222,38.76756]]],[[[-9.18304,38.76795],[-9.18368,38.76795],[-9.18431,38.76799],[-9.18494,38.76801],[-9.18547,38.7682],[-9.18494,38.76867],[-9.18431,38.76857],[-9.18368,38.76837],[-9.18304,38.76837],[-9.18241,38.76843],[-9.1822,38.7682],[-9.18241,38.7677],[-9.18304,38.76795]]],[[[-9.18052,38.76772],[-9.18105,38.7682],[-9.18052,38.76843],[-9.17989,38.76843],[-9.17926,38.76871],[-9.17883,38.7682],[-9.17926,38.76797],[-9.17989,38.76772],[-9.18052,38.76772]]],[[[-9.18972,38.77135],[-9.1897,38.77072],[-9.18998,38.77048],[-9.19017,38.77072],[-9.19014,38.77135],[-9.18998,38.7716],[-9.18972,38.77135]]],[[[-9.18115,38.77268],[-9.18099,38.77261],[-9.18052,38.77246],[-9.17989,38.77246],[-9.17953,38.77198],[-9.17962,38.77135],[-9.17962,38.77072],[-9.17926,38.77023],[-9.1791,38.77009],[-9.17923,38.76946],[-9.17926,38.76935],[-9.17989,38.76943],[-9.18052,38.76943],[-9.18115,38.76915],[-9.18178,38.76919],[-9.18229,38.76946],[-9.18211,38.77009],[-9.18241,38.77058],[-9.18291,38.77009],[-9.18268,38.76946],[-9.18304,38.76935],[-9.18368,38.76935],[-9.18431,38.76918],[-9.18486,38.76946],[-9.18494,38.76951],[-9.18511,38.77009],[-9.18494,38.77032],[-9.18436,38.77009],[-9.18431,38.77001],[-9.18425,38.77009],[-9.18431,38.7704],[-9.18434,38.77072],[-9.18434,38.77135],[-9.18431,38.77137],[-9.18368,38.77151],[-9.18304,38.77151],[-9.18273,38.77198],[-9.18304,38.77245],[-9.18368,38.77245],[-9.1837,38.77261],[-9.18431,38.77312],[-9.18494,38.77294],[-9.18557,38.77301],[-9.1862,38.77301],[-9.18656,38.77324],[-9.18683,38.77366],[-9.18699,38.77387],[-9.18683,38.77414],[-9.1862,38.77403],[-9.18557,38.77403],[-9.18535,38.77387],[-9.18494,38.77363],[-9.18452,38.77387],[-9.18431,38.77409],[-9.1838,38.7745],[-9.18368,38.77453],[-9.18304,38.77453],[-9.18296,38.7745],[-9.18241,38.77401],[-9.18194,38.77387],[-9.18178,38.77381],[-9.18152,38.77324],[-9.18115,38.77268]],[[-9.18126,38.77072],[-9.18115,38.7707],[-9.18112,38.77072],[-9.18112,38.77135],[-9.18115,38.77136],[-9.18126,38.77135],[-9.18126,38.77072]]],[[[-9.18519,38.77198],[-9.18494,38.77214],[-9.18475,38.77198],[-9.18494,38.77172],[-9.18519,38.77198]]],[[[-9.19005,38.77261],[-9.18998,38.77275],[-9.18958,38.77261],[-9.18998,38.77243],[-9.19005,38.77261]]],[[[-9.18052,38.77287],[-9.18074,38.77324],[-9.18075,38.77387],[-9.18052,38.77402],[-9.17989,38.77402],[-9.1796,38.77387],[-9.17926,38.77358],[-9.17892,38.77324],[-9.17926,38.77282],[-9.17989,38.77287],[-9.18052,38.77287]]],[[[-9.18252,38.77639],[-9.18241,38.77643],[-9.18236,38.77639],[-9.18241,38.77634],[-9.18252,38.77639]]],[[[-9.16223,38.7548],[-9.16286,38.75481],[-9.16349,38.75481],[-9.16408,38.75495],[-9.16349,38.7551],[-9.16286,38.7551],[-9.16223,38.75521],[-9.1616,38.75499],[-9.16155,38.75495],[-9.1616,38.75484],[-9.16223,38.7548]]],[[[-9.16421,38.75558],[-9.16412,38.75563],[-9.16408,38.75558],[-9.16412,38.75511],[-9.16421,38.75558]]],[[[-9.17731,38.76567],[-9.17737,38.76565],[-9.178,38.76565],[-9.17823,38.76567],[-9.17805,38.7663],[-9.17827,38.76693],[-9.17843,38.76756],[-9.178,38.76787],[-9.17737,38.76787],[-9.17688,38.76756],[-9.17674,38.76709],[-9.17669,38.76693],[-9.17674,38.76641],[-9.17689,38.7663],[-9.17731,38.76567]]],[[[-9.17674,38.76793],[-9.17685,38.7682],[-9.17674,38.76832],[-9.17664,38.7682],[-9.17674,38.76793]]],[[[-9.17689,38.76946],[-9.17674,38.76965],[-9.17661,38.76946],[-9.17674,38.76935],[-9.17689,38.76946]]],[[[-9.178,38.77061],[-9.1786,38.77072],[-9.1786,38.77135],[-9.17863,38.77138],[-9.17884,38.77198],[-9.17863,38.77223],[-9.17827,38.77261],[-9.178,38.77289],[-9.17737,38.77289],[-9.17693,38.77261],[-9.17728,38.77198],[-9.17709,38.77135],[-9.17709,38.77072],[-9.17737,38.77061],[-9.178,38.77061]]],[[[-9.17484,38.77239],[-9.17421,38.77239],[-9.17383,38.77198],[-9.17421,38.77137],[-9.17484,38.77137],[-9.17502,38.77198],[-9.17484,38.77239]]],[[[-9.17059,38.77198],[-9.17043,38.77208],[-9.17037,38.77198],[-9.17043,38.77183],[-9.17059,38.77198]]],[[[-9.17737,38.77416],[-9.17705,38.77387],[-9.17737,38.77361],[-9.178,38.77361],[-9.17824,38.77387],[-9.178,38.77416],[-9.17737,38.77416]]],[[[-9.16854,38.7743],[-9.16797,38.77387],[-9.16854,38.7735],[-9.16917,38.7735],[-9.16977,38.77387],[-9.16917,38.7743],[-9.16854,38.7743]],[[-9.16917,38.7738],[-9.16854,38.7738],[-9.16842,38.77387],[-9.16854,38.77396],[-9.16917,38.77396],[-9.16929,38.77387],[-9.16917,38.7738]]],[[[-9.172,38.77703],[-9.17169,38.77661],[-9.17106,38.77661],[-9.17043,38.77664],[-9.17022,38.77639],[-9.17043,38.77616],[-9.17085,38.77576],[-9.17043,38.77518],[-9.17036,38.77513],[-9.17009,38.7745],[-9.16993,38.77387],[-9.17043,38.77375],[-9.17094,38.77324],[-9.17106,38.77299],[-9.17169,38.77299],[-9.1721,38.77261],[-9.17232,38.77252],[-9.17295,38.7725],[-9.17339,38.77261],[-9.17301,38.77324],[-9.17337,38.77387],[-9.17358,38.77394],[-9.17362,38.77387],[-9.17394,38.77324],[-9.17421,38.77288],[-9.17484,38.77288],[-9.17545,38.77324],[-9.17548,38.77326],[-9.17611,38.77347],[-9.17664,38.77324],[-9.17674,38.77302],[-9.17684,38.77324],[-9.17674,38.77337],[-9.17656,38.77387],[-9.17642,38.7745],[-9.17657,38.77513],[-9.17611,38.77552],[-9.1759,38.77576],[-9.17611,38.77604],[-9.17623,38.77639],[-9.17641,38.77703],[-9.17641,38.77766],[-9.17611,38.77781],[-9.17581,38.77766],[-9.17581,38.77703],[-9.17548,38.77668],[-9.17507,38.77703],[-9.17507,38.77766],[-9.1754,38.77829],[-9.17484,38.77859],[-9.17421,38.77859],[-9.17358,38.77868],[-9.17295,38.77845],[-9.17281,38.77829],[-9.17232,38.77801],[-9.17197,38.77766],[-9.172,38.77703]],[[-9.17295,38.77482],[-9.17302,38.7745],[-9.17295,38.77446],[-9.17245,38.77387],[-9.17232,38.77373],[-9.17209,38.77387],[-9.1722,38.7745],[-9.17232,38.77473],[-9.17295,38.77482]],[[-9.17232,38.77596],[-9.17254,38.77576],[-9.17232,38.77551],[-9.17199,38.77576],[-9.17232,38.77596]],[[-9.17604,38.7745],[-9.17548,38.77438],[-9.17531,38.7745],[-9.17537,38.77513],[-9.17548,38.77527],[-9.17565,38.77513],[-9.17604,38.7745]]],[[[-9.17927,38.77576],[-9.17926,38.77578],[-9.17924,38.77576],[-9.17926,38.77575],[-9.17927,38.77576]]],[[[-9.16834,38.77639],[-9.16791,38.77658],[-9.1677,38.77639],[-9.16791,38.77622],[-9.16834,38.77639]]],[[[-9.16728,38.77777],[-9.16713,38.77766],[-9.16713,38.77703],[-9.16728,38.77691],[-9.16737,38.77703],[-9.16737,38.77766],[-9.16728,38.77777]]],[[[-9.17049,38.77829],[-9.17043,38.77838],[-9.1704,38.77829],[-9.17043,38.77824],[-9.17049,38.77829]]],[[[-9.17737,38.77971],[-9.17721,38.77955],[-9.17737,38.7794],[-9.178,38.7794],[-9.17816,38.77955],[-9.178,38.77971],[-9.17737,38.77971]]],[[[-9.15908,38.78262],[-9.15933,38.7827],[-9.15908,38.78288],[-9.15893,38.7827],[-9.15908,38.78262]]],[[[-9.15403,38.7841],[-9.15391,38.78396],[-9.15403,38.78362],[-9.15466,38.78362],[-9.15479,38.78396],[-9.15466,38.7841],[-9.15403,38.7841]]],[[[-9.16205,38.78459],[-9.1616,38.7849],[-9.16103,38.78459],[-9.16097,38.78448],[-9.16036,38.78396],[-9.16097,38.78386],[-9.1616,38.78395],[-9.16163,38.78396],[-9.16205,38.78459]]],[[[-9.1534,38.78515],[-9.15346,38.78523],[-9.1534,38.78529],[-9.15328,38.78523],[-9.1534,38.78515]]],[[[-9.15854,38.78523],[-9.15845,38.78534],[-9.1581,38.78586],[-9.15782,38.78598],[-9.15767,38.78586],[-9.1578,38.78523],[-9.15782,38.78521],[-9.15833,38.78459],[-9.15845,38.78448],[-9.15857,38.78459],[-9.15854,38.78523]]],[[[-9.16311,38.78586],[-9.16286,38.78623],[-9.16223,38.78623],[-9.16181,38.78586],[-9.16213,38.78523],[-9.16223,38.78501],[-9.1625,38.78523],[-9.16286,38.7854],[-9.16311,38.78586]]],[[[-9.15403,38.78596],[-9.15395,38.78586],[-9.15403,38.78577],[-9.15466,38.78577],[-9.15473,38.78586],[-9.15466,38.78596],[-9.15403,38.78596]]],[[[-9.15581,38.78649],[-9.1558,38.78586],[-9.15592,38.78571],[-9.15612,38.78586],[-9.15602,38.78649],[-9.15592,38.78696],[-9.15581,38.78649]]],[[[-9.15655,38.78785],[-9.15651,38.78775],[-9.15655,38.78766],[-9.15718,38.78766],[-9.15728,38.78775],[-9.15718,38.78785],[-9.15655,38.78785]]],[[[-9.15652,38.78964],[-9.15592,38.79008],[-9.15572,38.78964],[-9.15592,38.78949],[-9.15652,38.78964]]],[[[-9.1288,38.76942],[-9.12894,38.76946],[-9.1288,38.76949],[-9.12817,38.76954],[-9.12754,38.76954],[-9.12744,38.76946],[-9.12754,38.76934],[-9.12817,38.76934],[-9.1288,38.76942]]],[[[-9.12966,38.77072],[-9.13006,38.77037],[-9.13018,38.77072],[-9.13017,38.77135],[-9.13012,38.77198],[-9.13006,38.77211],[-9.12943,38.77242],[-9.1288,38.77234],[-9.12849,38.77198],[-9.12854,38.77135],[-9.1288,38.77085],[-9.12943,38.77094],[-9.12966,38.77072]],[[-9.1288,38.77199],[-9.12883,38.77198],[-9.1288,38.77194],[-9.1288,38.77198],[-9.1288,38.77199]]],[[[-9.14321,38.78081],[-9.14309,38.78018],[-9.14331,38.78013],[-9.14336,38.78018],[-9.14346,38.78081],[-9.14331,38.78106],[-9.14321,38.78081]]],[[[-9.13889,38.78079],[-9.13952,38.78054],[-9.14015,38.78054],[-9.14034,38.78081],[-9.14024,38.78144],[-9.14026,38.78207],[-9.14015,38.78215],[-9.13952,38.78215],[-9.13943,38.78207],[-9.13938,38.78144],[-9.13889,38.78084],[-9.13883,38.78081],[-9.13889,38.78079]]],[[[-9.14156,38.78144],[-9.14142,38.78161],[-9.14125,38.78144],[-9.14142,38.78132],[-9.14156,38.78144]]],[[[-9.15028,38.78207],[-9.15025,38.78211],[-9.15022,38.78207],[-9.15025,38.78204],[-9.15028,38.78207]]],[[[-9.14142,38.78344],[-9.14133,38.78333],[-9.14135,38.7827],[-9.14142,38.78259],[-9.14147,38.7827],[-9.14165,38.78333],[-9.14142,38.78344]]],[[[-9.14402,38.78333],[-9.14457,38.78387],[-9.14469,38.78396],[-9.14457,38.78411],[-9.14394,38.78437],[-9.14361,38.78396],[-9.1438,38.78333],[-9.14366,38.7827],[-9.14394,38.78262],[-9.14402,38.7827],[-9.14402,38.78333]]],[[[-9.15151,38.78429],[-9.15173,38.78459],[-9.15158,38.78523],[-9.15151,38.7853],[-9.15088,38.7853],[-9.15025,38.78554],[-9.15014,38.78523],[-9.15025,38.78499],[-9.15042,38.78459],[-9.15088,38.78429],[-9.15151,38.78429]]],[[[-9.14658,38.78523],[-9.14646,38.78544],[-9.14618,38.78523],[-9.14646,38.78487],[-9.14658,38.78523]]],[[[-9.14772,38.78549],[-9.14754,38.78523],[-9.14772,38.78504],[-9.14835,38.78504],[-9.14848,38.78523],[-9.14835,38.78549],[-9.14772,38.78549]]],[[[-9.14724,38.78586],[-9.14709,38.78592],[-9.14691,38.78586],[-9.14709,38.78576],[-9.14724,38.78586]]],[[[-9.14945,38.78649],[-9.14934,38.78586],[-9.14962,38.78564],[-9.15007,38.78586],[-9.14995,38.78649],[-9.14962,38.78685],[-9.14945,38.78649]]],[[[-9.14709,38.78741],[-9.14646,38.78731],[-9.14638,38.78712],[-9.14646,38.78703],[-9.14709,38.78702],[-9.14723,38.78712],[-9.14709,38.78741]]],[[[-9.15027,38.78775],[-9.15025,38.78777],[-9.15009,38.78775],[-9.15025,38.78772],[-9.15027,38.78775]]],[[[-9.1452,38.78788],[-9.14508,38.78775],[-9.1452,38.78764],[-9.14583,38.78764],[-9.14607,38.78775],[-9.14583,38.78788],[-9.1452,38.78788]]],[[[-9.15277,38.78746],[-9.15298,38.78775],[-9.15277,38.78809],[-9.15256,38.78775],[-9.15277,38.78746]]],[[[-9.14384,38.78775],[-9.14394,38.78768],[-9.144,38.78775],[-9.144,38.78833],[-9.14384,38.78836],[-9.14384,38.78775]]],[[[-9.14268,38.78824],[-9.14287,38.78838],[-9.14287,38.78853],[-9.14278,38.78854],[-9.14252,38.78852],[-9.1422,38.78824],[-9.14268,38.78824]]],[[[-9.15025,38.7896],[-9.1504,38.78964],[-9.15025,38.78975],[-9.15019,38.78964],[-9.15025,38.7896]]],[[[-9.09134,38.78964],[-9.09096,38.78951],[-9.09046,38.78951],[-9.09084,38.78912],[-9.09096,38.78912],[-9.09159,38.78918],[-9.09222,38.78922],[-9.09247,38.78901],[-9.09222,38.78882],[-9.09159,38.78886],[-9.09096,38.78886],[-9.09096,38.78838],[-9.09096,38.78834],[-9.09159,38.78834],[-9.09218,38.78775],[-9.09222,38.78774],[-9.09224,38.78775],[-9.0925,38.78838],[-9.09285,38.78857],[-9.09348,38.78857],[-9.0938,38.78901],[-9.09411,38.78926],[-9.09474,38.78943],[-9.09496,38.78964],[-9.09474,38.78993],[-9.09421,38.79027],[-9.09411,38.79038],[-9.09351,38.7909],[-9.09353,38.79153],[-9.09348,38.79158],[-9.09285,38.79158],[-9.09222,38.79161],[-9.09159,38.79173],[-9.0914,38.79153],[-9.09141,38.7909],[-9.09146,38.79027],[-9.09134,38.78964]]],[[[-9.14737,38.79027],[-9.14709,38.79071],[-9.14686,38.79027],[-9.14709,38.79011],[-9.14737,38.79027]]],[[[-9.14646,38.7908],[-9.14674,38.7909],[-9.14679,38.79153],[-9.14646,38.79188],[-9.14583,38.79191],[-9.14546,38.79191],[-9.14575,38.79161],[-9.14599,38.79163],[-9.146,38.79153],[-9.14586,38.79082],[-9.14646,38.7908]]],[[[-9.14858,38.79153],[-9.14898,38.79203],[-9.14954,38.79216],[-9.14898,38.79227],[-9.14848,38.79279],[-9.14835,38.79305],[-9.14772,38.79305],[-9.14758,38.79279],[-9.14768,38.79216],[-9.14743,38.79153],[-9.14772,38.79131],[-9.14835,38.79131],[-9.14858,38.79153]]],[[[-9.14561,38.79266],[-9.14554,38.79227],[-9.14583,38.79227],[-9.14639,38.79279],[-9.14632,38.79342],[-9.14646,38.7936],[-9.14698,38.79406],[-9.14698,38.79442],[-9.1461,38.79411],[-9.1457,38.79313],[-9.14569,38.79309],[-9.14583,38.79309],[-9.14597,38.79279],[-9.14583,38.79266],[-9.14561,38.79266]]],[[[-9.15274,38.79406],[-9.15277,38.794],[-9.15282,38.79406],[-9.15282,38.79435],[-9.1528,38.7943],[-9.15274,38.79433],[-9.15274,38.79406]]]]},"properties":{"class":2,"label":"18,5 a 19","fill":"#fece6a"}},{"type":"Feature","geometry":{"type":"MultiPolygon","coordinates":[[[[-9.19467,38.70512],[-9.19503,38.70547],[-9.19566,38.70547],[-9.19597,38.70575],[-9.19572,38.70638],[-9.19566,38.70649],[-9.19503,38.70649],[-9.19494,38.70638],[-9.1944,38.70587],[-9.19426,38.70575],[-9.19432,38.70512],[-9.1944,38.70479],[-9.19467,38.70512]]],[[[-9.21901,38.70954],[-9.21901,38.71017],[-9.219,38.71018],[-9.21837,38.71018],[-9.21835,38.71017],[-9.21773,38.70968],[-9.21754,38.70954],[-9.21773,38.70934],[-9.21837,38.70949],[-9.219,38.70949],[-9.21901,38.70954]]],[[[-9.20512,38.71653],[-9.20511,38.71648],[-9.20512,38.71646],[-9.20513,38.71648],[-9.20512,38.71653]]],[[[-9.20386,38.71819],[-9.20363,38.71774],[-9.20386,38.7175],[-9.20449,38.7175],[-9.20483,38.71774],[-9.20449,38.71819],[-9.20386,38.71819]]],[[[-9.19935,38.71837],[-9.19944,38.7182],[-9.19956,38.71837],[-9.19958,38.719],[-9.19944,38.71931],[-9.19923,38.719],[-9.19935,38.71837]]],[[[-9.19501,38.719],[-9.19503,38.71894],[-9.19566,38.71894],[-9.19569,38.719],[-9.19566,38.71902],[-9.19503,38.71902],[-9.19501,38.719]]],[[[-9.20023,38.71963],[-9.20007,38.71989],[-9.19968,38.71963],[-9.20007,38.71943],[-9.20023,38.71963]]],[[[-9.19503,38.72059],[-9.19566,38.72059],[-9.19629,38.7206],[-9.19638,38.72089],[-9.19629,38.72109],[-9.19566,38.72134],[-9.19503,38.72134],[-9.1944,38.72116],[-9.19401,38.72089],[-9.19431,38.72026],[-9.1944,38.72016],[-9.1945,38.72026],[-9.19503,38.72059]]],[[[-9.20198,38.72026],[-9.20197,38.72035],[-9.20161,38.72089],[-9.20165,38.72152],[-9.20134,38.72188],[-9.2007,38.72188],[-9.20014,38.72152],[-9.20033,38.72089],[-9.20065,38.72026],[-9.2007,38.72023],[-9.20134,38.72023],[-9.20197,38.72024],[-9.20198,38.72026]]],[[[-9.19629,38.72238],[-9.19593,38.72278],[-9.19601,38.72341],[-9.19566,38.72373],[-9.19503,38.72373],[-9.19474,38.72341],[-9.19495,38.72278],[-9.19466,38.72215],[-9.19503,38.72169],[-9.19566,38.72169],[-9.19629,38.72204],[-9.19651,38.72215],[-9.19692,38.72241],[-9.197,38.72215],[-9.19725,38.72152],[-9.1974,38.72089],[-9.19692,38.72054],[-9.19641,38.72026],[-9.19682,38.71963],[-9.19692,38.71931],[-9.19755,38.71947],[-9.19761,38.71963],[-9.19818,38.72022],[-9.19881,38.72022],[-9.19893,38.72026],[-9.19881,38.7203],[-9.19818,38.7203],[-9.19776,38.72089],[-9.19818,38.7213],[-9.19881,38.7213],[-9.19943,38.72089],[-9.19944,38.72085],[-9.19951,38.72089],[-9.1996,38.72152],[-9.19944,38.72153],[-9.19896,38.72215],[-9.19881,38.72247],[-9.19818,38.72247],[-9.19775,38.72278],[-9.19818,38.72305],[-9.19881,38.72305],[-9.19911,38.72341],[-9.19881,38.72374],[-9.19818,38.72374],[-9.19775,38.72404],[-9.19755,38.72414],[-9.19745,38.72404],[-9.19755,38.72345],[-9.19757,38.72341],[-9.19755,38.72337],[-9.19692,38.72286],[-9.19655,38.72278],[-9.19629,38.72238]],[[-9.19755,38.72233],[-9.19781,38.72215],[-9.19755,38.72196],[-9.19742,38.72215],[-9.19755,38.72233]],[[-9.19692,38.72028],[-9.19696,38.72026],[-9.19692,38.72022],[-9.19689,38.72026],[-9.19692,38.72028]]],[[[-9.20323,38.72226],[-9.20296,38.72215],[-9.20323,38.72189],[-9.20334,38.72215],[-9.20323,38.72226]]],[[[-9.2026,38.7229],[-9.20236,38.72278],[-9.2026,38.72235],[-9.20283,38.72278],[-9.2026,38.7229]]],[[[-9.19947,38.72278],[-9.19944,38.72282],[-9.19938,38.72278],[-9.19944,38.72276],[-9.19947,38.72278]]],[[[-9.19629,38.7246],[-9.19621,38.72404],[-9.19629,38.72394],[-9.19634,38.72404],[-9.19629,38.7246]]],[[[-9.20056,38.72404],[-9.2007,38.72427],[-9.20134,38.72427],[-9.20143,38.72468],[-9.20134,38.72519],[-9.2007,38.72519],[-9.20007,38.72517],[-9.19944,38.72495],[-9.19922,38.72468],[-9.19944,38.72439],[-9.19986,38.72404],[-9.20007,38.7238],[-9.20056,38.72404]]],[[[-9.20273,38.72531],[-9.2026,38.72583],[-9.20253,38.72531],[-9.2026,38.72527],[-9.20273,38.72531]]],[[[-9.2026,38.7283],[-9.20255,38.72783],[-9.2026,38.72779],[-9.20307,38.72783],[-9.2026,38.7283]]],[[[-9.20632,38.72846],[-9.20638,38.72841],[-9.20701,38.72841],[-9.20724,38.72846],[-9.20701,38.72856],[-9.20638,38.72856],[-9.20632,38.72846]]],[[[-9.20512,38.73004],[-9.20492,38.72972],[-9.20512,38.72941],[-9.20575,38.72955],[-9.20584,38.72972],[-9.20575,38.72992],[-9.20512,38.73004]]],[[[-9.20157,38.73161],[-9.20197,38.73129],[-9.2026,38.73136],[-9.2027,38.73161],[-9.2026,38.73177],[-9.20197,38.7319],[-9.20157,38.73161]]],[[[-9.19692,38.7324],[-9.19674,38.73224],[-9.19692,38.732],[-9.19724,38.73224],[-9.19692,38.7324]]],[[[-9.19943,38.73287],[-9.19936,38.73224],[-9.19944,38.73223],[-9.19945,38.73224],[-9.19946,38.73287],[-9.19944,38.73289],[-9.19943,38.73287]]],[[[-9.19806,38.73351],[-9.19818,38.7334],[-9.19881,38.7334],[-9.19891,38.73351],[-9.19881,38.7336],[-9.19818,38.7336],[-9.19806,38.73351]]],[[[-9.20134,38.7355],[-9.2007,38.7355],[-9.20007,38.73549],[-9.20001,38.7354],[-9.20007,38.73528],[-9.2007,38.73534],[-9.20134,38.73534],[-9.2014,38.7354],[-9.20134,38.7355]]],[[[-9.19886,38.7354],[-9.19881,38.73559],[-9.19874,38.7354],[-9.19881,38.73534],[-9.19886,38.7354]]],[[[-9.20323,38.73669],[-9.20317,38.73666],[-9.20323,38.73663],[-9.2033,38.73666],[-9.20323,38.73669]]],[[[-9.19692,38.74118],[-9.1968,38.74107],[-9.19692,38.74101],[-9.19702,38.74107],[-9.19692,38.74118]]],[[[-9.19701,38.74738],[-9.19692,38.74741],[-9.19685,38.74738],[-9.19692,38.74735],[-9.19701,38.74738]]],[[[-9.19751,38.74801],[-9.19755,38.74789],[-9.19818,38.74789],[-9.19829,38.74801],[-9.19818,38.74817],[-9.19755,38.74817],[-9.19751,38.74801]]],[[[-9.20764,38.74807],[-9.20701,38.74811],[-9.20638,38.74806],[-9.20635,38.74801],[-9.20638,38.74798],[-9.20701,38.74798],[-9.20764,38.74796],[-9.20787,38.74801],[-9.20764,38.74807]]],[[[-9.19448,38.75054],[-9.1944,38.75079],[-9.19412,38.75054],[-9.1944,38.75037],[-9.19448,38.75054]]],[[[-9.20066,38.75495],[-9.2007,38.75491],[-9.20134,38.75484],[-9.20138,38.75495],[-9.20134,38.75498],[-9.2007,38.75498],[-9.20066,38.75495]]],[[[-9.20575,38.75527],[-9.20558,38.75495],[-9.20575,38.7547],[-9.20608,38.75495],[-9.20575,38.75527]]],[[[-9.208,38.75432],[-9.20827,38.75486],[-9.20843,38.75432],[-9.2089,38.75383],[-9.2089,38.7541],[-9.20875,38.75425],[-9.20889,38.75453],[-9.20889,38.75495],[-9.20889,38.75499],[-9.20793,38.75558],[-9.20808,38.75613],[-9.20794,38.75634],[-9.20742,38.75655],[-9.20719,38.75651],[-9.20719,38.75621],[-9.20738,38.75558],[-9.20759,38.75495],[-9.20744,38.75432],[-9.20764,38.754],[-9.208,38.75432]]],[[[-9.20149,38.7581],[-9.20149,38.75817],[-9.20015,38.75862],[-9.20014,38.75863],[-9.20014,38.7581],[-9.20067,38.75747],[-9.2007,38.75741],[-9.20134,38.75742],[-9.20143,38.75747],[-9.20149,38.7581]]],[[[-9.19826,38.75873],[-9.19826,38.75903],[-9.19805,38.75906],[-9.19803,38.75924],[-9.19755,38.75876],[-9.19749,38.75873],[-9.19749,38.7581],[-9.19755,38.75795],[-9.19818,38.75795],[-9.19826,38.7581],[-9.19826,38.75873]]],[[[-9.19941,38.75873],[-9.19944,38.75871],[-9.19976,38.75873],[-9.19976,38.75882],[-9.19941,38.75887],[-9.19941,38.75873]]],[[[-9.19746,38.76189],[-9.19755,38.76183],[-9.19818,38.76183],[-9.19825,38.76189],[-9.19818,38.76226],[-9.19755,38.76226],[-9.19746,38.76189]]],[[[-9.19566,38.76319],[-9.19561,38.76315],[-9.19566,38.76309],[-9.19568,38.76315],[-9.19566,38.76319]]],[[[-9.19629,38.76438],[-9.19692,38.76432],[-9.19751,38.76378],[-9.19739,38.76421],[-9.19769,38.76437],[-9.19791,38.76469],[-9.19756,38.76504],[-9.19755,38.76505],[-9.19706,38.76567],[-9.19692,38.76597],[-9.19668,38.76567],[-9.19629,38.76506],[-9.19566,38.76505],[-9.19565,38.76504],[-9.19564,38.76441],[-9.19566,38.7644],[-9.19629,38.76438]]],[[[-9.19724,38.76315],[-9.19755,38.76304],[-9.19818,38.76304],[-9.1985,38.76252],[-9.19881,38.76247],[-9.19887,38.76252],[-9.19897,38.76315],[-9.19897,38.76322],[-9.19865,38.76338],[-9.19763,38.76338],[-9.19752,38.76378],[-9.19724,38.76315]]],[[[-9.18494,38.70588],[-9.18445,38.70575],[-9.18494,38.70569],[-9.18508,38.70575],[-9.18494,38.70588]]],[[[-9.18304,38.7067],[-9.18292,38.70638],[-9.18304,38.70623],[-9.18315,38.70638],[-9.18304,38.7067]]],[[[-9.1862,38.70924],[-9.186,38.70891],[-9.18557,38.70864],[-9.18494,38.70869],[-9.18436,38.70828],[-9.18473,38.70765],[-9.18473,38.70701],[-9.18494,38.70686],[-9.18525,38.70701],[-9.18525,38.70765],[-9.18557,38.70774],[-9.18597,38.70765],[-9.18597,38.70701],[-9.18575,38.70638],[-9.1862,38.70606],[-9.18683,38.70608],[-9.1873,38.70638],[-9.18683,38.7069],[-9.18651,38.70701],[-9.18651,38.70765],[-9.1862,38.70779],[-9.18604,38.70828],[-9.1862,38.70859],[-9.18683,38.70859],[-9.18746,38.70883],[-9.18796,38.70828],[-9.18787,38.70765],[-9.18787,38.70701],[-9.18809,38.70664],[-9.18872,38.70647],[-9.18935,38.70647],[-9.18998,38.70647],[-9.19019,38.70701],[-9.1902,38.70765],[-9.18998,38.70819],[-9.18935,38.70819],[-9.18893,38.70828],[-9.18935,38.70839],[-9.18998,38.70839],[-9.19061,38.70888],[-9.19064,38.70891],[-9.19061,38.70892],[-9.18998,38.70931],[-9.18935,38.70931],[-9.18872,38.7095],[-9.18809,38.70927],[-9.18746,38.70894],[-9.18683,38.70924],[-9.1862,38.70924]]],[[[-9.19124,38.70847],[-9.19105,38.70828],[-9.19124,38.70803],[-9.19134,38.70828],[-9.19124,38.70847]]],[[[-9.18358,38.71269],[-9.18368,38.71224],[-9.18431,38.71224],[-9.1845,38.71269],[-9.18431,38.71295],[-9.18368,38.71295],[-9.18358,38.71269]]],[[[-9.18809,38.71356],[-9.18762,38.71332],[-9.18746,38.71322],[-9.18683,38.71316],[-9.1862,38.71316],[-9.18608,38.71332],[-9.18608,38.71395],[-9.18557,38.71418],[-9.18519,38.71395],[-9.18519,38.71332],[-9.18537,38.71269],[-9.18504,38.71206],[-9.18544,38.71143],[-9.18557,38.71139],[-9.186,38.7108],[-9.1862,38.71054],[-9.18683,38.71054],[-9.18746,38.71056],[-9.18776,38.7108],[-9.18746,38.71135],[-9.18739,38.71143],[-9.18743,38.71206],[-9.18746,38.7121],[-9.18809,38.71252],[-9.18829,38.71206],[-9.18857,38.71143],[-9.18835,38.7108],[-9.18872,38.71047],[-9.18935,38.7105],[-9.18998,38.7105],[-9.19061,38.71075],[-9.19063,38.7108],[-9.1907,38.71143],[-9.19061,38.71182],[-9.18998,38.71187],[-9.18935,38.71187],[-9.18929,38.71206],[-9.18935,38.71213],[-9.18998,38.71213],[-9.19059,38.71269],[-9.19043,38.71332],[-9.19043,38.71395],[-9.19061,38.7144],[-9.19074,38.71458],[-9.19124,38.71485],[-9.19165,38.71521],[-9.19151,38.71584],[-9.19124,38.71618],[-9.19061,38.71646],[-9.18998,38.71631],[-9.18935,38.71631],[-9.18908,38.71648],[-9.18872,38.717],[-9.18838,38.71648],[-9.18872,38.71614],[-9.18891,38.71584],[-9.18872,38.71557],[-9.18851,38.71521],[-9.18831,38.71458],[-9.18829,38.71395],[-9.18809,38.71356]],[[-9.18894,38.71269],[-9.18872,38.71245],[-9.18858,38.71269],[-9.18872,38.71296],[-9.18894,38.71269]],[[-9.19093,38.71521],[-9.19061,38.71509],[-9.18998,38.71495],[-9.18935,38.71495],[-9.18906,38.71521],[-9.18935,38.7156],[-9.18998,38.7156],[-9.19061,38.71571],[-9.19093,38.71521]]],[[[-9.18611,38.71584],[-9.1862,38.71572],[-9.18683,38.71572],[-9.1869,38.71584],[-9.18683,38.71592],[-9.1862,38.71592],[-9.18611,38.71584]]],[[[-9.19251,38.71672],[-9.19214,38.71711],[-9.19187,38.71751],[-9.19163,38.71711],[-9.19161,38.71648],[-9.19187,38.71628],[-9.19251,38.71618],[-9.19314,38.71618],[-9.19331,38.71648],[-9.19314,38.71672],[-9.19251,38.71672]]],[[[-9.19061,38.71757],[-9.19043,38.71711],[-9.19061,38.7165],[-9.19083,38.71711],[-9.19061,38.71757]]],[[[-9.18935,38.71776],[-9.18931,38.71774],[-9.18935,38.71773],[-9.18998,38.71773],[-9.19005,38.71774],[-9.18998,38.71776],[-9.18935,38.71776]]],[[[-9.19124,38.71787],[-9.19093,38.71774],[-9.19124,38.71764],[-9.19146,38.71774],[-9.19124,38.71787]]],[[[-9.19377,38.71846],[-9.19362,38.71837],[-9.19377,38.7178],[-9.19433,38.71837],[-9.19377,38.71846]]],[[[-9.19063,38.71837],[-9.19061,38.71843],[-9.19059,38.71837],[-9.19061,38.7183],[-9.19063,38.71837]]],[[[-9.19124,38.71927],[-9.19083,38.719],[-9.19124,38.71879],[-9.19158,38.719],[-9.19124,38.71927]]],[[[-9.18615,38.71963],[-9.1862,38.71953],[-9.18683,38.71953],[-9.18698,38.71963],[-9.18683,38.71981],[-9.1862,38.71981],[-9.18615,38.71963]]],[[[-9.19076,38.71963],[-9.19061,38.71975],[-9.18998,38.72006],[-9.18935,38.72006],[-9.1889,38.72026],[-9.18872,38.72033],[-9.18867,38.72026],[-9.18872,38.72014],[-9.18899,38.71963],[-9.18935,38.71939],[-9.18998,38.71939],[-9.19061,38.71935],[-9.19076,38.71963]]],[[[-9.19122,38.72026],[-9.19124,38.72023],[-9.19127,38.72026],[-9.19134,38.72089],[-9.19124,38.72121],[-9.19115,38.72089],[-9.19122,38.72026]]],[[[-9.19255,38.72215],[-9.19314,38.72178],[-9.19377,38.72155],[-9.19405,38.72215],[-9.19377,38.72254],[-9.19314,38.72271],[-9.19255,38.72215]]],[[[-9.1858,38.72215],[-9.18557,38.72263],[-9.18533,38.72215],[-9.18557,38.72184],[-9.1858,38.72215]]],[[[-9.18746,38.72297],[-9.18683,38.72296],[-9.1862,38.72296],[-9.18578,38.72278],[-9.1862,38.72262],[-9.18683,38.72262],[-9.18746,38.72252],[-9.18789,38.72278],[-9.18746,38.72297]]],[[[-9.18494,38.72299],[-9.18473,38.72278],[-9.18494,38.72255],[-9.18541,38.72278],[-9.18494,38.72299]]],[[[-9.19316,38.72404],[-9.19314,38.72406],[-9.19311,38.72404],[-9.19314,38.72399],[-9.19316,38.72404]]],[[[-9.18582,38.72404],[-9.1862,38.72382],[-9.18683,38.72382],[-9.18703,38.72404],[-9.18683,38.72427],[-9.1862,38.72427],[-9.18582,38.72404]]],[[[-9.18557,38.72539],[-9.1855,38.72531],[-9.18557,38.72521],[-9.18572,38.72531],[-9.18557,38.72539]]],[[[-9.1862,38.72596],[-9.18618,38.72594],[-9.1862,38.7259],[-9.18683,38.7259],[-9.18687,38.72594],[-9.18683,38.72596],[-9.1862,38.72596]]],[[[-9.18746,38.72744],[-9.1873,38.7272],[-9.18746,38.72688],[-9.18762,38.7272],[-9.18746,38.72744]]],[[[-9.18888,38.73918],[-9.18872,38.73887],[-9.18853,38.73855],[-9.18829,38.73792],[-9.18809,38.73788],[-9.18789,38.73792],[-9.18746,38.73809],[-9.18734,38.73792],[-9.18733,38.73729],[-9.18683,38.737],[-9.1862,38.737],[-9.18572,38.73666],[-9.18557,38.73606],[-9.18555,38.73603],[-9.18494,38.73568],[-9.18451,38.7354],[-9.18458,38.73477],[-9.18431,38.73427],[-9.18368,38.73415],[-9.18304,38.73415],[-9.18289,38.73414],[-9.18304,38.73409],[-9.18368,38.73409],[-9.18376,38.73351],[-9.18368,38.73313],[-9.18304,38.73313],[-9.18283,38.73287],[-9.18304,38.73259],[-9.18368,38.73259],[-9.18408,38.73287],[-9.18431,38.73291],[-9.18494,38.73291],[-9.18497,38.73287],[-9.18494,38.7324],[-9.18491,38.73224],[-9.18431,38.73187],[-9.18368,38.73193],[-9.18304,38.73193],[-9.18255,38.73224],[-9.18241,38.73234],[-9.18236,38.73224],[-9.18217,38.73161],[-9.18241,38.73111],[-9.18304,38.73104],[-9.18368,38.73104],[-9.18369,38.73098],[-9.18368,38.7309],[-9.18304,38.7309],[-9.18294,38.73035],[-9.18304,38.72991],[-9.18368,38.72998],[-9.18388,38.73035],[-9.18431,38.73056],[-9.18494,38.73078],[-9.18509,38.73098],[-9.18557,38.73136],[-9.1862,38.73111],[-9.18683,38.73111],[-9.18691,38.73098],[-9.18683,38.73082],[-9.1862,38.73082],[-9.18557,38.73058],[-9.18528,38.73035],[-9.18557,38.72999],[-9.18586,38.72972],[-9.18557,38.72912],[-9.18554,38.72909],[-9.18557,38.72907],[-9.1862,38.7286],[-9.18683,38.7286],[-9.18693,38.72846],[-9.18746,38.72802],[-9.18809,38.72818],[-9.18846,38.72846],[-9.18809,38.72866],[-9.1875,38.72909],[-9.18767,38.72972],[-9.18809,38.72991],[-9.18852,38.72972],[-9.18872,38.72929],[-9.18878,38.72909],[-9.1888,38.72846],[-9.18884,38.72783],[-9.18917,38.7272],[-9.18872,38.72682],[-9.18809,38.72677],[-9.18773,38.72657],[-9.1876,38.72594],[-9.18773,38.72531],[-9.18809,38.72506],[-9.18871,38.72468],[-9.18872,38.72466],[-9.18915,38.72404],[-9.18935,38.7237],[-9.18998,38.7237],[-9.19061,38.72372],[-9.19078,38.72341],[-9.19075,38.72278],[-9.19061,38.72272],[-9.19025,38.72278],[-9.18998,38.7229],[-9.18935,38.7229],[-9.18913,38.72278],[-9.18872,38.72265],[-9.18823,38.72215],[-9.18809,38.72202],[-9.18772,38.72152],[-9.18809,38.72126],[-9.18857,38.72152],[-9.18872,38.72168],[-9.18922,38.72152],[-9.18935,38.72145],[-9.18998,38.72145],[-9.19022,38.72152],[-9.19061,38.72157],[-9.19104,38.72215],[-9.19124,38.7225],[-9.19153,38.72278],[-9.1917,38.72341],[-9.19124,38.72393],[-9.19102,38.72404],[-9.19124,38.72417],[-9.19187,38.72422],[-9.19251,38.72422],[-9.19284,38.72468],[-9.19314,38.72506],[-9.19347,38.72468],[-9.19377,38.72425],[-9.19399,38.72404],[-9.1944,38.72379],[-9.19468,38.72404],[-9.19442,38.72468],[-9.19503,38.72502],[-9.19566,38.72502],[-9.19627,38.72531],[-9.19566,38.72571],[-9.19503,38.72571],[-9.19483,38.72594],[-9.19503,38.72633],[-9.19566,38.72633],[-9.19629,38.72621],[-9.19656,38.72594],[-9.19631,38.72531],[-9.19692,38.72516],[-9.19717,38.72531],[-9.19734,38.72594],[-9.19755,38.72629],[-9.19767,38.72657],[-9.19755,38.72668],[-9.19728,38.72657],[-9.19692,38.72636],[-9.19671,38.72657],[-9.19692,38.72675],[-9.19718,38.7272],[-9.19755,38.72752],[-9.19818,38.72729],[-9.19881,38.72729],[-9.19891,38.7272],[-9.19944,38.72689],[-9.19972,38.7272],[-9.20007,38.7276],[-9.20037,38.72783],[-9.20026,38.72846],[-9.20039,38.72909],[-9.2007,38.7291],[-9.20134,38.7291],[-9.20173,38.72972],[-9.20134,38.73014],[-9.2007,38.73014],[-9.20007,38.73013],[-9.19968,38.73035],[-9.19944,38.73082],[-9.19881,38.73087],[-9.19818,38.73087],[-9.19767,38.73098],[-9.19814,38.73161],[-9.19755,38.73198],[-9.19726,38.73161],[-9.19692,38.73113],[-9.19685,38.73098],[-9.19673,38.73035],[-9.19629,38.73013],[-9.19566,38.73023],[-9.19503,38.73023],[-9.1944,38.72974],[-9.19412,38.73035],[-9.1942,38.73098],[-9.1944,38.73135],[-9.19503,38.73118],[-9.19566,38.73118],[-9.19629,38.73138],[-9.19665,38.73161],[-9.19629,38.7319],[-9.19572,38.73224],[-9.19571,38.73287],[-9.19629,38.73339],[-9.19647,38.73351],[-9.19629,38.73361],[-9.19566,38.73379],[-9.19503,38.73379],[-9.1944,38.73399],[-9.19391,38.73414],[-9.1944,38.73431],[-9.19503,38.73455],[-9.19566,38.73455],[-9.19629,38.73452],[-9.19692,38.73447],[-9.19724,38.73477],[-9.19692,38.73499],[-9.19629,38.7351],[-9.196,38.7354],[-9.19615,38.73603],[-9.19566,38.73658],[-9.19503,38.73658],[-9.1945,38.73666],[-9.1944,38.73669],[-9.19438,38.73666],[-9.1944,38.73655],[-9.19447,38.73603],[-9.1944,38.73592],[-9.19428,38.73603],[-9.19377,38.73626],[-9.19314,38.73661],[-9.19302,38.73666],[-9.19314,38.73675],[-9.19357,38.73729],[-9.19327,38.73792],[-9.19314,38.73824],[-9.19303,38.73855],[-9.19303,38.73918],[-9.19251,38.73973],[-9.19187,38.73973],[-9.19135,38.73918],[-9.19124,38.73894],[-9.19061,38.73917],[-9.1906,38.73918],[-9.18998,38.73951],[-9.18935,38.73951],[-9.18888,38.73918]],[[-9.19187,38.73789],[-9.19182,38.73792],[-9.19187,38.73794],[-9.19251,38.73794],[-9.19258,38.73792],[-9.19251,38.73789],[-9.19187,38.73789]],[[-9.18935,38.73785],[-9.18923,38.73792],[-9.18935,38.73824],[-9.18998,38.73824],[-9.19008,38.73792],[-9.18998,38.73785],[-9.18935,38.73785]],[[-9.18773,38.73351],[-9.18746,38.73409],[-9.1873,38.73414],[-9.18746,38.73415],[-9.18809,38.73433],[-9.18872,38.73431],[-9.18909,38.73414],[-9.18872,38.73382],[-9.18845,38.73351],[-9.18841,38.73287],[-9.18817,38.73224],[-9.18809,38.73217],[-9.18801,38.73224],[-9.18801,38.73287],[-9.18773,38.73351]],[[-9.18852,38.73729],[-9.18809,38.73693],[-9.18791,38.73729],[-9.18809,38.73742],[-9.18852,38.73729]],[[-9.1862,38.73463],[-9.18557,38.73469],[-9.18554,38.73477],[-9.18557,38.73485],[-9.1862,38.73535],[-9.18683,38.73535],[-9.18685,38.7354],[-9.18739,38.73603],[-9.18732,38.73666],[-9.18746,38.73702],[-9.18765,38.73666],[-9.18809,38.73612],[-9.18819,38.73603],[-9.18854,38.7354],[-9.18809,38.73501],[-9.18746,38.73488],[-9.18724,38.73477],[-9.18683,38.73463],[-9.1862,38.73463]],[[-9.1869,38.73666],[-9.18691,38.73603],[-9.18683,38.73593],[-9.1862,38.73593],[-9.1861,38.73603],[-9.18613,38.73666],[-9.1862,38.73671],[-9.18683,38.73671],[-9.1869,38.73666]],[[-9.19071,38.72215],[-9.19061,38.72202],[-9.19049,38.72215],[-9.19061,38.72228],[-9.19071,38.72215]],[[-9.18935,38.72168],[-9.18922,38.72215],[-9.18935,38.72256],[-9.18998,38.72256],[-9.19006,38.72215],[-9.18998,38.72168],[-9.18935,38.72168]],[[-9.19137,38.72341],[-9.19124,38.72314],[-9.19112,38.72341],[-9.19124,38.72356],[-9.19137,38.72341]],[[-9.19818,38.72813],[-9.19755,38.72818],[-9.19713,38.72846],[-9.19692,38.72876],[-9.19674,38.72909],[-9.19692,38.72933],[-9.19717,38.72909],[-9.19755,38.72881],[-9.19818,38.72904],[-9.19881,38.72904],[-9.19908,38.72909],[-9.19944,38.72927],[-9.2,38.72909],[-9.19944,38.72865],[-9.19941,38.72846],[-9.19944,38.72827],[-9.19955,38.72783],[-9.19944,38.72775],[-9.19937,38.72783],[-9.19881,38.72813],[-9.19818,38.72813]],[[-9.19818,38.73005],[-9.19797,38.73035],[-9.19818,38.7306],[-9.19881,38.7306],[-9.19914,38.73035],[-9.19881,38.73005],[-9.19818,38.73005]],[[-9.19773,38.73035],[-9.19755,38.72991],[-9.19704,38.73035],[-9.19755,38.73091],[-9.19773,38.73035]],[[-9.1944,38.72901],[-9.19428,38.72909],[-9.1944,38.72919],[-9.19497,38.72972],[-9.19503,38.72977],[-9.19566,38.72977],[-9.19586,38.72972],[-9.19629,38.72937],[-9.19636,38.72909],[-9.19629,38.72852],[-9.19627,38.72846],[-9.19566,38.72784],[-9.19503,38.72784],[-9.19477,38.72846],[-9.1944,38.72901]],[[-9.19572,38.73351],[-9.19566,38.73344],[-9.19503,38.73344],[-9.1944,38.73347],[-9.19433,38.73351],[-9.1944,38.73355],[-9.19503,38.73353],[-9.19566,38.73353],[-9.19572,38.73351]],[[-9.19329,38.73603],[-9.19314,38.73593],[-9.19307,38.73603],[-9.19314,38.73612],[-9.19329,38.73603]],[[-9.19316,38.7354],[-9.19324,38.73477],[-9.19314,38.73471],[-9.19299,38.73477],[-9.19251,38.73509],[-9.19187,38.73509],[-9.19156,38.7354],[-9.19124,38.73585],[-9.19067,38.73603],[-9.19061,38.73607],[-9.18998,38.73647],[-9.18935,38.73647],[-9.18919,38.73666],[-9.18916,38.73729],[-9.18935,38.73744],[-9.18998,38.73744],[-9.1903,38.73729],[-9.19061,38.73692],[-9.19084,38.73666],[-9.19124,38.73623],[-9.19187,38.73634],[-9.19251,38.73634],[-9.19268,38.73603],[-9.19314,38.73541],[-9.19316,38.7354]],[[-9.18888,38.73224],[-9.18872,38.73214],[-9.18861,38.73224],[-9.18872,38.7324],[-9.18888,38.73224]],[[-9.18823,38.73161],[-9.18809,38.7313],[-9.18794,38.73161],[-9.18809,38.73177],[-9.18823,38.73161]],[[-9.18746,38.73212],[-9.18726,38.73224],[-9.18732,38.73287],[-9.18746,38.73306],[-9.18759,38.73287],[-9.18759,38.73224],[-9.18746,38.73212]],[[-9.18411,38.73351],[-9.18431,38.73375],[-9.18494,38.73355],[-9.18557,38.73359],[-9.1862,38.7339],[-9.18683,38.7339],[-9.187,38.73351],[-9.18686,38.73287],[-9.18683,38.73278],[-9.1862,38.73278],[-9.18557,38.73269],[-9.18553,38.73287],[-9.18494,38.73347],[-9.18431,38.73329],[-9.18411,38.73351]],[[-9.19886,38.72783],[-9.19881,38.72778],[-9.19818,38.72778],[-9.19755,38.7278],[-9.19703,38.72783],[-9.19755,38.72786],[-9.19818,38.72786],[-9.19881,38.72786],[-9.19886,38.72783]],[[-9.19566,38.72753],[-9.19629,38.7273],[-9.1964,38.7272],[-9.19629,38.72707],[-9.19566,38.72666],[-9.19503,38.72666],[-9.1944,38.72691],[-9.19407,38.7272],[-9.1944,38.72743],[-9.19503,38.72753],[-9.19566,38.72753]],[[-9.19445,38.72846],[-9.1944,38.72836],[-9.19416,38.72846],[-9.1944,38.72854],[-9.19445,38.72846]],[[-9.19503,38.7316],[-9.195,38.73161],[-9.19503,38.73163],[-9.19566,38.73163],[-9.19568,38.73161],[-9.19566,38.7316],[-9.19503,38.7316]],[[-9.19498,38.73287],[-9.19498,38.73224],[-9.1944,38.73189],[-9.19377,38.73189],[-9.19352,38.73224],[-9.19377,38.73279],[-9.19385,38.73287],[-9.1944,38.73311],[-9.19498,38.73287]],[[-9.19341,38.73414],[-9.19314,38.73361],[-9.19283,38.73414],[-9.19314,38.73437],[-9.19341,38.73414]],[[-9.19127,38.73477],[-9.19124,38.73475],[-9.19123,38.73477],[-9.19124,38.73479],[-9.19127,38.73477]],[[-9.19064,38.7354],[-9.19061,38.73538],[-9.19058,38.7354],[-9.19061,38.73541],[-9.19064,38.7354]],[[-9.1883,38.73035],[-9.18809,38.73022],[-9.18779,38.73035],[-9.18809,38.73061],[-9.1883,38.73035]],[[-9.18746,38.73084],[-9.18739,38.73098],[-9.18714,38.73161],[-9.18746,38.73172],[-9.18756,38.73161],[-9.18758,38.73098],[-9.18746,38.73084]],[[-9.19124,38.73195],[-9.19099,38.73161],[-9.19074,38.73098],[-9.19124,38.73073],[-9.19187,38.7309],[-9.19251,38.7309],[-9.19254,38.73098],[-9.19314,38.73132],[-9.19377,38.73132],[-9.19393,38.73098],[-9.19377,38.73047],[-9.1937,38.73035],[-9.19377,38.73019],[-9.19396,38.72972],[-9.19377,38.72951],[-9.19314,38.72951],[-9.19263,38.72972],[-9.19251,38.72984],[-9.19187,38.72984],[-9.1917,38.72972],[-9.19187,38.72955],[-9.19251,38.72955],[-9.19266,38.72909],[-9.19251,38.72893],[-9.19187,38.72893],[-9.1915,38.72909],[-9.19124,38.72935],[-9.19061,38.72947],[-9.19037,38.72972],[-9.19052,38.73035],[-9.18998,38.73073],[-9.18935,38.73073],[-9.18907,38.73098],[-9.18872,38.73141],[-9.1886,38.73161],[-9.18872,38.73175],[-9.18935,38.73204],[-9.18998,38.73204],[-9.19061,38.73204],[-9.1909,38.73224],[-9.19109,38.73287],[-9.19124,38.73325],[-9.19165,38.73287],[-9.19187,38.73279],[-9.19251,38.73279],[-9.19314,38.73232],[-9.19314,38.73224],[-9.19314,38.73223],[-9.19251,38.73197],[-9.19187,38.73197],[-9.19124,38.73195]],[[-9.19093,38.73351],[-9.19061,38.73339],[-9.18998,38.73331],[-9.18935,38.73331],[-9.18918,38.73351],[-9.18935,38.73373],[-9.18998,38.73373],[-9.19061,38.73363],[-9.19093,38.73351]],[[-9.19187,38.73148],[-9.1917,38.73161],[-9.19187,38.73169],[-9.19251,38.73169],[-9.19309,38.73161],[-9.19251,38.73148],[-9.19187,38.73148]],[[-9.19187,38.72767],[-9.19167,38.72783],[-9.19187,38.728],[-9.19251,38.728],[-9.1928,38.72783],[-9.19251,38.72767],[-9.19187,38.72767]],[[-9.19178,38.7272],[-9.19124,38.72699],[-9.19096,38.7272],[-9.19124,38.72758],[-9.19178,38.7272]],[[-9.19064,38.72846],[-9.19061,38.72814],[-9.19059,38.72846],[-9.19061,38.72849],[-9.19064,38.72846]],[[-9.18935,38.72882],[-9.18923,38.72909],[-9.18935,38.72928],[-9.18998,38.72928],[-9.19018,38.72909],[-9.18998,38.72882],[-9.18935,38.72882]],[[-9.19124,38.7246],[-9.19118,38.72468],[-9.19124,38.72483],[-9.19174,38.72531],[-9.19124,38.72581],[-9.19113,38.72594],[-9.19113,38.72657],[-9.19124,38.72662],[-9.19141,38.72657],[-9.19187,38.72628],[-9.19251,38.72628],[-9.19277,38.72594],[-9.19268,38.72531],[-9.19252,38.72468],[-9.19251,38.72465],[-9.19187,38.72465],[-9.19124,38.7246]],[[-9.18935,38.72562],[-9.18998,38.72562],[-9.19041,38.72531],[-9.19061,38.72509],[-9.19086,38.72468],[-9.19061,38.72431],[-9.19034,38.72468],[-9.18998,38.72501],[-9.18935,38.72501],[-9.18896,38.72531],[-9.18935,38.72562]]],[[[-9.18434,38.73603],[-9.18431,38.73606],[-9.18426,38.73603],[-9.18431,38.73594],[-9.18434,38.73603]]],[[[-9.18494,38.73696],[-9.18467,38.73666],[-9.18494,38.73634],[-9.18539,38.73666],[-9.18494,38.73696]]],[[[-9.18282,38.73729],[-9.18304,38.73699],[-9.18368,38.73699],[-9.18413,38.73729],[-9.18368,38.73761],[-9.18304,38.73761],[-9.18282,38.73729]]],[[[-9.18494,38.73853],[-9.18502,38.73855],[-9.18557,38.73888],[-9.18616,38.73918],[-9.1862,38.7392],[-9.18683,38.7392],[-9.18739,38.73981],[-9.18683,38.74005],[-9.1862,38.74005],[-9.1859,38.73981],[-9.18557,38.73935],[-9.18494,38.73932],[-9.18483,38.73918],[-9.18483,38.73855],[-9.18494,38.73853]]],[[[-9.18872,38.74118],[-9.18857,38.74107],[-9.18872,38.74092],[-9.18888,38.74107],[-9.18872,38.74118]]],[[[-9.18587,38.7417],[-9.1862,38.74157],[-9.18683,38.74157],[-9.18693,38.7417],[-9.18683,38.74201],[-9.1862,38.74201],[-9.18587,38.7417]]],[[[-9.18559,38.7499],[-9.18557,38.74995],[-9.18555,38.7499],[-9.18557,38.74979],[-9.18559,38.7499]]],[[[-9.19172,38.75054],[-9.19187,38.7504],[-9.19251,38.7504],[-9.1927,38.75054],[-9.19251,38.7508],[-9.19187,38.7508],[-9.19172,38.75054]]],[[[-9.18258,38.75117],[-9.1827,38.75054],[-9.18304,38.75013],[-9.18368,38.75013],[-9.18431,38.75022],[-9.18494,38.75053],[-9.18495,38.75054],[-9.18548,38.75117],[-9.18557,38.75144],[-9.1858,38.7518],[-9.18559,38.75243],[-9.18557,38.75258],[-9.18494,38.75294],[-9.1847,38.75306],[-9.18431,38.75329],[-9.18368,38.75322],[-9.18304,38.75322],[-9.18286,38.75306],[-9.18241,38.75263],[-9.1821,38.75243],[-9.1821,38.7518],[-9.18241,38.75128],[-9.18258,38.75117]],[[-9.18494,38.7513],[-9.18437,38.7518],[-9.18433,38.75243],[-9.18494,38.75273],[-9.18532,38.75243],[-9.18519,38.7518],[-9.18494,38.7513]]],[[[-9.19124,38.75383],[-9.19086,38.75369],[-9.19061,38.75314],[-9.19058,38.75306],[-9.18998,38.75251],[-9.18992,38.75243],[-9.18992,38.7518],[-9.18998,38.75166],[-9.19061,38.75159],[-9.19107,38.75117],[-9.19124,38.7509],[-9.19164,38.75117],[-9.19187,38.75131],[-9.19251,38.75131],[-9.1929,38.75117],[-9.19314,38.751],[-9.1937,38.75117],[-9.19377,38.75119],[-9.1941,38.7518],[-9.19423,38.75243],[-9.19408,38.75306],[-9.19377,38.75351],[-9.19352,38.75369],[-9.19327,38.75432],[-9.19319,38.75495],[-9.19314,38.755],[-9.19303,38.75495],[-9.19304,38.75432],[-9.19281,38.75369],[-9.19251,38.75348],[-9.19187,38.75348],[-9.19144,38.75369],[-9.19124,38.75383]],[[-9.19187,38.75274],[-9.19124,38.75299],[-9.19123,38.75306],[-9.19124,38.75307],[-9.19187,38.75307],[-9.19251,38.75307],[-9.19314,38.75308],[-9.19321,38.75306],[-9.19325,38.75243],[-9.19327,38.7518],[-9.19314,38.7517],[-9.19258,38.7518],[-9.19258,38.75243],[-9.19251,38.75274],[-9.19187,38.75274]]],[[[-9.18935,38.75374],[-9.18872,38.75374],[-9.18809,38.75384],[-9.18797,38.75369],[-9.18809,38.75355],[-9.18872,38.75337],[-9.18935,38.75337],[-9.18941,38.75369],[-9.18935,38.75374]]],[[[-9.18557,38.75943],[-9.18547,38.75937],[-9.18557,38.75921],[-9.18569,38.75937],[-9.18557,38.75943]]],[[[-9.19046,38.76],[-9.19058,38.75937],[-9.19061,38.75932],[-9.19093,38.75937],[-9.19096,38.76],[-9.19061,38.76019],[-9.19046,38.76]]],[[[-9.18115,38.7078],[-9.18052,38.7078],[-9.18019,38.70765],[-9.18019,38.70701],[-9.18052,38.70652],[-9.18115,38.70652],[-9.18137,38.70701],[-9.18147,38.70765],[-9.18115,38.7078]]],[[[-9.18304,38.70861],[-9.18244,38.70828],[-9.18304,38.70776],[-9.1836,38.70828],[-9.18304,38.70861]]],[[[-9.18163,38.70891],[-9.18178,38.70861],[-9.18206,38.70891],[-9.18241,38.70919],[-9.18304,38.70917],[-9.18368,38.70929],[-9.18431,38.70929],[-9.18494,38.70944],[-9.18505,38.70954],[-9.18494,38.70966],[-9.18431,38.70962],[-9.18368,38.70962],[-9.18304,38.71008],[-9.18241,38.71014],[-9.18226,38.71017],[-9.18178,38.71033],[-9.18147,38.71017],[-9.18115,38.71012],[-9.18052,38.71012],[-9.18,38.70954],[-9.18052,38.70927],[-9.18115,38.70927],[-9.18163,38.70891]]],[[[-9.18219,38.7108],[-9.18241,38.71027],[-9.18254,38.7108],[-9.18249,38.71143],[-9.18241,38.7116],[-9.18201,38.71143],[-9.18219,38.7108]]],[[[-9.17989,38.71152],[-9.17958,38.71143],[-9.17989,38.71121],[-9.18007,38.71143],[-9.17989,38.71152]]],[[[-9.16161,38.71584],[-9.1616,38.71585],[-9.16159,38.71584],[-9.1616,38.71583],[-9.16161,38.71584]]],[[[-9.18241,38.72734],[-9.18232,38.7272],[-9.18241,38.72673],[-9.18263,38.7272],[-9.18241,38.72734]]],[[[-9.17926,38.72721],[-9.17925,38.7272],[-9.17926,38.72719],[-9.17928,38.7272],[-9.17926,38.72721]]],[[[-9.18178,38.72968],[-9.18232,38.72909],[-9.18239,38.72846],[-9.18241,38.72844],[-9.18304,38.72828],[-9.18345,38.72846],[-9.18304,38.72891],[-9.18266,38.72909],[-9.18289,38.72972],[-9.18241,38.72984],[-9.18178,38.72977],[-9.18115,38.72982],[-9.18052,38.72982],[-9.18007,38.72972],[-9.18052,38.72939],[-9.18115,38.72939],[-9.18178,38.72968]]],[[[-9.1716,38.73098],[-9.17169,38.73087],[-9.17232,38.73087],[-9.17238,38.73098],[-9.17232,38.73107],[-9.17169,38.73107],[-9.1716,38.73098]]],[[[-9.17043,38.73181],[-9.17028,38.73161],[-9.17043,38.73142],[-9.17062,38.73161],[-9.17043,38.73181]]],[[[-9.17358,38.73638],[-9.17318,38.73603],[-9.17358,38.73577],[-9.17421,38.73584],[-9.17484,38.73596],[-9.17548,38.73596],[-9.17611,38.73556],[-9.17652,38.73603],[-9.17649,38.73666],[-9.17642,38.73729],[-9.17663,38.73792],[-9.17611,38.73816],[-9.17584,38.73792],[-9.17548,38.73737],[-9.17484,38.73737],[-9.17476,38.73729],[-9.17421,38.73692],[-9.1738,38.73666],[-9.17358,38.73638]]],[[[-9.17548,38.75126],[-9.17535,38.75117],[-9.17548,38.75099],[-9.17559,38.75117],[-9.17548,38.75126]]],[[[-9.16412,38.75374],[-9.16402,38.75369],[-9.16412,38.75364],[-9.16418,38.75369],[-9.16412,38.75374]]],[[[-9.1613,38.75432],[-9.16097,38.7541],[-9.16045,38.75369],[-9.16097,38.7533],[-9.1616,38.75357],[-9.1618,38.75369],[-9.16223,38.75416],[-9.16286,38.75425],[-9.16349,38.75425],[-9.16352,38.75432],[-9.16412,38.75465],[-9.16475,38.75485],[-9.16495,38.75495],[-9.16502,38.75558],[-9.16475,38.75583],[-9.16424,38.75621],[-9.16412,38.75638],[-9.16349,38.75635],[-9.16286,38.75635],[-9.16276,38.75621],[-9.16223,38.75578],[-9.16201,38.75558],[-9.1616,38.75527],[-9.16118,38.75495],[-9.1613,38.75432]],[[-9.16421,38.75558],[-9.16412,38.75511],[-9.16408,38.75558],[-9.16412,38.75563],[-9.16421,38.75558]],[[-9.16286,38.7551],[-9.16349,38.7551],[-9.16408,38.75495],[-9.16349,38.75481],[-9.16286,38.75481],[-9.16223,38.7548],[-9.1616,38.75484],[-9.16155,38.75495],[-9.1616,38.75499],[-9.16223,38.75521],[-9.16286,38.7551]]],[[[-9.17411,38.76378],[-9.17421,38.76353],[-9.17484,38.76353],[-9.17505,38.76378],[-9.17484,38.76396],[-9.17421,38.76396],[-9.17411,38.76378]]],[[[-9.17295,38.76391],[-9.17284,38.76378],[-9.17295,38.76371],[-9.17302,38.76378],[-9.17295,38.76391]]],[[[-9.17548,38.76672],[-9.17484,38.76663],[-9.17421,38.76663],[-9.17393,38.7663],[-9.17421,38.76595],[-9.17484,38.76595],[-9.17548,38.76595],[-9.17589,38.7663],[-9.17548,38.76672]]],[[[-9.17029,38.76756],[-9.1698,38.76779],[-9.16953,38.76756],[-9.1698,38.76731],[-9.17029,38.76756]]],[[[-9.17319,38.76756],[-9.17327,38.7682],[-9.17295,38.76845],[-9.17281,38.7682],[-9.17232,38.76771],[-9.17169,38.76771],[-9.17148,38.76756],[-9.17169,38.76712],[-9.17232,38.76712],[-9.17295,38.76696],[-9.17319,38.76756]]],[[[-9.16826,38.77009],[-9.16854,38.76994],[-9.16917,38.76994],[-9.1694,38.77009],[-9.16917,38.77042],[-9.16854,38.77042],[-9.16826,38.77009]]],[[[-9.1666,38.78207],[-9.16643,38.78144],[-9.16601,38.78101],[-9.16538,38.78101],[-9.16502,38.78081],[-9.16538,38.78045],[-9.16601,38.78045],[-9.16618,38.78018],[-9.16601,38.77982],[-9.16538,38.77982],[-9.16516,38.77955],[-9.16538,38.77934],[-9.16601,38.77934],[-9.16665,38.77898],[-9.1667,38.77892],[-9.16665,38.77885],[-9.16629,38.77829],[-9.16601,38.77794],[-9.16538,38.77794],[-9.16509,38.77766],[-9.16509,38.77703],[-9.16475,38.77648],[-9.16462,38.77639],[-9.16467,38.77576],[-9.16475,38.77569],[-9.16519,38.77576],[-9.16538,38.77584],[-9.16601,38.77584],[-9.16611,38.77576],[-9.16601,38.77529],[-9.16538,38.77529],[-9.16537,38.77513],[-9.16515,38.7745],[-9.16538,38.77422],[-9.16601,38.77422],[-9.16631,38.77387],[-9.16665,38.77369],[-9.1672,38.77324],[-9.16694,38.77261],[-9.16728,38.77215],[-9.16791,38.77247],[-9.16827,38.77261],[-9.16854,38.77304],[-9.16917,38.77304],[-9.1693,38.77261],[-9.1698,38.77216],[-9.16994,38.77198],[-9.16986,38.77135],[-9.17043,38.77104],[-9.17082,38.77135],[-9.17106,38.77158],[-9.17169,38.77158],[-9.17191,38.77135],[-9.17196,38.77072],[-9.17211,38.77009],[-9.17232,38.76983],[-9.17283,38.77009],[-9.17284,38.77072],[-9.17295,38.77098],[-9.17332,38.77072],[-9.17358,38.77064],[-9.1742,38.77009],[-9.1739,38.76946],[-9.174,38.76883],[-9.17421,38.76854],[-9.17484,38.76854],[-9.17523,38.76883],[-9.17494,38.76946],[-9.17486,38.77009],[-9.17548,38.77042],[-9.17588,38.77009],[-9.17581,38.76946],[-9.17611,38.76914],[-9.17654,38.76883],[-9.17619,38.7682],[-9.17611,38.76803],[-9.1755,38.76756],[-9.17611,38.76713],[-9.17621,38.76693],[-9.17622,38.7663],[-9.17611,38.76572],[-9.17607,38.76567],[-9.17561,38.76504],[-9.17561,38.76441],[-9.17611,38.76418],[-9.17673,38.76378],[-9.17674,38.76375],[-9.17675,38.76378],[-9.17687,38.76441],[-9.17685,38.76504],[-9.17737,38.76536],[-9.178,38.76536],[-9.1786,38.76504],[-9.17863,38.76491],[-9.17926,38.76497],[-9.17974,38.76441],[-9.17989,38.76417],[-9.18052,38.76417],[-9.18115,38.76419],[-9.18132,38.76378],[-9.18176,38.76315],[-9.18133,38.76252],[-9.18134,38.76189],[-9.18115,38.76138],[-9.18107,38.76126],[-9.18115,38.76121],[-9.18124,38.76126],[-9.18178,38.7615],[-9.18207,38.76126],[-9.18234,38.76063],[-9.18241,38.7604],[-9.18304,38.76053],[-9.18368,38.76053],[-9.18386,38.76063],[-9.18431,38.76085],[-9.18463,38.76126],[-9.18482,38.76189],[-9.18494,38.76203],[-9.18523,38.76189],[-9.18525,38.76126],[-9.18511,38.76063],[-9.18557,38.76027],[-9.1862,38.76031],[-9.18683,38.76031],[-9.18734,38.76],[-9.18746,38.7598],[-9.18809,38.75963],[-9.18872,38.75981],[-9.18935,38.75981],[-9.18948,38.76],[-9.18975,38.76063],[-9.18998,38.76077],[-9.19061,38.76115],[-9.19105,38.76126],[-9.19124,38.76139],[-9.19187,38.76139],[-9.19251,38.76139],[-9.19278,38.76189],[-9.19314,38.76215],[-9.19367,38.76252],[-9.19342,38.76315],[-9.19343,38.76378],[-9.19353,38.76441],[-9.19349,38.76504],[-9.19377,38.76563],[-9.1944,38.7655],[-9.19503,38.7655],[-9.1952,38.76567],[-9.19503,38.76605],[-9.1944,38.76605],[-9.19381,38.7663],[-9.19377,38.76632],[-9.19376,38.7663],[-9.19353,38.76567],[-9.19314,38.76562],[-9.19251,38.7656],[-9.19187,38.7656],[-9.19165,38.76567],[-9.19124,38.76603],[-9.19116,38.7663],[-9.19061,38.7667],[-9.19014,38.7663],[-9.18998,38.76617],[-9.18935,38.76596],[-9.18872,38.76596],[-9.18809,38.76571],[-9.18746,38.7661],[-9.18711,38.7663],[-9.18683,38.76648],[-9.1862,38.76648],[-9.18557,38.76668],[-9.18531,38.76693],[-9.18494,38.76741],[-9.18471,38.76756],[-9.18494,38.76766],[-9.18557,38.76763],[-9.1862,38.76763],[-9.18683,38.76763],[-9.18732,38.7682],[-9.18746,38.76847],[-9.18777,38.7682],[-9.188,38.76756],[-9.18746,38.7673],[-9.18716,38.76693],[-9.18746,38.76652],[-9.18809,38.7665],[-9.18858,38.76693],[-9.18872,38.76728],[-9.18935,38.76728],[-9.18954,38.76756],[-9.18935,38.76774],[-9.18872,38.76774],[-9.18832,38.7682],[-9.18809,38.76878],[-9.18806,38.76883],[-9.18768,38.76946],[-9.18809,38.76998],[-9.18847,38.76946],[-9.18872,38.76923],[-9.18935,38.76923],[-9.18955,38.76946],[-9.18998,38.76994],[-9.19058,38.76946],[-9.19061,38.76935],[-9.19124,38.76927],[-9.19187,38.76903],[-9.19251,38.76903],[-9.19278,38.76883],[-9.19282,38.7682],[-9.19314,38.76805],[-9.19365,38.76756],[-9.19377,38.76744],[-9.19403,38.76693],[-9.1944,38.76647],[-9.19503,38.76647],[-9.19522,38.7663],[-9.19566,38.76608],[-9.19598,38.7663],[-9.19599,38.76693],[-9.19629,38.76727],[-9.19674,38.76693],[-9.19692,38.7667],[-9.19747,38.7663],[-9.19755,38.76627],[-9.19758,38.7663],[-9.19791,38.76652],[-9.19693,38.76785],[-9.19707,38.76812],[-9.19701,38.76829],[-9.19654,38.76874],[-9.19629,38.76862],[-9.19576,38.76883],[-9.19566,38.76897],[-9.19542,38.76946],[-9.19543,38.76985],[-9.19524,38.76995],[-9.19445,38.77083],[-9.19445,38.77072],[-9.1944,38.77066],[-9.19395,38.77009],[-9.19396,38.76946],[-9.19377,38.76923],[-9.19352,38.76946],[-9.19366,38.77009],[-9.19314,38.77068],[-9.19308,38.77072],[-9.19277,38.77135],[-9.19251,38.77159],[-9.19202,38.77135],[-9.19187,38.77128],[-9.19156,38.77135],[-9.1915,38.77198],[-9.1915,38.77242],[-9.19113,38.77264],[-9.19087,38.77275],[-9.19087,38.77261],[-9.19061,38.77236],[-9.19045,38.77261],[-9.19033,38.77305],[-9.19029,38.77312],[-9.18966,38.77337],[-9.18937,38.77403],[-9.18909,38.77437],[-9.18823,38.77449],[-9.18793,38.7751],[-9.18737,38.77568],[-9.18684,38.77576],[-9.18684,38.77513],[-9.18683,38.77512],[-9.18681,38.77513],[-9.18681,38.77576],[-9.18681,38.77577],[-9.18574,38.77594],[-9.18567,38.77623],[-9.18525,38.77647],[-9.18525,38.77639],[-9.18505,38.77576],[-9.18494,38.77532],[-9.18431,38.77525],[-9.18428,38.77513],[-9.18368,38.77477],[-9.18304,38.77477],[-9.18244,38.77513],[-9.18241,38.77545],[-9.18178,38.7755],[-9.18122,38.77513],[-9.18137,38.7745],[-9.18115,38.77413],[-9.18052,38.77435],[-9.17989,38.77435],[-9.17958,38.7745],[-9.17989,38.77488],[-9.18052,38.77488],[-9.18105,38.77513],[-9.18052,38.77528],[-9.17989,38.77528],[-9.17958,38.77576],[-9.17926,38.77632],[-9.17863,38.77615],[-9.178,38.77613],[-9.17737,38.77613],[-9.17674,38.77611],[-9.17665,38.77639],[-9.17674,38.77657],[-9.17737,38.77661],[-9.178,38.77661],[-9.1784,38.77703],[-9.1784,38.77766],[-9.17859,38.77829],[-9.17863,38.77836],[-9.17886,38.77892],[-9.17926,38.7792],[-9.17956,38.77892],[-9.17989,38.77858],[-9.18052,38.77858],[-9.18095,38.77829],[-9.18108,38.77766],[-9.18108,38.77703],[-9.18115,38.77671],[-9.18178,38.77647],[-9.18182,38.77639],[-9.18241,38.7758],[-9.18304,38.77596],[-9.18368,38.77596],[-9.18407,38.77639],[-9.18431,38.77687],[-9.18439,38.77703],[-9.18439,38.77713],[-9.18392,38.77755],[-9.18346,38.77803],[-9.18312,38.77855],[-9.18194,38.77874],[-9.18165,38.77899],[-9.18044,38.77917],[-9.17995,38.77931],[-9.17956,38.77945],[-9.17932,38.77986],[-9.17901,38.77984],[-9.17804,38.78023],[-9.17645,38.77986],[-9.17589,38.78036],[-9.17581,38.78038],[-9.17581,38.78018],[-9.17548,38.77985],[-9.17484,38.77958],[-9.17421,38.77958],[-9.17358,38.77983],[-9.17295,38.78004],[-9.17255,38.77955],[-9.17232,38.77911],[-9.17203,38.77955],[-9.17169,38.77996],[-9.17106,38.77996],[-9.17043,38.7796],[-9.1698,38.7797],[-9.16917,38.77968],[-9.16854,38.77968],[-9.16823,38.78018],[-9.16791,38.78079],[-9.16784,38.78081],[-9.16791,38.78084],[-9.16854,38.78105],[-9.16917,38.78105],[-9.16958,38.78144],[-9.16939,38.78207],[-9.16917,38.78216],[-9.16854,38.78216],[-9.16791,38.78225],[-9.16775,38.78207],[-9.16728,38.78174],[-9.1667,38.78207],[-9.16665,38.78215],[-9.1666,38.78207]],[[-9.16737,38.77703],[-9.16728,38.77691],[-9.16713,38.77703],[-9.16713,38.77766],[-9.16728,38.77777],[-9.16737,38.77766],[-9.16737,38.77703]],[[-9.19314,38.76441],[-9.19314,38.76437],[-9.19309,38.76441],[-9.19309,38.76504],[-9.19314,38.76505],[-9.19314,38.76504],[-9.19314,38.76441]],[[-9.19095,38.76252],[-9.19111,38.76315],[-9.19124,38.76353],[-9.19148,38.76315],[-9.19187,38.76282],[-9.19251,38.76282],[-9.1931,38.76252],[-9.19251,38.76225],[-9.19187,38.76225],[-9.19124,38.7622],[-9.19095,38.76252]],[[-9.19061,38.76452],[-9.1908,38.76441],[-9.19061,38.76425],[-9.19056,38.76441],[-9.19061,38.76452]],[[-9.18998,38.76572],[-9.19016,38.76567],[-9.18998,38.76558],[-9.18991,38.76567],[-9.18998,38.76572]],[[-9.18802,38.76315],[-9.18793,38.76378],[-9.18809,38.76392],[-9.18863,38.76441],[-9.18809,38.76479],[-9.18791,38.76504],[-9.18809,38.76562],[-9.18872,38.7652],[-9.18935,38.7652],[-9.18944,38.76504],[-9.18944,38.76441],[-9.18943,38.76378],[-9.18935,38.76331],[-9.18872,38.76331],[-9.18862,38.76315],[-9.18809,38.76304],[-9.18802,38.76315]],[[-9.18683,38.76424],[-9.1862,38.76424],[-9.18588,38.76441],[-9.1862,38.76478],[-9.18683,38.76478],[-9.18718,38.76441],[-9.18683,38.76424]],[[-9.18557,38.76085],[-9.18572,38.76063],[-9.18557,38.76058],[-9.18551,38.76063],[-9.18557,38.76085]],[[-9.18494,38.76606],[-9.18431,38.76619],[-9.18387,38.7663],[-9.18431,38.76649],[-9.18494,38.76646],[-9.18509,38.7663],[-9.18494,38.76606]],[[-9.19629,38.76822],[-9.19634,38.7682],[-9.19629,38.76812],[-9.19626,38.7682],[-9.19629,38.76822]],[[-9.19566,38.76843],[-9.19569,38.7682],[-9.19566,38.76815],[-9.19503,38.76804],[-9.1944,38.76804],[-9.19423,38.7682],[-9.1944,38.76853],[-9.19503,38.76853],[-9.19566,38.76843]],[[-9.19314,38.77019],[-9.19323,38.77009],[-9.19314,38.76992],[-9.1927,38.77009],[-9.19314,38.77019]],[[-9.18998,38.77275],[-9.19005,38.77261],[-9.18998,38.77243],[-9.18958,38.77261],[-9.18998,38.77275]],[[-9.18809,38.77162],[-9.18837,38.77135],[-9.18838,38.77072],[-9.18809,38.77026],[-9.18746,38.77028],[-9.18734,38.77072],[-9.18734,38.77135],[-9.18746,38.7719],[-9.18809,38.77162]],[[-9.18746,38.772],[-9.18683,38.7721],[-9.18624,38.77261],[-9.18683,38.77281],[-9.18746,38.77317],[-9.18781,38.77261],[-9.18746,38.772]],[[-9.18683,38.77414],[-9.18699,38.77387],[-9.18683,38.77366],[-9.18656,38.77324],[-9.1862,38.77301],[-9.18557,38.77301],[-9.18494,38.77294],[-9.18431,38.77312],[-9.1837,38.77261],[-9.18368,38.77245],[-9.18304,38.77245],[-9.18273,38.77198],[-9.18304,38.77151],[-9.18368,38.77151],[-9.18431,38.77137],[-9.18434,38.77135],[-9.18434,38.77072],[-9.18431,38.7704],[-9.18425,38.77009],[-9.18431,38.77001],[-9.18436,38.77009],[-9.18494,38.77032],[-9.18511,38.77009],[-9.18494,38.76951],[-9.18486,38.76946],[-9.18431,38.76918],[-9.18368,38.76935],[-9.18304,38.76935],[-9.18268,38.76946],[-9.18291,38.77009],[-9.18241,38.77058],[-9.18211,38.77009],[-9.18229,38.76946],[-9.18178,38.76919],[-9.18115,38.76915],[-9.18052,38.76943],[-9.17989,38.76943],[-9.17926,38.76935],[-9.17923,38.76946],[-9.1791,38.77009],[-9.17926,38.77023],[-9.17962,38.77072],[-9.17962,38.77135],[-9.17953,38.77198],[-9.17989,38.77246],[-9.18052,38.77246],[-9.18099,38.77261],[-9.18115,38.77268],[-9.18152,38.77324],[-9.18178,38.77381],[-9.18194,38.77387],[-9.18241,38.77401],[-9.18296,38.7745],[-9.18304,38.77453],[-9.18368,38.77453],[-9.1838,38.7745],[-9.18431,38.77409],[-9.18452,38.77387],[-9.18494,38.77363],[-9.18535,38.77387],[-9.18557,38.77403],[-9.1862,38.77403],[-9.18683,38.77414]],[[-9.1796,38.77387],[-9.17989,38.77402],[-9.18052,38.77402],[-9.18075,38.77387],[-9.18074,38.77324],[-9.18052,38.77287],[-9.17989,38.77287],[-9.17926,38.77282],[-9.17892,38.77324],[-9.17926,38.77358],[-9.1796,38.77387]],[[-9.17926,38.77578],[-9.17927,38.77576],[-9.17926,38.77575],[-9.17924,38.77576],[-9.17926,38.77578]],[[-9.178,38.77361],[-9.17737,38.77361],[-9.17705,38.77387],[-9.17737,38.77416],[-9.178,38.77416],[-9.17824,38.77387],[-9.178,38.77361]],[[-9.18296,38.77703],[-9.18241,38.7768],[-9.18204,38.77703],[-9.18204,38.77766],[-9.18241,38.77817],[-9.18296,38.77766],[-9.18296,38.77703]],[[-9.178,38.7794],[-9.17737,38.7794],[-9.17721,38.77955],[-9.17737,38.77971],[-9.178,38.77971],[-9.17816,38.77955],[-9.178,38.7794]],[[-9.17548,38.77895],[-9.17611,38.77921],[-9.17674,38.77902],[-9.17705,38.77892],[-9.17674,38.7789],[-9.17628,38.77829],[-9.17611,38.77818],[-9.17595,38.77829],[-9.17548,38.7789],[-9.17542,38.77892],[-9.17548,38.77895]],[[-9.17641,38.77766],[-9.17641,38.77703],[-9.17623,38.77639],[-9.17611,38.77604],[-9.1759,38.77576],[-9.17611,38.77552],[-9.17657,38.77513],[-9.17642,38.7745],[-9.17656,38.77387],[-9.17674,38.77337],[-9.17684,38.77324],[-9.17674,38.77302],[-9.17664,38.77324],[-9.17611,38.77347],[-9.17548,38.77326],[-9.17545,38.77324],[-9.17484,38.77288],[-9.17421,38.77288],[-9.17394,38.77324],[-9.17362,38.77387],[-9.17358,38.77394],[-9.17337,38.77387],[-9.17301,38.77324],[-9.17339,38.77261],[-9.17295,38.7725],[-9.17232,38.77252],[-9.1721,38.77261],[-9.17169,38.77299],[-9.17106,38.77299],[-9.17094,38.77324],[-9.17043,38.77375],[-9.16993,38.77387],[-9.17009,38.7745],[-9.17036,38.77513],[-9.17043,38.77518],[-9.17085,38.77576],[-9.17043,38.77616],[-9.17022,38.77639],[-9.17043,38.77664],[-9.17106,38.77661],[-9.17169,38.77661],[-9.172,38.77703],[-9.17197,38.77766],[-9.17232,38.77801],[-9.17281,38.77829],[-9.17295,38.77845],[-9.17358,38.77868],[-9.17421,38.77859],[-9.17484,38.77859],[-9.1754,38.77829],[-9.17507,38.77766],[-9.17507,38.77703],[-9.17548,38.77668],[-9.17581,38.77703],[-9.17581,38.77766],[-9.17611,38.77781],[-9.17641,38.77766]],[[-9.17043,38.77838],[-9.17049,38.77829],[-9.17043,38.77824],[-9.1704,38.77829],[-9.17043,38.77838]],[[-9.1698,38.77847],[-9.16992,38.77829],[-9.1698,38.77795],[-9.16966,38.77829],[-9.1698,38.77847]],[[-9.16917,38.7735],[-9.16854,38.7735],[-9.16797,38.77387],[-9.16854,38.7743],[-9.16917,38.7743],[-9.16977,38.77387],[-9.16917,38.7735]],[[-9.16791,38.77658],[-9.16834,38.77639],[-9.16791,38.77622],[-9.1677,38.77639],[-9.16791,38.77658]],[[-9.18998,38.76157],[-9.1901,38.76126],[-9.18998,38.76118],[-9.18991,38.76126],[-9.18998,38.76157]],[[-9.18809,38.7614],[-9.18872,38.76178],[-9.18935,38.76178],[-9.18954,38.76126],[-9.18935,38.76097],[-9.18872,38.76097],[-9.18818,38.76063],[-9.18809,38.76055],[-9.18803,38.76063],[-9.18798,38.76126],[-9.18809,38.7614]],[[-9.18683,38.76372],[-9.1862,38.76372],[-9.18609,38.76378],[-9.1862,38.76382],[-9.18683,38.76382],[-9.18691,38.76378],[-9.18683,38.76372]],[[-9.18431,38.76149],[-9.18408,38.76189],[-9.18423,38.76252],[-9.18431,38.76265],[-9.1848,38.76315],[-9.18446,38.76378],[-9.18491,38.76441],[-9.18491,38.76504],[-9.18494,38.7651],[-9.185,38.76504],[-9.185,38.76441],[-9.185,38.76378],[-9.185,38.76315],[-9.185,38.76252],[-9.18494,38.76249],[-9.18445,38.76189],[-9.18431,38.76149]],[[-9.18431,38.7657],[-9.18436,38.76567],[-9.18431,38.76564],[-9.18425,38.76567],[-9.18431,38.7657]],[[-9.19017,38.77072],[-9.18998,38.77048],[-9.1897,38.77072],[-9.18972,38.77135],[-9.18998,38.7716],[-9.19014,38.77135],[-9.19017,38.77072]],[[-9.18683,38.76933],[-9.18726,38.76883],[-9.18683,38.76854],[-9.1862,38.76854],[-9.18557,38.76854],[-9.18527,38.76883],[-9.18557,38.76914],[-9.1862,38.76933],[-9.18683,38.76933]],[[-9.18494,38.77214],[-9.18519,38.77198],[-9.18494,38.77172],[-9.18475,38.77198],[-9.18494,38.77214]],[[-9.18431,38.77277],[-9.18471,38.77261],[-9.18431,38.77227],[-9.18411,38.77261],[-9.18431,38.77277]],[[-9.18241,38.76843],[-9.18304,38.76837],[-9.18368,38.76837],[-9.18431,38.76857],[-9.18494,38.76867],[-9.18547,38.7682],[-9.18494,38.76801],[-9.18431,38.76799],[-9.18368,38.76795],[-9.18304,38.76795],[-9.18241,38.7677],[-9.1822,38.7682],[-9.18241,38.76843]],[[-9.18178,38.76771],[-9.18222,38.76756],[-9.18178,38.76743],[-9.18162,38.76756],[-9.18178,38.76771]],[[-9.18052,38.76843],[-9.18105,38.7682],[-9.18052,38.76772],[-9.17989,38.76772],[-9.17926,38.76797],[-9.17883,38.7682],[-9.17926,38.76871],[-9.17989,38.76843],[-9.18052,38.76843]],[[-9.17737,38.77061],[-9.17709,38.77072],[-9.17709,38.77135],[-9.17728,38.77198],[-9.17693,38.77261],[-9.17737,38.77289],[-9.178,38.77289],[-9.17827,38.77261],[-9.17863,38.77223],[-9.17884,38.77198],[-9.17863,38.77138],[-9.1786,38.77135],[-9.1786,38.77072],[-9.178,38.77061],[-9.17737,38.77061]],[[-9.18241,38.77643],[-9.18252,38.77639],[-9.18241,38.77634],[-9.18236,38.77639],[-9.18241,38.77643]],[[-9.17674,38.76965],[-9.17689,38.76946],[-9.17674,38.76935],[-9.17661,38.76946],[-9.17674,38.76965]],[[-9.17611,38.77173],[-9.17548,38.77175],[-9.17531,38.77198],[-9.17548,38.77232],[-9.17611,38.77238],[-9.17668,38.77198],[-9.17611,38.77173]],[[-9.17484,38.77137],[-9.17421,38.77137],[-9.17383,38.77198],[-9.17421,38.77239],[-9.17484,38.77239],[-9.17502,38.77198],[-9.17484,38.77137]],[[-9.17295,38.77192],[-9.17232,38.77196],[-9.1723,38.77198],[-9.17232,38.77199],[-9.17295,38.77199],[-9.17297,38.77198],[-9.17295,38.77192]],[[-9.17043,38.77208],[-9.17059,38.77198],[-9.17043,38.77183],[-9.17037,38.77198],[-9.17043,38.77208]],[[-9.1698,38.77608],[-9.16993,38.77576],[-9.1698,38.7757],[-9.1697,38.77576],[-9.1698,38.77608]],[[-9.18712,38.76126],[-9.18683,38.76171],[-9.1862,38.76171],[-9.18611,38.76189],[-9.18588,38.76252],[-9.1862,38.76274],[-9.18683,38.76274],[-9.18724,38.76252],[-9.18746,38.76228],[-9.18797,38.76189],[-9.18758,38.76126],[-9.18747,38.76063],[-9.18746,38.76061],[-9.18743,38.76063],[-9.18712,38.76126]],[[-9.1844,38.76441],[-9.18431,38.76431],[-9.1841,38.76441],[-9.1841,38.76504],[-9.18431,38.76513],[-9.1844,38.76504],[-9.1844,38.76441]],[[-9.18187,38.76441],[-9.18185,38.76504],[-9.18178,38.76512],[-9.18131,38.76567],[-9.18178,38.76619],[-9.18207,38.76567],[-9.18241,38.76537],[-9.18285,38.76504],[-9.1828,38.76441],[-9.18262,38.76378],[-9.18241,38.76359],[-9.18224,38.76378],[-9.18187,38.76441]],[[-9.18052,38.76686],[-9.17989,38.76686],[-9.17985,38.76693],[-9.17989,38.76695],[-9.18052,38.76695],[-9.18055,38.76693],[-9.18052,38.76686]],[[-9.178,38.76966],[-9.17737,38.76966],[-9.17698,38.77009],[-9.17737,38.77034],[-9.178,38.77034],[-9.17839,38.77009],[-9.178,38.76966]],[[-9.17674,38.76832],[-9.17685,38.7682],[-9.17674,38.76793],[-9.17664,38.7682],[-9.17674,38.76832]],[[-9.178,38.76819],[-9.17737,38.76819],[-9.17736,38.7682],[-9.17737,38.76827],[-9.178,38.76827],[-9.17801,38.7682],[-9.178,38.76819]],[[-9.17689,38.7663],[-9.17674,38.76641],[-9.17669,38.76693],[-9.17674,38.76709],[-9.17688,38.76756],[-9.17737,38.76787],[-9.178,38.76787],[-9.17843,38.76756],[-9.17827,38.76693],[-9.17805,38.7663],[-9.17823,38.76567],[-9.178,38.76565],[-9.17737,38.76565],[-9.17731,38.76567],[-9.17689,38.7663]]],[[[-9.18112,38.77072],[-9.18115,38.7707],[-9.18126,38.77072],[-9.18126,38.77135],[-9.18115,38.77136],[-9.18112,38.77135],[-9.18112,38.77072]]],[[[-9.16475,38.77419],[-9.16452,38.77387],[-9.16475,38.77357],[-9.16511,38.77387],[-9.16475,38.77419]]],[[[-9.16426,38.7745],[-9.16412,38.77463],[-9.16404,38.7745],[-9.16412,38.77441],[-9.16426,38.7745]]],[[[-9.17531,38.7745],[-9.17548,38.77438],[-9.17604,38.7745],[-9.17565,38.77513],[-9.17548,38.77527],[-9.17537,38.77513],[-9.17531,38.7745]]],[[[-9.17232,38.77596],[-9.17199,38.77576],[-9.17232,38.77551],[-9.17254,38.77576],[-9.17232,38.77596]]],[[[-9.16286,38.77589],[-9.1627,38.77576],[-9.16286,38.77564],[-9.16349,38.77564],[-9.16355,38.77576],[-9.16349,38.77589],[-9.16286,38.77589]]],[[[-9.16375,38.77703],[-9.16412,38.77661],[-9.16445,38.77703],[-9.16445,38.77766],[-9.16412,38.7779],[-9.16398,38.77766],[-9.16375,38.77703]]],[[[-9.16097,38.7783],[-9.16095,38.77829],[-9.16097,38.77828],[-9.16099,38.77829],[-9.16097,38.7783]]],[[[-9.15935,38.77892],[-9.15908,38.77917],[-9.15892,38.77892],[-9.15908,38.77868],[-9.15935,38.77892]]],[[[-9.15845,38.77962],[-9.15838,38.77955],[-9.15845,38.77946],[-9.1586,38.77955],[-9.15845,38.77962]]],[[[-9.16034,38.7804],[-9.15971,38.7804],[-9.15957,38.78018],[-9.15949,38.77955],[-9.15971,38.77931],[-9.16034,38.77931],[-9.16068,38.77955],[-9.16057,38.78018],[-9.16034,38.7804]]],[[[-9.16227,38.78081],[-9.16223,38.78085],[-9.16216,38.78081],[-9.16223,38.78076],[-9.16227,38.78081]]],[[[-9.15908,38.78169],[-9.15854,38.78144],[-9.15908,38.78115],[-9.15959,38.78144],[-9.15908,38.78169]]],[[[-9.16097,38.78145],[-9.16091,38.78144],[-9.16097,38.78142],[-9.16099,38.78144],[-9.16097,38.78145]]],[[[-9.17295,38.78069],[-9.17358,38.78048],[-9.17386,38.78074],[-9.17373,38.78119],[-9.1735,38.78128],[-9.17358,38.782],[-9.17325,38.78207],[-9.17323,38.78193],[-9.17285,38.78213],[-9.17285,38.78207],[-9.1726,38.78144],[-9.17232,38.78114],[-9.17209,38.78081],[-9.17232,38.78065],[-9.17295,38.78069]]],[[[-9.17169,38.78136],[-9.17183,38.78144],[-9.17175,38.78207],[-9.17185,38.7827],[-9.17185,38.78278],[-9.17119,38.78288],[-9.1711,38.78321],[-9.17086,38.7835],[-9.17053,38.78364],[-9.17053,38.78333],[-9.17043,38.78311],[-9.17031,38.7827],[-9.17003,38.78207],[-9.17043,38.78174],[-9.1709,38.78144],[-9.17106,38.78136],[-9.17169,38.78136]]],[[[-9.16659,38.78333],[-9.16665,38.78325],[-9.16728,38.7832],[-9.16731,38.78333],[-9.16728,38.78337],[-9.16665,38.7834],[-9.16659,38.78333]]],[[[-9.16478,38.78586],[-9.16475,38.78617],[-9.16471,38.78586],[-9.16475,38.78584],[-9.16478,38.78586]]],[[[-9.14457,38.75876],[-9.14394,38.75892],[-9.14389,38.75873],[-9.14388,38.7581],[-9.14394,38.75805],[-9.14401,38.7581],[-9.14457,38.7587],[-9.14462,38.75873],[-9.14457,38.75876]]],[[[-9.14268,38.75922],[-9.14331,38.75922],[-9.14367,38.75937],[-9.14331,38.75992],[-9.14268,38.75992],[-9.1422,38.76],[-9.14205,38.76003],[-9.14203,38.76],[-9.14202,38.75937],[-9.14192,38.75873],[-9.14192,38.7581],[-9.14205,38.75802],[-9.14211,38.7581],[-9.1421,38.75873],[-9.14268,38.75922]]],[[[-9.14111,38.75937],[-9.14079,38.75961],[-9.1406,38.75937],[-9.14079,38.75923],[-9.14111,38.75937]]],[[[-9.14436,38.76063],[-9.14431,38.76126],[-9.14394,38.76146],[-9.14331,38.76141],[-9.14268,38.76141],[-9.14267,38.76126],[-9.14268,38.76122],[-9.14331,38.76122],[-9.14353,38.76063],[-9.14394,38.76002],[-9.14436,38.76063]]],[[[-9.14646,38.76257],[-9.1464,38.76252],[-9.14646,38.76226],[-9.14651,38.76252],[-9.14646,38.76257]]],[[[-9.14394,38.76289],[-9.14377,38.76252],[-9.14394,38.76223],[-9.14457,38.76215],[-9.14471,38.76252],[-9.14457,38.76286],[-9.14394,38.76289]]],[[[-9.142,38.7682],[-9.14205,38.76815],[-9.14268,38.76815],[-9.14272,38.7682],[-9.14268,38.76827],[-9.14205,38.76827],[-9.142,38.7682]]],[[[-9.14268,38.77019],[-9.14205,38.77019],[-9.14185,38.77009],[-9.14195,38.76946],[-9.14205,38.76934],[-9.14268,38.76934],[-9.14278,38.76946],[-9.14292,38.77009],[-9.14268,38.77019]]],[[[-9.14205,38.77273],[-9.14193,38.77261],[-9.14205,38.7725],[-9.14268,38.7725],[-9.14286,38.77261],[-9.14268,38.77273],[-9.14205,38.77273]]],[[[-9.14457,38.77281],[-9.14449,38.77261],[-9.14457,38.77253],[-9.14469,38.77261],[-9.14457,38.77281]]],[[[-9.14079,38.77406],[-9.14015,38.7744],[-9.13952,38.7744],[-9.13923,38.77387],[-9.13952,38.77366],[-9.14015,38.77366],[-9.14079,38.77372],[-9.14094,38.77387],[-9.14079,38.77406]]],[[[-9.14608,38.7745],[-9.14626,38.77387],[-9.14646,38.77376],[-9.14655,38.77387],[-9.14668,38.7745],[-9.14646,38.77471],[-9.14608,38.7745]]],[[[-9.15277,38.77455],[-9.15268,38.7745],[-9.15277,38.77443],[-9.15288,38.7745],[-9.15277,38.77455]]],[[[-9.14772,38.77454],[-9.14769,38.7745],[-9.14772,38.77447],[-9.14778,38.7745],[-9.14772,38.77454]]],[[[-9.14648,38.77576],[-9.14646,38.77578],[-9.1463,38.77576],[-9.14646,38.77575],[-9.14648,38.77576]]],[[[-9.15592,38.77656],[-9.15574,38.77639],[-9.15592,38.77598],[-9.15612,38.77639],[-9.15592,38.77656]]],[[[-9.14826,38.77703],[-9.14835,38.77685],[-9.14898,38.77685],[-9.14906,38.77703],[-9.14898,38.77716],[-9.14835,38.77716],[-9.14826,38.77703]]],[[[-9.15224,38.77703],[-9.15214,38.77718],[-9.15167,38.77703],[-9.15214,38.77686],[-9.15224,38.77703]]],[[[-9.1534,38.7773],[-9.15321,38.77703],[-9.1534,38.77675],[-9.15366,38.77703],[-9.1534,38.7773]]],[[[-9.15782,38.77707],[-9.15758,38.77703],[-9.15782,38.777],[-9.15784,38.77703],[-9.15782,38.77707]]],[[[-9.14805,38.77766],[-9.14772,38.77788],[-9.14741,38.77766],[-9.14772,38.77739],[-9.14805,38.77766]]],[[[-9.15592,38.77781],[-9.15561,38.77766],[-9.15592,38.7775],[-9.15614,38.77766],[-9.15592,38.77781]]],[[[-9.14945,38.77766],[-9.14962,38.77755],[-9.15025,38.77764],[-9.15031,38.77766],[-9.15025,38.77768],[-9.14962,38.77786],[-9.14945,38.77766]]],[[[-9.14709,38.77842],[-9.147,38.77829],[-9.14709,38.7781],[-9.14721,38.77829],[-9.14709,38.77842]]],[[[-9.15845,38.77842],[-9.15828,38.77829],[-9.15845,38.77813],[-9.15865,38.77829],[-9.15845,38.77842]]],[[[-9.15529,38.77839],[-9.15515,38.77829],[-9.15529,38.77816],[-9.15534,38.77829],[-9.15529,38.77839]]],[[[-9.14457,38.77963],[-9.14445,38.77955],[-9.14457,38.77949],[-9.14464,38.77955],[-9.14457,38.77963]]],[[[-9.14652,38.77955],[-9.14646,38.77986],[-9.14639,38.77955],[-9.14646,38.77948],[-9.14652,38.77955]]],[[[-9.14709,38.78095],[-9.14674,38.78081],[-9.14709,38.7804],[-9.14725,38.78081],[-9.14709,38.78095]]],[[[-9.15277,38.78101],[-9.15252,38.78081],[-9.15277,38.78038],[-9.15291,38.78081],[-9.15277,38.78101]]],[[[-9.15855,38.78081],[-9.15845,38.78116],[-9.1583,38.78081],[-9.15845,38.78074],[-9.15855,38.78081]]],[[[-9.15382,38.78144],[-9.15403,38.78118],[-9.15466,38.78118],[-9.15492,38.78144],[-9.15466,38.78168],[-9.15403,38.78168],[-9.15382,38.78144]]],[[[-9.15592,38.78178],[-9.15559,38.78144],[-9.15592,38.7812],[-9.15622,38.78144],[-9.15592,38.78178]]],[[[-9.15238,38.78207],[-9.15214,38.78234],[-9.15194,38.78207],[-9.15214,38.7818],[-9.15238,38.78207]]],[[[-9.15025,38.78251],[-9.14993,38.78207],[-9.15025,38.78172],[-9.15059,38.78207],[-9.15025,38.78251]],[[-9.15028,38.78207],[-9.15025,38.78204],[-9.15022,38.78207],[-9.15025,38.78211],[-9.15028,38.78207]]],[[[-9.14829,38.7827],[-9.14835,38.7826],[-9.14898,38.7826],[-9.1491,38.7827],[-9.14898,38.78276],[-9.14835,38.78276],[-9.14829,38.7827]]],[[[-9.13735,38.78459],[-9.13749,38.78396],[-9.13763,38.78376],[-9.13791,38.78396],[-9.13806,38.78459],[-9.13763,38.78502],[-9.13735,38.78459]]],[[[-9.13889,38.78536],[-9.13875,38.78523],[-9.13889,38.78513],[-9.13897,38.78523],[-9.13889,38.78536]]],[[[-9.14698,38.79406],[-9.14646,38.7936],[-9.14632,38.79342],[-9.14639,38.79279],[-9.14583,38.79227],[-9.14554,38.79227],[-9.1455,38.79205],[-9.14544,38.79193],[-9.14546,38.79191],[-9.14583,38.79191],[-9.14646,38.79188],[-9.14679,38.79153],[-9.14674,38.7909],[-9.14646,38.7908],[-9.14586,38.79082],[-9.14552,38.78905],[-9.14529,38.78858],[-9.14583,38.78858],[-9.14646,38.78879],[-9.14709,38.78877],[-9.14772,38.78857],[-9.14835,38.78857],[-9.14849,38.78838],[-9.14866,38.78775],[-9.14835,38.78722],[-9.14772,38.78722],[-9.14738,38.78775],[-9.14709,38.78809],[-9.14646,38.78801],[-9.14583,38.78833],[-9.1452,38.78833],[-9.14516,38.78828],[-9.14509,38.78815],[-9.14504,38.78815],[-9.14469,38.78775],[-9.1452,38.78727],[-9.14583,38.78727],[-9.14599,38.78712],[-9.14646,38.78664],[-9.14709,38.78658],[-9.14722,38.78649],[-9.14709,38.78638],[-9.14646,38.78626],[-9.14583,38.78617],[-9.1452,38.78617],[-9.14485,38.78649],[-9.14457,38.78674],[-9.14412,38.78649],[-9.14399,38.78586],[-9.14437,38.78523],[-9.14394,38.78503],[-9.14331,38.78503],[-9.14268,38.78508],[-9.14205,38.78508],[-9.14196,38.78523],[-9.14205,38.78532],[-9.14268,38.78532],[-9.14331,38.78552],[-9.14384,38.78586],[-9.14374,38.78649],[-9.14331,38.78689],[-9.14288,38.78649],[-9.14268,38.78634],[-9.14205,38.78634],[-9.14142,38.78634],[-9.14131,38.78649],[-9.14079,38.78706],[-9.14034,38.78649],[-9.14079,38.78611],[-9.1411,38.78586],[-9.1409,38.78523],[-9.14079,38.78508],[-9.14015,38.78464],[-9.13952,38.78464],[-9.13946,38.78459],[-9.13946,38.78396],[-9.13938,38.78333],[-9.13952,38.78309],[-9.14015,38.78309],[-9.1404,38.78333],[-9.14079,38.7836],[-9.14092,38.78333],[-9.14085,38.7827],[-9.14079,38.78233],[-9.14015,38.78256],[-9.13952,38.78256],[-9.1389,38.78207],[-9.13889,38.78205],[-9.13858,38.78207],[-9.13826,38.78211],[-9.13822,38.78207],[-9.13826,38.78191],[-9.13832,38.78144],[-9.13826,38.7814],[-9.13813,38.78144],[-9.13763,38.78173],[-9.13725,38.78144],[-9.137,38.78132],[-9.13637,38.78132],[-9.13609,38.78144],[-9.13574,38.78158],[-9.13546,38.78144],[-9.13546,38.78081],[-9.13574,38.78064],[-9.13637,38.78037],[-9.137,38.78037],[-9.13759,38.78018],[-9.13709,38.77955],[-9.13763,38.77911],[-9.13814,38.77892],[-9.13763,38.77872],[-9.13732,38.77829],[-9.13742,38.77766],[-9.137,38.77715],[-9.13637,38.77715],[-9.13623,38.77703],[-9.13637,38.77698],[-9.137,38.77698],[-9.13763,38.77683],[-9.13812,38.77639],[-9.1381,38.77576],[-9.13826,38.77566],[-9.13872,38.77576],[-9.13842,38.77639],[-9.13889,38.77667],[-9.1392,38.77639],[-9.13897,38.77576],[-9.13889,38.77537],[-9.13886,38.77513],[-9.13889,38.7751],[-9.13952,38.7747],[-9.14015,38.7747],[-9.14079,38.77494],[-9.14097,38.77513],[-9.14105,38.77576],[-9.14079,38.77599],[-9.14066,38.77639],[-9.14079,38.7768],[-9.14142,38.77671],[-9.14205,38.77693],[-9.14268,38.77693],[-9.14287,38.77639],[-9.14331,38.77585],[-9.14394,38.77605],[-9.14457,38.77609],[-9.14495,38.77639],[-9.14466,38.77703],[-9.14457,38.77708],[-9.14438,38.77703],[-9.14394,38.77694],[-9.14331,38.77685],[-9.14278,38.77703],[-9.14268,38.77708],[-9.14205,38.77708],[-9.14142,38.77712],[-9.14079,38.77755],[-9.14068,38.77766],[-9.14068,38.77829],[-9.14079,38.77831],[-9.14109,38.77892],[-9.14142,38.77917],[-9.14205,38.77908],[-9.14268,38.77908],[-9.14297,38.77955],[-9.14331,38.77976],[-9.14375,38.78018],[-9.14394,38.78048],[-9.14457,38.78059],[-9.14492,38.78081],[-9.1452,38.78115],[-9.14583,38.78115],[-9.14595,38.78144],[-9.14646,38.78189],[-9.14698,38.78207],[-9.14701,38.7827],[-9.14646,38.78325],[-9.14583,38.78327],[-9.1452,38.78327],[-9.14458,38.7827],[-9.14477,38.78207],[-9.14457,38.78162],[-9.14406,38.78207],[-9.14456,38.7827],[-9.14446,38.78333],[-9.14457,38.78344],[-9.1452,38.78386],[-9.14583,38.78386],[-9.14646,38.78345],[-9.14709,38.78368],[-9.14772,38.78367],[-9.14835,38.78367],[-9.14898,38.78371],[-9.14959,38.78396],[-9.14898,38.78444],[-9.14871,38.78459],[-9.14885,38.78523],[-9.14898,38.78552],[-9.14948,38.78523],[-9.14962,38.78517],[-9.15,38.78459],[-9.14966,38.78396],[-9.15025,38.78374],[-9.15065,38.78333],[-9.15088,38.78305],[-9.15151,38.78305],[-9.15214,38.78296],[-9.1525,38.7827],[-9.15277,38.78247],[-9.1534,38.78239],[-9.15403,38.78237],[-9.15466,38.78237],[-9.1552,38.78207],[-9.15529,38.78197],[-9.1554,38.78207],[-9.15529,38.78229],[-9.15516,38.7827],[-9.15514,38.78333],[-9.15529,38.78374],[-9.15559,38.78333],[-9.15592,38.78312],[-9.15622,38.7827],[-9.15655,38.78227],[-9.15718,38.78227],[-9.1577,38.7827],[-9.15782,38.78289],[-9.15845,38.78302],[-9.15849,38.7827],[-9.15908,38.78237],[-9.15971,38.78254],[-9.16034,38.78269],[-9.16097,38.78265],[-9.16131,38.7827],[-9.16097,38.78277],[-9.16049,38.78333],[-9.16097,38.78364],[-9.1616,38.7835],[-9.16223,38.78338],[-9.16286,38.78371],[-9.16349,38.78385],[-9.16359,38.78396],[-9.16374,38.78459],[-9.1636,38.78523],[-9.16358,38.78586],[-9.16349,38.78591],[-9.16323,38.78649],[-9.16286,38.78672],[-9.16223,38.78672],[-9.16183,38.78712],[-9.1616,38.7874],[-9.16097,38.78719],[-9.16034,38.78728],[-9.15971,38.78728],[-9.15923,38.78712],[-9.15908,38.78704],[-9.15845,38.78694],[-9.15782,38.78696],[-9.15774,38.78712],[-9.15782,38.78717],[-9.15845,38.78746],[-9.15859,38.78775],[-9.15908,38.78827],[-9.15921,38.78838],[-9.15908,38.78895],[-9.15905,38.78901],[-9.1587,38.78964],[-9.15864,38.79027],[-9.15879,38.7909],[-9.15845,38.79122],[-9.15782,38.79131],[-9.15718,38.79148],[-9.15655,38.79148],[-9.15592,38.79149],[-9.15588,38.79153],[-9.15558,38.79216],[-9.15592,38.79257],[-9.15612,38.79216],[-9.15655,38.79159],[-9.15718,38.79159],[-9.15767,38.79216],[-9.15718,38.79254],[-9.15655,38.79254],[-9.15609,38.79279],[-9.15592,38.79296],[-9.15549,38.79342],[-9.15549,38.79368],[-9.15516,38.7937],[-9.15482,38.79429],[-9.15444,38.79455],[-9.15385,38.79459],[-9.15373,38.79444],[-9.15291,38.79447],[-9.15282,38.79435],[-9.15282,38.79406],[-9.15277,38.794],[-9.15274,38.79406],[-9.15274,38.79433],[-9.15243,38.79445],[-9.15233,38.79484],[-9.15215,38.79494],[-9.15215,38.79469],[-9.15221,38.79406],[-9.15214,38.79396],[-9.15203,38.79406],[-9.15208,38.79469],[-9.15208,38.79497],[-9.15145,38.7953],[-9.15144,38.79538],[-9.15113,38.79569],[-9.1499,38.79585],[-9.1499,38.79532],[-9.14962,38.79509],[-9.14915,38.79505],[-9.14862,38.79478],[-9.14832,38.7947],[-9.14796,38.79476],[-9.14698,38.79442],[-9.14698,38.79406]],[[-9.14962,38.78564],[-9.14934,38.78586],[-9.14945,38.78649],[-9.14962,38.78685],[-9.14995,38.78649],[-9.15007,38.78586],[-9.14962,38.78564]],[[-9.14768,38.79216],[-9.14758,38.79279],[-9.14772,38.79305],[-9.14835,38.79305],[-9.14848,38.79279],[-9.14898,38.79227],[-9.14954,38.79216],[-9.14898,38.79203],[-9.14858,38.79153],[-9.14835,38.79131],[-9.14772,38.79131],[-9.14743,38.79153],[-9.14768,38.79216]],[[-9.14737,38.79027],[-9.14709,38.79011],[-9.14686,38.79027],[-9.14709,38.79071],[-9.14737,38.79027]],[[-9.14772,38.78504],[-9.14754,38.78523],[-9.14772,38.78549],[-9.14835,38.78549],[-9.14848,38.78523],[-9.14835,38.78504],[-9.14772,38.78504]],[[-9.14646,38.78703],[-9.14638,38.78712],[-9.14646,38.78731],[-9.14709,38.78741],[-9.14723,38.78712],[-9.14709,38.78702],[-9.14646,38.78703]],[[-9.1452,38.78764],[-9.14508,38.78775],[-9.1452,38.78788],[-9.14583,38.78788],[-9.14607,38.78775],[-9.14583,38.78764],[-9.1452,38.78764]],[[-9.14724,38.78586],[-9.14709,38.78576],[-9.14691,38.78586],[-9.14709,38.78592],[-9.14724,38.78586]],[[-9.14658,38.78523],[-9.14646,38.78487],[-9.14618,38.78523],[-9.14646,38.78544],[-9.14658,38.78523]],[[-9.14394,38.78437],[-9.14457,38.78411],[-9.14469,38.78396],[-9.14457,38.78387],[-9.14402,38.78333],[-9.14402,38.7827],[-9.14394,38.78262],[-9.14366,38.7827],[-9.1438,38.78333],[-9.14361,38.78396],[-9.14394,38.78437]],[[-9.14205,38.78298],[-9.14268,38.78298],[-9.14292,38.7827],[-9.14331,38.78227],[-9.14385,38.78207],[-9.14331,38.78186],[-9.14268,38.78176],[-9.14205,38.78176],[-9.14179,38.78207],[-9.14185,38.7827],[-9.14205,38.78298]],[[-9.14142,38.78393],[-9.14134,38.78396],[-9.14134,38.78459],[-9.14142,38.78465],[-9.14151,38.78459],[-9.14151,38.78396],[-9.14142,38.78393]],[[-9.13938,38.78144],[-9.13943,38.78207],[-9.13952,38.78215],[-9.14015,38.78215],[-9.14026,38.78207],[-9.14024,38.78144],[-9.14034,38.78081],[-9.14015,38.78054],[-9.13952,38.78054],[-9.13889,38.78079],[-9.13883,38.78081],[-9.13889,38.78084],[-9.13938,38.78144]],[[-9.16311,38.78586],[-9.16286,38.7854],[-9.1625,38.78523],[-9.16223,38.78501],[-9.16213,38.78523],[-9.16181,38.78586],[-9.16223,38.78623],[-9.16286,38.78623],[-9.16311,38.78586]],[[-9.16205,38.78459],[-9.16163,38.78396],[-9.1616,38.78395],[-9.16097,38.78386],[-9.16036,38.78396],[-9.16097,38.78448],[-9.16103,38.78459],[-9.1616,38.7849],[-9.16205,38.78459]],[[-9.15909,38.78459],[-9.15908,38.78458],[-9.15907,38.78459],[-9.15908,38.78461],[-9.15909,38.78459]],[[-9.15767,38.78586],[-9.15782,38.78598],[-9.1581,38.78586],[-9.15845,38.78534],[-9.15854,38.78523],[-9.15857,38.78459],[-9.15845,38.78448],[-9.15833,38.78459],[-9.15782,38.78521],[-9.1578,38.78523],[-9.15767,38.78586]],[[-9.15655,38.78766],[-9.15651,38.78775],[-9.15655,38.78785],[-9.15718,38.78785],[-9.15728,38.78775],[-9.15718,38.78766],[-9.15655,38.78766]],[[-9.15652,38.78964],[-9.15592,38.78949],[-9.15572,38.78964],[-9.15592,38.79008],[-9.15652,38.78964]],[[-9.15541,38.79027],[-9.15529,38.78992],[-9.15501,38.79027],[-9.15466,38.79062],[-9.15403,38.79062],[-9.1534,38.7907],[-9.15321,38.7909],[-9.15287,38.79153],[-9.15277,38.79165],[-9.15214,38.79181],[-9.15151,38.79195],[-9.15088,38.79195],[-9.15067,38.79216],[-9.15025,38.79243],[-9.14996,38.79279],[-9.15025,38.79331],[-9.15082,38.79279],[-9.15088,38.79266],[-9.15151,38.79266],[-9.15214,38.79259],[-9.15238,38.79279],[-9.15277,38.79312],[-9.15328,38.79279],[-9.1534,38.79257],[-9.15359,38.79216],[-9.15383,38.79153],[-9.15403,38.79126],[-9.15466,38.79126],[-9.15529,38.79102],[-9.15541,38.7909],[-9.15541,38.79027]],[[-9.14935,38.78901],[-9.14898,38.78867],[-9.14857,38.78901],[-9.14898,38.78947],[-9.14935,38.78901]],[[-9.14731,38.78964],[-9.14709,38.78941],[-9.14686,38.78964],[-9.14709,38.78972],[-9.14731,38.78964]],[[-9.14331,38.78013],[-9.14309,38.78018],[-9.14321,38.78081],[-9.14331,38.78106],[-9.14346,38.78081],[-9.14336,38.78018],[-9.14331,38.78013]],[[-9.14142,38.78259],[-9.14135,38.7827],[-9.14133,38.78333],[-9.14142,38.78344],[-9.14165,38.78333],[-9.14147,38.7827],[-9.14142,38.78259]],[[-9.13952,38.77868],[-9.13929,38.77892],[-9.13952,38.77901],[-9.14015,38.77901],[-9.14022,38.77892],[-9.14015,38.77868],[-9.13952,38.77868]],[[-9.13826,38.77923],[-9.1382,38.77955],[-9.13826,38.77963],[-9.13889,38.77958],[-9.13893,38.77955],[-9.13889,38.77944],[-9.13826,38.77923]],[[-9.15933,38.7827],[-9.15908,38.78262],[-9.15893,38.7827],[-9.15908,38.78288],[-9.15933,38.7827]],[[-9.15858,38.78396],[-9.15845,38.78353],[-9.15787,38.78396],[-9.15845,38.78406],[-9.15858,38.78396]],[[-9.15789,38.78459],[-9.15782,38.78403],[-9.15725,38.78459],[-9.15782,38.78469],[-9.15789,38.78459]],[[-9.15529,38.78846],[-9.15496,38.78901],[-9.15529,38.78948],[-9.15592,38.78912],[-9.15609,38.78901],[-9.15592,38.78883],[-9.15529,38.78846]],[[-9.15277,38.78927],[-9.15254,38.78964],[-9.15277,38.7901],[-9.1534,38.79002],[-9.15397,38.78964],[-9.1534,38.78916],[-9.15277,38.78927]],[[-9.15217,38.7909],[-9.15214,38.7908],[-9.15211,38.7909],[-9.15214,38.79093],[-9.15217,38.7909]],[[-9.15088,38.78601],[-9.15083,38.78649],[-9.15088,38.78654],[-9.15151,38.78654],[-9.15164,38.78649],[-9.15151,38.78601],[-9.15088,38.78601]],[[-9.1504,38.78964],[-9.15025,38.7896],[-9.15019,38.78964],[-9.15025,38.78975],[-9.1504,38.78964]],[[-9.14156,38.78144],[-9.14142,38.78132],[-9.14125,38.78144],[-9.14142,38.78161],[-9.14156,38.78144]],[[-9.15338,38.78775],[-9.1534,38.78794],[-9.15403,38.78795],[-9.15466,38.78795],[-9.15529,38.78791],[-9.15592,38.78806],[-9.15617,38.78775],[-9.15592,38.78747],[-9.15539,38.78712],[-9.15529,38.7868],[-9.15506,38.78712],[-9.15466,38.78751],[-9.15403,38.78751],[-9.1534,38.7877],[-9.15338,38.78775]],[[-9.15298,38.78775],[-9.15277,38.78746],[-9.15256,38.78775],[-9.15277,38.78809],[-9.15298,38.78775]],[[-9.15216,38.78775],[-9.15214,38.78769],[-9.15207,38.78775],[-9.15214,38.78781],[-9.15216,38.78775]],[[-9.15088,38.7853],[-9.15151,38.7853],[-9.15158,38.78523],[-9.15173,38.78459],[-9.15151,38.78429],[-9.15088,38.78429],[-9.15042,38.78459],[-9.15025,38.78499],[-9.15014,38.78523],[-9.15025,38.78554],[-9.15088,38.7853]],[[-9.15027,38.78775],[-9.15025,38.78772],[-9.15009,38.78775],[-9.15025,38.78777],[-9.15027,38.78775]],[[-9.15592,38.78571],[-9.1558,38.78586],[-9.15581,38.78649],[-9.15592,38.78696],[-9.15602,38.78649],[-9.15612,38.78586],[-9.15592,38.78571]],[[-9.15529,38.78509],[-9.15466,38.78491],[-9.15403,38.78491],[-9.15393,38.78523],[-9.15403,38.78532],[-9.15466,38.78532],[-9.15513,38.78586],[-9.15529,38.7863],[-9.15544,38.78586],[-9.15592,38.7853],[-9.15655,38.78548],[-9.15718,38.78548],[-9.15728,38.78523],[-9.15718,38.78466],[-9.15655,38.78466],[-9.15592,38.78508],[-9.15529,38.78509]],[[-9.15403,38.78577],[-9.15395,38.78586],[-9.15403,38.78596],[-9.15466,38.78596],[-9.15473,38.78586],[-9.15466,38.78577],[-9.15403,38.78577]],[[-9.1535,38.78586],[-9.1534,38.78575],[-9.15322,38.78586],[-9.1534,38.78629],[-9.1535,38.78586]],[[-9.15167,38.78396],[-9.15202,38.78459],[-9.15209,38.78523],[-9.15214,38.78575],[-9.15227,38.78523],[-9.15277,38.78494],[-9.1534,38.78461],[-9.15345,38.78459],[-9.1534,38.78449],[-9.15277,38.78428],[-9.15244,38.78396],[-9.15214,38.78376],[-9.15167,38.78396]],[[-9.15624,38.78396],[-9.15592,38.78392],[-9.15584,38.78396],[-9.15592,38.78398],[-9.15624,38.78396]],[[-9.15403,38.78362],[-9.15391,38.78396],[-9.15403,38.7841],[-9.15466,38.7841],[-9.15479,38.78396],[-9.15466,38.78362],[-9.15403,38.78362]],[[-9.15346,38.78523],[-9.1534,38.78515],[-9.15328,38.78523],[-9.1534,38.78529],[-9.15346,38.78523]]],[[[-9.14205,38.78785],[-9.14268,38.78785],[-9.14302,38.78775],[-9.14331,38.78743],[-9.14394,38.78722],[-9.14444,38.78775],[-9.14444,38.78826],[-9.144,38.78833],[-9.144,38.78775],[-9.14394,38.78768],[-9.14384,38.78775],[-9.14384,38.78836],[-9.14287,38.78853],[-9.14287,38.78838],[-9.14268,38.78824],[-9.1422,38.78824],[-9.14174,38.78785],[-9.14205,38.78785]]],[[[-9.11808,38.7367],[-9.11804,38.73666],[-9.11808,38.73658],[-9.11812,38.73666],[-9.11808,38.7367]]],[[[-9.10294,38.74123],[-9.10273,38.74107],[-9.10294,38.7408],[-9.10332,38.74107],[-9.10294,38.74123]]],[[[-9.12502,38.74308],[-9.12492,38.74297],[-9.12502,38.74293],[-9.12565,38.74293],[-9.12575,38.74297],[-9.12565,38.74308],[-9.12502,38.74308]]],[[[-9.12754,38.74364],[-9.12736,38.7436],[-9.12754,38.74341],[-9.12766,38.7436],[-9.12754,38.74364]]],[[[-9.12313,38.74996],[-9.12307,38.7499],[-9.12313,38.74987],[-9.12318,38.7499],[-9.12313,38.74996]]],[[[-9.1245,38.75054],[-9.12439,38.75071],[-9.1243,38.75054],[-9.12439,38.75045],[-9.1245,38.75054]]],[[[-9.12691,38.75311],[-9.12628,38.75333],[-9.12608,38.75306],[-9.12616,38.75243],[-9.12628,38.75238],[-9.12638,38.75243],[-9.12691,38.75298],[-9.12717,38.75306],[-9.12691,38.75311]]],[[[-9.10799,38.75211],[-9.1081,38.75243],[-9.10804,38.75306],[-9.10841,38.75369],[-9.10799,38.75396],[-9.10736,38.75387],[-9.10673,38.75389],[-9.10653,38.75369],[-9.10673,38.75332],[-9.10722,38.75306],[-9.10713,38.75243],[-9.10736,38.75211],[-9.10799,38.75211]]],[[[-9.12376,38.75312],[-9.12367,38.75306],[-9.12376,38.75298],[-9.12381,38.75306],[-9.12376,38.75312]]],[[[-9.12439,38.75391],[-9.12428,38.75369],[-9.12439,38.75361],[-9.12458,38.75369],[-9.12439,38.75391]]],[[[-9.12924,38.75495],[-9.12943,38.75473],[-9.13006,38.75491],[-9.13011,38.75495],[-9.13006,38.75506],[-9.12943,38.7551],[-9.12924,38.75495]]],[[[-9.13196,38.755],[-9.13191,38.75495],[-9.13196,38.7549],[-9.13201,38.75495],[-9.13196,38.755]]],[[[-9.12693,38.75558],[-9.12691,38.75564],[-9.12687,38.75558],[-9.12691,38.75557],[-9.12693,38.75558]]],[[[-9.13259,38.75639],[-9.13235,38.75621],[-9.13259,38.75608],[-9.13273,38.75621],[-9.13259,38.75639]]],[[[-9.12931,38.75621],[-9.12943,38.75609],[-9.13006,38.75601],[-9.13043,38.75621],[-9.13006,38.7568],[-9.12943,38.75631],[-9.12931,38.75621]]],[[[-9.12961,38.75747],[-9.12943,38.75793],[-9.12935,38.75747],[-9.12943,38.75731],[-9.12961,38.75747]]],[[[-9.12754,38.75834],[-9.12691,38.75832],[-9.12669,38.7581],[-9.12691,38.7579],[-9.12734,38.75747],[-9.12754,38.75732],[-9.1276,38.75747],[-9.12769,38.7581],[-9.12754,38.75834]]],[[[-9.12628,38.75986],[-9.12691,38.75972],[-9.1271,38.76],[-9.12747,38.76063],[-9.12691,38.7608],[-9.12671,38.76063],[-9.12628,38.7601],[-9.12565,38.76031],[-9.12502,38.76031],[-9.12492,38.76],[-9.12502,38.75988],[-9.12565,38.75988],[-9.12628,38.75986]]],[[[-9.13767,38.76063],[-9.13763,38.76067],[-9.1376,38.76063],[-9.13763,38.76059],[-9.13767,38.76063]]],[[[-9.12886,38.77009],[-9.1288,38.77005],[-9.12817,38.76991],[-9.12754,38.76991],[-9.12696,38.76946],[-9.12752,38.76883],[-9.12754,38.76881],[-9.12817,38.76881],[-9.1288,38.76875],[-9.12891,38.76883],[-9.12943,38.76912],[-9.13006,38.76926],[-9.13024,38.76946],[-9.1303,38.77009],[-9.13048,38.77072],[-9.13043,38.77135],[-9.13035,38.77198],[-9.13006,38.7726],[-9.13005,38.77261],[-9.13,38.77324],[-9.12943,38.77356],[-9.12933,38.77324],[-9.1288,38.77273],[-9.12849,38.77261],[-9.12818,38.77198],[-9.12818,38.77135],[-9.12838,38.77072],[-9.1288,38.77013],[-9.12886,38.77009]],[[-9.12894,38.76946],[-9.1288,38.76942],[-9.12817,38.76934],[-9.12754,38.76934],[-9.12744,38.76946],[-9.12754,38.76954],[-9.12817,38.76954],[-9.1288,38.76949],[-9.12894,38.76946]],[[-9.12849,38.77198],[-9.1288,38.77234],[-9.12943,38.77242],[-9.13006,38.77211],[-9.13012,38.77198],[-9.13017,38.77135],[-9.13018,38.77072],[-9.13006,38.77037],[-9.12966,38.77072],[-9.12943,38.77094],[-9.1288,38.77085],[-9.12854,38.77135],[-9.12849,38.77198]]],[[[-9.12691,38.77235],[-9.1267,38.77198],[-9.1267,38.77135],[-9.12671,38.77072],[-9.12691,38.77025],[-9.12722,38.77072],[-9.12751,38.77135],[-9.12751,38.77198],[-9.12691,38.77235]]],[[[-9.13637,38.77582],[-9.13615,38.77576],[-9.13637,38.77567],[-9.137,38.77567],[-9.13712,38.77576],[-9.137,38.77582],[-9.13637,38.77582]]],[[[-9.12614,38.77576],[-9.12628,38.77563],[-9.12691,38.7757],[-9.12701,38.77576],[-9.12691,38.7758],[-9.12628,38.7759],[-9.12614,38.77576]]],[[[-9.13511,38.77755],[-9.13502,38.77703],[-9.13511,38.77698],[-9.13521,38.77703],[-9.13511,38.77755]]],[[[-9.12691,38.77688],[-9.12747,38.77703],[-9.12754,38.7775],[-9.12817,38.7775],[-9.12819,38.77766],[-9.12817,38.77767],[-9.12754,38.77768],[-9.12691,38.77814],[-9.12673,38.77766],[-9.12628,38.77707],[-9.12624,38.77703],[-9.12628,38.77694],[-9.12691,38.77688]]],[[[-9.11429,38.77907],[-9.11416,38.77892],[-9.11429,38.77881],[-9.11443,38.77892],[-9.11429,38.77907]]],[[[-9.13511,38.78214],[-9.13491,38.78207],[-9.13511,38.78187],[-9.13519,38.78207],[-9.13511,38.78214]]],[[[-9.1288,38.78226],[-9.12869,38.78207],[-9.1288,38.78194],[-9.12943,38.78184],[-9.12961,38.78207],[-9.12943,38.7824],[-9.1288,38.78226]]],[[[-9.13574,38.78291],[-9.13553,38.7827],[-9.13574,38.78247],[-9.13599,38.7827],[-9.13574,38.78291]]],[[[-9.12576,38.7827],[-9.12628,38.78312],[-9.12691,38.78313],[-9.12715,38.78333],[-9.12715,38.78347],[-9.12656,38.78329],[-9.12586,38.783],[-9.12491,38.78284],[-9.12491,38.7827],[-9.12502,38.78258],[-9.12565,38.78258],[-9.12576,38.7827]]],[[[-9.1352,38.78333],[-9.13511,38.78341],[-9.13467,38.78333],[-9.13511,38.78324],[-9.1352,38.78333]]],[[[-9.12851,38.78333],[-9.1288,38.78305],[-9.12943,38.78296],[-9.13006,38.78321],[-9.13069,38.78317],[-9.13132,38.78317],[-9.13145,38.78333],[-9.13182,38.78396],[-9.13169,38.78441],[-9.12978,38.784],[-9.12959,38.78399],[-9.12959,38.78396],[-9.12943,38.7839],[-9.12924,38.78396],[-9.12924,38.78398],[-9.12877,38.78397],[-9.12821,38.7838],[-9.12851,38.78333]]],[[[-9.13412,38.78459],[-9.13401,38.78396],[-9.13448,38.7834],[-9.1347,38.78396],[-9.13495,38.78459],[-9.13495,38.78504],[-9.13412,38.78492],[-9.13412,38.78459]]],[[[-9.13637,38.78512],[-9.137,38.78512],[-9.13722,38.78523],[-9.13763,38.78564],[-9.1378,38.78586],[-9.13815,38.78625],[-9.1378,38.78614],[-9.13642,38.78543],[-9.13565,38.78513],[-9.13564,38.78513],[-9.13574,38.78508],[-9.13637,38.78512]]],[[[-9.13889,38.78636],[-9.13902,38.78649],[-9.13902,38.78653],[-9.13852,38.78637],[-9.13889,38.78636]]],[[[-9.09222,38.7925],[-9.09159,38.79262],[-9.09143,38.79279],[-9.09119,38.79342],[-9.09096,38.79349],[-9.09033,38.79349],[-9.09033,38.79342],[-9.09033,38.79279],[-9.09033,38.79216],[-9.09033,38.79153],[-9.09033,38.7909],[-9.09033,38.79027],[-9.09033,38.78964],[-9.09046,38.78951],[-9.09096,38.78951],[-9.09134,38.78964],[-9.09146,38.79027],[-9.09141,38.7909],[-9.0914,38.79153],[-9.09159,38.79173],[-9.09222,38.79161],[-9.09285,38.79158],[-9.09348,38.79158],[-9.09353,38.79153],[-9.09351,38.7909],[-9.09411,38.79038],[-9.09421,38.79027],[-9.09474,38.78993],[-9.09496,38.78964],[-9.09474,38.78943],[-9.09411,38.78926],[-9.0938,38.78901],[-9.09348,38.78857],[-9.09285,38.78857],[-9.0925,38.78838],[-9.09224,38.78775],[-9.09222,38.78774],[-9.09218,38.78775],[-9.09159,38.78834],[-9.09096,38.78834],[-9.09096,38.78775],[-9.09096,38.78725],[-9.09159,38.78725],[-9.09222,38.7873],[-9.09285,38.78756],[-9.09348,38.78756],[-9.09411,38.78753],[-9.09421,38.78775],[-9.09474,38.7882],[-9.09514,38.78838],[-9.09537,38.78862],[-9.096,38.78899],[-9.09663,38.78899],[-9.09665,38.78901],[-9.09688,38.78964],[-9.09663,38.79024],[-9.096,38.79024],[-9.09596,38.79027],[-9.09537,38.79061],[-9.09515,38.7909],[-9.09515,38.79153],[-9.09474,38.79194],[-9.09455,38.79216],[-9.09429,38.79279],[-9.09411,38.79312],[-9.09386,38.79342],[-9.09348,38.79388],[-9.09285,38.7939],[-9.09271,38.79406],[-9.09285,38.79445],[-9.09348,38.79448],[-9.09354,38.79469],[-9.09348,38.795],[-9.09285,38.795],[-9.09273,38.79469],[-9.09222,38.79441],[-9.092,38.79406],[-9.09222,38.79379],[-9.0926,38.79342],[-9.09265,38.79279],[-9.09222,38.7925]]],[[[-9.09211,38.79618],[-9.0912,38.79619],[-9.09096,38.79595],[-9.09033,38.79532],[-9.09033,38.79489],[-9.09096,38.79489],[-9.09149,38.79532],[-9.09159,38.79542],[-9.09211,38.79595],[-9.09211,38.79618]]],[[[-9.09232,38.79595],[-9.09285,38.79538],[-9.09348,38.79538],[-9.09371,38.79595],[-9.09371,38.79641],[-9.09322,38.79633],[-9.09255,38.7963],[-9.09253,38.79621],[-9.09232,38.79618],[-9.09232,38.79595]]]]},"properties":{"class":3,"label":"19 a 19,5","fill":"#fea245"}},{"type":"Feature","geometry":{"type":"MultiPolygon","coordinates":[[[[-9.21545,38.69188],[-9.21556,38.69251],[-9.21521,38.69278],[-9.21493,38.69251],[-9.21458,38.69209],[-9.21442,38.69188],[-9.21458,38.69188],[-9.21521,38.69125],[-9.21545,38.69125],[-9.21545,38.69188]]],[[[-9.2171,38.6928],[-9.21696,38.69251],[-9.21699,38.69188],[-9.21699,38.69176],[-9.2171,38.69188],[-9.21717,38.69188],[-9.21717,38.69251],[-9.2171,38.6928]]],[[[-9.22331,38.69188],[-9.22331,38.69251],[-9.22278,38.69277],[-9.22257,38.69251],[-9.22257,38.69188],[-9.22278,38.69188],[-9.22331,38.69188]]],[[[-9.21759,38.69314],[-9.21773,38.69312],[-9.21779,38.69314],[-9.21773,38.69326],[-9.21759,38.69314]]],[[[-9.21332,38.69368],[-9.21339,38.69377],[-9.21332,38.69394],[-9.21269,38.69394],[-9.21258,38.69377],[-9.21269,38.69368],[-9.21332,38.69368]]],[[[-9.219,38.69406],[-9.21947,38.6944],[-9.21963,38.69447],[-9.22026,38.69464],[-9.22063,38.69503],[-9.22026,38.69561],[-9.22016,38.69566],[-9.2198,38.69629],[-9.21963,38.69633],[-9.21945,38.69629],[-9.21926,38.69566],[-9.21923,38.69503],[-9.219,38.69465],[-9.21837,38.69465],[-9.21773,38.69467],[-9.21763,38.6944],[-9.21773,38.69408],[-9.21837,38.694],[-9.219,38.69406]]],[[[-9.21771,38.69566],[-9.21773,38.69561],[-9.2178,38.69566],[-9.21773,38.69574],[-9.21771,38.69566]]],[[[-9.21395,38.69645],[-9.21372,38.69629],[-9.21395,38.69608],[-9.21403,38.69629],[-9.21395,38.69645]]],[[[-9.219,38.69668],[-9.21906,38.69692],[-9.219,38.69712],[-9.21837,38.69712],[-9.21773,38.69713],[-9.2171,38.69708],[-9.21692,38.69692],[-9.2171,38.69684],[-9.21773,38.69654],[-9.21837,38.69668],[-9.219,38.69668]]],[[[-9.21584,38.69759],[-9.21581,38.69755],[-9.21584,38.6975],[-9.21647,38.6975],[-9.21652,38.69755],[-9.21647,38.69759],[-9.21584,38.69759]]],[[[-9.21395,38.69821],[-9.21391,38.69818],[-9.21395,38.69811],[-9.21413,38.69818],[-9.21395,38.69821]]],[[[-9.21647,38.69875],[-9.21661,38.69882],[-9.21647,38.69887],[-9.21584,38.69887],[-9.21566,38.69882],[-9.21584,38.69875],[-9.21647,38.69875]]],[[[-9.21837,38.69894],[-9.21831,38.69882],[-9.21837,38.69877],[-9.219,38.69877],[-9.21906,38.69882],[-9.219,38.69894],[-9.21837,38.69894]]],[[[-9.22404,38.70018],[-9.22402,38.70008],[-9.22404,38.70006],[-9.22406,38.70008],[-9.22404,38.70018]]],[[[-9.22404,38.70158],[-9.22379,38.70134],[-9.22404,38.70087],[-9.22446,38.70134],[-9.22404,38.70158]]],[[[-9.20701,38.70191],[-9.20764,38.70191],[-9.20827,38.70164],[-9.20871,38.70197],[-9.20832,38.7026],[-9.20827,38.70292],[-9.20812,38.7026],[-9.20764,38.70226],[-9.20701,38.70226],[-9.20689,38.70197],[-9.20701,38.70191]]],[[[-9.22109,38.70197],[-9.22152,38.70246],[-9.22215,38.70246],[-9.22243,38.70197],[-9.22278,38.70171],[-9.22303,38.70197],[-9.22341,38.70242],[-9.22373,38.7026],[-9.22341,38.70298],[-9.22278,38.70304],[-9.22215,38.70269],[-9.22152,38.70292],[-9.22089,38.70313],[-9.22026,38.70284],[-9.22006,38.7026],[-9.22026,38.70222],[-9.2206,38.70197],[-9.22089,38.70162],[-9.22109,38.70197]]],[[[-9.219,38.70253],[-9.21903,38.7026],[-9.219,38.70262],[-9.21837,38.70262],[-9.21834,38.7026],[-9.21837,38.70253],[-9.219,38.70253]]],[[[-9.20834,38.70323],[-9.2089,38.70297],[-9.20913,38.70323],[-9.2089,38.70337],[-9.20834,38.70323]]],[[[-9.21963,38.70404],[-9.21934,38.70386],[-9.21963,38.70361],[-9.22005,38.70386],[-9.21963,38.70404]]],[[[-9.21773,38.70328],[-9.21812,38.70386],[-9.21773,38.70425],[-9.2171,38.70441],[-9.21683,38.70386],[-9.2171,38.7037],[-9.21773,38.70328]]],[[[-9.21521,38.70406],[-9.21508,38.70386],[-9.21521,38.70373],[-9.21544,38.70386],[-9.21521,38.70406]]],[[[-9.21837,38.70473],[-9.219,38.70469],[-9.21963,38.70491],[-9.22004,38.70512],[-9.21963,38.70551],[-9.219,38.70536],[-9.21837,38.70533],[-9.218,38.70512],[-9.21837,38.70473]]],[[[-9.22152,38.70638],[-9.22152,38.70701],[-9.22089,38.70705],[-9.22082,38.70701],[-9.22082,38.70638],[-9.22089,38.70633],[-9.22152,38.70638]]],[[[-9.21017,38.70752],[-9.21029,38.70765],[-9.21017,38.70793],[-9.20953,38.70793],[-9.20932,38.70765],[-9.20953,38.70752],[-9.21017,38.70752]]],[[[-9.20575,38.70847],[-9.20558,38.70828],[-9.20575,38.70811],[-9.20638,38.70816],[-9.20643,38.70828],[-9.20638,38.70833],[-9.20575,38.70847]]],[[[-9.22089,38.70975],[-9.22081,38.70954],[-9.22089,38.70936],[-9.22095,38.70954],[-9.22089,38.70975]]],[[[-9.20575,38.70946],[-9.20592,38.70954],[-9.20575,38.70967],[-9.20512,38.70982],[-9.205,38.70954],[-9.20512,38.70934],[-9.20575,38.70946]]],[[[-9.20787,38.71017],[-9.20827,38.70994],[-9.2085,38.71017],[-9.20827,38.71043],[-9.20787,38.71017]]],[[[-9.21458,38.71099],[-9.21421,38.7108],[-9.21458,38.71029],[-9.2147,38.71017],[-9.21521,38.70988],[-9.21561,38.70954],[-9.21584,38.70925],[-9.21647,38.70925],[-9.2171,38.70897],[-9.21717,38.70891],[-9.2171,38.70877],[-9.21647,38.70847],[-9.21584,38.70847],[-9.21575,38.70828],[-9.21584,38.70788],[-9.21647,38.70788],[-9.2171,38.70778],[-9.21717,38.70765],[-9.2171,38.70751],[-9.21647,38.70751],[-9.21584,38.70751],[-9.21566,38.70701],[-9.21565,38.70638],[-9.21584,38.70612],[-9.21647,38.70612],[-9.2171,38.70575],[-9.21752,38.70638],[-9.2176,38.70701],[-9.21773,38.70708],[-9.21803,38.70765],[-9.21773,38.70802],[-9.21735,38.70828],[-9.21773,38.70853],[-9.21837,38.70847],[-9.219,38.70854],[-9.21963,38.70891],[-9.21959,38.70954],[-9.21953,38.71017],[-9.21927,38.7108],[-9.21963,38.71112],[-9.21996,38.71143],[-9.22024,38.71206],[-9.22026,38.71208],[-9.2206,38.71269],[-9.22052,38.71332],[-9.22032,38.71395],[-9.22026,38.7143],[-9.22005,38.71458],[-9.21963,38.71493],[-9.21926,38.71458],[-9.219,38.71395],[-9.21837,38.71395],[-9.21773,38.71426],[-9.21721,38.71458],[-9.2171,38.71469],[-9.21647,38.71467],[-9.21584,38.71467],[-9.21521,38.71472],[-9.21507,38.71458],[-9.2151,38.71395],[-9.21521,38.71357],[-9.21545,38.71395],[-9.21584,38.71444],[-9.21647,38.71444],[-9.21696,38.71395],[-9.21685,38.71332],[-9.21685,38.71269],[-9.21673,38.71206],[-9.21647,38.71181],[-9.21584,38.71181],[-9.21521,38.71161],[-9.21501,38.71143],[-9.21521,38.71105],[-9.21538,38.7108],[-9.21521,38.71052],[-9.21494,38.7108],[-9.21458,38.71099]],[[-9.21837,38.71018],[-9.219,38.71018],[-9.21901,38.71017],[-9.21901,38.70954],[-9.219,38.70949],[-9.21837,38.70949],[-9.21773,38.70934],[-9.21754,38.70954],[-9.21773,38.70968],[-9.21835,38.71017],[-9.21837,38.71018]],[[-9.21782,38.71206],[-9.21773,38.71197],[-9.21767,38.71206],[-9.21773,38.71214],[-9.21782,38.71206]],[[-9.21742,38.7108],[-9.2171,38.71055],[-9.21687,38.7108],[-9.2171,38.71099],[-9.21742,38.7108]]],[[[-9.20764,38.7113],[-9.20789,38.71143],[-9.20764,38.71198],[-9.20701,38.71198],[-9.20638,38.71167],[-9.20575,38.71147],[-9.20569,38.71143],[-9.20575,38.71127],[-9.20638,38.71124],[-9.20701,38.7113],[-9.20764,38.7113]]],[[[-9.21048,38.71206],[-9.21055,38.71143],[-9.2108,38.71127],[-9.21111,38.71143],[-9.21109,38.71206],[-9.2108,38.71224],[-9.21048,38.71206]]],[[[-9.21458,38.71188],[-9.21473,38.71206],[-9.21458,38.71269],[-9.21436,38.71206],[-9.21458,38.71188]]],[[[-9.21017,38.71353],[-9.20953,38.71353],[-9.2089,38.71358],[-9.20827,38.7135],[-9.20812,38.71332],[-9.20822,38.71269],[-9.20827,38.71264],[-9.20837,38.71269],[-9.2089,38.71301],[-9.2092,38.71269],[-9.20953,38.71234],[-9.21017,38.71234],[-9.21038,38.71269],[-9.21031,38.71332],[-9.21017,38.71353]]],[[[-9.21269,38.71403],[-9.21263,38.71395],[-9.21269,38.71391],[-9.21332,38.71391],[-9.21334,38.71395],[-9.21332,38.71403],[-9.21269,38.71403]]],[[[-9.21773,38.71547],[-9.21837,38.71549],[-9.219,38.71549],[-9.21912,38.71584],[-9.219,38.71601],[-9.21837,38.71601],[-9.21773,38.71603],[-9.21747,38.71584],[-9.21773,38.71547]]],[[[-9.21206,38.71775],[-9.21204,38.71774],[-9.21206,38.71768],[-9.21209,38.71774],[-9.21206,38.71775]]],[[[-9.20953,38.71778],[-9.2089,38.71775],[-9.20886,38.71774],[-9.2089,38.71772],[-9.20953,38.71769],[-9.21017,38.71769],[-9.21018,38.71774],[-9.21017,38.71778],[-9.20953,38.71778]]],[[[-9.20827,38.71841],[-9.20823,38.71837],[-9.20827,38.71825],[-9.2083,38.71837],[-9.20827,38.71841]]],[[[-9.21831,38.71837],[-9.21837,38.71827],[-9.21847,38.71837],[-9.21847,38.7184],[-9.21831,38.71849],[-9.21831,38.71837]]],[[[-9.20877,38.719],[-9.2089,38.7189],[-9.20922,38.719],[-9.2089,38.7193],[-9.20877,38.719]]],[[[-9.21143,38.71959],[-9.21144,38.71963],[-9.21143,38.71965],[-9.2108,38.72],[-9.21064,38.71963],[-9.2108,38.71945],[-9.21143,38.71959]]],[[[-9.21143,38.72077],[-9.21154,38.72089],[-9.21143,38.72106],[-9.2108,38.72112],[-9.21075,38.72089],[-9.2108,38.72066],[-9.21143,38.72077]]],[[[-9.20805,38.72152],[-9.20823,38.72089],[-9.20827,38.72087],[-9.20829,38.72089],[-9.20838,38.72152],[-9.20827,38.7221],[-9.20805,38.72152]]],[[[-9.20575,38.72505],[-9.20607,38.72531],[-9.20575,38.72566],[-9.20555,38.72594],[-9.20512,38.72629],[-9.20492,38.72594],[-9.2051,38.72531],[-9.20449,38.72469],[-9.20386,38.72469],[-9.2038,38.72468],[-9.20361,38.72404],[-9.20386,38.72371],[-9.20449,38.72371],[-9.2051,38.72404],[-9.20512,38.72436],[-9.20514,38.72468],[-9.20575,38.72505]]],[[[-9.20764,38.72548],[-9.20742,38.72531],[-9.20764,38.72506],[-9.20791,38.72531],[-9.20764,38.72548]]],[[[-9.20575,38.72691],[-9.20634,38.72657],[-9.20609,38.72594],[-9.20638,38.72569],[-9.20684,38.72594],[-9.20701,38.72644],[-9.20705,38.72657],[-9.20733,38.7272],[-9.20701,38.72766],[-9.20638,38.72766],[-9.20575,38.72778],[-9.20563,38.7272],[-9.20575,38.72691]]],[[[-9.20449,38.74026],[-9.2046,38.74044],[-9.20449,38.74081],[-9.20386,38.74081],[-9.20361,38.74044],[-9.20386,38.74026],[-9.20449,38.74026]]],[[[-9.20312,38.74107],[-9.20323,38.74102],[-9.20333,38.74107],[-9.20386,38.7412],[-9.20449,38.7412],[-9.205,38.7417],[-9.20512,38.74182],[-9.20552,38.74182],[-9.20562,38.74284],[-9.20563,38.74285],[-9.2052,38.74297],[-9.20531,38.7436],[-9.20512,38.74364],[-9.20493,38.7436],[-9.2051,38.74297],[-9.20449,38.74252],[-9.20386,38.74252],[-9.20368,38.74234],[-9.20331,38.7417],[-9.20323,38.74123],[-9.20312,38.74107]]],[[[-9.20575,38.74391],[-9.20597,38.7436],[-9.20597,38.74331],[-9.20654,38.74409],[-9.20654,38.74423],[-9.20638,38.74439],[-9.20575,38.7446],[-9.20565,38.74423],[-9.20575,38.74391]]],[[[-9.20508,38.74486],[-9.20512,38.74484],[-9.20522,38.74486],[-9.20512,38.74488],[-9.20508,38.74486]]],[[[-9.20449,38.74726],[-9.20462,38.74738],[-9.20449,38.74779],[-9.20386,38.74779],[-9.20367,38.74738],[-9.20386,38.74726],[-9.20449,38.74726]]],[[[-9.20512,38.74775],[-9.20532,38.74801],[-9.20512,38.7484],[-9.20479,38.74864],[-9.20449,38.74892],[-9.20435,38.74864],[-9.20449,38.74819],[-9.2046,38.74801],[-9.20512,38.74775]]],[[[-9.20187,38.74864],[-9.20142,38.74801],[-9.20134,38.74791],[-9.2007,38.74791],[-9.20007,38.74774],[-9.19975,38.74738],[-9.20007,38.74685],[-9.2007,38.74718],[-9.20134,38.74718],[-9.20197,38.74696],[-9.20233,38.74675],[-9.20203,38.74612],[-9.2026,38.74551],[-9.2027,38.74549],[-9.2027,38.74486],[-9.20323,38.74454],[-9.20337,38.74486],[-9.20328,38.74549],[-9.2033,38.74612],[-9.20323,38.74632],[-9.20284,38.74675],[-9.20286,38.74738],[-9.20323,38.74789],[-9.20354,38.74801],[-9.20323,38.74808],[-9.2026,38.74833],[-9.20242,38.74864],[-9.20201,38.74927],[-9.2026,38.74959],[-9.20287,38.74927],[-9.20323,38.7491],[-9.20386,38.7491],[-9.20417,38.74927],[-9.20449,38.74966],[-9.20512,38.74968],[-9.20568,38.7499],[-9.20538,38.75054],[-9.20575,38.75097],[-9.20609,38.75054],[-9.20638,38.75006],[-9.20647,38.7499],[-9.20701,38.74947],[-9.20739,38.74927],[-9.20701,38.74899],[-9.20654,38.74864],[-9.20638,38.74856],[-9.20605,38.74801],[-9.20638,38.74765],[-9.20701,38.74765],[-9.20764,38.74745],[-9.20801,38.74738],[-9.20764,38.74711],[-9.20701,38.74686],[-9.20638,38.74686],[-9.20575,38.74697],[-9.20561,38.74675],[-9.20575,38.74657],[-9.20625,38.74612],[-9.20638,38.74596],[-9.20701,38.74596],[-9.20733,38.74612],[-9.20764,38.7464],[-9.20783,38.74612],[-9.20783,38.74582],[-9.20993,38.74856],[-9.20993,38.74864],[-9.20953,38.74904],[-9.2089,38.74891],[-9.20827,38.74897],[-9.2079,38.74927],[-9.20827,38.74947],[-9.20884,38.7499],[-9.2089,38.7503],[-9.20894,38.75054],[-9.2089,38.75061],[-9.20851,38.75117],[-9.20851,38.7518],[-9.20843,38.75243],[-9.20827,38.75267],[-9.20764,38.75255],[-9.20761,38.75243],[-9.20711,38.7518],[-9.20701,38.75164],[-9.20638,38.75164],[-9.20575,38.75143],[-9.20532,38.7518],[-9.20512,38.7519],[-9.20457,38.7518],[-9.20457,38.75117],[-9.20452,38.75054],[-9.20449,38.75048],[-9.20447,38.75054],[-9.20386,38.75107],[-9.20323,38.75107],[-9.20291,38.75117],[-9.20265,38.7518],[-9.2026,38.75186],[-9.20245,38.7518],[-9.20252,38.75117],[-9.20229,38.75054],[-9.20197,38.75012],[-9.20138,38.7499],[-9.2019,38.74927],[-9.20187,38.74864]],[[-9.20764,38.74861],[-9.20757,38.74864],[-9.20764,38.74876],[-9.20772,38.74864],[-9.20764,38.74861]],[[-9.2089,38.74753],[-9.20868,38.74801],[-9.2089,38.74834],[-9.20925,38.74801],[-9.2089,38.74753]],[[-9.20764,38.74796],[-9.20701,38.74798],[-9.20638,38.74798],[-9.20635,38.74801],[-9.20638,38.74806],[-9.20701,38.74811],[-9.20764,38.74807],[-9.20787,38.74801],[-9.20764,38.74796]]],[[[-9.21017,38.74994],[-9.20953,38.74994],[-9.2093,38.7499],[-9.20953,38.74977],[-9.21017,38.74977],[-9.21041,38.74927],[-9.21041,38.74918],[-9.21115,38.75013],[-9.2108,38.75013],[-9.21017,38.74994]]],[[[-9.20946,38.75117],[-9.20953,38.75113],[-9.21017,38.75113],[-9.2102,38.75115],[-9.20948,38.7522],[-9.20946,38.7518],[-9.20946,38.75117]]],[[[-9.20323,38.75252],[-9.20311,38.75243],[-9.20323,38.75232],[-9.20386,38.75232],[-9.204,38.75243],[-9.20386,38.75252],[-9.20323,38.75252]]],[[[-9.20512,38.75361],[-9.2053,38.75306],[-9.20575,38.7528],[-9.20631,38.75306],[-9.20638,38.7531],[-9.20701,38.7531],[-9.20764,38.75314],[-9.20827,38.75329],[-9.2087,38.75336],[-9.2089,38.75382],[-9.2089,38.75383],[-9.20843,38.75432],[-9.20827,38.75486],[-9.208,38.75432],[-9.20764,38.754],[-9.20744,38.75432],[-9.20759,38.75495],[-9.20738,38.75558],[-9.20719,38.75621],[-9.20719,38.75651],[-9.20696,38.75648],[-9.2066,38.75663],[-9.20619,38.75718],[-9.20397,38.75702],[-9.20346,38.75734],[-9.20323,38.75711],[-9.20295,38.75684],[-9.20323,38.75639],[-9.20358,38.75621],[-9.20323,38.75591],[-9.20296,38.75558],[-9.2026,38.75524],[-9.20221,38.75495],[-9.20197,38.75445],[-9.20186,38.75495],[-9.20134,38.75528],[-9.2007,38.75533],[-9.20021,38.75495],[-9.2007,38.75452],[-9.20101,38.75432],[-9.20134,38.75414],[-9.20173,38.75369],[-9.20197,38.75331],[-9.20247,38.75369],[-9.2026,38.75384],[-9.20282,38.75432],[-9.20323,38.75482],[-9.20386,38.75482],[-9.20449,38.75457],[-9.2047,38.75432],[-9.20509,38.75369],[-9.20512,38.75361]],[[-9.2007,38.75498],[-9.20134,38.75498],[-9.20138,38.75495],[-9.20134,38.75484],[-9.2007,38.75491],[-9.20066,38.75495],[-9.2007,38.75498]],[[-9.20577,38.75621],[-9.20575,38.75619],[-9.20572,38.75621],[-9.20575,38.75623],[-9.20577,38.75621]],[[-9.20608,38.75495],[-9.20575,38.7547],[-9.20558,38.75495],[-9.20575,38.75527],[-9.20608,38.75495]]],[[[-9.18872,38.69757],[-9.18871,38.69755],[-9.18872,38.69755],[-9.18875,38.69755],[-9.18872,38.69757]]],[[[-9.19124,38.69845],[-9.19166,38.69882],[-9.19124,38.69914],[-9.19084,38.69945],[-9.19124,38.69971],[-9.19187,38.69962],[-9.19238,38.70008],[-9.19187,38.70027],[-9.19124,38.70054],[-9.19095,38.70071],[-9.19067,38.70134],[-9.19061,38.70141],[-9.18998,38.70168],[-9.18935,38.70168],[-9.18899,38.70134],[-9.18899,38.70071],[-9.189,38.70008],[-9.18935,38.69971],[-9.18998,38.69971],[-9.19037,38.69945],[-9.18998,38.69917],[-9.18935,38.69917],[-9.18872,38.69924],[-9.18846,38.69945],[-9.18809,38.69988],[-9.18746,38.69955],[-9.18683,38.69955],[-9.18679,38.69945],[-9.18683,38.69941],[-9.18746,38.69941],[-9.18791,38.69882],[-9.18809,38.69839],[-9.18872,38.69867],[-9.18935,38.69831],[-9.18998,38.69831],[-9.19061,38.69867],[-9.19124,38.69845]]],[[[-9.20323,38.70087],[-9.20283,38.70071],[-9.20323,38.70052],[-9.2033,38.70071],[-9.20323,38.70087]]],[[[-9.18812,38.70071],[-9.18812,38.70134],[-9.18809,38.70139],[-9.18788,38.70134],[-9.18788,38.70071],[-9.18809,38.7006],[-9.18812,38.70071]]],[[[-9.19055,38.7026],[-9.19061,38.70243],[-9.19067,38.7026],[-9.19061,38.70264],[-9.19055,38.7026]]],[[[-9.18872,38.70273],[-9.18868,38.7026],[-9.18872,38.70257],[-9.18874,38.7026],[-9.18872,38.70273]]],[[[-9.19629,38.70343],[-9.19582,38.70323],[-9.19629,38.70302],[-9.19647,38.70323],[-9.19629,38.70343]]],[[[-9.18935,38.70333],[-9.18914,38.70323],[-9.18935,38.70319],[-9.18998,38.70319],[-9.19001,38.70323],[-9.18998,38.70333],[-9.18935,38.70333]]],[[[-9.2026,38.70401],[-9.2025,38.70386],[-9.2026,38.70376],[-9.20275,38.70386],[-9.2026,38.70401]]],[[[-9.2007,38.70454],[-9.20043,38.70449],[-9.2007,38.7043],[-9.201,38.70449],[-9.2007,38.70454]]],[[[-9.20134,38.70598],[-9.2007,38.7058],[-9.20061,38.70575],[-9.2007,38.70573],[-9.20134,38.70561],[-9.20197,38.70561],[-9.20225,38.70575],[-9.20197,38.70598],[-9.20134,38.70598]]],[[[-9.20323,38.70784],[-9.2027,38.70765],[-9.2026,38.70753],[-9.20246,38.70765],[-9.20197,38.70791],[-9.20134,38.7079],[-9.20085,38.70765],[-9.20094,38.70701],[-9.20134,38.70687],[-9.20197,38.70687],[-9.2026,38.7068],[-9.20282,38.70701],[-9.20323,38.7074],[-9.20349,38.70765],[-9.20323,38.70784]]],[[[-9.20007,38.70719],[-9.20053,38.70765],[-9.20007,38.70778],[-9.19944,38.70771],[-9.1994,38.70765],[-9.19944,38.70752],[-9.20007,38.70719]]],[[[-9.2007,38.70898],[-9.20036,38.70891],[-9.2007,38.70867],[-9.20083,38.70891],[-9.2007,38.70898]]],[[[-9.19629,38.70966],[-9.19621,38.70954],[-9.19629,38.70936],[-9.19636,38.70954],[-9.19629,38.70966]]],[[[-9.19777,38.7108],[-9.19755,38.71104],[-9.19692,38.71116],[-9.19629,38.71119],[-9.19566,38.71126],[-9.19503,38.71122],[-9.1948,38.71143],[-9.19457,38.71206],[-9.1944,38.71238],[-9.19408,38.71206],[-9.19421,38.71143],[-9.1944,38.71115],[-9.19473,38.7108],[-9.19503,38.71017],[-9.19566,38.71017],[-9.19629,38.7105],[-9.19692,38.71056],[-9.19755,38.71028],[-9.19777,38.7108]]],[[[-9.19629,38.71418],[-9.19621,38.71395],[-9.19629,38.71337],[-9.19644,38.71395],[-9.19629,38.71418]]],[[[-9.18699,38.74044],[-9.18683,38.74034],[-9.1862,38.74034],[-9.18566,38.74044],[-9.18557,38.74055],[-9.18552,38.74044],[-9.18543,38.73981],[-9.18494,38.73972],[-9.18455,38.73981],[-9.18431,38.73997],[-9.18403,38.73981],[-9.18431,38.73971],[-9.18452,38.73918],[-9.18431,38.73887],[-9.18402,38.73855],[-9.18368,38.73801],[-9.18304,38.73801],[-9.18292,38.73792],[-9.18256,38.73729],[-9.18299,38.73666],[-9.18241,38.73639],[-9.18205,38.73603],[-9.18199,38.7354],[-9.18178,38.7353],[-9.18129,38.73477],[-9.18115,38.73449],[-9.18052,38.73449],[-9.18007,38.73414],[-9.17989,38.73398],[-9.17926,38.73398],[-9.17889,38.73414],[-9.17863,38.73423],[-9.17831,38.73414],[-9.17829,38.73351],[-9.17863,38.7331],[-9.17926,38.73336],[-9.17982,38.73287],[-9.17966,38.73224],[-9.17989,38.73167],[-9.17991,38.73161],[-9.17989,38.73159],[-9.17926,38.73106],[-9.17925,38.73098],[-9.17926,38.73088],[-9.17952,38.73035],[-9.17926,38.73013],[-9.179,38.72972],[-9.17926,38.72932],[-9.17989,38.7291],[-9.17991,38.72909],[-9.17989,38.72908],[-9.17943,38.72846],[-9.17958,38.72783],[-9.17926,38.7277],[-9.17897,38.72783],[-9.17863,38.72835],[-9.1784,38.72783],[-9.17863,38.72736],[-9.17869,38.7272],[-9.17926,38.72677],[-9.17962,38.72657],[-9.17989,38.72614],[-9.18052,38.72622],[-9.18115,38.72622],[-9.18147,38.72594],[-9.18178,38.72581],[-9.18229,38.72531],[-9.18211,38.72468],[-9.18241,38.72447],[-9.18292,38.72404],[-9.18304,38.72373],[-9.18327,38.72341],[-9.18368,38.72307],[-9.18431,38.72307],[-9.18442,38.72278],[-9.18494,38.7222],[-9.18498,38.72215],[-9.18532,38.72152],[-9.18494,38.721],[-9.18466,38.72152],[-9.18431,38.72187],[-9.18368,38.72187],[-9.18342,38.72152],[-9.18304,38.72122],[-9.18271,38.72089],[-9.18304,38.72038],[-9.18343,38.72026],[-9.18368,38.72015],[-9.18431,38.72015],[-9.18494,38.7201],[-9.18512,38.72026],[-9.18557,38.72071],[-9.18581,38.72026],[-9.18587,38.71963],[-9.18557,38.71909],[-9.18538,38.719],[-9.18557,38.71886],[-9.18589,38.71837],[-9.1862,38.71797],[-9.18683,38.71797],[-9.18746,38.71784],[-9.18752,38.71774],[-9.18755,38.71711],[-9.18746,38.71705],[-9.18683,38.717],[-9.1862,38.717],[-9.18557,38.71696],[-9.18532,38.71711],[-9.18494,38.71764],[-9.18431,38.71745],[-9.18368,38.71745],[-9.1831,38.71774],[-9.18304,38.71783],[-9.1826,38.71837],[-9.18304,38.71862],[-9.18346,38.719],[-9.18322,38.71963],[-9.18304,38.71997],[-9.18263,38.71963],[-9.18265,38.719],[-9.18241,38.71857],[-9.1821,38.71837],[-9.18221,38.71774],[-9.18208,38.71711],[-9.18241,38.71683],[-9.18304,38.71668],[-9.18368,38.7166],[-9.18431,38.7166],[-9.18452,38.71648],[-9.18466,38.71584],[-9.18465,38.71521],[-9.18431,38.71478],[-9.18368,38.71478],[-9.18336,38.71458],[-9.18304,38.71415],[-9.18294,38.71395],[-9.18304,38.71376],[-9.18321,38.71332],[-9.18319,38.71269],[-9.18304,38.71223],[-9.18264,38.71269],[-9.18241,38.71301],[-9.18218,38.71269],[-9.18178,38.71236],[-9.18118,38.71269],[-9.18115,38.71271],[-9.18052,38.71271],[-9.1805,38.71269],[-9.18013,38.71206],[-9.17989,38.71186],[-9.17963,38.71206],[-9.17926,38.71244],[-9.17891,38.71206],[-9.17863,38.71162],[-9.178,38.71162],[-9.17785,38.71143],[-9.178,38.71122],[-9.17863,38.71108],[-9.17882,38.7108],[-9.17863,38.71045],[-9.17827,38.71017],[-9.178,38.70998],[-9.17737,38.70955],[-9.17732,38.70954],[-9.17737,38.70953],[-9.178,38.70929],[-9.17863,38.70926],[-9.17926,38.70912],[-9.17952,38.70891],[-9.17926,38.70854],[-9.17863,38.70855],[-9.178,38.70855],[-9.17777,38.70828],[-9.178,38.70803],[-9.17863,38.70803],[-9.17926,38.70814],[-9.17967,38.70828],[-9.17989,38.70841],[-9.18052,38.70877],[-9.18115,38.70877],[-9.18131,38.70828],[-9.18115,38.70819],[-9.18052,38.70819],[-9.17989,38.70814],[-9.17967,38.70765],[-9.17968,38.70701],[-9.17989,38.70649],[-9.17998,38.70638],[-9.18022,38.70575],[-9.18033,38.70512],[-9.18052,38.70483],[-9.18115,38.70483],[-9.18171,38.70512],[-9.18178,38.70536],[-9.18241,38.70541],[-9.18304,38.70541],[-9.18338,38.70512],[-9.18304,38.70489],[-9.18249,38.70449],[-9.18304,38.70422],[-9.18368,38.70415],[-9.18431,38.70415],[-9.1846,38.70386],[-9.18457,38.70323],[-9.18494,38.70279],[-9.18519,38.7026],[-9.18494,38.70245],[-9.18462,38.70197],[-9.18455,38.70134],[-9.1848,38.70071],[-9.18494,38.70067],[-9.18499,38.70071],[-9.18557,38.70114],[-9.1862,38.701],[-9.18675,38.70134],[-9.1862,38.70178],[-9.18557,38.70151],[-9.18525,38.70197],[-9.18557,38.7024],[-9.1862,38.70216],[-9.18672,38.7026],[-9.18683,38.70323],[-9.18746,38.70323],[-9.18809,38.70295],[-9.18856,38.70323],[-9.18872,38.70342],[-9.189,38.70386],[-9.18935,38.70403],[-9.18998,38.70403],[-9.19044,38.70386],[-9.19061,38.70381],[-9.19103,38.70386],[-9.19124,38.70389],[-9.19133,38.70386],[-9.19177,38.70323],[-9.19187,38.7031],[-9.19251,38.70318],[-9.19314,38.70318],[-9.19347,38.7026],[-9.19314,38.70202],[-9.19251,38.70202],[-9.19245,38.70197],[-9.19251,38.70195],[-9.19314,38.70195],[-9.19377,38.70175],[-9.1944,38.70176],[-9.19503,38.70181],[-9.19566,38.70181],[-9.19629,38.70197],[-9.19566,38.70204],[-9.19503,38.70204],[-9.19463,38.7026],[-9.1944,38.70308],[-9.19419,38.70323],[-9.19405,38.70386],[-9.1944,38.7041],[-9.19503,38.70427],[-9.19566,38.70427],[-9.19629,38.70413],[-9.19692,38.70414],[-9.19735,38.70449],[-9.19692,38.70488],[-9.1967,38.70512],[-9.19692,38.70547],[-9.19753,38.70512],[-9.19755,38.70509],[-9.19756,38.70512],[-9.19755,38.70575],[-9.19719,38.70638],[-9.19755,38.70666],[-9.19789,38.70701],[-9.19777,38.70765],[-9.1976,38.70828],[-9.19767,38.70891],[-9.19755,38.70896],[-9.19692,38.70907],[-9.19658,38.70891],[-9.19692,38.70855],[-9.19733,38.70828],[-9.19692,38.70814],[-9.19629,38.70776],[-9.19603,38.70828],[-9.19566,38.70853],[-9.19503,38.70853],[-9.19453,38.70828],[-9.1944,38.7082],[-9.19377,38.70816],[-9.19357,38.70828],[-9.19377,38.7085],[-9.1944,38.70844],[-9.19461,38.70891],[-9.19461,38.70954],[-9.1944,38.70968],[-9.19377,38.70973],[-9.19325,38.71017],[-9.19314,38.71035],[-9.19251,38.71054],[-9.19192,38.71017],[-9.19229,38.70954],[-9.1924,38.70891],[-9.19216,38.70828],[-9.19187,38.70803],[-9.19175,38.70828],[-9.19156,38.70891],[-9.19124,38.70933],[-9.19093,38.70954],[-9.19124,38.7097],[-9.19186,38.71017],[-9.19144,38.7108],[-9.19187,38.71117],[-9.19251,38.71102],[-9.19314,38.71121],[-9.19346,38.71143],[-9.19321,38.71206],[-9.19314,38.7121],[-9.19251,38.7121],[-9.19187,38.71242],[-9.1917,38.71269],[-9.19187,38.71295],[-9.19244,38.71332],[-9.19214,38.71395],[-9.19251,38.71431],[-9.19314,38.71431],[-9.19377,38.71439],[-9.19415,38.71395],[-9.1943,38.71332],[-9.1944,38.71297],[-9.19446,38.71332],[-9.19457,38.71395],[-9.19503,38.71447],[-9.19566,38.71447],[-9.19594,38.71458],[-9.19566,38.71492],[-9.19503,38.71492],[-9.19473,38.71521],[-9.19487,38.71584],[-9.19503,38.71603],[-9.19566,38.71603],[-9.19597,38.71584],[-9.19629,38.71575],[-9.19656,38.71521],[-9.19692,38.7149],[-9.19719,38.71521],[-9.19692,38.71577],[-9.1966,38.71584],[-9.19692,38.71594],[-9.19755,38.71608],[-9.19781,38.71648],[-9.19755,38.71679],[-9.19739,38.71711],[-9.19755,38.71721],[-9.19801,38.71774],[-9.19818,38.71805],[-9.19881,38.71805],[-9.19895,38.71774],[-9.19898,38.71711],[-9.19944,38.71688],[-9.20007,38.71678],[-9.2007,38.71674],[-9.20134,38.71674],[-9.20172,38.71648],[-9.2017,38.71584],[-9.20134,38.71557],[-9.2007,38.71557],[-9.20039,38.71584],[-9.20007,38.71612],[-9.19944,38.71588],[-9.19921,38.71584],[-9.19944,38.71561],[-9.19956,38.71521],[-9.19963,38.71458],[-9.20007,38.71416],[-9.20022,38.71395],[-9.20007,38.71376],[-9.19944,38.71381],[-9.19916,38.71395],[-9.19913,38.71458],[-9.19881,38.71485],[-9.19818,38.71485],[-9.19755,38.71479],[-9.1973,38.71458],[-9.19755,38.71406],[-9.19769,38.71395],[-9.19774,38.71332],[-9.19755,38.71301],[-9.19739,38.71269],[-9.19755,38.71266],[-9.19789,38.71206],[-9.1978,38.71143],[-9.19818,38.71107],[-9.1984,38.7108],[-9.19881,38.71032],[-9.19895,38.71017],[-9.19944,38.7098],[-9.20007,38.70969],[-9.2007,38.71008],[-9.201,38.71017],[-9.2007,38.71075],[-9.20068,38.7108],[-9.20023,38.71143],[-9.20007,38.71145],[-9.19944,38.71199],[-9.19938,38.71206],[-9.19896,38.71269],[-9.19944,38.71296],[-9.19977,38.71269],[-9.20007,38.7124],[-9.2006,38.71206],[-9.2007,38.71167],[-9.20134,38.71167],[-9.20147,38.71143],[-9.20197,38.71116],[-9.20223,38.71143],[-9.2026,38.71186],[-9.20278,38.71206],[-9.2026,38.71231],[-9.20197,38.71245],[-9.20181,38.71269],[-9.2019,38.71332],[-9.20197,38.71344],[-9.20228,38.71395],[-9.20239,38.71458],[-9.2026,38.71475],[-9.20285,38.71458],[-9.20282,38.71395],[-9.2028,38.71332],[-9.20323,38.71288],[-9.20342,38.71269],[-9.20386,38.71228],[-9.20449,38.71228],[-9.20512,38.71244],[-9.20549,38.71269],[-9.20512,38.71291],[-9.20456,38.71332],[-9.20449,38.71339],[-9.20386,38.71339],[-9.20361,38.71395],[-9.20386,38.71437],[-9.20449,38.71437],[-9.20482,38.71395],[-9.20512,38.71365],[-9.20575,38.71394],[-9.20583,38.71395],[-9.20638,38.71423],[-9.20701,38.71443],[-9.20764,38.71443],[-9.20781,38.71458],[-9.20764,38.71506],[-9.20701,38.71506],[-9.20693,38.71521],[-9.20638,38.71545],[-9.20575,38.71581],[-9.20521,38.71521],[-9.20512,38.71514],[-9.20449,38.71486],[-9.20386,38.71486],[-9.20323,38.71495],[-9.20305,38.71521],[-9.2026,38.71572],[-9.20235,38.71584],[-9.20209,38.71648],[-9.2026,38.71691],[-9.2031,38.71648],[-9.20323,38.71623],[-9.20352,38.71584],[-9.20386,38.71557],[-9.20449,38.71557],[-9.205,38.71584],[-9.20512,38.71588],[-9.20546,38.71648],[-9.20575,38.71696],[-9.20609,38.71711],[-9.20575,38.7173],[-9.20548,38.71774],[-9.20575,38.71817],[-9.20598,38.71837],[-9.20575,38.71871],[-9.2055,38.719],[-9.20575,38.7192],[-9.20635,38.71963],[-9.20638,38.71969],[-9.20654,38.71963],[-9.20701,38.71958],[-9.20725,38.71963],[-9.20725,38.72026],[-9.20701,38.72038],[-9.20686,38.72089],[-9.20657,38.72152],[-9.20638,38.72167],[-9.20604,38.72215],[-9.20638,38.72259],[-9.20679,38.72278],[-9.20638,38.7233],[-9.20634,38.72341],[-9.20575,38.72391],[-9.20523,38.72341],[-9.20538,38.72278],[-9.20538,38.72215],[-9.20512,38.72179],[-9.20488,38.72215],[-9.20449,38.72247],[-9.20386,38.72247],[-9.20353,38.72278],[-9.20323,38.72331],[-9.2026,38.72331],[-9.20197,38.7232],[-9.20162,38.72278],[-9.20134,38.72253],[-9.2007,38.72253],[-9.20019,38.72215],[-9.20007,38.72207],[-9.19944,38.72187],[-9.19923,38.72215],[-9.19944,38.72243],[-9.19993,38.72278],[-9.20007,38.72312],[-9.20022,38.72341],[-9.2007,38.72374],[-9.20134,38.72374],[-9.20197,38.72356],[-9.2026,38.72364],[-9.2028,38.72404],[-9.2026,38.72429],[-9.20197,38.72446],[-9.2018,38.72468],[-9.20197,38.72513],[-9.2026,38.72493],[-9.20323,38.72482],[-9.2035,38.72531],[-9.20323,38.72564],[-9.203,38.72594],[-9.20296,38.72657],[-9.2026,38.72713],[-9.20236,38.7272],[-9.2026,38.72723],[-9.20323,38.72739],[-9.2035,38.7272],[-9.20386,38.727],[-9.20449,38.727],[-9.20472,38.7272],[-9.20512,38.72765],[-9.20572,38.72783],[-9.20575,38.72791],[-9.20638,38.7279],[-9.20701,38.7279],[-9.20764,38.72784],[-9.20766,38.72783],[-9.20819,38.7272],[-9.20827,38.72711],[-9.20839,38.7272],[-9.2089,38.72741],[-9.20903,38.72741],[-9.20973,38.72955],[-9.20953,38.72955],[-9.20927,38.72909],[-9.20918,38.72846],[-9.2089,38.72816],[-9.20859,38.72846],[-9.20827,38.72867],[-9.20794,38.72909],[-9.20797,38.72972],[-9.20764,38.73011],[-9.20711,38.73035],[-9.20701,38.73044],[-9.20638,38.73044],[-9.20598,38.73098],[-9.20575,38.73123],[-9.20512,38.73111],[-9.20485,38.73161],[-9.20499,38.73224],[-9.20512,38.73256],[-9.20517,38.73287],[-9.20512,38.73299],[-9.20449,38.73342],[-9.20386,38.73342],[-9.20377,38.73351],[-9.20386,38.73357],[-9.20449,38.73357],[-9.20498,38.73414],[-9.2049,38.73477],[-9.20467,38.7354],[-9.20478,38.73603],[-9.20483,38.73666],[-9.20485,38.73729],[-9.20449,38.73774],[-9.20386,38.73774],[-9.20325,38.73729],[-9.20323,38.73728],[-9.2026,38.73726],[-9.20258,38.73729],[-9.2026,38.73733],[-9.20285,38.73792],[-9.2026,38.73807],[-9.20198,38.73855],[-9.20201,38.73918],[-9.20197,38.73921],[-9.20195,38.73918],[-9.20194,38.73855],[-9.20134,38.73834],[-9.2007,38.73834],[-9.20048,38.73855],[-9.20039,38.73918],[-9.20035,38.73981],[-9.20007,38.74006],[-9.19977,38.74044],[-9.19947,38.74107],[-9.19944,38.74115],[-9.19941,38.74107],[-9.19881,38.74054],[-9.19818,38.74073],[-9.19755,38.74073],[-9.19745,38.74107],[-9.19692,38.74164],[-9.19629,38.74121],[-9.19624,38.74107],[-9.19566,38.74064],[-9.19503,38.74064],[-9.1944,38.74064],[-9.19377,38.74067],[-9.19314,38.74105],[-9.19311,38.74107],[-9.19314,38.74112],[-9.19377,38.74162],[-9.19408,38.7417],[-9.1944,38.74182],[-9.19503,38.74199],[-9.19566,38.74199],[-9.19604,38.74234],[-9.19566,38.74249],[-9.19503,38.74249],[-9.1944,38.74245],[-9.19402,38.74234],[-9.19377,38.74186],[-9.19314,38.74216],[-9.19262,38.7417],[-9.19251,38.74163],[-9.19187,38.74163],[-9.19154,38.74107],[-9.19124,38.74053],[-9.1907,38.74107],[-9.19061,38.74126],[-9.19042,38.74107],[-9.18998,38.74089],[-9.18935,38.74089],[-9.18929,38.74107],[-9.18872,38.74146],[-9.18819,38.74107],[-9.18872,38.74053],[-9.18897,38.74044],[-9.18872,38.74001],[-9.18809,38.74024],[-9.18799,38.74044],[-9.18746,38.74086],[-9.18699,38.74044]],[[-9.19566,38.73455],[-9.19503,38.73455],[-9.1944,38.73431],[-9.19391,38.73414],[-9.1944,38.73399],[-9.19503,38.73379],[-9.19566,38.73379],[-9.19629,38.73361],[-9.19647,38.73351],[-9.19629,38.73339],[-9.19571,38.73287],[-9.19572,38.73224],[-9.19629,38.7319],[-9.19665,38.73161],[-9.19629,38.73138],[-9.19566,38.73118],[-9.19503,38.73118],[-9.1944,38.73135],[-9.1942,38.73098],[-9.19412,38.73035],[-9.1944,38.72974],[-9.19503,38.73023],[-9.19566,38.73023],[-9.19629,38.73013],[-9.19673,38.73035],[-9.19685,38.73098],[-9.19692,38.73113],[-9.19726,38.73161],[-9.19755,38.73198],[-9.19814,38.73161],[-9.19767,38.73098],[-9.19818,38.73087],[-9.19881,38.73087],[-9.19944,38.73082],[-9.19968,38.73035],[-9.20007,38.73013],[-9.2007,38.73014],[-9.20134,38.73014],[-9.20173,38.72972],[-9.20134,38.7291],[-9.2007,38.7291],[-9.20039,38.72909],[-9.20026,38.72846],[-9.20037,38.72783],[-9.20007,38.7276],[-9.19972,38.7272],[-9.19944,38.72689],[-9.19891,38.7272],[-9.19881,38.72729],[-9.19818,38.72729],[-9.19755,38.72752],[-9.19718,38.7272],[-9.19692,38.72675],[-9.19671,38.72657],[-9.19692,38.72636],[-9.19728,38.72657],[-9.19755,38.72668],[-9.19767,38.72657],[-9.19755,38.72629],[-9.19734,38.72594],[-9.19717,38.72531],[-9.19692,38.72516],[-9.19631,38.72531],[-9.19656,38.72594],[-9.19629,38.72621],[-9.19566,38.72633],[-9.19503,38.72633],[-9.19483,38.72594],[-9.19503,38.72571],[-9.19566,38.72571],[-9.19627,38.72531],[-9.19566,38.72502],[-9.19503,38.72502],[-9.19442,38.72468],[-9.19468,38.72404],[-9.1944,38.72379],[-9.19399,38.72404],[-9.19377,38.72425],[-9.19347,38.72468],[-9.19314,38.72506],[-9.19284,38.72468],[-9.19251,38.72422],[-9.19187,38.72422],[-9.19124,38.72417],[-9.19102,38.72404],[-9.19124,38.72393],[-9.1917,38.72341],[-9.19153,38.72278],[-9.19124,38.7225],[-9.19104,38.72215],[-9.19061,38.72157],[-9.19022,38.72152],[-9.18998,38.72145],[-9.18935,38.72145],[-9.18922,38.72152],[-9.18872,38.72168],[-9.18857,38.72152],[-9.18809,38.72126],[-9.18772,38.72152],[-9.18809,38.72202],[-9.18823,38.72215],[-9.18872,38.72265],[-9.18913,38.72278],[-9.18935,38.7229],[-9.18998,38.7229],[-9.19025,38.72278],[-9.19061,38.72272],[-9.19075,38.72278],[-9.19078,38.72341],[-9.19061,38.72372],[-9.18998,38.7237],[-9.18935,38.7237],[-9.18915,38.72404],[-9.18872,38.72466],[-9.18871,38.72468],[-9.18809,38.72506],[-9.18773,38.72531],[-9.1876,38.72594],[-9.18773,38.72657],[-9.18809,38.72677],[-9.18872,38.72682],[-9.18917,38.7272],[-9.18884,38.72783],[-9.1888,38.72846],[-9.18878,38.72909],[-9.18872,38.72929],[-9.18852,38.72972],[-9.18809,38.72991],[-9.18767,38.72972],[-9.1875,38.72909],[-9.18809,38.72866],[-9.18846,38.72846],[-9.18809,38.72818],[-9.18746,38.72802],[-9.18693,38.72846],[-9.18683,38.7286],[-9.1862,38.7286],[-9.18557,38.72907],[-9.18554,38.72909],[-9.18557,38.72912],[-9.18586,38.72972],[-9.18557,38.72999],[-9.18528,38.73035],[-9.18557,38.73058],[-9.1862,38.73082],[-9.18683,38.73082],[-9.18691,38.73098],[-9.18683,38.73111],[-9.1862,38.73111],[-9.18557,38.73136],[-9.18509,38.73098],[-9.18494,38.73078],[-9.18431,38.73056],[-9.18388,38.73035],[-9.18368,38.72998],[-9.18304,38.72991],[-9.18294,38.73035],[-9.18304,38.7309],[-9.18368,38.7309],[-9.18369,38.73098],[-9.18368,38.73104],[-9.18304,38.73104],[-9.18241,38.73111],[-9.18217,38.73161],[-9.18236,38.73224],[-9.18241,38.73234],[-9.18255,38.73224],[-9.18304,38.73193],[-9.18368,38.73193],[-9.18431,38.73187],[-9.18491,38.73224],[-9.18494,38.7324],[-9.18497,38.73287],[-9.18494,38.73291],[-9.18431,38.73291],[-9.18408,38.73287],[-9.18368,38.73259],[-9.18304,38.73259],[-9.18283,38.73287],[-9.18304,38.73313],[-9.18368,38.73313],[-9.18376,38.73351],[-9.18368,38.73409],[-9.18304,38.73409],[-9.18289,38.73414],[-9.18304,38.73415],[-9.18368,38.73415],[-9.18431,38.73427],[-9.18458,38.73477],[-9.18451,38.7354],[-9.18494,38.73568],[-9.18555,38.73603],[-9.18557,38.73606],[-9.18572,38.73666],[-9.1862,38.737],[-9.18683,38.737],[-9.18733,38.73729],[-9.18734,38.73792],[-9.18746,38.73809],[-9.18789,38.73792],[-9.18809,38.73788],[-9.18829,38.73792],[-9.18853,38.73855],[-9.18872,38.73887],[-9.18888,38.73918],[-9.18935,38.73951],[-9.18998,38.73951],[-9.1906,38.73918],[-9.19061,38.73917],[-9.19124,38.73894],[-9.19135,38.73918],[-9.19187,38.73973],[-9.19251,38.73973],[-9.19303,38.73918],[-9.19303,38.73855],[-9.19314,38.73824],[-9.19327,38.73792],[-9.19357,38.73729],[-9.19314,38.73675],[-9.19302,38.73666],[-9.19314,38.73661],[-9.19377,38.73626],[-9.19428,38.73603],[-9.1944,38.73592],[-9.19447,38.73603],[-9.1944,38.73655],[-9.19438,38.73666],[-9.1944,38.73669],[-9.1945,38.73666],[-9.19503,38.73658],[-9.19566,38.73658],[-9.19615,38.73603],[-9.196,38.7354],[-9.19629,38.7351],[-9.19692,38.73499],[-9.19724,38.73477],[-9.19692,38.73447],[-9.19629,38.73452],[-9.19566,38.73455]],[[-9.18872,38.74092],[-9.18857,38.74107],[-9.18872,38.74118],[-9.18888,38.74107],[-9.18872,38.74092]],[[-9.1859,38.73981],[-9.1862,38.74005],[-9.18683,38.74005],[-9.18739,38.73981],[-9.18683,38.7392],[-9.1862,38.7392],[-9.18616,38.73918],[-9.18557,38.73888],[-9.18502,38.73855],[-9.18494,38.73853],[-9.18483,38.73855],[-9.18483,38.73918],[-9.18494,38.73932],[-9.18557,38.73935],[-9.1859,38.73981]],[[-9.18431,38.73651],[-9.18371,38.73666],[-9.18431,38.73687],[-9.1844,38.73666],[-9.18431,38.73651]],[[-9.18368,38.73699],[-9.18304,38.73699],[-9.18282,38.73729],[-9.18304,38.73761],[-9.18368,38.73761],[-9.18413,38.73729],[-9.18368,38.73699]],[[-9.18241,38.73473],[-9.18238,38.73477],[-9.18241,38.73485],[-9.18251,38.73477],[-9.18241,38.73473]],[[-9.18115,38.73326],[-9.18052,38.73326],[-9.1803,38.73351],[-9.18052,38.73375],[-9.18115,38.73375],[-9.18132,38.73351],[-9.18115,38.73326]],[[-9.17926,38.72719],[-9.17925,38.7272],[-9.17926,38.72721],[-9.17928,38.7272],[-9.17926,38.72719]],[[-9.18683,38.71572],[-9.1862,38.71572],[-9.18611,38.71584],[-9.1862,38.71592],[-9.18683,38.71592],[-9.1869,38.71584],[-9.18683,38.71572]],[[-9.18431,38.71224],[-9.18368,38.71224],[-9.18358,38.71269],[-9.18368,38.71295],[-9.18431,38.71295],[-9.1845,38.71269],[-9.18431,38.71224]],[[-9.18304,38.71124],[-9.18293,38.71143],[-9.18304,38.71184],[-9.18332,38.71143],[-9.18304,38.71124]],[[-9.18254,38.7108],[-9.18241,38.71027],[-9.18219,38.7108],[-9.18201,38.71143],[-9.18241,38.7116],[-9.18249,38.71143],[-9.18254,38.7108]],[[-9.18368,38.70962],[-9.18431,38.70962],[-9.18494,38.70966],[-9.18505,38.70954],[-9.18494,38.70944],[-9.18431,38.70929],[-9.18368,38.70929],[-9.18304,38.70917],[-9.18241,38.70919],[-9.18206,38.70891],[-9.18178,38.70861],[-9.18163,38.70891],[-9.18115,38.70927],[-9.18052,38.70927],[-9.18,38.70954],[-9.18052,38.71012],[-9.18115,38.71012],[-9.18147,38.71017],[-9.18178,38.71033],[-9.18226,38.71017],[-9.18241,38.71014],[-9.18304,38.71008],[-9.18368,38.70962]],[[-9.17989,38.71121],[-9.17958,38.71143],[-9.17989,38.71152],[-9.18007,38.71143],[-9.17989,38.71121]],[[-9.18137,38.70701],[-9.18115,38.70652],[-9.18052,38.70652],[-9.18019,38.70701],[-9.18019,38.70765],[-9.18052,38.7078],[-9.18115,38.7078],[-9.18147,38.70765],[-9.18137,38.70701]],[[-9.19597,38.70575],[-9.19566,38.70547],[-9.19503,38.70547],[-9.19467,38.70512],[-9.1944,38.70479],[-9.19432,38.70512],[-9.19426,38.70575],[-9.1944,38.70587],[-9.19494,38.70638],[-9.19503,38.70649],[-9.19566,38.70649],[-9.19572,38.70638],[-9.19597,38.70575]],[[-9.19382,38.70449],[-9.19377,38.70439],[-9.19314,38.70433],[-9.19251,38.70433],[-9.19187,38.70412],[-9.19168,38.70449],[-9.19187,38.70484],[-9.19251,38.70473],[-9.19314,38.70473],[-9.19341,38.70512],[-9.19377,38.7054],[-9.19392,38.70512],[-9.19382,38.70449]],[[-9.19124,38.70803],[-9.19105,38.70828],[-9.19124,38.70847],[-9.19134,38.70828],[-9.19124,38.70803]],[[-9.20512,38.71646],[-9.20511,38.71648],[-9.20512,38.71653],[-9.20513,38.71648],[-9.20512,38.71646]],[[-9.20449,38.71874],[-9.20386,38.71874],[-9.20332,38.719],[-9.20386,38.71929],[-9.20449,38.71929],[-9.2049,38.719],[-9.20449,38.71874]],[[-9.20323,38.72189],[-9.20296,38.72215],[-9.20323,38.72226],[-9.20334,38.72215],[-9.20323,38.72189]],[[-9.2026,38.72235],[-9.20236,38.72278],[-9.2026,38.7229],[-9.20283,38.72278],[-9.2026,38.72235]],[[-9.20161,38.72089],[-9.20197,38.72035],[-9.20198,38.72026],[-9.20197,38.72024],[-9.20134,38.72023],[-9.2007,38.72023],[-9.20065,38.72026],[-9.20033,38.72089],[-9.20014,38.72152],[-9.2007,38.72188],[-9.20134,38.72188],[-9.20165,38.72152],[-9.20161,38.72089]],[[-9.20007,38.71943],[-9.19968,38.71963],[-9.20007,38.71989],[-9.20023,38.71963],[-9.20007,38.71943]],[[-9.2026,38.72527],[-9.20253,38.72531],[-9.2026,38.72583],[-9.20273,38.72531],[-9.2026,38.72527]],[[-9.20701,38.72841],[-9.20638,38.72841],[-9.20632,38.72846],[-9.20638,38.72856],[-9.20701,38.72856],[-9.20724,38.72846],[-9.20701,38.72841]],[[-9.20575,38.72955],[-9.20512,38.72941],[-9.20492,38.72972],[-9.20512,38.73004],[-9.20575,38.72992],[-9.20584,38.72972],[-9.20575,38.72955]],[[-9.20323,38.73663],[-9.20317,38.73666],[-9.20323,38.73669],[-9.2033,38.73666],[-9.20323,38.73663]],[[-9.19984,38.73666],[-9.20007,38.73671],[-9.20063,38.73729],[-9.2007,38.73735],[-9.20134,38.73735],[-9.20142,38.73729],[-9.20154,38.73666],[-9.20134,38.73642],[-9.2007,38.73642],[-9.20007,38.73652],[-9.19984,38.73666]],[[-9.19944,38.73732],[-9.19884,38.73792],[-9.19944,38.7381],[-9.19976,38.73792],[-9.19944,38.73732]],[[-9.19881,38.73534],[-9.19874,38.7354],[-9.19881,38.73559],[-9.19886,38.7354],[-9.19881,38.73534]],[[-9.19692,38.74101],[-9.1968,38.74107],[-9.19692,38.74118],[-9.19702,38.74107],[-9.19692,38.74101]],[[-9.19377,38.73946],[-9.19353,38.73981],[-9.19377,38.7401],[-9.194,38.73981],[-9.19377,38.73946]],[[-9.19692,38.732],[-9.19674,38.73224],[-9.19692,38.7324],[-9.19724,38.73224],[-9.19692,38.732]],[[-9.19566,38.73406],[-9.19503,38.73406],[-9.19483,38.73414],[-9.19503,38.73423],[-9.19566,38.73423],[-9.19597,38.73414],[-9.19566,38.73406]],[[-9.20134,38.72713],[-9.2007,38.72713],[-9.20007,38.72702],[-9.20001,38.7272],[-9.20007,38.72727],[-9.2007,38.7274],[-9.20134,38.7274],[-9.20165,38.7272],[-9.20134,38.72713]],[[-9.19881,38.72649],[-9.19818,38.72649],[-9.19814,38.72657],[-9.19818,38.72664],[-9.19881,38.72664],[-9.19934,38.72657],[-9.19881,38.72649]],[[-9.19755,38.72712],[-9.19749,38.7272],[-9.19755,38.72725],[-9.19766,38.7272],[-9.19755,38.72712]],[[-9.19629,38.72394],[-9.19621,38.72404],[-9.19629,38.7246],[-9.19634,38.72404],[-9.19629,38.72394]],[[-9.1944,38.72286],[-9.19427,38.72341],[-9.1944,38.72346],[-9.19444,38.72341],[-9.1944,38.72286]],[[-9.19377,38.72155],[-9.19314,38.72178],[-9.19255,38.72215],[-9.19314,38.72271],[-9.19377,38.72254],[-9.19405,38.72215],[-9.19377,38.72155]],[[-9.19314,38.72399],[-9.19311,38.72404],[-9.19314,38.72406],[-9.19316,38.72404],[-9.19314,38.72399]],[[-9.19251,38.71618],[-9.19187,38.71628],[-9.19161,38.71648],[-9.19163,38.71711],[-9.19187,38.71751],[-9.19214,38.71711],[-9.19251,38.71672],[-9.19314,38.71672],[-9.19331,38.71648],[-9.19314,38.71618],[-9.19251,38.71618]],[[-9.19127,38.72026],[-9.19124,38.72023],[-9.19122,38.72026],[-9.19115,38.72089],[-9.19124,38.72121],[-9.19134,38.72089],[-9.19127,38.72026]],[[-9.18935,38.72006],[-9.18998,38.72006],[-9.19061,38.71975],[-9.19076,38.71963],[-9.19061,38.71935],[-9.18998,38.71939],[-9.18935,38.71939],[-9.18899,38.71963],[-9.18872,38.72014],[-9.18867,38.72026],[-9.18872,38.72033],[-9.1889,38.72026],[-9.18935,38.72006]],[[-9.18809,38.72],[-9.18785,38.72026],[-9.18809,38.72085],[-9.18821,38.72026],[-9.18809,38.72]],[[-9.18872,38.72368],[-9.18835,38.72404],[-9.18872,38.72412],[-9.18877,38.72404],[-9.18872,38.72368]],[[-9.18765,38.72341],[-9.18746,38.72339],[-9.18683,38.72339],[-9.1862,38.72339],[-9.18557,38.72337],[-9.18494,38.72331],[-9.18467,38.72341],[-9.18494,38.72364],[-9.18557,38.72347],[-9.1862,38.72344],[-9.18683,38.72344],[-9.18737,38.72404],[-9.18683,38.72467],[-9.1862,38.72467],[-9.18617,38.72468],[-9.1862,38.72469],[-9.18683,38.72469],[-9.18746,38.7247],[-9.18809,38.72468],[-9.1881,38.72468],[-9.18809,38.72457],[-9.18791,38.72404],[-9.18765,38.72341]],[[-9.18746,38.72688],[-9.1873,38.7272],[-9.18746,38.72744],[-9.18762,38.7272],[-9.18746,38.72688]],[[-9.18683,38.7259],[-9.1862,38.7259],[-9.18618,38.72594],[-9.1862,38.72596],[-9.18683,38.72596],[-9.18687,38.72594],[-9.18683,38.7259]],[[-9.18557,38.72521],[-9.1855,38.72531],[-9.18557,38.72539],[-9.18572,38.72531],[-9.18557,38.72521]],[[-9.18557,38.73095],[-9.18552,38.73098],[-9.18557,38.73102],[-9.18564,38.73098],[-9.18557,38.73095]],[[-9.18115,38.72939],[-9.18052,38.72939],[-9.18007,38.72972],[-9.18052,38.72982],[-9.18115,38.72982],[-9.18178,38.72977],[-9.18241,38.72984],[-9.18289,38.72972],[-9.18266,38.72909],[-9.18304,38.72891],[-9.18345,38.72846],[-9.18304,38.72828],[-9.18241,38.72844],[-9.18239,38.72846],[-9.18232,38.72909],[-9.18178,38.72968],[-9.18115,38.72939]],[[-9.1862,38.73745],[-9.18683,38.73745],[-9.18684,38.73729],[-9.18683,38.73728],[-9.1862,38.73728],[-9.18557,38.7369],[-9.18494,38.73726],[-9.18485,38.73729],[-9.18444,38.73792],[-9.18494,38.73819],[-9.18557,38.73825],[-9.18615,38.73792],[-9.1862,38.73745]],[[-9.18431,38.73594],[-9.18426,38.73603],[-9.18431,38.73606],[-9.18434,38.73603],[-9.18431,38.73594]],[[-9.18241,38.73327],[-9.18217,38.73351],[-9.18241,38.73369],[-9.18263,38.73351],[-9.18241,38.73327]],[[-9.18115,38.73011],[-9.18052,38.73011],[-9.17998,38.73035],[-9.18052,38.73065],[-9.18115,38.73065],[-9.18161,38.73035],[-9.18115,38.73011]],[[-9.18683,38.71433],[-9.1862,38.71433],[-9.18586,38.71458],[-9.1862,38.71491],[-9.18683,38.71491],[-9.18737,38.71458],[-9.18683,38.71433]],[[-9.18304,38.70776],[-9.18244,38.70828],[-9.18304,38.70861],[-9.1836,38.70828],[-9.18304,38.70776]],[[-9.17989,38.71006],[-9.17979,38.71017],[-9.17989,38.71034],[-9.17999,38.71017],[-9.17989,38.71006]],[[-9.19124,38.7068],[-9.19064,38.70701],[-9.19124,38.70725],[-9.19145,38.70701],[-9.19124,38.7068]],[[-9.20449,38.7175],[-9.20386,38.7175],[-9.20363,38.71774],[-9.20386,38.71819],[-9.20449,38.71819],[-9.20483,38.71774],[-9.20449,38.7175]],[[-9.2007,38.71975],[-9.20134,38.71975],[-9.20197,38.71985],[-9.20224,38.72026],[-9.20244,38.72089],[-9.2026,38.72114],[-9.20323,38.72126],[-9.20359,38.72089],[-9.20385,38.72026],[-9.20323,38.71964],[-9.20321,38.71963],[-9.2026,38.71939],[-9.20197,38.71938],[-9.20134,38.71939],[-9.2007,38.71939],[-9.20061,38.71963],[-9.2007,38.71975]],[[-9.20339,38.7354],[-9.20323,38.73508],[-9.20307,38.7354],[-9.2026,38.7356],[-9.20228,38.7354],[-9.20197,38.7352],[-9.20183,38.7354],[-9.20193,38.73603],[-9.20197,38.73606],[-9.2026,38.73642],[-9.20323,38.73608],[-9.20342,38.73603],[-9.20339,38.7354]],[[-9.20134,38.73534],[-9.2007,38.73534],[-9.20007,38.73528],[-9.20001,38.7354],[-9.20007,38.73549],[-9.2007,38.7355],[-9.20134,38.7355],[-9.2014,38.7354],[-9.20134,38.73534]],[[-9.19944,38.73518],[-9.19932,38.7354],[-9.19944,38.73585],[-9.19956,38.7354],[-9.19944,38.73518]],[[-9.19881,38.7334],[-9.19818,38.7334],[-9.19806,38.73351],[-9.19818,38.7336],[-9.19881,38.7336],[-9.19891,38.73351],[-9.19881,38.7334]],[[-9.19566,38.73887],[-9.19503,38.73887],[-9.1944,38.73906],[-9.19421,38.73918],[-9.1944,38.73929],[-9.19503,38.73929],[-9.19566,38.73929],[-9.19605,38.73981],[-9.19629,38.73998],[-9.1965,38.74044],[-9.19692,38.74072],[-9.19745,38.74044],[-9.19692,38.73989],[-9.19664,38.73981],[-9.19641,38.73918],[-9.19641,38.73855],[-9.19629,38.73836],[-9.19597,38.73855],[-9.19566,38.73887]],[[-9.20134,38.72427],[-9.2007,38.72427],[-9.20056,38.72404],[-9.20007,38.7238],[-9.19986,38.72404],[-9.19944,38.72439],[-9.19922,38.72468],[-9.19944,38.72495],[-9.20007,38.72517],[-9.2007,38.72519],[-9.20134,38.72519],[-9.20143,38.72468],[-9.20134,38.72427]],[[-9.19666,38.72404],[-9.1966,38.72468],[-9.19692,38.72491],[-9.19755,38.72527],[-9.19787,38.72531],[-9.19818,38.72535],[-9.19881,38.72535],[-9.19929,38.72531],[-9.19892,38.72468],[-9.19881,38.72432],[-9.19818,38.72432],[-9.19755,38.72441],[-9.19715,38.72404],[-9.1972,38.72341],[-9.19692,38.72317],[-9.19645,38.72341],[-9.19666,38.72404]],[[-9.19377,38.71897],[-9.1937,38.719],[-9.19377,38.71906],[-9.1939,38.719],[-9.19377,38.71897]],[[-9.19314,38.71947],[-9.19251,38.71947],[-9.19235,38.71963],[-9.19251,38.71979],[-9.19314,38.71979],[-9.19329,38.71963],[-9.19314,38.71947]],[[-9.19187,38.71561],[-9.19178,38.71584],[-9.19187,38.71595],[-9.19217,38.71584],[-9.19187,38.71561]],[[-9.19124,38.71879],[-9.19083,38.719],[-9.19124,38.71927],[-9.19158,38.719],[-9.19124,38.71879]],[[-9.19061,38.7183],[-9.19059,38.71837],[-9.19061,38.71843],[-9.19063,38.71837],[-9.19061,38.7183]],[[-9.18998,38.71773],[-9.18935,38.71773],[-9.18931,38.71774],[-9.18935,38.71776],[-9.18998,38.71776],[-9.19005,38.71774],[-9.18998,38.71773]],[[-9.18835,38.7108],[-9.18857,38.71143],[-9.18829,38.71206],[-9.18809,38.71252],[-9.18746,38.7121],[-9.18743,38.71206],[-9.18739,38.71143],[-9.18746,38.71135],[-9.18776,38.7108],[-9.18746,38.71056],[-9.18683,38.71054],[-9.1862,38.71054],[-9.186,38.7108],[-9.18557,38.71139],[-9.18544,38.71143],[-9.18504,38.71206],[-9.18537,38.71269],[-9.18519,38.71332],[-9.18519,38.71395],[-9.18557,38.71418],[-9.18608,38.71395],[-9.18608,38.71332],[-9.1862,38.71316],[-9.18683,38.71316],[-9.18746,38.71322],[-9.18762,38.71332],[-9.18809,38.71356],[-9.18829,38.71395],[-9.18831,38.71458],[-9.18851,38.71521],[-9.18872,38.71557],[-9.18891,38.71584],[-9.18872,38.71614],[-9.18838,38.71648],[-9.18872,38.717],[-9.18908,38.71648],[-9.18935,38.71631],[-9.18998,38.71631],[-9.19061,38.71646],[-9.19124,38.71618],[-9.19151,38.71584],[-9.19165,38.71521],[-9.19124,38.71485],[-9.19074,38.71458],[-9.19061,38.7144],[-9.19043,38.71395],[-9.19043,38.71332],[-9.19059,38.71269],[-9.18998,38.71213],[-9.18935,38.71213],[-9.18929,38.71206],[-9.18935,38.71187],[-9.18998,38.71187],[-9.19061,38.71182],[-9.1907,38.71143],[-9.19063,38.7108],[-9.19061,38.71075],[-9.18998,38.7105],[-9.18935,38.7105],[-9.18872,38.71047],[-9.18835,38.7108]],[[-9.18809,38.71824],[-9.18789,38.71837],[-9.18809,38.71855],[-9.1882,38.71837],[-9.18809,38.71824]],[[-9.18746,38.72252],[-9.18683,38.72262],[-9.1862,38.72262],[-9.18578,38.72278],[-9.1862,38.72296],[-9.18683,38.72296],[-9.18746,38.72297],[-9.18789,38.72278],[-9.18746,38.72252]],[[-9.18557,38.72184],[-9.18533,38.72215],[-9.18557,38.72263],[-9.1858,38.72215],[-9.18557,38.72184]],[[-9.18494,38.72255],[-9.18473,38.72278],[-9.18494,38.72299],[-9.18541,38.72278],[-9.18494,38.72255]],[[-9.18683,38.72382],[-9.1862,38.72382],[-9.18582,38.72404],[-9.1862,38.72427],[-9.18683,38.72427],[-9.18703,38.72404],[-9.18683,38.72382]],[[-9.18368,38.72674],[-9.18328,38.7272],[-9.18304,38.72761],[-9.18275,38.72783],[-9.18304,38.72794],[-9.18338,38.72783],[-9.18368,38.72769],[-9.18431,38.72769],[-9.18475,38.7272],[-9.18431,38.72674],[-9.18368,38.72674]],[[-9.18241,38.72673],[-9.18232,38.7272],[-9.18241,38.72734],[-9.18263,38.7272],[-9.18241,38.72673]],[[-9.18178,38.72714],[-9.18155,38.7272],[-9.18178,38.72728],[-9.18181,38.7272],[-9.18178,38.72714]],[[-9.18115,38.72742],[-9.18052,38.72742],[-9.18026,38.72783],[-9.18052,38.72807],[-9.18115,38.72807],[-9.18135,38.72783],[-9.18115,38.72742]],[[-9.18494,38.73634],[-9.18467,38.73666],[-9.18494,38.73696],[-9.18539,38.73666],[-9.18494,38.73634]],[[-9.18304,38.70623],[-9.18292,38.70638],[-9.18304,38.7067],[-9.18315,38.70638],[-9.18304,38.70623]],[[-9.20449,38.71622],[-9.20386,38.71622],[-9.2035,38.71648],[-9.20386,38.71663],[-9.20449,38.71663],[-9.20458,38.71648],[-9.20449,38.71622]],[[-9.20323,38.71835],[-9.20321,38.71837],[-9.20323,38.71847],[-9.20324,38.71837],[-9.20323,38.71835]],[[-9.2026,38.71756],[-9.20197,38.71752],[-9.20134,38.71742],[-9.2007,38.71742],[-9.20007,38.71753],[-9.19987,38.71774],[-9.20007,38.71802],[-9.2007,38.71799],[-9.20134,38.71799],[-9.20197,38.71787],[-9.2026,38.71782],[-9.2027,38.71774],[-9.2026,38.71756]],[[-9.20323,38.73249],[-9.20285,38.73287],[-9.2026,38.73304],[-9.20215,38.73351],[-9.20197,38.73395],[-9.20134,38.73386],[-9.2007,38.73386],[-9.20045,38.73414],[-9.20035,38.73477],[-9.2007,38.73496],[-9.20134,38.73496],[-9.20161,38.73477],[-9.20197,38.73425],[-9.20211,38.73414],[-9.2026,38.73391],[-9.20303,38.73351],[-9.20323,38.73322],[-9.20357,38.73287],[-9.20323,38.73249]],[[-9.20007,38.73301],[-9.19978,38.73351],[-9.20007,38.73374],[-9.20032,38.73351],[-9.20007,38.73301]],[[-9.19945,38.73224],[-9.19944,38.73223],[-9.19936,38.73224],[-9.19943,38.73287],[-9.19944,38.73289],[-9.19946,38.73287],[-9.19945,38.73224]],[[-9.19944,38.72276],[-9.19938,38.72278],[-9.19944,38.72282],[-9.19947,38.72278],[-9.19944,38.72276]],[[-9.19692,38.71931],[-9.19682,38.71963],[-9.19641,38.72026],[-9.19692,38.72054],[-9.1974,38.72089],[-9.19725,38.72152],[-9.197,38.72215],[-9.19692,38.72241],[-9.19651,38.72215],[-9.19629,38.72204],[-9.19566,38.72169],[-9.19503,38.72169],[-9.19466,38.72215],[-9.19495,38.72278],[-9.19474,38.72341],[-9.19503,38.72373],[-9.19566,38.72373],[-9.19601,38.72341],[-9.19593,38.72278],[-9.19629,38.72238],[-9.19655,38.72278],[-9.19692,38.72286],[-9.19755,38.72337],[-9.19757,38.72341],[-9.19755,38.72345],[-9.19745,38.72404],[-9.19755,38.72414],[-9.19775,38.72404],[-9.19818,38.72374],[-9.19881,38.72374],[-9.19911,38.72341],[-9.19881,38.72305],[-9.19818,38.72305],[-9.19775,38.72278],[-9.19818,38.72247],[-9.19881,38.72247],[-9.19896,38.72215],[-9.19944,38.72153],[-9.1996,38.72152],[-9.19951,38.72089],[-9.19944,38.72085],[-9.19943,38.72089],[-9.19881,38.7213],[-9.19818,38.7213],[-9.19776,38.72089],[-9.19818,38.7203],[-9.19881,38.7203],[-9.19893,38.72026],[-9.19881,38.72022],[-9.19818,38.72022],[-9.19761,38.71963],[-9.19755,38.71947],[-9.19692,38.71931]],[[-9.19377,38.7178],[-9.19362,38.71837],[-9.19377,38.71846],[-9.19433,38.71837],[-9.19377,38.7178]],[[-9.19124,38.71764],[-9.19093,38.71774],[-9.19124,38.71787],[-9.19146,38.71774],[-9.19124,38.71764]],[[-9.19061,38.7165],[-9.19043,38.71711],[-9.19061,38.71757],[-9.19083,38.71711],[-9.19061,38.7165]],[[-9.18998,38.71699],[-9.18935,38.71699],[-9.18925,38.71711],[-9.18935,38.7172],[-9.18998,38.7172],[-9.19005,38.71711],[-9.18998,38.71699]],[[-9.18683,38.70608],[-9.1862,38.70606],[-9.18575,38.70638],[-9.18597,38.70701],[-9.18597,38.70765],[-9.18557,38.70774],[-9.18525,38.70765],[-9.18525,38.70701],[-9.18494,38.70686],[-9.18473,38.70701],[-9.18473,38.70765],[-9.18436,38.70828],[-9.18494,38.70869],[-9.18557,38.70864],[-9.186,38.70891],[-9.1862,38.70924],[-9.18683,38.70924],[-9.18746,38.70894],[-9.18809,38.70927],[-9.18872,38.7095],[-9.18935,38.70931],[-9.18998,38.70931],[-9.19061,38.70892],[-9.19064,38.70891],[-9.19061,38.70888],[-9.18998,38.70839],[-9.18935,38.70839],[-9.18893,38.70828],[-9.18935,38.70819],[-9.18998,38.70819],[-9.1902,38.70765],[-9.19019,38.70701],[-9.18998,38.70647],[-9.18935,38.70647],[-9.18872,38.70647],[-9.18809,38.70664],[-9.18787,38.70701],[-9.18787,38.70765],[-9.18796,38.70828],[-9.18746,38.70883],[-9.18683,38.70859],[-9.1862,38.70859],[-9.18604,38.70828],[-9.1862,38.70779],[-9.18651,38.70765],[-9.18651,38.70701],[-9.18683,38.7069],[-9.1873,38.70638],[-9.18683,38.70608]],[[-9.18683,38.71002],[-9.1862,38.71002],[-9.18603,38.71017],[-9.1862,38.71024],[-9.18683,38.71024],[-9.1871,38.71017],[-9.18683,38.71002]],[[-9.18557,38.71042],[-9.18494,38.71045],[-9.18452,38.7108],[-9.18494,38.71124],[-9.18557,38.71108],[-9.18578,38.7108],[-9.18557,38.71042]],[[-9.18685,38.72152],[-9.18683,38.72151],[-9.1862,38.72151],[-9.18616,38.72152],[-9.18614,38.72215],[-9.1862,38.72222],[-9.18683,38.72222],[-9.18705,38.72215],[-9.18685,38.72152]],[[-9.18431,38.72495],[-9.18368,38.72495],[-9.18346,38.72531],[-9.18368,38.72562],[-9.18431,38.72562],[-9.18475,38.72531],[-9.18431,38.72495]],[[-9.20323,38.73106],[-9.20306,38.73161],[-9.20323,38.73199],[-9.20353,38.73161],[-9.20323,38.73106]],[[-9.2026,38.73136],[-9.20197,38.73129],[-9.20157,38.73161],[-9.20197,38.7319],[-9.2026,38.73177],[-9.2027,38.73161],[-9.2026,38.73136]],[[-9.20039,38.73287],[-9.2007,38.73297],[-9.20134,38.73297],[-9.20181,38.73287],[-9.20165,38.73224],[-9.20134,38.73218],[-9.2007,38.73218],[-9.20042,38.73161],[-9.20007,38.73135],[-9.19944,38.73153],[-9.19936,38.73161],[-9.19944,38.73169],[-9.20004,38.73224],[-9.20007,38.73256],[-9.20039,38.73287]],[[-9.19956,38.71837],[-9.19944,38.7182],[-9.19935,38.71837],[-9.19923,38.719],[-9.19944,38.71931],[-9.19958,38.719],[-9.19956,38.71837]],[[-9.19692,38.72081],[-9.1968,38.72089],[-9.19692,38.7211],[-9.19703,38.72089],[-9.19692,38.72081]],[[-9.19629,38.7206],[-9.19566,38.72059],[-9.19503,38.72059],[-9.1945,38.72026],[-9.1944,38.72016],[-9.19431,38.72026],[-9.19401,38.72089],[-9.1944,38.72116],[-9.19503,38.72134],[-9.19566,38.72134],[-9.19629,38.72109],[-9.19638,38.72089],[-9.19629,38.7206]],[[-9.19377,38.71601],[-9.19364,38.71648],[-9.19377,38.7169],[-9.19403,38.71648],[-9.19377,38.71601]],[[-9.19061,38.70489],[-9.18998,38.70488],[-9.18935,38.70488],[-9.18907,38.70512],[-9.18935,38.70538],[-9.18998,38.70538],[-9.19061,38.70532],[-9.19079,38.70512],[-9.19061,38.70489]],[[-9.18809,38.70486],[-9.18777,38.70512],[-9.18809,38.70542],[-9.18838,38.70512],[-9.18809,38.70486]],[[-9.18746,38.70543],[-9.18718,38.70575],[-9.18746,38.70596],[-9.18777,38.70575],[-9.18746,38.70543]],[[-9.18683,38.70502],[-9.1862,38.70502],[-9.18613,38.70512],[-9.1862,38.70523],[-9.18683,38.70523],[-9.18696,38.70512],[-9.18683,38.70502]],[[-9.18494,38.70569],[-9.18445,38.70575],[-9.18494,38.70588],[-9.18508,38.70575],[-9.18494,38.70569]],[[-9.18683,38.71953],[-9.1862,38.71953],[-9.18615,38.71963],[-9.1862,38.71981],[-9.18683,38.71981],[-9.18698,38.71963],[-9.18683,38.71953]],[[-9.20323,38.72897],[-9.20309,38.72909],[-9.20323,38.72941],[-9.2034,38.72909],[-9.20323,38.72897]],[[-9.2026,38.72968],[-9.20252,38.72972],[-9.2026,38.72977],[-9.20273,38.72972],[-9.2026,38.72968]],[[-9.19566,38.71894],[-9.19503,38.71894],[-9.19501,38.719],[-9.19503,38.71902],[-9.19566,38.71902],[-9.19569,38.719],[-9.19566,38.71894]],[[-9.18494,38.70498],[-9.18474,38.70512],[-9.18494,38.70522],[-9.18506,38.70512],[-9.18494,38.70498]],[[-9.18683,38.71898],[-9.1862,38.71898],[-9.18613,38.719],[-9.1862,38.71901],[-9.18683,38.71901],[-9.18685,38.719],[-9.18683,38.71898]],[[-9.2026,38.72779],[-9.20255,38.72783],[-9.2026,38.7283],[-9.20307,38.72783],[-9.2026,38.72779]]],[[[-9.18998,38.72168],[-9.19006,38.72215],[-9.18998,38.72256],[-9.18935,38.72256],[-9.18922,38.72215],[-9.18935,38.72168],[-9.18998,38.72168]]],[[[-9.19061,38.72509],[-9.19041,38.72531],[-9.18998,38.72562],[-9.18935,38.72562],[-9.18896,38.72531],[-9.18935,38.72501],[-9.18998,38.72501],[-9.19034,38.72468],[-9.19061,38.72431],[-9.19086,38.72468],[-9.19061,38.72509]]],[[[-9.1944,38.72691],[-9.19503,38.72666],[-9.19566,38.72666],[-9.19629,38.72707],[-9.1964,38.7272],[-9.19629,38.7273],[-9.19566,38.72753],[-9.19503,38.72753],[-9.1944,38.72743],[-9.19407,38.7272],[-9.1944,38.72691]],[[-9.19566,38.72717],[-9.19503,38.72717],[-9.19495,38.7272],[-9.19503,38.72722],[-9.19566,38.72722],[-9.1957,38.7272],[-9.19566,38.72717]]],[[[-9.19124,38.72758],[-9.19096,38.7272],[-9.19124,38.72699],[-9.19178,38.7272],[-9.19124,38.72758]]],[[[-9.19061,38.72849],[-9.19059,38.72846],[-9.19061,38.72814],[-9.19064,38.72846],[-9.19061,38.72849]]],[[[-9.19416,38.72846],[-9.1944,38.72836],[-9.19445,38.72846],[-9.1944,38.72854],[-9.19416,38.72846]]],[[[-9.19692,38.72876],[-9.19713,38.72846],[-9.19755,38.72818],[-9.19818,38.72813],[-9.19881,38.72813],[-9.19937,38.72783],[-9.19944,38.72775],[-9.19955,38.72783],[-9.19944,38.72827],[-9.19941,38.72846],[-9.19944,38.72865],[-9.2,38.72909],[-9.19944,38.72927],[-9.19908,38.72909],[-9.19881,38.72904],[-9.19818,38.72904],[-9.19755,38.72881],[-9.19717,38.72909],[-9.19692,38.72933],[-9.19674,38.72909],[-9.19692,38.72876]],[[-9.19818,38.72856],[-9.19881,38.72856],[-9.19892,38.72846],[-9.19881,38.7284],[-9.19818,38.7284],[-9.1978,38.72846],[-9.19818,38.72856]]],[[[-9.19755,38.73091],[-9.19704,38.73035],[-9.19755,38.72991],[-9.19773,38.73035],[-9.19755,38.73091]]],[[[-9.18794,38.73161],[-9.18809,38.7313],[-9.18823,38.73161],[-9.18809,38.73177],[-9.18794,38.73161]]],[[[-9.19251,38.73148],[-9.19309,38.73161],[-9.19251,38.73169],[-9.19187,38.73169],[-9.1917,38.73161],[-9.19187,38.73148],[-9.19251,38.73148]]],[[[-9.18872,38.7324],[-9.18861,38.73224],[-9.18872,38.73214],[-9.18888,38.73224],[-9.18872,38.7324]]],[[[-9.19385,38.73287],[-9.19377,38.73279],[-9.19352,38.73224],[-9.19377,38.73189],[-9.1944,38.73189],[-9.19498,38.73224],[-9.19498,38.73287],[-9.1944,38.73311],[-9.19385,38.73287]]],[[[-9.18759,38.73224],[-9.18759,38.73287],[-9.18746,38.73306],[-9.18732,38.73287],[-9.18726,38.73224],[-9.18746,38.73212],[-9.18759,38.73224]]],[[[-9.18683,38.73463],[-9.18724,38.73477],[-9.18746,38.73488],[-9.18809,38.73501],[-9.18854,38.7354],[-9.18819,38.73603],[-9.18809,38.73612],[-9.18765,38.73666],[-9.18746,38.73702],[-9.18732,38.73666],[-9.18739,38.73603],[-9.18685,38.7354],[-9.18683,38.73535],[-9.1862,38.73535],[-9.18557,38.73485],[-9.18554,38.73477],[-9.18557,38.73469],[-9.1862,38.73463],[-9.18683,38.73463]]],[[[-9.18935,38.73744],[-9.18916,38.73729],[-9.18919,38.73666],[-9.18935,38.73647],[-9.18998,38.73647],[-9.19061,38.73607],[-9.19067,38.73603],[-9.19124,38.73585],[-9.19156,38.7354],[-9.19187,38.73509],[-9.19251,38.73509],[-9.19299,38.73477],[-9.19314,38.73471],[-9.19324,38.73477],[-9.19316,38.7354],[-9.19314,38.73541],[-9.19268,38.73603],[-9.19251,38.73634],[-9.19187,38.73634],[-9.19124,38.73623],[-9.19084,38.73666],[-9.19061,38.73692],[-9.1903,38.73729],[-9.18998,38.73744],[-9.18935,38.73744]]],[[[-9.19251,38.73789],[-9.19258,38.73792],[-9.19251,38.73794],[-9.19187,38.73794],[-9.19182,38.73792],[-9.19187,38.73789],[-9.19251,38.73789]]],[[[-9.20134,38.74071],[-9.20168,38.74044],[-9.20197,38.74024],[-9.2026,38.74042],[-9.20265,38.74044],[-9.2026,38.74055],[-9.20197,38.74085],[-9.20181,38.74107],[-9.20134,38.74119],[-9.2007,38.74119],[-9.20059,38.74107],[-9.2007,38.74071],[-9.20134,38.74071]]],[[[-9.18529,38.74107],[-9.18557,38.74128],[-9.1862,38.74126],[-9.18683,38.74126],[-9.18718,38.7417],[-9.18746,38.74232],[-9.18809,38.74231],[-9.18872,38.74227],[-9.18935,38.74186],[-9.18998,38.74186],[-9.19061,38.74198],[-9.19124,38.74189],[-9.1913,38.74234],[-9.19124,38.74249],[-9.19073,38.74297],[-9.19061,38.74308],[-9.18998,38.74301],[-9.18935,38.74301],[-9.18909,38.74297],[-9.18872,38.7426],[-9.18809,38.74239],[-9.18751,38.74297],[-9.18746,38.74312],[-9.18738,38.74297],[-9.18683,38.74284],[-9.1862,38.74284],[-9.18589,38.74234],[-9.18557,38.74203],[-9.18494,38.74228],[-9.18431,38.74185],[-9.1837,38.74234],[-9.18368,38.74236],[-9.18304,38.74236],[-9.18302,38.74234],[-9.18244,38.7417],[-9.18304,38.74133],[-9.18368,38.74133],[-9.18431,38.74155],[-9.18464,38.74107],[-9.18494,38.74087],[-9.18529,38.74107]],[[-9.18683,38.74157],[-9.1862,38.74157],[-9.18587,38.7417],[-9.1862,38.74201],[-9.18683,38.74201],[-9.18693,38.7417],[-9.18683,38.74157]]],[[[-9.2026,38.74179],[-9.20286,38.74234],[-9.2026,38.7425],[-9.20198,38.74297],[-9.20197,38.74298],[-9.20186,38.74297],[-9.20186,38.74234],[-9.20197,38.74232],[-9.2026,38.74179]]],[[[-9.19944,38.74379],[-9.19913,38.74423],[-9.19881,38.7446],[-9.19818,38.74456],[-9.19755,38.74456],[-9.19714,38.74423],[-9.19755,38.7439],[-9.19818,38.7439],[-9.19875,38.7436],[-9.19818,38.74299],[-9.19755,38.74299],[-9.19692,38.74298],[-9.1969,38.74297],[-9.19692,38.74292],[-9.19755,38.74293],[-9.19818,38.74293],[-9.19856,38.74234],[-9.19881,38.74214],[-9.19893,38.74234],[-9.19888,38.74297],[-9.19944,38.7434],[-9.19972,38.74297],[-9.19987,38.74234],[-9.19996,38.7417],[-9.20007,38.74166],[-9.20012,38.7417],[-9.20059,38.74234],[-9.20062,38.74297],[-9.20016,38.7436],[-9.20007,38.74371],[-9.19944,38.74379]]],[[[-9.2026,38.74397],[-9.20244,38.7436],[-9.2026,38.74343],[-9.2031,38.7436],[-9.2026,38.74397]]],[[[-9.19124,38.74638],[-9.19118,38.74612],[-9.19124,38.74602],[-9.19131,38.74612],[-9.19124,38.74638]]],[[[-9.19314,38.74716],[-9.19351,38.74738],[-9.19314,38.74768],[-9.19251,38.74741],[-9.19187,38.74741],[-9.19186,38.74738],[-9.1918,38.74675],[-9.19187,38.74674],[-9.19251,38.74674],[-9.19252,38.74675],[-9.19314,38.74716]]],[[[-9.20007,38.74888],[-9.19964,38.74864],[-9.20007,38.74838],[-9.20018,38.74864],[-9.20007,38.74888]]],[[[-9.18772,38.74927],[-9.18809,38.7489],[-9.18824,38.74927],[-9.18809,38.74943],[-9.18772,38.74927]]],[[[-9.19944,38.75099],[-9.19905,38.75054],[-9.19944,38.75008],[-9.19966,38.75054],[-9.19944,38.75099]]],[[[-9.20157,38.75117],[-9.20168,38.7518],[-9.20197,38.75213],[-9.20212,38.75243],[-9.20197,38.75266],[-9.20163,38.75243],[-9.20134,38.75219],[-9.2007,38.75201],[-9.20048,38.7518],[-9.20007,38.75146],[-9.19963,38.75117],[-9.20007,38.75096],[-9.20068,38.75054],[-9.2007,38.75006],[-9.20134,38.75006],[-9.2014,38.75054],[-9.20157,38.75117]]],[[[-9.19755,38.75252],[-9.19739,38.75243],[-9.19755,38.7524],[-9.19818,38.7524],[-9.19837,38.75243],[-9.19818,38.75252],[-9.19755,38.75252]]],[[[-9.18809,38.7565],[-9.18841,38.75684],[-9.18809,38.75716],[-9.18794,38.75747],[-9.18746,38.75783],[-9.1871,38.75747],[-9.18746,38.75703],[-9.18782,38.75684],[-9.18809,38.7565]]],[[[-9.19435,38.7581],[-9.19435,38.75873],[-9.19377,38.75888],[-9.19325,38.75873],[-9.19359,38.7581],[-9.19377,38.75786],[-9.19435,38.7581]]],[[[-9.19724,38.76063],[-9.19755,38.76031],[-9.19774,38.76063],[-9.19755,38.76081],[-9.19724,38.76063]]],[[[-9.18935,38.76097],[-9.18954,38.76126],[-9.18935,38.76178],[-9.18872,38.76178],[-9.18809,38.7614],[-9.18798,38.76126],[-9.18803,38.76063],[-9.18809,38.76055],[-9.18818,38.76063],[-9.18872,38.76097],[-9.18935,38.76097]]],[[[-9.19949,38.76296],[-9.19949,38.76252],[-9.20007,38.76198],[-9.2007,38.76198],[-9.20044,38.76261],[-9.20035,38.76267],[-9.1998,38.76281],[-9.19949,38.76296]]],[[[-9.18809,38.76304],[-9.18862,38.76315],[-9.18872,38.76331],[-9.18935,38.76331],[-9.18943,38.76378],[-9.18944,38.76441],[-9.18944,38.76504],[-9.18935,38.7652],[-9.18872,38.7652],[-9.18809,38.76562],[-9.18791,38.76504],[-9.18809,38.76479],[-9.18863,38.76441],[-9.18809,38.76392],[-9.18793,38.76378],[-9.18802,38.76315],[-9.18809,38.76304]]],[[[-9.19629,38.76822],[-9.19626,38.7682],[-9.19629,38.76812],[-9.19634,38.7682],[-9.19629,38.76822]]],[[[-9.19314,38.77019],[-9.1927,38.77009],[-9.19314,38.76992],[-9.19323,38.77009],[-9.19314,38.77019]]],[[[-9.18746,38.7719],[-9.18734,38.77135],[-9.18734,38.77072],[-9.18746,38.77028],[-9.18809,38.77026],[-9.18838,38.77072],[-9.18837,38.77135],[-9.18809,38.77162],[-9.18746,38.7719]]],[[[-9.18746,38.772],[-9.18781,38.77261],[-9.18746,38.77317],[-9.18683,38.77281],[-9.18624,38.77261],[-9.18683,38.7721],[-9.18746,38.772]]],[[[-9.19061,38.77236],[-9.19087,38.77261],[-9.19087,38.77275],[-9.19037,38.77297],[-9.19033,38.77305],[-9.19045,38.77261],[-9.19061,38.77236]]],[[[-9.18681,38.77577],[-9.18681,38.77576],[-9.18681,38.77513],[-9.18683,38.77512],[-9.18684,38.77513],[-9.18684,38.77576],[-9.18681,38.77577]]],[[[-9.18315,38.7026],[-9.18333,38.70323],[-9.18304,38.70332],[-9.18279,38.70323],[-9.18295,38.7026],[-9.18304,38.70231],[-9.18315,38.7026]]],[[[-9.18241,38.70432],[-9.18195,38.70386],[-9.18241,38.70352],[-9.18255,38.70386],[-9.18241,38.70432]]],[[[-9.17416,38.70954],[-9.17421,38.70946],[-9.17428,38.70954],[-9.17421,38.7096],[-9.17416,38.70954]]],[[[-9.17737,38.71223],[-9.17729,38.71206],[-9.17737,38.71201],[-9.17744,38.71206],[-9.17737,38.71223]]],[[[-9.18115,38.71514],[-9.18137,38.71521],[-9.18115,38.71534],[-9.18052,38.71534],[-9.18041,38.71521],[-9.18052,38.71514],[-9.18115,38.71514]]],[[[-9.18178,38.71676],[-9.18162,38.71648],[-9.18178,38.71612],[-9.18202,38.71648],[-9.18178,38.71676]]],[[[-9.17295,38.71776],[-9.17293,38.71774],[-9.17295,38.71763],[-9.17298,38.71774],[-9.17295,38.71776]]],[[[-9.17926,38.71849],[-9.17917,38.71837],[-9.17926,38.71793],[-9.17981,38.71837],[-9.17926,38.71849]]],[[[-9.18494,38.71873],[-9.1844,38.71837],[-9.18494,38.7178],[-9.18524,38.71837],[-9.18494,38.71873]]],[[[-9.17794,38.71837],[-9.178,38.71835],[-9.17801,38.71837],[-9.178,38.71839],[-9.17794,38.71837]]],[[[-9.17989,38.71845],[-9.18004,38.719],[-9.18021,38.71963],[-9.18021,38.72026],[-9.17989,38.72069],[-9.1797,38.72026],[-9.17973,38.71963],[-9.17977,38.719],[-9.17989,38.71845]]],[[[-9.17863,38.71872],[-9.17896,38.719],[-9.17896,38.71963],[-9.179,38.72026],[-9.17863,38.72079],[-9.1781,38.72026],[-9.1781,38.71963],[-9.1783,38.719],[-9.17863,38.71872]]],[[[-9.18238,38.72152],[-9.18241,38.72148],[-9.18245,38.72152],[-9.18241,38.72156],[-9.18238,38.72152]]],[[[-9.18304,38.72245],[-9.18284,38.72215],[-9.18304,38.72196],[-9.18333,38.72215],[-9.18304,38.72245]]],[[[-9.18241,38.72285],[-9.18218,38.72278],[-9.18241,38.72274],[-9.18249,38.72278],[-9.18241,38.72285]]],[[[-9.18052,38.72371],[-9.18041,38.72341],[-9.18052,38.72326],[-9.18115,38.72326],[-9.18137,38.72341],[-9.18115,38.72371],[-9.18052,38.72371]]],[[[-9.178,38.72433],[-9.17841,38.72468],[-9.178,38.72522],[-9.17737,38.72522],[-9.17698,38.72468],[-9.17737,38.72433],[-9.178,38.72433]]],[[[-9.17989,38.72518],[-9.18,38.72531],[-9.17989,38.72562],[-9.17926,38.72574],[-9.17879,38.72531],[-9.17926,38.72507],[-9.17989,38.72518]]],[[[-9.17419,38.72657],[-9.17415,38.72594],[-9.17421,38.72586],[-9.17433,38.72594],[-9.17427,38.72657],[-9.17421,38.7266],[-9.17419,38.72657]]],[[[-9.17301,38.72594],[-9.17301,38.72657],[-9.17295,38.72684],[-9.1729,38.72657],[-9.1729,38.72594],[-9.17295,38.72587],[-9.17301,38.72594]]],[[[-9.17737,38.72646],[-9.178,38.72646],[-9.17802,38.72657],[-9.17847,38.7272],[-9.178,38.72742],[-9.17737,38.72742],[-9.17689,38.7272],[-9.17733,38.72657],[-9.17737,38.72646]]],[[[-9.17354,38.72909],[-9.17358,38.72902],[-9.1737,38.72909],[-9.17358,38.72914],[-9.17354,38.72909]]],[[[-9.1739,38.73224],[-9.17414,38.73161],[-9.17421,38.73153],[-9.17426,38.73161],[-9.17484,38.73209],[-9.17548,38.73209],[-9.1757,38.73224],[-9.1757,38.73287],[-9.17548,38.73342],[-9.17484,38.73342],[-9.1743,38.73287],[-9.17421,38.73264],[-9.1739,38.73224]]],[[[-9.17106,38.73442],[-9.17043,38.73461],[-9.16992,38.73414],[-9.1698,38.73404],[-9.16944,38.73414],[-9.16917,38.73445],[-9.16854,38.73445],[-9.16791,38.73421],[-9.16775,38.73414],[-9.16728,38.73384],[-9.16665,38.73355],[-9.16601,38.73355],[-9.16598,38.73351],[-9.16598,38.73287],[-9.1657,38.73224],[-9.16601,38.73205],[-9.16665,38.73205],[-9.16728,38.73205],[-9.16771,38.73161],[-9.16791,38.73129],[-9.16836,38.73161],[-9.16854,38.73174],[-9.16917,38.73174],[-9.1698,38.7317],[-9.16983,38.73161],[-9.1698,38.73157],[-9.16926,38.73098],[-9.1698,38.73065],[-9.17043,38.73075],[-9.17086,38.73098],[-9.17106,38.73118],[-9.17111,38.73098],[-9.17106,38.73046],[-9.17103,38.73035],[-9.17043,38.7301],[-9.17005,38.72972],[-9.17043,38.72953],[-9.17106,38.7297],[-9.17109,38.72972],[-9.17169,38.73017],[-9.17232,38.73017],[-9.17256,38.72972],[-9.17295,38.72954],[-9.17316,38.72972],[-9.17295,38.73017],[-9.17256,38.73035],[-9.17271,38.73098],[-9.17295,38.73151],[-9.17305,38.73161],[-9.17332,38.73224],[-9.17295,38.73261],[-9.17232,38.73233],[-9.17169,38.73233],[-9.17138,38.73224],[-9.17106,38.73205],[-9.17089,38.73224],[-9.17097,38.73287],[-9.17106,38.73297],[-9.17169,38.73334],[-9.17232,38.73334],[-9.17261,38.73351],[-9.17295,38.73392],[-9.17358,38.73379],[-9.17419,38.73414],[-9.17421,38.73416],[-9.17424,38.73414],[-9.17484,38.73358],[-9.17548,38.73358],[-9.17559,38.73351],[-9.17611,38.73333],[-9.17674,38.7333],[-9.17691,38.73351],[-9.17674,38.73376],[-9.17611,38.73388],[-9.17593,38.73414],[-9.17611,38.73429],[-9.17674,38.73455],[-9.17737,38.73466],[-9.178,38.73466],[-9.17802,38.73477],[-9.178,38.73487],[-9.17737,38.73487],[-9.17728,38.7354],[-9.17737,38.73549],[-9.178,38.73549],[-9.17846,38.73603],[-9.17863,38.73626],[-9.17926,38.7366],[-9.17929,38.73666],[-9.17943,38.73729],[-9.17941,38.73792],[-9.17989,38.73822],[-9.18038,38.73855],[-9.18038,38.73918],[-9.17989,38.73944],[-9.1796,38.73918],[-9.17926,38.73884],[-9.17863,38.73894],[-9.17801,38.73855],[-9.178,38.73852],[-9.17737,38.73852],[-9.17674,38.73832],[-9.17641,38.73855],[-9.17611,38.73877],[-9.17548,38.73856],[-9.17484,38.73856],[-9.17421,38.73856],[-9.1742,38.73855],[-9.17421,38.73851],[-9.17443,38.73792],[-9.17421,38.73771],[-9.17358,38.73775],[-9.17316,38.73729],[-9.17295,38.73689],[-9.17261,38.73666],[-9.17252,38.73603],[-9.17232,38.73578],[-9.17169,38.73578],[-9.17106,38.73578],[-9.17052,38.7354],[-9.17106,38.7351],[-9.17142,38.73477],[-9.17106,38.73442]],[[-9.17358,38.73638],[-9.1738,38.73666],[-9.17421,38.73692],[-9.17476,38.73729],[-9.17484,38.73737],[-9.17548,38.73737],[-9.17584,38.73792],[-9.17611,38.73816],[-9.17663,38.73792],[-9.17642,38.73729],[-9.17649,38.73666],[-9.17652,38.73603],[-9.17611,38.73556],[-9.17548,38.73596],[-9.17484,38.73596],[-9.17421,38.73584],[-9.17358,38.73577],[-9.17318,38.73603],[-9.17358,38.73638]],[[-9.17062,38.73161],[-9.17043,38.73142],[-9.17028,38.73161],[-9.17043,38.73181],[-9.17062,38.73161]],[[-9.17169,38.73202],[-9.17232,38.73202],[-9.17268,38.73161],[-9.17232,38.73153],[-9.17169,38.73153],[-9.17141,38.73161],[-9.17169,38.73202]],[[-9.17169,38.73107],[-9.17232,38.73107],[-9.17238,38.73098],[-9.17232,38.73087],[-9.17169,38.73087],[-9.1716,38.73098],[-9.17169,38.73107]]],[[[-9.18052,38.73609],[-9.17989,38.73606],[-9.17983,38.73603],[-9.17989,38.73587],[-9.18052,38.736],[-9.18115,38.736],[-9.1812,38.73603],[-9.18115,38.73609],[-9.18052,38.73609]]],[[[-9.17664,38.73981],[-9.17664,38.73918],[-9.17674,38.73902],[-9.1769,38.73918],[-9.17737,38.73975],[-9.178,38.73975],[-9.17863,38.73975],[-9.17869,38.73981],[-9.17863,38.73984],[-9.178,38.73991],[-9.17737,38.73991],[-9.17674,38.73987],[-9.17664,38.73981]]],[[[-9.18115,38.74094],[-9.18154,38.74107],[-9.18115,38.74116],[-9.18052,38.74116],[-9.18036,38.74107],[-9.18052,38.74094],[-9.18115,38.74094]]],[[[-9.17895,38.74107],[-9.17926,38.74106],[-9.17928,38.74107],[-9.17926,38.74111],[-9.17895,38.74107]]],[[[-9.18178,38.74194],[-9.1817,38.7417],[-9.18178,38.74132],[-9.18236,38.7417],[-9.18178,38.74194]]],[[[-9.17358,38.74427],[-9.17319,38.74423],[-9.17358,38.74416],[-9.17363,38.74423],[-9.17358,38.74427]]],[[[-9.17863,38.74596],[-9.17879,38.74612],[-9.17863,38.74614],[-9.178,38.74635],[-9.17737,38.74635],[-9.17726,38.74612],[-9.17726,38.74549],[-9.17737,38.74491],[-9.178,38.74491],[-9.17849,38.74549],[-9.17863,38.74596]]],[[[-9.17611,38.74693],[-9.17548,38.74695],[-9.17484,38.74728],[-9.17421,38.74728],[-9.17418,38.74675],[-9.17414,38.74612],[-9.17414,38.74549],[-9.17421,38.74534],[-9.17484,38.74534],[-9.17548,38.74503],[-9.17611,38.74525],[-9.17614,38.74549],[-9.17614,38.74612],[-9.17635,38.74675],[-9.17611,38.74693]]],[[[-9.17926,38.74685],[-9.17912,38.74675],[-9.17926,38.74628],[-9.17938,38.74675],[-9.17926,38.74685]]],[[[-9.18178,38.74684],[-9.18135,38.74675],[-9.18178,38.74648],[-9.18188,38.74675],[-9.18178,38.74684]]],[[[-9.18534,38.74801],[-9.18531,38.74738],[-9.18557,38.74709],[-9.18598,38.74738],[-9.18566,38.74801],[-9.18557,38.74818],[-9.18534,38.74801]]],[[[-9.17548,38.74781],[-9.17611,38.74779],[-9.17674,38.74772],[-9.17682,38.74801],[-9.17674,38.74812],[-9.17611,38.74809],[-9.17548,38.74838],[-9.17534,38.74801],[-9.17548,38.74781]]],[[[-9.17611,38.74942],[-9.17597,38.74927],[-9.17611,38.74923],[-9.17616,38.74927],[-9.17611,38.74942]]],[[[-9.17674,38.75026],[-9.17737,38.75029],[-9.178,38.75029],[-9.17837,38.75054],[-9.17824,38.75117],[-9.178,38.75132],[-9.17737,38.75132],[-9.17674,38.75125],[-9.17619,38.75117],[-9.17611,38.75114],[-9.1761,38.75117],[-9.17548,38.75167],[-9.17484,38.75132],[-9.17421,38.75132],[-9.17397,38.75117],[-9.17358,38.75105],[-9.17295,38.75077],[-9.17232,38.75056],[-9.17169,38.75056],[-9.17168,38.75054],[-9.17169,38.75038],[-9.17232,38.75038],[-9.17295,38.75031],[-9.17358,38.75021],[-9.17409,38.7499],[-9.17421,38.74973],[-9.17484,38.74973],[-9.17513,38.7499],[-9.17548,38.75015],[-9.17611,38.75019],[-9.17674,38.75026]],[[-9.17548,38.75099],[-9.17535,38.75117],[-9.17548,38.75126],[-9.17559,38.75117],[-9.17548,38.75099]]],[[[-9.17926,38.75118],[-9.17923,38.75117],[-9.17926,38.75115],[-9.17928,38.75117],[-9.17926,38.75118]]],[[[-9.17484,38.75208],[-9.17506,38.75243],[-9.17484,38.75279],[-9.17421,38.75279],[-9.17387,38.75243],[-9.17421,38.75208],[-9.17484,38.75208]]],[[[-9.17863,38.75316],[-9.17829,38.75306],[-9.17863,38.75293],[-9.17926,38.75284],[-9.17933,38.75306],[-9.17926,38.75318],[-9.17863,38.75316]]],[[[-9.17674,38.75701],[-9.17652,38.75684],[-9.17674,38.75664],[-9.1769,38.75684],[-9.17674,38.75701]]],[[[-9.178,38.75903],[-9.17737,38.75903],[-9.17708,38.75873],[-9.17708,38.7581],[-9.17737,38.75752],[-9.178,38.75752],[-9.17847,38.75747],[-9.17863,38.75746],[-9.17926,38.75737],[-9.17928,38.75747],[-9.17926,38.75754],[-9.17863,38.75753],[-9.17848,38.7581],[-9.17848,38.75873],[-9.178,38.75903]]],[[[-9.18096,38.75937],[-9.18115,38.75925],[-9.18137,38.75937],[-9.18115,38.75957],[-9.18096,38.75937]]],[[[-9.17863,38.75931],[-9.17926,38.75929],[-9.17929,38.75937],[-9.17938,38.76],[-9.17926,38.76009],[-9.17918,38.76],[-9.17863,38.75938],[-9.17861,38.75937],[-9.17863,38.75931]]],[[[-9.18683,38.76424],[-9.18718,38.76441],[-9.18683,38.76478],[-9.1862,38.76478],[-9.18588,38.76441],[-9.1862,38.76424],[-9.18683,38.76424]]],[[[-9.1841,38.76504],[-9.1841,38.76441],[-9.18431,38.76431],[-9.1844,38.76441],[-9.1844,38.76504],[-9.18431,38.76513],[-9.1841,38.76504]]],[[[-9.18187,38.76441],[-9.18224,38.76378],[-9.18241,38.76359],[-9.18262,38.76378],[-9.1828,38.76441],[-9.18285,38.76504],[-9.18241,38.76537],[-9.18207,38.76567],[-9.18178,38.76619],[-9.18131,38.76567],[-9.18178,38.76512],[-9.18185,38.76504],[-9.18187,38.76441]]],[[[-9.18494,38.76606],[-9.18509,38.7663],[-9.18494,38.76646],[-9.18431,38.76649],[-9.18387,38.7663],[-9.18431,38.76619],[-9.18494,38.76606]]],[[[-9.17989,38.76695],[-9.17985,38.76693],[-9.17989,38.76686],[-9.18052,38.76686],[-9.18055,38.76693],[-9.18052,38.76695],[-9.17989,38.76695]]],[[[-9.178,38.76819],[-9.17801,38.7682],[-9.178,38.76827],[-9.17737,38.76827],[-9.17736,38.7682],[-9.17737,38.76819],[-9.178,38.76819]]],[[[-9.18557,38.76854],[-9.1862,38.76854],[-9.18683,38.76854],[-9.18726,38.76883],[-9.18683,38.76933],[-9.1862,38.76933],[-9.18557,38.76914],[-9.18527,38.76883],[-9.18557,38.76854]]],[[[-9.17737,38.77034],[-9.17698,38.77009],[-9.17737,38.76966],[-9.178,38.76966],[-9.17839,38.77009],[-9.178,38.77034],[-9.17737,38.77034]]],[[[-9.17611,38.77173],[-9.17668,38.77198],[-9.17611,38.77238],[-9.17548,38.77232],[-9.17531,38.77198],[-9.17548,38.77175],[-9.17611,38.77173]]],[[[-9.18431,38.77277],[-9.18411,38.77261],[-9.18431,38.77227],[-9.18471,38.77261],[-9.18431,38.77277]]],[[[-9.18241,38.77545],[-9.18244,38.77513],[-9.18304,38.77477],[-9.18368,38.77477],[-9.18428,38.77513],[-9.18431,38.77525],[-9.18494,38.77532],[-9.18505,38.77576],[-9.18525,38.77639],[-9.18525,38.77647],[-9.18495,38.77664],[-9.18439,38.77713],[-9.18439,38.77703],[-9.18431,38.77687],[-9.18407,38.77639],[-9.18368,38.77596],[-9.18304,38.77596],[-9.18241,38.7758],[-9.18182,38.77639],[-9.18178,38.77647],[-9.18115,38.77671],[-9.18108,38.77703],[-9.18108,38.77766],[-9.18095,38.77829],[-9.18052,38.77858],[-9.17989,38.77858],[-9.17956,38.77892],[-9.17926,38.7792],[-9.17886,38.77892],[-9.17863,38.77836],[-9.17859,38.77829],[-9.1784,38.77766],[-9.1784,38.77703],[-9.178,38.77661],[-9.17737,38.77661],[-9.17674,38.77657],[-9.17665,38.77639],[-9.17674,38.77611],[-9.17737,38.77613],[-9.178,38.77613],[-9.17863,38.77615],[-9.17926,38.77632],[-9.17958,38.77576],[-9.17989,38.77528],[-9.18052,38.77528],[-9.18105,38.77513],[-9.18052,38.77488],[-9.17989,38.77488],[-9.17958,38.7745],[-9.17989,38.77435],[-9.18052,38.77435],[-9.18115,38.77413],[-9.18137,38.7745],[-9.18122,38.77513],[-9.18178,38.7755],[-9.18241,38.77545]],[[-9.18304,38.77538],[-9.18368,38.77538],[-9.18388,38.77513],[-9.18368,38.77501],[-9.18304,38.77501],[-9.18284,38.77513],[-9.18304,38.77538]],[[-9.17989,38.7758],[-9.18052,38.7758],[-9.18057,38.77576],[-9.18052,38.77575],[-9.17989,38.77575],[-9.17988,38.77576],[-9.17989,38.7758]]],[[[-9.18296,38.77703],[-9.18296,38.77766],[-9.18241,38.77817],[-9.18204,38.77766],[-9.18204,38.77703],[-9.18241,38.7768],[-9.18296,38.77703]]],[[[-9.17674,38.7789],[-9.17705,38.77892],[-9.17674,38.77902],[-9.17611,38.77921],[-9.17548,38.77895],[-9.17542,38.77892],[-9.17548,38.7789],[-9.17595,38.77829],[-9.17611,38.77818],[-9.17628,38.77829],[-9.17674,38.7789]]],[[[-9.1616,38.71619],[-9.16135,38.71584],[-9.1616,38.71523],[-9.16194,38.71584],[-9.1616,38.71619]],[[-9.16161,38.71584],[-9.1616,38.71583],[-9.16159,38.71584],[-9.1616,38.71585],[-9.16161,38.71584]]],[[[-9.17169,38.71601],[-9.17106,38.71592],[-9.17093,38.71584],[-9.17106,38.71578],[-9.17169,38.71578],[-9.17232,38.71579],[-9.17267,38.71584],[-9.17232,38.716],[-9.17169,38.71601]]],[[[-9.17043,38.71658],[-9.17027,38.71648],[-9.17043,38.71639],[-9.17048,38.71648],[-9.17043,38.71658]]],[[[-9.16475,38.71727],[-9.16461,38.71711],[-9.16475,38.71703],[-9.16497,38.71711],[-9.16475,38.71727]]],[[[-9.16286,38.71784],[-9.16274,38.71774],[-9.16286,38.71717],[-9.16349,38.71717],[-9.16375,38.71774],[-9.16349,38.71784],[-9.16286,38.71784]]],[[[-9.16665,38.71738],[-9.16681,38.71774],[-9.16665,38.71804],[-9.16601,38.71804],[-9.16578,38.71774],[-9.16601,38.71738],[-9.16665,38.71738]]],[[[-9.16788,38.71774],[-9.16791,38.7177],[-9.16854,38.71761],[-9.16917,38.71739],[-9.1698,38.71739],[-9.17043,38.71744],[-9.17075,38.71711],[-9.17106,38.71692],[-9.17132,38.71711],[-9.17125,38.71774],[-9.17106,38.71805],[-9.17055,38.71837],[-9.17043,38.71853],[-9.17034,38.71837],[-9.1698,38.71816],[-9.16917,38.71816],[-9.16854,38.71825],[-9.16822,38.71837],[-9.16791,38.71845],[-9.16766,38.719],[-9.16728,38.71927],[-9.1668,38.719],[-9.16728,38.71839],[-9.16743,38.71837],[-9.16788,38.71774]]],[[[-9.15958,38.71837],[-9.15971,38.7183],[-9.15984,38.71837],[-9.15971,38.71848],[-9.15958,38.71837]]],[[[-9.16854,38.71907],[-9.16846,38.719],[-9.16854,38.71868],[-9.16857,38.719],[-9.16854,38.71907]]],[[[-9.16538,38.72045],[-9.16518,38.72026],[-9.16475,38.71978],[-9.16412,38.71975],[-9.16403,38.71963],[-9.16412,38.71952],[-9.16474,38.719],[-9.16475,38.71898],[-9.16517,38.71837],[-9.16538,38.7182],[-9.16561,38.71837],[-9.16552,38.719],[-9.16567,38.71963],[-9.16567,38.72026],[-9.16538,38.72045]]],[[[-9.16034,38.72075],[-9.16097,38.72075],[-9.16113,38.72089],[-9.16097,38.72121],[-9.16034,38.72121],[-9.16018,38.72089],[-9.16034,38.72075]]],[[[-9.16854,38.72065],[-9.16917,38.72063],[-9.1698,38.72063],[-9.16998,38.72089],[-9.1698,38.72111],[-9.16917,38.72111],[-9.16854,38.72136],[-9.16832,38.72089],[-9.16854,38.72065]]],[[[-9.16349,38.72133],[-9.16368,38.72152],[-9.16349,38.72169],[-9.16286,38.72169],[-9.16262,38.72152],[-9.16286,38.72133],[-9.16349,38.72133]]],[[[-9.16839,38.72152],[-9.16791,38.72174],[-9.16731,38.72152],[-9.16791,38.72129],[-9.16839,38.72152]]],[[[-9.15844,38.72341],[-9.15845,38.72341],[-9.15846,38.72341],[-9.15856,38.72404],[-9.15845,38.72411],[-9.15834,38.72404],[-9.15844,38.72341]]],[[[-9.16196,38.7272],[-9.16196,38.72657],[-9.1616,38.72605],[-9.16151,38.72594],[-9.16113,38.72531],[-9.1616,38.72518],[-9.16186,38.72531],[-9.16223,38.72582],[-9.16286,38.72586],[-9.16349,38.72586],[-9.1641,38.72531],[-9.16412,38.72528],[-9.1642,38.72531],[-9.1642,38.72594],[-9.16475,38.72608],[-9.16519,38.72594],[-9.16495,38.72531],[-9.16505,38.72468],[-9.16538,38.72442],[-9.16576,38.72468],[-9.16601,38.72516],[-9.16665,38.72516],[-9.16672,38.72531],[-9.16679,38.72594],[-9.16665,38.72604],[-9.16601,38.72604],[-9.16543,38.72657],[-9.1656,38.7272],[-9.16581,38.72783],[-9.1657,38.72846],[-9.16601,38.72852],[-9.16665,38.72852],[-9.16676,38.72909],[-9.16677,38.72972],[-9.16665,38.72984],[-9.16601,38.72984],[-9.16586,38.72972],[-9.16538,38.72924],[-9.16495,38.72909],[-9.16538,38.72846],[-9.16475,38.72791],[-9.16412,38.72802],[-9.16374,38.72846],[-9.16412,38.72889],[-9.1646,38.72909],[-9.1645,38.72972],[-9.16412,38.72999],[-9.16349,38.73027],[-9.16286,38.73027],[-9.16272,38.72972],[-9.16223,38.72939],[-9.1616,38.72932],[-9.16097,38.72916],[-9.16034,38.72916],[-9.16016,38.72909],[-9.15971,38.72877],[-9.15959,38.72846],[-9.15971,38.72837],[-9.16034,38.72788],[-9.16097,38.72788],[-9.161,38.72783],[-9.1616,38.72756],[-9.16196,38.7272]],[[-9.16195,38.72846],[-9.16223,38.72873],[-9.16246,38.72846],[-9.16235,38.72783],[-9.16223,38.72772],[-9.16212,38.72783],[-9.16195,38.72846]]],[[[-9.15852,38.72846],[-9.15845,38.7285],[-9.1584,38.72846],[-9.15845,38.72841],[-9.15852,38.72846]]],[[[-9.15655,38.72902],[-9.15667,38.72909],[-9.15655,38.72919],[-9.15624,38.72909],[-9.15655,38.72902]]],[[[-9.16286,38.73039],[-9.16305,38.73098],[-9.16286,38.73116],[-9.16223,38.73125],[-9.1616,38.73125],[-9.16147,38.73098],[-9.1616,38.73077],[-9.16202,38.73035],[-9.16223,38.73025],[-9.16276,38.73035],[-9.16286,38.73039]]],[[[-9.16281,38.73224],[-9.16223,38.73237],[-9.16209,38.73224],[-9.16223,38.73203],[-9.16281,38.73224]]],[[[-9.15592,38.73282],[-9.15601,38.73287],[-9.15592,38.73299],[-9.15581,38.73287],[-9.15592,38.73282]]],[[[-9.16509,38.73287],[-9.16509,38.73351],[-9.16475,38.73384],[-9.16429,38.73351],[-9.16429,38.73287],[-9.16475,38.73224],[-9.16509,38.73287]]],[[[-9.15845,38.73364],[-9.15838,38.73351],[-9.15845,38.73338],[-9.15854,38.73351],[-9.15845,38.73364]]],[[[-9.16538,38.73437],[-9.16517,38.73414],[-9.16538,38.73392],[-9.16564,38.73414],[-9.16538,38.73437]]],[[[-9.16475,38.73483],[-9.16461,38.73477],[-9.16475,38.73458],[-9.16495,38.73477],[-9.16475,38.73483]]],[[[-9.16791,38.73543],[-9.16767,38.7354],[-9.16791,38.73537],[-9.16797,38.7354],[-9.16791,38.73543]]],[[[-9.1643,38.74044],[-9.16412,38.74059],[-9.16403,38.74044],[-9.16412,38.7404],[-9.1643,38.74044]]],[[[-9.16475,38.74103],[-9.16478,38.74107],[-9.16475,38.7411],[-9.16472,38.74107],[-9.16475,38.74103]]],[[[-9.17232,38.74419],[-9.17264,38.74423],[-9.17232,38.74428],[-9.17169,38.74428],[-9.17166,38.74423],[-9.17169,38.74419],[-9.17232,38.74419]]],[[[-9.17295,38.7454],[-9.17299,38.74549],[-9.17299,38.74612],[-9.17295,38.74651],[-9.17232,38.74626],[-9.17169,38.74626],[-9.17145,38.74612],[-9.17145,38.74549],[-9.17169,38.74532],[-9.17232,38.74532],[-9.17295,38.7454]]],[[[-9.16791,38.74584],[-9.16808,38.74612],[-9.16791,38.74624],[-9.16783,38.74612],[-9.16791,38.74584]]],[[[-9.1698,38.74628],[-9.16971,38.74612],[-9.1698,38.74605],[-9.16983,38.74612],[-9.1698,38.74628]]],[[[-9.16854,38.74672],[-9.16917,38.74672],[-9.16923,38.74675],[-9.16917,38.74679],[-9.16854,38.74679],[-9.16852,38.74675],[-9.16854,38.74672]]],[[[-9.17106,38.74862],[-9.1711,38.74864],[-9.17106,38.7487],[-9.17104,38.74864],[-9.17106,38.74862]]],[[[-9.1616,38.75003],[-9.16128,38.7499],[-9.1616,38.74971],[-9.16186,38.7499],[-9.1616,38.75003]]],[[[-9.15601,38.75243],[-9.15592,38.75278],[-9.15545,38.75243],[-9.15592,38.75229],[-9.15601,38.75243]]],[[[-9.15971,38.75257],[-9.16034,38.75257],[-9.16047,38.75243],[-9.16047,38.7518],[-9.16037,38.75117],[-9.16097,38.75087],[-9.1616,38.75081],[-9.16199,38.75117],[-9.16223,38.75136],[-9.16286,38.75154],[-9.16349,38.75154],[-9.16393,38.7518],[-9.16393,38.75243],[-9.16365,38.75306],[-9.16412,38.75319],[-9.16475,38.75358],[-9.16484,38.75369],[-9.16538,38.75406],[-9.16601,38.75406],[-9.16629,38.75432],[-9.16665,38.75453],[-9.16697,38.75495],[-9.16665,38.75529],[-9.16614,38.75558],[-9.16665,38.75589],[-9.16691,38.75621],[-9.16728,38.75675],[-9.16734,38.75684],[-9.16728,38.75695],[-9.16665,38.75694],[-9.16601,38.75712],[-9.16538,38.75712],[-9.16525,38.75684],[-9.16475,38.75623],[-9.16438,38.75684],[-9.16412,38.757],[-9.16349,38.75724],[-9.16286,38.75724],[-9.16283,38.75684],[-9.16236,38.75621],[-9.16223,38.7561],[-9.16165,38.75558],[-9.1616,38.75554],[-9.16128,38.75558],[-9.16097,38.75613],[-9.16034,38.75571],[-9.15971,38.75571],[-9.15908,38.75593],[-9.15883,38.75558],[-9.15862,38.75495],[-9.15897,38.75432],[-9.15908,38.75393],[-9.15916,38.75369],[-9.15917,38.75306],[-9.15971,38.75257]],[[-9.16502,38.75558],[-9.16495,38.75495],[-9.16475,38.75485],[-9.16412,38.75465],[-9.16352,38.75432],[-9.16349,38.75425],[-9.16286,38.75425],[-9.16223,38.75416],[-9.1618,38.75369],[-9.1616,38.75357],[-9.16097,38.7533],[-9.16045,38.75369],[-9.16097,38.7541],[-9.1613,38.75432],[-9.16118,38.75495],[-9.1616,38.75527],[-9.16201,38.75558],[-9.16223,38.75578],[-9.16276,38.75621],[-9.16286,38.75635],[-9.16349,38.75635],[-9.16412,38.75638],[-9.16424,38.75621],[-9.16475,38.75583],[-9.16502,38.75558]],[[-9.16407,38.75432],[-9.16412,38.75435],[-9.16432,38.75432],[-9.16412,38.75427],[-9.16407,38.75432]],[[-9.16148,38.75306],[-9.1616,38.75312],[-9.16197,38.75306],[-9.1616,38.75293],[-9.16148,38.75306]],[[-9.16402,38.75369],[-9.16412,38.75374],[-9.16418,38.75369],[-9.16412,38.75364],[-9.16402,38.75369]]],[[[-9.15718,38.75424],[-9.15782,38.75424],[-9.15788,38.75432],[-9.15801,38.75495],[-9.15782,38.75521],[-9.15718,38.75521],[-9.15711,38.75495],[-9.157,38.75432],[-9.15718,38.75424]]],[[[-9.1685,38.75495],[-9.16854,38.75492],[-9.16917,38.75492],[-9.1698,38.7549],[-9.16987,38.75495],[-9.1698,38.75518],[-9.16917,38.75498],[-9.16854,38.75498],[-9.1685,38.75495]]],[[[-9.16087,38.75684],[-9.16097,38.75627],[-9.1616,38.7568],[-9.16162,38.75684],[-9.1616,38.75689],[-9.16097,38.75697],[-9.16087,38.75684]]],[[[-9.17232,38.76114],[-9.17245,38.76126],[-9.17232,38.76169],[-9.17169,38.76169],[-9.17154,38.76126],[-9.17169,38.76114],[-9.17232,38.76114]]],[[[-9.15971,38.7652],[-9.16034,38.7652],[-9.16042,38.76567],[-9.16034,38.76571],[-9.15971,38.76571],[-9.15967,38.76567],[-9.15971,38.7652]]],[[[-9.16728,38.76548],[-9.16748,38.76567],[-9.16728,38.76619],[-9.1669,38.76567],[-9.16728,38.76548]]],[[[-9.16665,38.76695],[-9.16662,38.76693],[-9.16665,38.76691],[-9.16667,38.76693],[-9.16665,38.76695]]],[[[-9.15846,38.7682],[-9.15845,38.76822],[-9.15843,38.7682],[-9.15845,38.76819],[-9.15846,38.7682]]],[[[-9.16412,38.76902],[-9.16402,38.76883],[-9.16374,38.7682],[-9.16412,38.76807],[-9.16471,38.76756],[-9.16475,38.76749],[-9.16488,38.76756],[-9.16538,38.76788],[-9.16601,38.76788],[-9.16618,38.7682],[-9.16665,38.76868],[-9.16728,38.76875],[-9.1674,38.76883],[-9.16734,38.76946],[-9.16728,38.76961],[-9.16665,38.7698],[-9.16601,38.77005],[-9.16538,38.77005],[-9.16475,38.76975],[-9.16431,38.76946],[-9.16412,38.76902]]],[[[-9.15845,38.78746],[-9.15782,38.78717],[-9.15774,38.78712],[-9.15782,38.78696],[-9.15845,38.78694],[-9.15908,38.78704],[-9.15923,38.78712],[-9.15971,38.78728],[-9.16034,38.78728],[-9.16097,38.78719],[-9.1616,38.7874],[-9.16183,38.78712],[-9.16223,38.78672],[-9.16286,38.78672],[-9.16323,38.78649],[-9.16349,38.78591],[-9.16358,38.78586],[-9.1636,38.78523],[-9.16374,38.78459],[-9.16359,38.78396],[-9.16349,38.78385],[-9.16286,38.78371],[-9.16223,38.78338],[-9.1616,38.7835],[-9.16097,38.78364],[-9.16049,38.78333],[-9.16097,38.78277],[-9.16131,38.7827],[-9.16097,38.78265],[-9.16034,38.78269],[-9.15971,38.78254],[-9.15908,38.78237],[-9.15849,38.7827],[-9.15845,38.78302],[-9.15782,38.78289],[-9.1577,38.7827],[-9.15718,38.78227],[-9.15655,38.78227],[-9.15622,38.7827],[-9.15592,38.78312],[-9.15559,38.78333],[-9.15529,38.78374],[-9.15514,38.78333],[-9.15516,38.7827],[-9.15529,38.78229],[-9.1554,38.78207],[-9.15529,38.78197],[-9.1552,38.78207],[-9.15466,38.78237],[-9.15403,38.78237],[-9.1534,38.78239],[-9.15277,38.78247],[-9.1525,38.7827],[-9.15214,38.78296],[-9.15151,38.78305],[-9.15088,38.78305],[-9.15065,38.78333],[-9.15025,38.78374],[-9.14966,38.78396],[-9.15,38.78459],[-9.14962,38.78517],[-9.14948,38.78523],[-9.14898,38.78552],[-9.14885,38.78523],[-9.14871,38.78459],[-9.14898,38.78444],[-9.14959,38.78396],[-9.14898,38.78371],[-9.14835,38.78367],[-9.14772,38.78367],[-9.14709,38.78368],[-9.14646,38.78345],[-9.14583,38.78386],[-9.1452,38.78386],[-9.14457,38.78344],[-9.14446,38.78333],[-9.14456,38.7827],[-9.14406,38.78207],[-9.14457,38.78162],[-9.14477,38.78207],[-9.14458,38.7827],[-9.1452,38.78327],[-9.14583,38.78327],[-9.14646,38.78325],[-9.14701,38.7827],[-9.14698,38.78207],[-9.14646,38.78189],[-9.14595,38.78144],[-9.14583,38.78115],[-9.1452,38.78115],[-9.14492,38.78081],[-9.14457,38.78059],[-9.14394,38.78048],[-9.14375,38.78018],[-9.14331,38.77976],[-9.14297,38.77955],[-9.14268,38.77908],[-9.14205,38.77908],[-9.14142,38.77917],[-9.14109,38.77892],[-9.14079,38.77831],[-9.14068,38.77829],[-9.14068,38.77766],[-9.14079,38.77755],[-9.14142,38.77712],[-9.14205,38.77708],[-9.14268,38.77708],[-9.14278,38.77703],[-9.14331,38.77685],[-9.14394,38.77694],[-9.14438,38.77703],[-9.14457,38.77708],[-9.14466,38.77703],[-9.14495,38.77639],[-9.14457,38.77609],[-9.14394,38.77605],[-9.14331,38.77585],[-9.14287,38.77639],[-9.14268,38.77693],[-9.14205,38.77693],[-9.14142,38.77671],[-9.14079,38.7768],[-9.14066,38.77639],[-9.14079,38.77599],[-9.14105,38.77576],[-9.14097,38.77513],[-9.14079,38.77494],[-9.14015,38.7747],[-9.13952,38.7747],[-9.13889,38.7751],[-9.13886,38.77513],[-9.13889,38.77537],[-9.13897,38.77576],[-9.1392,38.77639],[-9.13889,38.77667],[-9.13842,38.77639],[-9.13872,38.77576],[-9.13826,38.77566],[-9.1381,38.77576],[-9.13812,38.77639],[-9.13763,38.77683],[-9.137,38.77698],[-9.13637,38.77698],[-9.13623,38.77703],[-9.13637,38.77715],[-9.137,38.77715],[-9.13742,38.77766],[-9.13732,38.77829],[-9.13763,38.77872],[-9.13814,38.77892],[-9.13763,38.77911],[-9.13709,38.77955],[-9.13759,38.78018],[-9.137,38.78037],[-9.13637,38.78037],[-9.13574,38.78064],[-9.13546,38.78081],[-9.13546,38.78144],[-9.13574,38.78158],[-9.13609,38.78144],[-9.13637,38.78132],[-9.137,38.78132],[-9.13725,38.78144],[-9.13763,38.78173],[-9.13813,38.78144],[-9.13826,38.7814],[-9.13832,38.78144],[-9.13826,38.78191],[-9.13822,38.78207],[-9.13826,38.78211],[-9.13858,38.78207],[-9.13889,38.78205],[-9.1389,38.78207],[-9.13952,38.78256],[-9.14015,38.78256],[-9.14079,38.78233],[-9.14085,38.7827],[-9.14092,38.78333],[-9.14079,38.7836],[-9.1404,38.78333],[-9.14015,38.78309],[-9.13952,38.78309],[-9.13938,38.78333],[-9.13946,38.78396],[-9.13946,38.78459],[-9.13952,38.78464],[-9.14015,38.78464],[-9.14079,38.78508],[-9.1409,38.78523],[-9.1411,38.78586],[-9.14079,38.78611],[-9.14034,38.78649],[-9.14079,38.78706],[-9.14131,38.78649],[-9.14142,38.78634],[-9.14205,38.78634],[-9.14268,38.78634],[-9.14288,38.78649],[-9.14331,38.78689],[-9.14374,38.78649],[-9.14384,38.78586],[-9.14331,38.78552],[-9.14268,38.78532],[-9.14205,38.78532],[-9.14196,38.78523],[-9.14205,38.78508],[-9.14268,38.78508],[-9.14331,38.78503],[-9.14394,38.78503],[-9.14437,38.78523],[-9.14399,38.78586],[-9.14412,38.78649],[-9.14457,38.78674],[-9.14485,38.78649],[-9.1452,38.78617],[-9.14583,38.78617],[-9.14646,38.78626],[-9.14709,38.78638],[-9.14722,38.78649],[-9.14709,38.78658],[-9.14646,38.78664],[-9.14599,38.78712],[-9.14583,38.78727],[-9.1452,38.78727],[-9.14469,38.78775],[-9.14504,38.78815],[-9.14444,38.78826],[-9.14444,38.78775],[-9.14394,38.78722],[-9.14331,38.78743],[-9.14302,38.78775],[-9.14268,38.78785],[-9.14205,38.78785],[-9.14174,38.78785],[-9.14169,38.7878],[-9.14174,38.78773],[-9.14115,38.7872],[-9.13902,38.78653],[-9.13902,38.78649],[-9.13889,38.78636],[-9.13852,38.78637],[-9.13815,38.78625],[-9.1378,38.78586],[-9.13763,38.78564],[-9.13722,38.78523],[-9.137,38.78512],[-9.13637,38.78512],[-9.13574,38.78508],[-9.13564,38.78513],[-9.13495,38.78504],[-9.13495,38.78459],[-9.1347,38.78396],[-9.13448,38.7834],[-9.13401,38.78396],[-9.13412,38.78459],[-9.13412,38.78492],[-9.13378,38.78487],[-9.13169,38.78441],[-9.13182,38.78396],[-9.13145,38.78333],[-9.13132,38.78317],[-9.13069,38.78317],[-9.13006,38.78321],[-9.12943,38.78296],[-9.1288,38.78305],[-9.12851,38.78333],[-9.12821,38.7838],[-9.12715,38.78347],[-9.12715,38.78333],[-9.12691,38.78313],[-9.12628,38.78312],[-9.12576,38.7827],[-9.12565,38.78258],[-9.12502,38.78258],[-9.12491,38.7827],[-9.12491,38.78284],[-9.12486,38.78283],[-9.12407,38.78281],[-9.12407,38.7827],[-9.12376,38.78248],[-9.12349,38.7827],[-9.12349,38.78294],[-9.12214,38.78333],[-9.12202,38.78333],[-9.12161,38.78264],[-9.12116,38.78266],[-9.12123,38.78239],[-9.12126,38.78207],[-9.12186,38.78159],[-9.12249,38.78159],[-9.1231,38.78207],[-9.12313,38.78215],[-9.12319,38.78207],[-9.12376,38.78197],[-9.12414,38.78144],[-9.12376,38.78089],[-9.12357,38.78081],[-9.12376,38.78073],[-9.12439,38.78031],[-9.12502,38.78046],[-9.12565,38.78046],[-9.12609,38.78018],[-9.12565,38.78006],[-9.12502,38.78006],[-9.12439,38.77986],[-9.12376,38.77976],[-9.12313,38.77995],[-9.12293,38.78018],[-9.12249,38.78049],[-9.12186,38.78049],[-9.12177,38.78018],[-9.12167,38.77955],[-9.12186,38.77944],[-9.12249,38.77944],[-9.12301,38.77892],[-9.12249,38.77851],[-9.12186,38.77851],[-9.12123,38.77876],[-9.12114,38.77829],[-9.12114,38.77766],[-9.12104,38.77703],[-9.12123,38.77655],[-9.12134,38.77703],[-9.12186,38.77755],[-9.12249,38.77755],[-9.12309,38.77703],[-9.12249,38.77666],[-9.12186,38.77666],[-9.12129,38.77639],[-9.12123,38.77624],[-9.1206,38.7758],[-9.12037,38.77576],[-9.1206,38.77569],[-9.12089,38.77513],[-9.12086,38.7745],[-9.1206,38.77398],[-9.12042,38.7745],[-9.12021,38.77513],[-9.11997,38.77559],[-9.11934,38.77559],[-9.11915,38.77513],[-9.11871,38.77468],[-9.11808,38.77454],[-9.11796,38.7745],[-9.11808,38.77403],[-9.11871,38.77407],[-9.11934,38.77392],[-9.11997,38.77392],[-9.12029,38.77387],[-9.12037,38.77324],[-9.11999,38.77261],[-9.11997,38.77255],[-9.11934,38.77255],[-9.11902,38.77261],[-9.11871,38.77272],[-9.11808,38.7732],[-9.11786,38.77261],[-9.11808,38.7723],[-9.11867,38.77198],[-9.11808,38.77145],[-9.11801,38.77135],[-9.11808,38.77131],[-9.11867,38.77072],[-9.11811,38.77009],[-9.11871,38.76991],[-9.11934,38.76981],[-9.11997,38.76981],[-9.12057,38.76946],[-9.1206,38.76942],[-9.12063,38.76946],[-9.12123,38.76981],[-9.12136,38.77009],[-9.12123,38.77061],[-9.1206,38.77025],[-9.12029,38.77072],[-9.1206,38.77119],[-9.12092,38.77135],[-9.12062,38.77198],[-9.12123,38.77226],[-9.12161,38.77261],[-9.12159,38.77324],[-9.12168,38.77387],[-9.12155,38.7745],[-9.12186,38.77483],[-9.12249,38.77483],[-9.12286,38.7745],[-9.12313,38.77407],[-9.1234,38.7745],[-9.12376,38.77496],[-9.12439,38.77494],[-9.12502,38.7746],[-9.12565,38.7746],[-9.12579,38.7745],[-9.1262,38.77387],[-9.12592,38.77324],[-9.12628,38.77313],[-9.12661,38.77261],[-9.12628,38.77213],[-9.12612,38.77198],[-9.12612,38.77135],[-9.12616,38.77072],[-9.12628,38.77053],[-9.12637,38.77009],[-9.12628,38.76999],[-9.12565,38.76998],[-9.12502,38.76998],[-9.12477,38.76946],[-9.12502,38.76924],[-9.12565,38.76924],[-9.1262,38.76883],[-9.12628,38.76851],[-9.12691,38.76839],[-9.12754,38.76823],[-9.12817,38.76823],[-9.1288,38.76821],[-9.12943,38.76849],[-9.12996,38.7682],[-9.12943,38.76801],[-9.12895,38.76756],[-9.12929,38.76693],[-9.12943,38.76656],[-9.12973,38.76693],[-9.13006,38.76721],[-9.13063,38.76756],[-9.13017,38.7682],[-9.13069,38.76849],[-9.13132,38.76849],[-9.13196,38.76866],[-9.13219,38.76883],[-9.13196,38.76914],[-9.13174,38.76946],[-9.13132,38.76987],[-9.13069,38.76987],[-9.13063,38.77009],[-9.13069,38.77032],[-9.13132,38.77032],[-9.13185,38.77072],[-9.13196,38.77079],[-9.13252,38.77135],[-9.13252,38.77198],[-9.13196,38.77254],[-9.13188,38.77261],[-9.13132,38.77296],[-9.13069,38.77296],[-9.13053,38.77324],[-9.13069,38.77384],[-9.13132,38.77384],[-9.13133,38.77387],[-9.13132,38.77389],[-9.13069,38.77389],[-9.13038,38.77387],[-9.13006,38.77386],[-9.13005,38.77387],[-9.12986,38.7745],[-9.12943,38.77499],[-9.12924,38.77513],[-9.12943,38.77525],[-9.12991,38.77576],[-9.12943,38.7762],[-9.12923,38.77639],[-9.12943,38.77699],[-9.12944,38.77703],[-9.12943,38.77718],[-9.12931,38.77766],[-9.12904,38.77829],[-9.1288,38.77851],[-9.12817,38.77832],[-9.12754,38.77852],[-9.12698,38.77892],[-9.12754,38.77949],[-9.12817,38.77949],[-9.12821,38.77955],[-9.12817,38.77958],[-9.12754,38.77958],[-9.12691,38.77973],[-9.12633,38.78018],[-9.12659,38.78081],[-9.12691,38.78109],[-9.12754,38.78142],[-9.12817,38.78142],[-9.12822,38.78144],[-9.1288,38.78154],[-9.12907,38.78144],[-9.12943,38.78095],[-9.12955,38.78081],[-9.13006,38.78036],[-9.13042,38.78018],[-9.13069,38.78011],[-9.13132,38.78011],[-9.13196,38.77994],[-9.13259,38.78016],[-9.13308,38.77955],[-9.13322,38.77934],[-9.13365,38.77955],[-9.13385,38.78007],[-9.13448,38.78007],[-9.13457,38.77955],[-9.13448,38.77902],[-9.13385,38.77902],[-9.13382,38.77892],[-9.13385,38.77876],[-9.13448,38.77876],[-9.13461,38.77829],[-9.13451,38.77766],[-9.13448,38.77757],[-9.13385,38.77757],[-9.13322,38.77707],[-9.13318,38.77703],[-9.13322,38.77696],[-9.13385,38.77643],[-9.13448,38.77643],[-9.13511,38.77652],[-9.13529,38.77639],[-9.13511,38.77622],[-9.13487,38.77576],[-9.13511,38.77548],[-9.13573,38.77513],[-9.13533,38.7745],[-9.13574,38.77415],[-9.13618,38.7745],[-9.13637,38.7751],[-9.137,38.7751],[-9.13704,38.77513],[-9.13763,38.77549],[-9.13826,38.77524],[-9.13839,38.77513],[-9.13826,38.77499],[-9.13779,38.7745],[-9.138,38.77387],[-9.13789,38.77324],[-9.13826,38.77312],[-9.13882,38.77261],[-9.13875,38.77198],[-9.13878,38.77135],[-9.13889,38.77119],[-9.13952,38.77076],[-9.14015,38.77076],[-9.14021,38.77072],[-9.14079,38.77057],[-9.14125,38.77009],[-9.14079,38.76977],[-9.14044,38.76946],[-9.14079,38.76905],[-9.14099,38.76883],[-9.14121,38.7682],[-9.14142,38.76796],[-9.14177,38.76756],[-9.14205,38.76745],[-9.14268,38.76745],[-9.14331,38.76755],[-9.14341,38.76756],[-9.14394,38.76788],[-9.14405,38.76756],[-9.14434,38.76693],[-9.14457,38.76645],[-9.14489,38.76693],[-9.1452,38.76749],[-9.14583,38.76749],[-9.14646,38.76748],[-9.14662,38.76756],[-9.14709,38.76771],[-9.14745,38.7682],[-9.14709,38.76871],[-9.14672,38.7682],[-9.14646,38.76764],[-9.14583,38.76763],[-9.1452,38.76763],[-9.14457,38.76802],[-9.14416,38.7682],[-9.14394,38.76846],[-9.14382,38.76883],[-9.14394,38.76893],[-9.14449,38.76946],[-9.14404,38.77009],[-9.14457,38.77045],[-9.14503,38.77072],[-9.14457,38.77098],[-9.14417,38.77135],[-9.14457,38.77196],[-9.14458,38.77198],[-9.1452,38.7724],[-9.14583,38.7724],[-9.14606,38.77261],[-9.14646,38.77304],[-9.1468,38.77261],[-9.14709,38.77203],[-9.14772,38.77201],[-9.14835,38.77205],[-9.14898,38.77205],[-9.14908,38.77198],[-9.14962,38.77176],[-9.14981,38.77198],[-9.14962,38.77234],[-9.1494,38.77261],[-9.14898,38.77307],[-9.14835,38.77307],[-9.1482,38.77324],[-9.14772,38.77375],[-9.14741,38.77387],[-9.14772,38.77395],[-9.14835,38.77409],[-9.14898,38.77409],[-9.14932,38.7745],[-9.14962,38.77473],[-9.15025,38.77487],[-9.15088,38.7747],[-9.15151,38.7747],[-9.15174,38.77513],[-9.15214,38.77547],[-9.15277,38.77559],[-9.1534,38.7754],[-9.15366,38.77513],[-9.1534,38.77491],[-9.15277,38.77481],[-9.15219,38.7745],[-9.15277,38.77403],[-9.15312,38.77387],[-9.1534,38.77364],[-9.15374,38.77387],[-9.15403,38.77428],[-9.15466,38.77428],[-9.15529,38.77438],[-9.15532,38.7745],[-9.15529,38.77474],[-9.15503,38.77513],[-9.15529,38.77528],[-9.15592,38.77525],[-9.15618,38.77513],[-9.15645,38.7745],[-9.15592,38.77401],[-9.15553,38.77387],[-9.15592,38.77361],[-9.15646,38.77324],[-9.15634,38.77261],[-9.15655,38.772],[-9.15718,38.772],[-9.15743,38.77261],[-9.15758,38.77324],[-9.15782,38.77334],[-9.15845,38.77384],[-9.15908,38.77379],[-9.1591,38.77387],[-9.15908,38.77389],[-9.15865,38.7745],[-9.15845,38.7747],[-9.15782,38.77509],[-9.15777,38.77513],[-9.15782,38.77518],[-9.15804,38.77576],[-9.15782,38.77593],[-9.15726,38.77639],[-9.15782,38.77665],[-9.15832,38.77703],[-9.15845,38.77748],[-9.15874,38.77703],[-9.15883,38.77639],[-9.15908,38.7762],[-9.15971,38.77631],[-9.16034,38.77631],[-9.16097,38.77621],[-9.16118,38.77576],[-9.16097,38.77517],[-9.16095,38.77513],[-9.16097,38.7751],[-9.16101,38.77513],[-9.1616,38.77532],[-9.16176,38.77513],[-9.1616,38.7747],[-9.16143,38.7745],[-9.1616,38.77434],[-9.16223,38.77435],[-9.1626,38.77387],[-9.16232,38.77324],[-9.1623,38.77261],[-9.16286,38.77232],[-9.16349,38.77232],[-9.16412,38.77218],[-9.16475,38.7721],[-9.16523,38.77261],[-9.16538,38.7727],[-9.16601,38.7727],[-9.16613,38.77261],[-9.16665,38.772],[-9.16666,38.77198],[-9.16668,38.77135],[-9.16668,38.77072],[-9.16728,38.77031],[-9.16748,38.77009],[-9.16791,38.76983],[-9.16854,38.76964],[-9.16917,38.76964],[-9.16959,38.76946],[-9.1696,38.76883],[-9.16917,38.76865],[-9.16854,38.76865],[-9.16822,38.7682],[-9.16791,38.76761],[-9.16728,38.76766],[-9.1672,38.76756],[-9.16728,38.76746],[-9.16791,38.76751],[-9.1682,38.76693],[-9.16854,38.76657],[-9.16917,38.76657],[-9.1698,38.76684],[-9.16999,38.7663],[-9.17043,38.76597],[-9.17106,38.76607],[-9.17156,38.76567],[-9.17169,38.76552],[-9.17232,38.76552],[-9.17295,38.76535],[-9.17335,38.76567],[-9.17353,38.7663],[-9.17358,38.76654],[-9.1736,38.7663],[-9.17392,38.76567],[-9.17358,38.76527],[-9.17342,38.76504],[-9.17295,38.76455],[-9.1728,38.76441],[-9.17232,38.7638],[-9.17169,38.7638],[-9.17167,38.76378],[-9.17169,38.76376],[-9.17232,38.76376],[-9.17295,38.76337],[-9.17329,38.76315],[-9.17295,38.76257],[-9.17248,38.76252],[-9.17295,38.76244],[-9.17355,38.76189],[-9.17358,38.76188],[-9.17421,38.76183],[-9.17484,38.76183],[-9.17548,38.76163],[-9.17589,38.76126],[-9.17611,38.76094],[-9.17669,38.76126],[-9.17642,38.76189],[-9.17674,38.76224],[-9.1769,38.76189],[-9.17689,38.76126],[-9.17737,38.76122],[-9.178,38.76122],[-9.17805,38.76126],[-9.17836,38.76189],[-9.17823,38.76252],[-9.17863,38.76281],[-9.17891,38.76252],[-9.17896,38.76189],[-9.17898,38.76126],[-9.17926,38.761],[-9.17956,38.76063],[-9.17989,38.76026],[-9.18052,38.76026],[-9.18115,38.7604],[-9.18142,38.76],[-9.18178,38.75962],[-9.18241,38.75938],[-9.18243,38.75937],[-9.18252,38.75873],[-9.18241,38.7587],[-9.18216,38.7581],[-9.18178,38.75768],[-9.18115,38.7577],[-9.1809,38.75747],[-9.18084,38.75684],[-9.18115,38.75657],[-9.18169,38.75684],[-9.18178,38.75698],[-9.18241,38.75692],[-9.18304,38.75718],[-9.18368,38.75718],[-9.18396,38.75747],[-9.1842,38.7581],[-9.1842,38.75873],[-9.18431,38.75877],[-9.18433,38.75873],[-9.18433,38.7581],[-9.18494,38.75768],[-9.18552,38.75747],[-9.18494,38.75725],[-9.18472,38.75684],[-9.18494,38.75664],[-9.18557,38.75674],[-9.1862,38.75679],[-9.18683,38.75679],[-9.18686,38.75684],[-9.18683,38.75686],[-9.1862,38.75686],[-9.18559,38.75747],[-9.18557,38.75779],[-9.18554,38.7581],[-9.18557,38.75812],[-9.1856,38.7581],[-9.1862,38.75788],[-9.18683,38.75788],[-9.18705,38.7581],[-9.18746,38.75841],[-9.18809,38.75839],[-9.18821,38.7581],[-9.18872,38.75753],[-9.18935,38.75753],[-9.18943,38.75747],[-9.18998,38.75703],[-9.19018,38.75684],[-9.19061,38.75648],[-9.19097,38.75684],[-9.19062,38.75747],[-9.19124,38.75806],[-9.19167,38.75747],[-9.19159,38.75684],[-9.19187,38.7564],[-9.19251,38.7564],[-9.19267,38.75621],[-9.19314,38.75565],[-9.19318,38.75558],[-9.19314,38.75555],[-9.19251,38.75548],[-9.19187,38.75548],[-9.19124,38.75511],[-9.19061,38.75533],[-9.18998,38.75534],[-9.18935,38.75513],[-9.18872,38.75513],[-9.18809,38.75509],[-9.18773,38.75495],[-9.18746,38.7546],[-9.18724,38.75432],[-9.18746,38.75416],[-9.18764,38.75369],[-9.18809,38.75318],[-9.18826,38.75306],[-9.18821,38.75243],[-9.18809,38.75231],[-9.18789,38.7518],[-9.18809,38.75151],[-9.18851,38.75117],[-9.18809,38.75081],[-9.18746,38.75098],[-9.1873,38.75117],[-9.1871,38.7518],[-9.18746,38.7522],[-9.18798,38.75243],[-9.18746,38.75284],[-9.18717,38.75306],[-9.18683,38.75331],[-9.1862,38.75331],[-9.18557,38.75344],[-9.18494,38.75332],[-9.18431,38.75354],[-9.18368,38.75347],[-9.18304,38.75347],[-9.18259,38.75306],[-9.18241,38.75289],[-9.18178,38.75256],[-9.18149,38.75243],[-9.18149,38.7518],[-9.18115,38.75121],[-9.18052,38.75121],[-9.1805,38.75117],[-9.18039,38.75054],[-9.17989,38.75],[-9.17965,38.7499],[-9.17989,38.74982],[-9.18052,38.74984],[-9.18115,38.74984],[-9.18124,38.7499],[-9.18178,38.7503],[-9.18241,38.75025],[-9.18273,38.7499],[-9.18241,38.74949],[-9.18222,38.74927],[-9.18178,38.74892],[-9.18115,38.74871],[-9.18052,38.74871],[-9.18042,38.74864],[-9.18052,38.74857],[-9.18115,38.74857],[-9.18171,38.74801],[-9.18178,38.74797],[-9.18216,38.74738],[-9.18241,38.74711],[-9.18277,38.74738],[-9.18304,38.74791],[-9.18368,38.74791],[-9.18388,38.74801],[-9.18368,38.74816],[-9.18304,38.74816],[-9.18273,38.74864],[-9.18304,38.74888],[-9.18368,38.74888],[-9.18414,38.74927],[-9.18431,38.74944],[-9.18447,38.74927],[-9.18494,38.74895],[-9.18557,38.74895],[-9.18615,38.74927],[-9.18593,38.7499],[-9.1862,38.7504],[-9.18683,38.7504],[-9.18746,38.75028],[-9.18809,38.75034],[-9.18872,38.75006],[-9.18935,38.75006],[-9.18998,38.7505],[-9.1903,38.75054],[-9.19042,38.75117],[-9.19061,38.75127],[-9.19073,38.75117],[-9.19065,38.75054],[-9.19096,38.7499],[-9.19117,38.74927],[-9.19124,38.74896],[-9.1916,38.74864],[-9.19187,38.74849],[-9.19251,38.74849],[-9.19314,38.74838],[-9.19377,38.74808],[-9.1944,38.74852],[-9.19499,38.74864],[-9.1944,38.7488],[-9.19377,38.74885],[-9.19324,38.74927],[-9.19377,38.74969],[-9.1944,38.74977],[-9.19503,38.74975],[-9.19566,38.74975],[-9.19629,38.74965],[-9.19692,38.74954],[-9.19742,38.74927],[-9.19717,38.74864],[-9.1972,38.74801],[-9.19692,38.74773],[-9.19629,38.7477],[-9.19566,38.74791],[-9.19503,38.74791],[-9.1944,38.74761],[-9.19394,38.74738],[-9.19377,38.74701],[-9.19364,38.74675],[-9.19377,38.74651],[-9.19398,38.74612],[-9.1944,38.74574],[-9.19477,38.74549],[-9.19477,38.74486],[-9.19503,38.74449],[-9.19566,38.74449],[-9.19582,38.74486],[-9.19582,38.74549],[-9.19566,38.74594],[-9.19503,38.74594],[-9.19494,38.74612],[-9.19487,38.74675],[-9.19503,38.7468],[-9.19566,38.7468],[-9.19579,38.74675],[-9.19629,38.74632],[-9.19644,38.74675],[-9.19692,38.747],[-9.1973,38.74675],[-9.19755,38.74623],[-9.19818,38.74623],[-9.19834,38.74612],[-9.19859,38.74549],[-9.19881,38.74519],[-9.19944,38.7449],[-9.1996,38.74486],[-9.20007,38.74482],[-9.20037,38.74423],[-9.2007,38.74394],[-9.20134,38.74394],[-9.20174,38.74423],[-9.20173,38.74486],[-9.20179,38.74549],[-9.20189,38.74612],[-9.20134,38.74629],[-9.2007,38.74629],[-9.20007,38.74665],[-9.19944,38.74637],[-9.19906,38.74675],[-9.19922,38.74738],[-9.19944,38.74791],[-9.19956,38.74801],[-9.19944,38.74827],[-9.19932,38.74864],[-9.19888,38.74927],[-9.19881,38.74943],[-9.19853,38.7499],[-9.19818,38.75],[-9.19755,38.75],[-9.19692,38.75018],[-9.19672,38.75054],[-9.19629,38.75079],[-9.19593,38.75054],[-9.19566,38.75009],[-9.19503,38.75009],[-9.19482,38.75054],[-9.19503,38.75085],[-9.19566,38.75085],[-9.19588,38.75117],[-9.19582,38.7518],[-9.19605,38.75243],[-9.19629,38.75259],[-9.19668,38.75306],[-9.19629,38.75345],[-9.1958,38.75306],[-9.19566,38.75286],[-9.19503,38.75286],[-9.19471,38.75306],[-9.19481,38.75369],[-9.1944,38.75403],[-9.19419,38.75432],[-9.19387,38.75495],[-9.1944,38.75518],[-9.19456,38.75558],[-9.19503,38.75587],[-9.19566,38.75587],[-9.19613,38.75558],[-9.19566,38.75505],[-9.19503,38.75505],[-9.19471,38.75495],[-9.19498,38.75432],[-9.19503,38.75424],[-9.19566,38.75424],[-9.19629,38.75421],[-9.19653,38.75432],[-9.19676,38.75495],[-9.19692,38.75514],[-9.19755,38.75507],[-9.19818,38.75507],[-9.19836,38.75495],[-9.19818,38.75482],[-9.19755,38.75482],[-9.19699,38.75432],[-9.19752,38.75369],[-9.19755,38.75365],[-9.19818,38.75365],[-9.19821,38.75369],[-9.19881,38.75406],[-9.19926,38.75432],[-9.19944,38.7545],[-9.19978,38.75495],[-9.19944,38.75531],[-9.19925,38.75558],[-9.19944,38.7558],[-9.20007,38.75561],[-9.20031,38.75621],[-9.2007,38.7568],[-9.20089,38.75684],[-9.20134,38.75691],[-9.20161,38.75684],[-9.20197,38.75663],[-9.20207,38.75684],[-9.20237,38.75747],[-9.20237,38.75788],[-9.20149,38.75817],[-9.20149,38.7581],[-9.20143,38.75747],[-9.20134,38.75742],[-9.2007,38.75741],[-9.20067,38.75747],[-9.20014,38.7581],[-9.20014,38.75863],[-9.1999,38.7588],[-9.19976,38.75882],[-9.19976,38.75873],[-9.19944,38.75871],[-9.19941,38.75873],[-9.19941,38.75887],[-9.19826,38.75903],[-9.19826,38.75873],[-9.19826,38.7581],[-9.19818,38.75795],[-9.19755,38.75795],[-9.19749,38.7581],[-9.19749,38.75873],[-9.19755,38.75876],[-9.19803,38.75924],[-9.19797,38.75967],[-9.1977,38.75937],[-9.19755,38.75921],[-9.19734,38.75937],[-9.19692,38.75989],[-9.19648,38.76],[-9.19629,38.76008],[-9.19621,38.76],[-9.19578,38.75937],[-9.19566,38.75918],[-9.19503,38.75918],[-9.19487,38.75937],[-9.19503,38.75955],[-9.19519,38.76],[-9.1955,38.76063],[-9.19503,38.76122],[-9.1944,38.76122],[-9.19433,38.76126],[-9.194,38.76189],[-9.1944,38.76224],[-9.19503,38.76224],[-9.19543,38.76189],[-9.19566,38.76139],[-9.19629,38.7617],[-9.19692,38.7616],[-9.19755,38.7614],[-9.19818,38.7614],[-9.19874,38.76189],[-9.19881,38.76196],[-9.19941,38.76252],[-9.19941,38.763],[-9.19897,38.76322],[-9.19897,38.76315],[-9.19887,38.76252],[-9.19881,38.76247],[-9.1985,38.76252],[-9.19818,38.76304],[-9.19755,38.76304],[-9.19724,38.76315],[-9.19752,38.76378],[-9.19751,38.76378],[-9.19692,38.76432],[-9.19629,38.76438],[-9.19566,38.7644],[-9.19564,38.76441],[-9.19565,38.76504],[-9.19566,38.76505],[-9.19629,38.76506],[-9.19668,38.76567],[-9.19692,38.76597],[-9.19706,38.76567],[-9.19755,38.76505],[-9.19756,38.76504],[-9.19791,38.76469],[-9.19811,38.765],[-9.19807,38.76504],[-9.19755,38.76556],[-9.19746,38.76567],[-9.19755,38.76578],[-9.19807,38.7663],[-9.19791,38.76652],[-9.19758,38.7663],[-9.19755,38.76627],[-9.19747,38.7663],[-9.19692,38.7667],[-9.19674,38.76693],[-9.19629,38.76727],[-9.19599,38.76693],[-9.19598,38.7663],[-9.19566,38.76608],[-9.19522,38.7663],[-9.19503,38.76647],[-9.1944,38.76647],[-9.19403,38.76693],[-9.19377,38.76744],[-9.19365,38.76756],[-9.19314,38.76805],[-9.19282,38.7682],[-9.19278,38.76883],[-9.19251,38.76903],[-9.19187,38.76903],[-9.19124,38.76927],[-9.19061,38.76935],[-9.19058,38.76946],[-9.18998,38.76994],[-9.18955,38.76946],[-9.18935,38.76923],[-9.18872,38.76923],[-9.18847,38.76946],[-9.18809,38.76998],[-9.18768,38.76946],[-9.18806,38.76883],[-9.18809,38.76878],[-9.18832,38.7682],[-9.18872,38.76774],[-9.18935,38.76774],[-9.18954,38.76756],[-9.18935,38.76728],[-9.18872,38.76728],[-9.18858,38.76693],[-9.18809,38.7665],[-9.18746,38.76652],[-9.18716,38.76693],[-9.18746,38.7673],[-9.188,38.76756],[-9.18777,38.7682],[-9.18746,38.76847],[-9.18732,38.7682],[-9.18683,38.76763],[-9.1862,38.76763],[-9.18557,38.76763],[-9.18494,38.76766],[-9.18471,38.76756],[-9.18494,38.76741],[-9.18531,38.76693],[-9.18557,38.76668],[-9.1862,38.76648],[-9.18683,38.76648],[-9.18711,38.7663],[-9.18746,38.7661],[-9.18809,38.76571],[-9.18872,38.76596],[-9.18935,38.76596],[-9.18998,38.76617],[-9.19014,38.7663],[-9.19061,38.7667],[-9.19116,38.7663],[-9.19124,38.76603],[-9.19165,38.76567],[-9.19187,38.7656],[-9.19251,38.7656],[-9.19314,38.76562],[-9.19353,38.76567],[-9.19376,38.7663],[-9.19377,38.76632],[-9.19381,38.7663],[-9.1944,38.76605],[-9.19503,38.76605],[-9.1952,38.76567],[-9.19503,38.7655],[-9.1944,38.7655],[-9.19377,38.76563],[-9.19349,38.76504],[-9.19353,38.76441],[-9.19343,38.76378],[-9.19342,38.76315],[-9.19367,38.76252],[-9.19314,38.76215],[-9.19278,38.76189],[-9.19251,38.76139],[-9.19187,38.76139],[-9.19124,38.76139],[-9.19105,38.76126],[-9.19061,38.76115],[-9.18998,38.76077],[-9.18975,38.76063],[-9.18948,38.76],[-9.18935,38.75981],[-9.18872,38.75981],[-9.18809,38.75963],[-9.18746,38.7598],[-9.18734,38.76],[-9.18683,38.76031],[-9.1862,38.76031],[-9.18557,38.76027],[-9.18511,38.76063],[-9.18525,38.76126],[-9.18523,38.76189],[-9.18494,38.76203],[-9.18482,38.76189],[-9.18463,38.76126],[-9.18431,38.76085],[-9.18386,38.76063],[-9.18368,38.76053],[-9.18304,38.76053],[-9.18241,38.7604],[-9.18234,38.76063],[-9.18207,38.76126],[-9.18178,38.7615],[-9.18124,38.76126],[-9.18115,38.76121],[-9.18107,38.76126],[-9.18115,38.76138],[-9.18134,38.76189],[-9.18133,38.76252],[-9.18176,38.76315],[-9.18132,38.76378],[-9.18115,38.76419],[-9.18052,38.76417],[-9.17989,38.76417],[-9.17974,38.76441],[-9.17926,38.76497],[-9.17863,38.76491],[-9.1786,38.76504],[-9.178,38.76536],[-9.17737,38.76536],[-9.17685,38.76504],[-9.17687,38.76441],[-9.17675,38.76378],[-9.17674,38.76375],[-9.17673,38.76378],[-9.17611,38.76418],[-9.17561,38.76441],[-9.17561,38.76504],[-9.17607,38.76567],[-9.17611,38.76572],[-9.17622,38.7663],[-9.17621,38.76693],[-9.17611,38.76713],[-9.1755,38.76756],[-9.17611,38.76803],[-9.17619,38.7682],[-9.17654,38.76883],[-9.17611,38.76914],[-9.17581,38.76946],[-9.17588,38.77009],[-9.17548,38.77042],[-9.17486,38.77009],[-9.17494,38.76946],[-9.17523,38.76883],[-9.17484,38.76854],[-9.17421,38.76854],[-9.174,38.76883],[-9.1739,38.76946],[-9.1742,38.77009],[-9.17358,38.77064],[-9.17332,38.77072],[-9.17295,38.77098],[-9.17284,38.77072],[-9.17283,38.77009],[-9.17232,38.76983],[-9.17211,38.77009],[-9.17196,38.77072],[-9.17191,38.77135],[-9.17169,38.77158],[-9.17106,38.77158],[-9.17082,38.77135],[-9.17043,38.77104],[-9.16986,38.77135],[-9.16994,38.77198],[-9.1698,38.77216],[-9.1693,38.77261],[-9.16917,38.77304],[-9.16854,38.77304],[-9.16827,38.77261],[-9.16791,38.77247],[-9.16728,38.77215],[-9.16694,38.77261],[-9.1672,38.77324],[-9.16665,38.77369],[-9.16631,38.77387],[-9.16601,38.77422],[-9.16538,38.77422],[-9.16515,38.7745],[-9.16537,38.77513],[-9.16538,38.77529],[-9.16601,38.77529],[-9.16611,38.77576],[-9.16601,38.77584],[-9.16538,38.77584],[-9.16519,38.77576],[-9.16475,38.77569],[-9.16467,38.77576],[-9.16462,38.77639],[-9.16475,38.77648],[-9.16509,38.77703],[-9.16509,38.77766],[-9.16538,38.77794],[-9.16601,38.77794],[-9.16629,38.77829],[-9.16665,38.77885],[-9.1667,38.77892],[-9.16665,38.77898],[-9.16601,38.77934],[-9.16538,38.77934],[-9.16516,38.77955],[-9.16538,38.77982],[-9.16601,38.77982],[-9.16618,38.78018],[-9.16601,38.78045],[-9.16538,38.78045],[-9.16502,38.78081],[-9.16538,38.78101],[-9.16601,38.78101],[-9.16643,38.78144],[-9.1666,38.78207],[-9.16665,38.78215],[-9.1667,38.78207],[-9.16728,38.78174],[-9.16775,38.78207],[-9.16791,38.78225],[-9.16854,38.78216],[-9.16917,38.78216],[-9.16939,38.78207],[-9.16958,38.78144],[-9.16917,38.78105],[-9.16854,38.78105],[-9.16791,38.78084],[-9.16784,38.78081],[-9.16791,38.78079],[-9.16823,38.78018],[-9.16854,38.77968],[-9.16917,38.77968],[-9.1698,38.7797],[-9.17043,38.7796],[-9.17106,38.77996],[-9.17169,38.77996],[-9.17203,38.77955],[-9.17232,38.77911],[-9.17255,38.77955],[-9.17295,38.78004],[-9.17358,38.77983],[-9.17421,38.77958],[-9.17484,38.77958],[-9.17548,38.77985],[-9.17581,38.78018],[-9.17581,38.78038],[-9.17568,38.78041],[-9.17513,38.78023],[-9.17391,38.78057],[-9.17386,38.78074],[-9.17358,38.78048],[-9.17295,38.78069],[-9.17232,38.78065],[-9.17209,38.78081],[-9.17232,38.78114],[-9.1726,38.78144],[-9.17285,38.78207],[-9.17285,38.78213],[-9.17281,38.78215],[-9.1725,38.78245],[-9.1725,38.78207],[-9.17232,38.78176],[-9.17213,38.78207],[-9.17216,38.7827],[-9.17216,38.78274],[-9.17185,38.78278],[-9.17185,38.7827],[-9.17175,38.78207],[-9.17183,38.78144],[-9.17169,38.78136],[-9.17106,38.78136],[-9.1709,38.78144],[-9.17043,38.78174],[-9.17003,38.78207],[-9.17031,38.7827],[-9.17043,38.78311],[-9.17053,38.78333],[-9.17053,38.78364],[-9.17047,38.78367],[-9.17023,38.78367],[-9.16962,38.78491],[-9.1692,38.78459],[-9.16917,38.78447],[-9.16854,38.78447],[-9.16839,38.78396],[-9.16854,38.78373],[-9.16917,38.78373],[-9.16935,38.78333],[-9.16917,38.78302],[-9.16854,38.78302],[-9.16799,38.78333],[-9.16791,38.78338],[-9.16745,38.78396],[-9.16771,38.78459],[-9.16791,38.78514],[-9.16805,38.78523],[-9.16791,38.78527],[-9.16765,38.78523],[-9.16728,38.78517],[-9.16701,38.78523],[-9.16665,38.78537],[-9.16646,38.78586],[-9.16646,38.78624],[-9.16597,38.7863],[-9.16578,38.78608],[-9.16549,38.78619],[-9.16535,38.78661],[-9.16511,38.7866],[-9.16385,38.78748],[-9.16392,38.78787],[-9.16368,38.7881],[-9.16312,38.78809],[-9.1624,38.78864],[-9.16172,38.78876],[-9.16087,38.78958],[-9.16079,38.79004],[-9.16068,38.79003],[-9.16012,38.79051],[-9.15966,38.79069],[-9.15926,38.79164],[-9.15841,38.79208],[-9.15847,38.79223],[-9.15814,38.79236],[-9.15798,38.79284],[-9.15723,38.79301],[-9.15649,38.79387],[-9.15638,38.7939],[-9.15573,38.79367],[-9.15549,38.79368],[-9.15549,38.79342],[-9.15592,38.79296],[-9.15609,38.79279],[-9.15655,38.79254],[-9.15718,38.79254],[-9.15767,38.79216],[-9.15718,38.79159],[-9.15655,38.79159],[-9.15612,38.79216],[-9.15592,38.79257],[-9.15558,38.79216],[-9.15588,38.79153],[-9.15592,38.79149],[-9.15655,38.79148],[-9.15718,38.79148],[-9.15782,38.79131],[-9.15845,38.79122],[-9.15879,38.7909],[-9.15864,38.79027],[-9.1587,38.78964],[-9.15905,38.78901],[-9.15908,38.78895],[-9.15921,38.78838],[-9.15908,38.78827],[-9.15859,38.78775],[-9.15845,38.78746]],[[-9.16122,38.78333],[-9.16097,38.78317],[-9.16083,38.78333],[-9.16097,38.78342],[-9.16122,38.78333]],[[-9.15855,38.78081],[-9.15845,38.78074],[-9.1583,38.78081],[-9.15845,38.78116],[-9.15855,38.78081]],[[-9.15622,38.78144],[-9.15592,38.7812],[-9.15559,38.78144],[-9.15592,38.78178],[-9.15622,38.78144]],[[-9.15403,38.78168],[-9.15466,38.78168],[-9.15492,38.78144],[-9.15466,38.78118],[-9.15403,38.78118],[-9.15382,38.78144],[-9.15403,38.78168]],[[-9.15314,38.77892],[-9.15329,38.77955],[-9.15329,38.78018],[-9.1534,38.78044],[-9.15368,38.78018],[-9.15372,38.77955],[-9.15363,38.77892],[-9.1534,38.77868],[-9.15314,38.77892]],[[-9.15291,38.78081],[-9.15277,38.78038],[-9.15252,38.78081],[-9.15277,38.78101],[-9.15291,38.78081]],[[-9.15238,38.78207],[-9.15214,38.7818],[-9.15194,38.78207],[-9.15214,38.78234],[-9.15238,38.78207]],[[-9.15059,38.78207],[-9.15025,38.78172],[-9.14993,38.78207],[-9.15025,38.78251],[-9.15059,38.78207]],[[-9.14965,38.78459],[-9.14962,38.78454],[-9.14955,38.78459],[-9.14962,38.78465],[-9.14965,38.78459]],[[-9.14835,38.78276],[-9.14898,38.78276],[-9.1491,38.7827],[-9.14898,38.7826],[-9.14835,38.7826],[-9.14829,38.7827],[-9.14835,38.78276]],[[-9.14776,38.78081],[-9.14772,38.78073],[-9.14771,38.78081],[-9.14772,38.78082],[-9.14776,38.78081]],[[-9.14646,38.7815],[-9.14709,38.78153],[-9.14717,38.78144],[-9.14709,38.78138],[-9.14646,38.78134],[-9.1464,38.78144],[-9.14646,38.7815]],[[-9.1452,38.77793],[-9.14583,38.77793],[-9.14593,38.77766],[-9.14583,38.77754],[-9.1452,38.77754],[-9.145,38.77766],[-9.1452,38.77793]],[[-9.14464,38.77955],[-9.14457,38.77949],[-9.14445,38.77955],[-9.14457,38.77963],[-9.14464,38.77955]],[[-9.14469,38.77261],[-9.14457,38.77253],[-9.14449,38.77261],[-9.14457,38.77281],[-9.14469,38.77261]],[[-9.14357,38.77387],[-9.14394,38.77359],[-9.14433,38.77324],[-9.14395,38.77261],[-9.14394,38.7726],[-9.14391,38.77261],[-9.14331,38.77296],[-9.14268,38.77319],[-9.14205,38.77319],[-9.14146,38.77261],[-9.14142,38.77251],[-9.14124,38.77261],[-9.14079,38.77283],[-9.14038,38.77261],[-9.14015,38.77239],[-9.13952,38.77239],[-9.13921,38.77261],[-9.13952,38.77316],[-9.14015,38.77316],[-9.14018,38.77324],[-9.14079,38.7734],[-9.14129,38.77387],[-9.14142,38.77412],[-9.14169,38.77387],[-9.14205,38.77335],[-9.14268,38.77335],[-9.14296,38.77387],[-9.14331,38.77414],[-9.14357,38.77387]],[[-9.14162,38.77513],[-9.14142,38.77501],[-9.14136,38.77513],[-9.14142,38.77522],[-9.14162,38.77513]],[[-9.14084,38.7745],[-9.14079,38.77448],[-9.14075,38.7745],[-9.14079,38.77453],[-9.14084,38.7745]],[[-9.139,38.7745],[-9.13889,38.77431],[-9.13878,38.7745],[-9.13889,38.77459],[-9.139,38.7745]],[[-9.13637,38.77663],[-9.137,38.77663],[-9.13746,38.77639],[-9.137,38.77616],[-9.13637,38.77616],[-9.13605,38.77639],[-9.13637,38.77663]],[[-9.13897,38.78523],[-9.13889,38.78513],[-9.13875,38.78523],[-9.13889,38.78536],[-9.13897,38.78523]],[[-9.13735,38.78459],[-9.13763,38.78502],[-9.13806,38.78459],[-9.13791,38.78396],[-9.13763,38.78376],[-9.13749,38.78396],[-9.13735,38.78459]],[[-9.13599,38.7827],[-9.13574,38.78247],[-9.13553,38.7827],[-9.13574,38.78291],[-9.13599,38.7827]],[[-9.13514,38.78396],[-9.13511,38.78395],[-9.1351,38.78396],[-9.13511,38.78398],[-9.13514,38.78396]],[[-9.13322,38.78292],[-9.13278,38.7827],[-9.13322,38.78251],[-9.13385,38.78251],[-9.13409,38.78207],[-9.13385,38.78146],[-9.13381,38.78144],[-9.13322,38.78108],[-9.13259,38.7813],[-9.13223,38.78081],[-9.13196,38.78054],[-9.13132,38.78073],[-9.13069,38.78073],[-9.13067,38.78081],[-9.13019,38.78144],[-9.13069,38.78204],[-9.13132,38.78204],[-9.13196,38.78195],[-9.13204,38.78207],[-9.13206,38.7827],[-9.13259,38.78288],[-9.13283,38.78333],[-9.13322,38.78355],[-9.13385,38.78355],[-9.13404,38.78333],[-9.13385,38.78292],[-9.13322,38.78292]],[[-9.1288,38.78226],[-9.12943,38.7824],[-9.12961,38.78207],[-9.12943,38.78184],[-9.1288,38.78194],[-9.12869,38.78207],[-9.1288,38.78226]],[[-9.12754,38.78244],[-9.12817,38.78244],[-9.12835,38.78207],[-9.12817,38.78146],[-9.12754,38.78146],[-9.12707,38.78207],[-9.12754,38.78244]],[[-9.12489,38.78144],[-9.12502,38.78169],[-9.12565,38.78169],[-9.12628,38.78159],[-9.12638,38.78144],[-9.12628,38.78132],[-9.12565,38.78116],[-9.12502,38.78116],[-9.12489,38.78144]],[[-9.12315,38.77703],[-9.12324,38.77766],[-9.12324,38.77829],[-9.12376,38.77853],[-9.12439,38.7789],[-9.12442,38.77892],[-9.12502,38.77914],[-9.12565,38.77914],[-9.12588,38.77892],[-9.1259,38.77829],[-9.12615,38.77766],[-9.12568,38.77703],[-9.12565,38.77697],[-9.12502,38.77697],[-9.12497,38.77703],[-9.12439,38.77752],[-9.12399,38.77703],[-9.12376,38.77661],[-9.12315,38.77703]],[[-9.13069,38.77135],[-9.13058,38.77198],[-9.13069,38.77232],[-9.13132,38.77232],[-9.13164,38.77198],[-9.13135,38.77135],[-9.13132,38.77131],[-9.13069,38.77131],[-9.13069,38.77135]],[[-9.13,38.77324],[-9.13005,38.77261],[-9.13006,38.7726],[-9.13035,38.77198],[-9.13043,38.77135],[-9.13048,38.77072],[-9.1303,38.77009],[-9.13024,38.76946],[-9.13006,38.76926],[-9.12943,38.76912],[-9.12891,38.76883],[-9.1288,38.76875],[-9.12817,38.76881],[-9.12754,38.76881],[-9.12752,38.76883],[-9.12696,38.76946],[-9.12754,38.76991],[-9.12817,38.76991],[-9.1288,38.77005],[-9.12886,38.77009],[-9.1288,38.77013],[-9.12838,38.77072],[-9.12818,38.77135],[-9.12818,38.77198],[-9.12849,38.77261],[-9.1288,38.77273],[-9.12933,38.77324],[-9.12943,38.77356],[-9.13,38.77324]],[[-9.12895,38.77387],[-9.1288,38.77329],[-9.12864,38.77387],[-9.1288,38.77401],[-9.12895,38.77387]],[[-9.12691,38.77688],[-9.12628,38.77694],[-9.12624,38.77703],[-9.12628,38.77707],[-9.12673,38.77766],[-9.12691,38.77814],[-9.12754,38.77768],[-9.12817,38.77767],[-9.12819,38.77766],[-9.12817,38.7775],[-9.12754,38.7775],[-9.12747,38.77703],[-9.12691,38.77688]],[[-9.15288,38.7745],[-9.15277,38.77443],[-9.15268,38.7745],[-9.15277,38.77455],[-9.15288,38.7745]],[[-9.17384,38.76378],[-9.17358,38.76339],[-9.17331,38.76378],[-9.17358,38.76429],[-9.17384,38.76378]],[[-9.17302,38.76378],[-9.17295,38.76371],[-9.17284,38.76378],[-9.17295,38.76391],[-9.17302,38.76378]],[[-9.19281,38.75369],[-9.19304,38.75432],[-9.19303,38.75495],[-9.19314,38.755],[-9.19319,38.75495],[-9.19327,38.75432],[-9.19352,38.75369],[-9.19377,38.75351],[-9.19408,38.75306],[-9.19423,38.75243],[-9.1941,38.7518],[-9.19377,38.75119],[-9.1937,38.75117],[-9.19314,38.751],[-9.1929,38.75117],[-9.19251,38.75131],[-9.19187,38.75131],[-9.19164,38.75117],[-9.19124,38.7509],[-9.19107,38.75117],[-9.19061,38.75159],[-9.18998,38.75166],[-9.18992,38.7518],[-9.18992,38.75243],[-9.18998,38.75251],[-9.19058,38.75306],[-9.19061,38.75314],[-9.19086,38.75369],[-9.19124,38.75383],[-9.19144,38.75369],[-9.19187,38.75348],[-9.19251,38.75348],[-9.19281,38.75369]],[[-9.18797,38.75369],[-9.18809,38.75384],[-9.18872,38.75374],[-9.18935,38.75374],[-9.18941,38.75369],[-9.18935,38.75337],[-9.18872,38.75337],[-9.18809,38.75355],[-9.18797,38.75369]],[[-9.18834,38.75432],[-9.18809,38.75423],[-9.18774,38.75432],[-9.18809,38.75459],[-9.18834,38.75432]],[[-9.18548,38.75117],[-9.18495,38.75054],[-9.18494,38.75053],[-9.18431,38.75022],[-9.18368,38.75013],[-9.18304,38.75013],[-9.1827,38.75054],[-9.18258,38.75117],[-9.18241,38.75128],[-9.1821,38.7518],[-9.1821,38.75243],[-9.18241,38.75263],[-9.18286,38.75306],[-9.18304,38.75322],[-9.18368,38.75322],[-9.18431,38.75329],[-9.1847,38.75306],[-9.18494,38.75294],[-9.18557,38.75258],[-9.18559,38.75243],[-9.1858,38.7518],[-9.18557,38.75144],[-9.18548,38.75117]],[[-9.19701,38.74738],[-9.19692,38.74735],[-9.19685,38.74738],[-9.19692,38.74741],[-9.19701,38.74738]],[[-9.19755,38.74817],[-9.19818,38.74817],[-9.19829,38.74801],[-9.19818,38.74789],[-9.19755,38.74789],[-9.19751,38.74801],[-9.19755,38.74817]],[[-9.19448,38.75054],[-9.1944,38.75037],[-9.19412,38.75054],[-9.1944,38.75079],[-9.19448,38.75054]],[[-9.20034,38.75747],[-9.20007,38.75706],[-9.19963,38.75747],[-9.20007,38.75776],[-9.20034,38.75747]],[[-9.19906,38.75747],[-9.19881,38.75689],[-9.19868,38.75747],[-9.19881,38.75765],[-9.19906,38.75747]],[[-9.19713,38.75621],[-9.19692,38.75603],[-9.19673,38.75621],[-9.19692,38.75641],[-9.19713,38.75621]],[[-9.19755,38.76226],[-9.19818,38.76226],[-9.19825,38.76189],[-9.19818,38.76183],[-9.19755,38.76183],[-9.19746,38.76189],[-9.19755,38.76226]],[[-9.19629,38.76206],[-9.19592,38.76252],[-9.19607,38.76315],[-9.19629,38.76344],[-9.19652,38.76315],[-9.19692,38.76267],[-9.19708,38.76252],[-9.19692,38.76215],[-9.19629,38.76206]],[[-9.19568,38.76315],[-9.19566,38.76309],[-9.19561,38.76315],[-9.19566,38.76319],[-9.19568,38.76315]],[[-9.19589,38.76567],[-9.19566,38.76554],[-9.19556,38.76567],[-9.19566,38.76576],[-9.19589,38.76567]],[[-9.19317,38.7663],[-9.19314,38.76626],[-9.19308,38.7663],[-9.19314,38.76637],[-9.19317,38.7663]],[[-9.19069,38.76756],[-9.19061,38.76742],[-9.19049,38.76756],[-9.19061,38.76775],[-9.19069,38.76756]],[[-9.18989,38.76946],[-9.18998,38.76956],[-9.19011,38.76946],[-9.19006,38.76883],[-9.18998,38.76871],[-9.18935,38.76876],[-9.18872,38.76876],[-9.18868,38.76883],[-9.18872,38.76885],[-9.18935,38.76885],[-9.18989,38.76946]],[[-9.1944,38.76514],[-9.19503,38.76514],[-9.19516,38.76504],[-9.19503,38.76479],[-9.1944,38.76479],[-9.19406,38.76504],[-9.1944,38.76514]],[[-9.19448,38.75873],[-9.19448,38.7581],[-9.19503,38.75779],[-9.19566,38.75779],[-9.19629,38.75763],[-9.19642,38.75747],[-9.19629,38.75727],[-9.19566,38.75738],[-9.19503,38.75738],[-9.19462,38.75684],[-9.1944,38.7565],[-9.1941,38.75684],[-9.19377,38.75719],[-9.19348,38.75747],[-9.19314,38.75774],[-9.19259,38.7581],[-9.19251,38.7585],[-9.19187,38.7585],[-9.19164,38.75873],[-9.19187,38.75905],[-9.19251,38.75905],[-9.19314,38.75879],[-9.19339,38.75937],[-9.19377,38.7598],[-9.19429,38.75937],[-9.1944,38.7588],[-9.19448,38.75873]],[[-9.19071,38.76063],[-9.19061,38.76059],[-9.19053,38.76063],[-9.19061,38.76067],[-9.19071,38.76063]],[[-9.19015,38.76],[-9.18998,38.75943],[-9.1898,38.76],[-9.18998,38.76028],[-9.19015,38.76]],[[-9.18569,38.75937],[-9.18557,38.75921],[-9.18547,38.75937],[-9.18557,38.75943],[-9.18569,38.75937]],[[-9.18431,38.76002],[-9.18494,38.76029],[-9.18543,38.76],[-9.18494,38.75965],[-9.18431,38.75996],[-9.18415,38.76],[-9.18431,38.76002]],[[-9.17963,38.76315],[-9.17926,38.76298],[-9.17908,38.76315],[-9.17926,38.76327],[-9.17963,38.76315]],[[-9.17737,38.76506],[-9.178,38.76506],[-9.17803,38.76504],[-9.178,38.76485],[-9.17737,38.76485],[-9.17734,38.76504],[-9.17737,38.76506]],[[-9.17572,38.76378],[-9.17611,38.76388],[-9.17626,38.76378],[-9.17645,38.76315],[-9.17611,38.76265],[-9.17582,38.76315],[-9.17572,38.76378]],[[-9.17551,38.77009],[-9.17548,38.77],[-9.17542,38.77009],[-9.17548,38.77012],[-9.17551,38.77009]],[[-9.17303,38.76946],[-9.17295,38.76929],[-9.17284,38.76946],[-9.17295,38.76954],[-9.17303,38.76946]],[[-9.17169,38.76853],[-9.17232,38.76853],[-9.17247,38.7682],[-9.17232,38.76805],[-9.17169,38.76805],[-9.17142,38.7682],[-9.17169,38.76853]],[[-9.17078,38.76693],[-9.17043,38.76673],[-9.16988,38.76693],[-9.17043,38.76713],[-9.17078,38.76693]],[[-9.16993,38.7682],[-9.1698,38.76815],[-9.16968,38.7682],[-9.1698,38.76856],[-9.16993,38.7682]],[[-9.16854,38.77042],[-9.16917,38.77042],[-9.1694,38.77009],[-9.16917,38.76994],[-9.16854,38.76994],[-9.16826,38.77009],[-9.16854,38.77042]],[[-9.16797,38.77198],[-9.16791,38.77196],[-9.16789,38.77198],[-9.16791,38.77199],[-9.16797,38.77198]],[[-9.16666,38.77324],[-9.16665,38.77322],[-9.16663,38.77324],[-9.16665,38.77325],[-9.16666,38.77324]],[[-9.16481,38.77513],[-9.16475,38.77503],[-9.16464,38.77513],[-9.16475,38.77518],[-9.16481,38.77513]],[[-9.17259,38.78018],[-9.17232,38.77985],[-9.17205,38.78018],[-9.17232,38.78034],[-9.17259,38.78018]],[[-9.16665,38.7834],[-9.16728,38.78337],[-9.16731,38.78333],[-9.16728,38.7832],[-9.16665,38.78325],[-9.16659,38.78333],[-9.16665,38.7834]],[[-9.16538,38.78239],[-9.16601,38.78239],[-9.16616,38.78207],[-9.16601,38.78148],[-9.16538,38.78148],[-9.16513,38.78207],[-9.16538,38.78239]],[[-9.16478,38.78586],[-9.16475,38.78584],[-9.16471,38.78586],[-9.16475,38.78617],[-9.16478,38.78586]],[[-9.15971,38.78183],[-9.15908,38.782],[-9.15887,38.78207],[-9.15908,38.78213],[-9.15971,38.78223],[-9.16034,38.78228],[-9.16097,38.78235],[-9.1616,38.78229],[-9.16193,38.78207],[-9.16223,38.78174],[-9.16286,38.78177],[-9.16349,38.78177],[-9.16396,38.78207],[-9.16412,38.78224],[-9.16424,38.78207],[-9.16454,38.78144],[-9.16412,38.78097],[-9.16381,38.78081],[-9.16378,38.78018],[-9.16412,38.77957],[-9.16414,38.77955],[-9.16475,38.77905],[-9.1649,38.77892],[-9.16475,38.77873],[-9.16412,38.77854],[-9.16349,38.77855],[-9.16286,38.77855],[-9.16225,38.77829],[-9.16223,38.77827],[-9.16219,38.77829],[-9.16223,38.77833],[-9.16237,38.77892],[-9.16237,38.77955],[-9.16223,38.77978],[-9.16216,38.78018],[-9.16223,38.78023],[-9.1627,38.78081],[-9.16223,38.78128],[-9.16186,38.78144],[-9.1616,38.78167],[-9.16097,38.78177],[-9.16034,38.78183],[-9.15971,38.78183]],[[-9.16351,38.78712],[-9.16349,38.7871],[-9.16318,38.78712],[-9.16349,38.78714],[-9.16351,38.78712]],[[-9.15926,38.78775],[-9.15971,38.78801],[-9.16034,38.78801],[-9.16097,38.78778],[-9.16101,38.78775],[-9.16097,38.78774],[-9.16034,38.78767],[-9.15971,38.78767],[-9.15926,38.78775]],[[-9.15971,38.78974],[-9.16034,38.78977],[-9.16081,38.78964],[-9.16034,38.78956],[-9.15971,38.78956],[-9.15961,38.78964],[-9.15971,38.78974]],[[-9.15782,38.78002],[-9.15804,38.77955],[-9.15845,38.77898],[-9.1585,38.77892],[-9.15845,38.77886],[-9.15782,38.7786],[-9.15718,38.77874],[-9.15655,38.77874],[-9.1565,38.77892],[-9.15592,38.77947],[-9.15529,38.77944],[-9.1549,38.77955],[-9.15501,38.78018],[-9.15509,38.78081],[-9.15529,38.78103],[-9.15592,38.78091],[-9.15631,38.78081],[-9.15592,38.78057],[-9.15545,38.78018],[-9.15592,38.77968],[-9.15655,38.78],[-9.15718,38.78],[-9.15782,38.78002]],[[-9.15366,38.77703],[-9.1534,38.77675],[-9.15321,38.77703],[-9.1534,38.7773],[-9.15366,38.77703]],[[-9.15151,38.77971],[-9.15214,38.77999],[-9.15253,38.77955],[-9.15255,38.77892],[-9.15214,38.77853],[-9.15185,38.77892],[-9.15151,38.77942],[-9.15088,38.77942],[-9.15074,38.77955],[-9.15088,38.77971],[-9.15151,38.77971]],[[-9.14964,38.78207],[-9.14962,38.78198],[-9.14954,38.78207],[-9.14962,38.78215],[-9.14964,38.78207]],[[-9.14768,38.77892],[-9.14772,38.77897],[-9.14835,38.77936],[-9.14898,38.77936],[-9.14949,38.77892],[-9.14898,38.7786],[-9.14835,38.7786],[-9.14772,38.77887],[-9.14768,38.77892]],[[-9.14725,38.78081],[-9.14709,38.7804],[-9.14674,38.78081],[-9.14709,38.78095],[-9.14725,38.78081]],[[-9.14652,38.77955],[-9.14646,38.77948],[-9.14639,38.77955],[-9.14646,38.77986],[-9.14652,38.77955]],[[-9.14205,38.77273],[-9.14268,38.77273],[-9.14286,38.77261],[-9.14268,38.7725],[-9.14205,38.7725],[-9.14193,38.77261],[-9.14205,38.77273]],[[-9.13923,38.77387],[-9.13952,38.7744],[-9.14015,38.7744],[-9.14079,38.77406],[-9.14094,38.77387],[-9.14079,38.77372],[-9.14015,38.77366],[-9.13952,38.77366],[-9.13923,38.77387]],[[-9.13637,38.77582],[-9.137,38.77582],[-9.13712,38.77576],[-9.137,38.77567],[-9.13637,38.77567],[-9.13615,38.77576],[-9.13637,38.77582]],[[-9.1352,38.78333],[-9.13511,38.78324],[-9.13467,38.78333],[-9.13511,38.78341],[-9.1352,38.78333]],[[-9.12754,38.77471],[-9.12817,38.77471],[-9.12832,38.7745],[-9.12817,38.77432],[-9.12754,38.77432],[-9.12733,38.7745],[-9.12754,38.77471]],[[-9.12726,38.77639],[-9.12691,38.77618],[-9.1266,38.77639],[-9.12691,38.77657],[-9.12726,38.77639]],[[-9.19187,38.7508],[-9.19251,38.7508],[-9.1927,38.75054],[-9.19251,38.7504],[-9.19187,38.7504],[-9.19172,38.75054],[-9.19187,38.7508]],[[-9.18559,38.7499],[-9.18557,38.74979],[-9.18555,38.7499],[-9.18557,38.74995],[-9.18559,38.7499]],[[-9.18523,38.7499],[-9.18494,38.74956],[-9.18458,38.7499],[-9.18494,38.7502],[-9.18523,38.7499]],[[-9.19755,38.75691],[-9.19818,38.75691],[-9.19871,38.75684],[-9.19818,38.75674],[-9.19755,38.75674],[-9.19746,38.75684],[-9.19755,38.75691]],[[-9.1938,38.75621],[-9.19377,38.7562],[-9.19374,38.75621],[-9.19377,38.75624],[-9.1938,38.75621]],[[-9.19046,38.76],[-9.19061,38.76019],[-9.19096,38.76],[-9.19093,38.75937],[-9.19061,38.75932],[-9.19058,38.75937],[-9.19046,38.76]],[[-9.17737,38.76339],[-9.178,38.76339],[-9.17809,38.76315],[-9.178,38.76299],[-9.17737,38.76299],[-9.17731,38.76315],[-9.17737,38.76339]],[[-9.17393,38.7663],[-9.17421,38.76663],[-9.17484,38.76663],[-9.17548,38.76672],[-9.17589,38.7663],[-9.17548,38.76595],[-9.17484,38.76595],[-9.17421,38.76595],[-9.17393,38.7663]],[[-9.17281,38.7682],[-9.17295,38.76845],[-9.17327,38.7682],[-9.17319,38.76756],[-9.17295,38.76696],[-9.17232,38.76712],[-9.17169,38.76712],[-9.17148,38.76756],[-9.17169,38.76771],[-9.17232,38.76771],[-9.17281,38.7682]],[[-9.17029,38.76756],[-9.1698,38.76731],[-9.16953,38.76756],[-9.1698,38.76779],[-9.17029,38.76756]],[[-9.16511,38.77387],[-9.16475,38.77357],[-9.16452,38.77387],[-9.16475,38.77419],[-9.16511,38.77387]],[[-9.16729,38.78207],[-9.16728,38.78206],[-9.16726,38.78207],[-9.16728,38.78209],[-9.16729,38.78207]],[[-9.16398,38.77766],[-9.16412,38.7779],[-9.16445,38.77766],[-9.16445,38.77703],[-9.16412,38.77661],[-9.16375,38.77703],[-9.16398,38.77766]],[[-9.16286,38.77789],[-9.16349,38.77789],[-9.16362,38.77766],[-9.16349,38.77743],[-9.16286,38.77743],[-9.16264,38.77766],[-9.16286,38.77789]],[[-9.16227,38.78081],[-9.16223,38.78076],[-9.16216,38.78081],[-9.16223,38.78085],[-9.16227,38.78081]],[[-9.16099,38.78144],[-9.16097,38.78142],[-9.16091,38.78144],[-9.16097,38.78145],[-9.16099,38.78144]],[[-9.15949,38.77955],[-9.15957,38.78018],[-9.15971,38.7804],[-9.16034,38.7804],[-9.16057,38.78018],[-9.16068,38.77955],[-9.16034,38.77931],[-9.15971,38.77931],[-9.15949,38.77955]],[[-9.15959,38.78144],[-9.15908,38.78115],[-9.15854,38.78144],[-9.15908,38.78169],[-9.15959,38.78144]],[[-9.15865,38.77829],[-9.15845,38.77813],[-9.15828,38.77829],[-9.15845,38.77842],[-9.15865,38.77829]],[[-9.15784,38.77703],[-9.15782,38.777],[-9.15758,38.77703],[-9.15782,38.77707],[-9.15784,38.77703]],[[-9.15621,38.77829],[-9.15592,38.7782],[-9.15582,38.77829],[-9.15592,38.7784],[-9.15621,38.77829]],[[-9.15534,38.77829],[-9.15529,38.77816],[-9.15515,38.77829],[-9.15529,38.77839],[-9.15534,38.77829]],[[-9.15224,38.77703],[-9.15214,38.77686],[-9.15167,38.77703],[-9.15214,38.77718],[-9.15224,38.77703]],[[-9.14962,38.78],[-9.1493,38.78018],[-9.14941,38.78081],[-9.14962,38.78095],[-9.14985,38.78081],[-9.15025,38.78038],[-9.15036,38.78018],[-9.15025,38.78008],[-9.14962,38.78]],[[-9.14835,38.77716],[-9.14898,38.77716],[-9.14906,38.77703],[-9.14898,38.77685],[-9.14835,38.77685],[-9.14826,38.77703],[-9.14835,38.77716]],[[-9.14805,38.77766],[-9.14772,38.77739],[-9.14741,38.77766],[-9.14772,38.77788],[-9.14805,38.77766]],[[-9.14721,38.77829],[-9.14709,38.7781],[-9.147,38.77829],[-9.14709,38.77842],[-9.14721,38.77829]],[[-9.14649,38.77829],[-9.14646,38.77824],[-9.1463,38.77829],[-9.14646,38.77842],[-9.14649,38.77829]],[[-9.14205,38.77207],[-9.14268,38.77207],[-9.14299,38.77198],[-9.14268,38.77184],[-9.14205,38.77184],[-9.14186,38.77198],[-9.14205,38.77207]],[[-9.13519,38.78207],[-9.13511,38.78187],[-9.13491,38.78207],[-9.13511,38.78214],[-9.13519,38.78207]],[[-9.12628,38.7759],[-9.12691,38.7758],[-9.12701,38.77576],[-9.12691,38.7757],[-9.12628,38.77563],[-9.12614,38.77576],[-9.12628,38.7759]],[[-9.1736,38.76252],[-9.17421,38.76292],[-9.17484,38.76292],[-9.17548,38.76261],[-9.17575,38.76252],[-9.17548,38.76233],[-9.17484,38.76199],[-9.17421,38.76199],[-9.1736,38.76252]],[[-9.17421,38.76396],[-9.17484,38.76396],[-9.17505,38.76378],[-9.17484,38.76353],[-9.17421,38.76353],[-9.17411,38.76378],[-9.17421,38.76396]],[[-9.16426,38.7745],[-9.16412,38.77441],[-9.16404,38.7745],[-9.16412,38.77463],[-9.16426,38.7745]],[[-9.16286,38.77589],[-9.16349,38.77589],[-9.16355,38.77576],[-9.16349,38.77564],[-9.16286,38.77564],[-9.1627,38.77576],[-9.16286,38.77589]],[[-9.16124,38.77892],[-9.16097,38.77875],[-9.1607,38.77892],[-9.16097,38.77913],[-9.16124,38.77892]],[[-9.15845,38.78032],[-9.15908,38.78067],[-9.1592,38.78018],[-9.15908,38.7799],[-9.15845,38.78004],[-9.15806,38.78018],[-9.15845,38.78032]],[[-9.15614,38.77766],[-9.15592,38.7775],[-9.15561,38.77766],[-9.15592,38.77781],[-9.15614,38.77766]],[[-9.15532,38.77639],[-9.15529,38.7763],[-9.15522,38.77639],[-9.15529,38.77653],[-9.15532,38.77639]],[[-9.14962,38.77786],[-9.15025,38.77768],[-9.15031,38.77766],[-9.15025,38.77764],[-9.14962,38.77755],[-9.14945,38.77766],[-9.14962,38.77786]],[[-9.14787,38.77513],[-9.14772,38.77508],[-9.14762,38.77513],[-9.14772,38.77522],[-9.14787,38.77513]],[[-9.1471,38.7745],[-9.14709,38.77442],[-9.14708,38.7745],[-9.14709,38.77453],[-9.1471,38.7745]],[[-9.14648,38.77576],[-9.14646,38.77575],[-9.1463,38.77576],[-9.14646,38.77578],[-9.14648,38.77576]],[[-9.14205,38.77104],[-9.14268,38.77104],[-9.14312,38.77072],[-9.14268,38.77048],[-9.14205,38.77048],[-9.14172,38.77072],[-9.14205,38.77104]],[[-9.13521,38.77703],[-9.13511,38.77698],[-9.13502,38.77703],[-9.13511,38.77755],[-9.13521,38.77703]],[[-9.12671,38.77072],[-9.1267,38.77135],[-9.1267,38.77198],[-9.12691,38.77235],[-9.12751,38.77198],[-9.12751,38.77135],[-9.12722,38.77072],[-9.12691,38.77025],[-9.12671,38.77072]],[[-9.16099,38.77829],[-9.16097,38.77828],[-9.16095,38.77829],[-9.16097,38.7783],[-9.16099,38.77829]],[[-9.15935,38.77892],[-9.15908,38.77868],[-9.15892,38.77892],[-9.15908,38.77917],[-9.15935,38.77892]],[[-9.1586,38.77955],[-9.15845,38.77946],[-9.15838,38.77955],[-9.15845,38.77962],[-9.1586,38.77955]],[[-9.15601,38.77703],[-9.15592,38.77697],[-9.15568,38.77703],[-9.15592,38.77708],[-9.15601,38.77703]],[[-9.14962,38.77615],[-9.15025,38.77618],[-9.15078,38.77576],[-9.15025,38.77531],[-9.14962,38.77537],[-9.149,38.77576],[-9.14962,38.77615]],[[-9.14778,38.7745],[-9.14772,38.77447],[-9.14769,38.7745],[-9.14772,38.77454],[-9.14778,38.7745]],[[-9.14659,38.77513],[-9.14646,38.77508],[-9.14637,38.77513],[-9.14646,38.77521],[-9.14659,38.77513]],[[-9.14195,38.76946],[-9.14185,38.77009],[-9.14205,38.77019],[-9.14268,38.77019],[-9.14292,38.77009],[-9.14278,38.76946],[-9.14268,38.76934],[-9.14205,38.76934],[-9.14195,38.76946]],[[-9.1609,38.77766],[-9.16097,38.77769],[-9.16107,38.77766],[-9.16119,38.77703],[-9.16097,38.77667],[-9.1608,38.77703],[-9.1609,38.77766]],[[-9.15612,38.77639],[-9.15592,38.77598],[-9.15574,38.77639],[-9.15592,38.77656],[-9.15612,38.77639]],[[-9.14608,38.7745],[-9.14646,38.77471],[-9.14668,38.7745],[-9.14655,38.77387],[-9.14646,38.77376],[-9.14626,38.77387],[-9.14608,38.7745]],[[-9.14205,38.76827],[-9.14268,38.76827],[-9.14272,38.7682],[-9.14268,38.76815],[-9.14205,38.76815],[-9.142,38.7682],[-9.14205,38.76827]]],[[[-9.16286,38.77169],[-9.1625,38.77135],[-9.1625,38.77072],[-9.16223,38.77034],[-9.1616,38.77011],[-9.16159,38.77009],[-9.16097,38.76971],[-9.16072,38.76946],[-9.16082,38.76883],[-9.16097,38.76859],[-9.1613,38.7682],[-9.1616,38.76805],[-9.16182,38.7682],[-9.16223,38.76872],[-9.16247,38.76883],[-9.16223,38.76891],[-9.16183,38.76946],[-9.16223,38.76995],[-9.16286,38.76953],[-9.16349,38.76953],[-9.16412,38.76982],[-9.16425,38.77009],[-9.16457,38.77072],[-9.1646,38.77135],[-9.16412,38.77186],[-9.16349,38.77169],[-9.16286,38.77169]]],[[[-9.15592,38.77025],[-9.15608,38.77009],[-9.15592,38.77003],[-9.15582,38.77009],[-9.15529,38.77019],[-9.15523,38.77009],[-9.15529,38.76977],[-9.15549,38.76946],[-9.15592,38.76926],[-9.15655,38.76932],[-9.15718,38.76932],[-9.15734,38.76946],[-9.15782,38.76989],[-9.15808,38.77009],[-9.15797,38.77072],[-9.15797,38.77135],[-9.15782,38.77143],[-9.15718,38.77187],[-9.15655,38.77187],[-9.15592,38.77145],[-9.15583,38.77135],[-9.15586,38.77072],[-9.15592,38.77025]]],[[[-9.16538,38.77011],[-9.16601,38.77011],[-9.16662,38.77072],[-9.16662,38.77135],[-9.16601,38.77189],[-9.16538,38.77189],[-9.16495,38.77135],[-9.16495,38.77072],[-9.16538,38.77011]]],[[[-9.17295,38.77192],[-9.17297,38.77198],[-9.17295,38.77199],[-9.17232,38.77199],[-9.1723,38.77198],[-9.17232,38.77196],[-9.17295,38.77192]]],[[[-9.16993,38.77576],[-9.1698,38.77608],[-9.1697,38.77576],[-9.1698,38.7757],[-9.16993,38.77576]]],[[[-9.1698,38.77795],[-9.16992,38.77829],[-9.1698,38.77847],[-9.16966,38.77829],[-9.1698,38.77795]]],[[[-9.15845,38.78406],[-9.15787,38.78396],[-9.15845,38.78353],[-9.15858,38.78396],[-9.15845,38.78406]]],[[[-9.15624,38.78396],[-9.15592,38.78398],[-9.15584,38.78396],[-9.15592,38.78392],[-9.15624,38.78396]]],[[[-9.15782,38.78403],[-9.15789,38.78459],[-9.15782,38.78469],[-9.15725,38.78459],[-9.15782,38.78403]]],[[[-9.15908,38.78461],[-9.15907,38.78459],[-9.15908,38.78458],[-9.15909,38.78459],[-9.15908,38.78461]]],[[[-9.15728,38.78523],[-9.15718,38.78548],[-9.15655,38.78548],[-9.15592,38.7853],[-9.15544,38.78586],[-9.15529,38.7863],[-9.15513,38.78586],[-9.15466,38.78532],[-9.15403,38.78532],[-9.15393,38.78523],[-9.15403,38.78491],[-9.15466,38.78491],[-9.15529,38.78509],[-9.15592,38.78508],[-9.15655,38.78466],[-9.15718,38.78466],[-9.15728,38.78523]]],[[[-9.14457,38.70571],[-9.1447,38.70575],[-9.14457,38.70579],[-9.14448,38.70575],[-9.14457,38.70571]]],[[[-9.14331,38.70881],[-9.14352,38.70891],[-9.14331,38.70906],[-9.14268,38.70906],[-9.14242,38.70891],[-9.14268,38.70881],[-9.14331,38.70881]]],[[[-9.14085,38.71206],[-9.14079,38.71212],[-9.14065,38.71206],[-9.14079,38.71204],[-9.14085,38.71206]]],[[[-9.15389,38.72846],[-9.15403,38.72805],[-9.15466,38.72805],[-9.15482,38.72846],[-9.15466,38.72891],[-9.15403,38.72891],[-9.15389,38.72846]]],[[[-9.1534,38.72915],[-9.15332,38.72909],[-9.1534,38.729],[-9.15375,38.72909],[-9.1534,38.72915]]],[[[-9.15282,38.72972],[-9.15277,38.72985],[-9.15267,38.72972],[-9.15277,38.72965],[-9.15282,38.72972]]],[[[-9.15477,38.73035],[-9.15529,38.73019],[-9.15582,38.72972],[-9.15592,38.72948],[-9.15599,38.72972],[-9.15617,38.73035],[-9.15592,38.73045],[-9.15529,38.73046],[-9.15477,38.73035]]],[[[-9.15466,38.73157],[-9.15469,38.73161],[-9.15466,38.73163],[-9.15403,38.73163],[-9.15393,38.73161],[-9.15403,38.73157],[-9.15466,38.73157]]],[[[-9.14228,38.73287],[-9.14205,38.73304],[-9.1419,38.73287],[-9.14205,38.73272],[-9.14228,38.73287]]],[[[-9.1534,38.73466],[-9.15326,38.73414],[-9.1534,38.73403],[-9.15403,38.73404],[-9.15466,38.73404],[-9.15484,38.73414],[-9.15466,38.73424],[-9.15403,38.73424],[-9.1534,38.73466]]],[[[-9.14646,38.75061],[-9.14642,38.75054],[-9.14646,38.7505],[-9.14651,38.75054],[-9.14646,38.75061]]],[[[-9.14452,38.7518],[-9.14457,38.75176],[-9.1452,38.7517],[-9.14583,38.7517],[-9.14588,38.7518],[-9.14583,38.75187],[-9.1452,38.75187],[-9.14457,38.75183],[-9.14452,38.7518]]],[[[-9.14764,38.7518],[-9.14772,38.75175],[-9.1478,38.7518],[-9.14783,38.75243],[-9.14772,38.75247],[-9.14769,38.75243],[-9.14764,38.7518]]],[[[-9.15287,38.7518],[-9.15283,38.75243],[-9.15277,38.75257],[-9.15266,38.75243],[-9.15261,38.7518],[-9.15277,38.75174],[-9.15287,38.7518]]],[[[-9.14709,38.75374],[-9.14685,38.75369],[-9.14709,38.75364],[-9.14716,38.75369],[-9.14709,38.75374]]],[[[-9.14079,38.75449],[-9.14061,38.75432],[-9.14079,38.75413],[-9.14102,38.75432],[-9.14079,38.75449]]],[[[-9.14331,38.75405],[-9.14357,38.75432],[-9.14331,38.75461],[-9.14268,38.75461],[-9.14239,38.75432],[-9.14268,38.75405],[-9.14331,38.75405]]],[[[-9.14142,38.75536],[-9.14126,38.75495],[-9.14142,38.75474],[-9.14168,38.75495],[-9.14142,38.75536]]],[[[-9.14457,38.75593],[-9.14511,38.75621],[-9.14474,38.75684],[-9.14457,38.75694],[-9.1443,38.75684],[-9.14426,38.75621],[-9.14457,38.75593]]],[[[-9.14709,38.75679],[-9.14717,38.75684],[-9.14709,38.75692],[-9.14703,38.75684],[-9.14709,38.75679]]],[[[-9.14835,38.75931],[-9.14898,38.75931],[-9.14907,38.75937],[-9.14898,38.75951],[-9.14835,38.75951],[-9.14829,38.75937],[-9.14835,38.75931]]],[[[-9.13952,38.75989],[-9.14015,38.75989],[-9.14026,38.75937],[-9.14079,38.75899],[-9.14123,38.75873],[-9.14123,38.7581],[-9.14142,38.75769],[-9.14199,38.75747],[-9.14142,38.75732],[-9.14128,38.75747],[-9.14079,38.75775],[-9.14045,38.75747],[-9.14076,38.75684],[-9.14015,38.75632],[-9.13952,38.75632],[-9.13935,38.75621],[-9.13945,38.75558],[-9.13952,38.75541],[-9.14015,38.75541],[-9.14021,38.75558],[-9.14079,38.75603],[-9.14142,38.75599],[-9.14205,38.75596],[-9.14224,38.75621],[-9.14205,38.75649],[-9.14183,38.75684],[-9.14205,38.75744],[-9.1422,38.75747],[-9.14256,38.7581],[-9.14247,38.75873],[-9.14268,38.7589],[-9.14331,38.7589],[-9.14351,38.75873],[-9.14343,38.7581],[-9.14394,38.75764],[-9.14452,38.7581],[-9.14457,38.75816],[-9.14496,38.7581],[-9.1452,38.75807],[-9.14583,38.75807],[-9.14599,38.7581],[-9.14605,38.75873],[-9.14583,38.75889],[-9.1452,38.75889],[-9.14457,38.75921],[-9.14436,38.75937],[-9.14457,38.75962],[-9.1452,38.75987],[-9.14583,38.75987],[-9.14646,38.75992],[-9.14655,38.76],[-9.14651,38.76063],[-9.14646,38.76071],[-9.14642,38.76063],[-9.14583,38.76015],[-9.1452,38.76015],[-9.14487,38.76063],[-9.14506,38.76126],[-9.1452,38.76155],[-9.14583,38.76155],[-9.14646,38.76145],[-9.14684,38.76189],[-9.14694,38.76252],[-9.14709,38.76297],[-9.14724,38.76315],[-9.14709,38.76332],[-9.14682,38.76315],[-9.14646,38.76306],[-9.14618,38.76315],[-9.14583,38.76344],[-9.1452,38.76344],[-9.14497,38.76378],[-9.14457,38.76414],[-9.14394,38.76437],[-9.14331,38.76422],[-9.14268,38.76422],[-9.14205,38.76403],[-9.14163,38.76378],[-9.14142,38.7634],[-9.14129,38.76315],[-9.14142,38.76305],[-9.14191,38.76252],[-9.14142,38.76214],[-9.14114,38.76189],[-9.14079,38.76158],[-9.14052,38.76126],[-9.14017,38.76063],[-9.14015,38.76047],[-9.13952,38.76047],[-9.13942,38.76063],[-9.13889,38.76072],[-9.13867,38.76063],[-9.13879,38.76],[-9.13851,38.75937],[-9.13887,38.75873],[-9.13887,38.7581],[-9.13889,38.75809],[-9.13905,38.7581],[-9.13905,38.75873],[-9.13923,38.75937],[-9.13952,38.75989]],[[-9.14394,38.76289],[-9.14457,38.76286],[-9.14471,38.76252],[-9.14457,38.76215],[-9.14394,38.76223],[-9.14377,38.76252],[-9.14394,38.76289]],[[-9.1422,38.76],[-9.14268,38.75992],[-9.14331,38.75992],[-9.14367,38.75937],[-9.14331,38.75922],[-9.14268,38.75922],[-9.1421,38.75873],[-9.14211,38.7581],[-9.14205,38.75802],[-9.14192,38.7581],[-9.14192,38.75873],[-9.14202,38.75937],[-9.14203,38.76],[-9.14205,38.76003],[-9.1422,38.76]],[[-9.14111,38.75937],[-9.14079,38.75923],[-9.1406,38.75937],[-9.14079,38.75961],[-9.14111,38.75937]],[[-9.14388,38.7581],[-9.14389,38.75873],[-9.14394,38.75892],[-9.14457,38.75876],[-9.14462,38.75873],[-9.14457,38.7587],[-9.14401,38.7581],[-9.14394,38.75805],[-9.14388,38.7581]],[[-9.14651,38.76252],[-9.14646,38.76226],[-9.1464,38.76252],[-9.14646,38.76257],[-9.14651,38.76252]],[[-9.14331,38.76141],[-9.14394,38.76146],[-9.14431,38.76126],[-9.14436,38.76063],[-9.14394,38.76002],[-9.14353,38.76063],[-9.14331,38.76122],[-9.14268,38.76122],[-9.14267,38.76126],[-9.14268,38.76141],[-9.14331,38.76141]]],[[[-9.13763,38.76139],[-9.13781,38.76189],[-9.13763,38.76205],[-9.13746,38.76189],[-9.13763,38.76139]]],[[[-9.14804,38.76504],[-9.14835,38.76473],[-9.14898,38.76473],[-9.14911,38.76441],[-9.14962,38.76414],[-9.14992,38.76441],[-9.14992,38.76504],[-9.14962,38.7654],[-9.14928,38.76567],[-9.14898,38.76613],[-9.14835,38.76613],[-9.1481,38.76567],[-9.14804,38.76504]]],[[[-9.14268,38.7649],[-9.1431,38.76504],[-9.14268,38.76542],[-9.14205,38.76542],[-9.14197,38.76504],[-9.14205,38.76496],[-9.14268,38.7649]]],[[[-9.1452,38.76437],[-9.14583,38.76437],[-9.14599,38.76441],[-9.14586,38.76504],[-9.14646,38.76565],[-9.14648,38.76567],[-9.14646,38.76578],[-9.14583,38.76591],[-9.1452,38.76591],[-9.14457,38.76586],[-9.14394,38.76617],[-9.14339,38.76567],[-9.14394,38.76534],[-9.14457,38.76558],[-9.14517,38.76504],[-9.14517,38.76441],[-9.1452,38.76437]]],[[[-9.15287,38.76567],[-9.15277,38.7658],[-9.15234,38.76567],[-9.15277,38.76557],[-9.15287,38.76567]]],[[[-9.14268,38.76631],[-9.14205,38.7663],[-9.14268,38.76618],[-9.14299,38.7663],[-9.14268,38.76631]]],[[[-9.14689,38.76693],[-9.14709,38.76672],[-9.14748,38.7663],[-9.14772,38.76613],[-9.14811,38.7663],[-9.14804,38.76693],[-9.14772,38.76719],[-9.14709,38.76725],[-9.14689,38.76693]]],[[[-9.15278,38.76756],[-9.15277,38.76758],[-9.15275,38.76756],[-9.15277,38.76752],[-9.15278,38.76756]]],[[[-9.14015,38.7673],[-9.14033,38.76756],[-9.14015,38.76801],[-9.13952,38.76782],[-9.13941,38.76756],[-9.13952,38.7673],[-9.14015,38.7673]]],[[[-9.14898,38.76819],[-9.14962,38.76797],[-9.14982,38.7682],[-9.14984,38.76883],[-9.14962,38.76893],[-9.14909,38.76883],[-9.14898,38.76851],[-9.14835,38.76851],[-9.14833,38.7682],[-9.14835,38.76819],[-9.14898,38.76819]]],[[[-9.15522,38.76946],[-9.15466,38.76973],[-9.15403,38.76973],[-9.1534,38.76988],[-9.15316,38.76946],[-9.15296,38.76883],[-9.15336,38.7682],[-9.1534,38.76817],[-9.15348,38.7682],[-9.15403,38.76846],[-9.15466,38.76846],[-9.15529,38.76871],[-9.15536,38.76883],[-9.15529,38.76906],[-9.15522,38.76946]]],[[[-9.15214,38.76967],[-9.15171,38.76946],[-9.15214,38.769],[-9.15238,38.76946],[-9.15214,38.76967]]],[[[-9.14835,38.77103],[-9.14809,38.77072],[-9.14835,38.77056],[-9.14898,38.77056],[-9.14962,38.77054],[-9.14979,38.77072],[-9.14962,38.7709],[-9.14898,38.77103],[-9.14835,38.77103]]],[[[-9.15545,38.77198],[-9.15529,38.77222],[-9.15513,38.77198],[-9.15529,38.77183],[-9.15545,38.77198]]],[[[-9.15025,38.77274],[-9.14991,38.77261],[-9.15025,38.77244],[-9.15039,38.77261],[-9.15025,38.77274]]],[[[-9.13763,38.77254],[-9.1377,38.77261],[-9.13763,38.77289],[-9.13754,38.77261],[-9.13763,38.77254]]],[[[-9.15151,38.77306],[-9.15169,38.77324],[-9.15151,38.77351],[-9.15088,38.77351],[-9.15071,38.77324],[-9.15088,38.77306],[-9.15151,38.77306]]],[[[-9.15025,38.77433],[-9.14984,38.77387],[-9.15025,38.77361],[-9.15062,38.77387],[-9.15025,38.77433]]],[[[-9.14015,38.77868],[-9.14022,38.77892],[-9.14015,38.77901],[-9.13952,38.77901],[-9.13929,38.77892],[-9.13952,38.77868],[-9.14015,38.77868]]],[[[-9.13889,38.77944],[-9.13893,38.77955],[-9.13889,38.77958],[-9.13826,38.77963],[-9.1382,38.77955],[-9.13826,38.77923],[-9.13889,38.77944]]],[[[-9.14385,38.78207],[-9.14331,38.78227],[-9.14292,38.7827],[-9.14268,38.78298],[-9.14205,38.78298],[-9.14185,38.7827],[-9.14179,38.78207],[-9.14205,38.78176],[-9.14268,38.78176],[-9.14331,38.78186],[-9.14385,38.78207]]],[[[-9.14151,38.78396],[-9.14151,38.78459],[-9.14142,38.78465],[-9.14134,38.78459],[-9.14134,38.78396],[-9.14142,38.78393],[-9.14151,38.78396]]],[[[-9.15202,38.78459],[-9.15167,38.78396],[-9.15214,38.78376],[-9.15244,38.78396],[-9.15277,38.78428],[-9.1534,38.78449],[-9.15345,38.78459],[-9.1534,38.78461],[-9.15277,38.78494],[-9.15227,38.78523],[-9.15214,38.78575],[-9.15209,38.78523],[-9.15202,38.78459]]],[[[-9.1535,38.78586],[-9.1534,38.78629],[-9.15322,38.78586],[-9.1534,38.78575],[-9.1535,38.78586]]],[[[-9.15151,38.78601],[-9.15164,38.78649],[-9.15151,38.78654],[-9.15088,38.78654],[-9.15083,38.78649],[-9.15088,38.78601],[-9.15151,38.78601]]],[[[-9.15592,38.78747],[-9.15617,38.78775],[-9.15592,38.78806],[-9.15529,38.78791],[-9.15466,38.78795],[-9.15403,38.78795],[-9.1534,38.78794],[-9.15338,38.78775],[-9.1534,38.7877],[-9.15403,38.78751],[-9.15466,38.78751],[-9.15506,38.78712],[-9.15529,38.7868],[-9.15539,38.78712],[-9.15592,38.78747]]],[[[-9.15216,38.78775],[-9.15214,38.78781],[-9.15207,38.78775],[-9.15214,38.78769],[-9.15216,38.78775]]],[[[-9.14709,38.78809],[-9.14738,38.78775],[-9.14772,38.78722],[-9.14835,38.78722],[-9.14866,38.78775],[-9.14849,38.78838],[-9.14835,38.78857],[-9.14772,38.78857],[-9.14709,38.78877],[-9.14646,38.78879],[-9.14583,38.78858],[-9.14529,38.78858],[-9.14516,38.78828],[-9.1452,38.78833],[-9.14583,38.78833],[-9.14646,38.78801],[-9.14709,38.78809]]],[[[-9.15496,38.78901],[-9.15529,38.78846],[-9.15592,38.78883],[-9.15609,38.78901],[-9.15592,38.78912],[-9.15529,38.78948],[-9.15496,38.78901]]],[[[-9.14898,38.78947],[-9.14857,38.78901],[-9.14898,38.78867],[-9.14935,38.78901],[-9.14898,38.78947]],[[-9.14902,38.78901],[-9.14898,38.78898],[-9.14895,38.78901],[-9.14898,38.78905],[-9.14902,38.78901]]],[[[-9.14731,38.78964],[-9.14709,38.78972],[-9.14686,38.78964],[-9.14709,38.78941],[-9.14731,38.78964]]],[[[-9.15254,38.78964],[-9.15277,38.78927],[-9.1534,38.78916],[-9.15397,38.78964],[-9.1534,38.79002],[-9.15277,38.7901],[-9.15254,38.78964]]],[[[-9.15214,38.79093],[-9.15211,38.7909],[-9.15214,38.7908],[-9.15217,38.7909],[-9.15214,38.79093]]],[[[-9.15359,38.79216],[-9.1534,38.79257],[-9.15328,38.79279],[-9.15277,38.79312],[-9.15238,38.79279],[-9.15214,38.79259],[-9.15151,38.79266],[-9.15088,38.79266],[-9.15082,38.79279],[-9.15025,38.79331],[-9.14996,38.79279],[-9.15025,38.79243],[-9.15067,38.79216],[-9.15088,38.79195],[-9.15151,38.79195],[-9.15214,38.79181],[-9.15277,38.79165],[-9.15287,38.79153],[-9.15321,38.7909],[-9.1534,38.7907],[-9.15403,38.79062],[-9.15466,38.79062],[-9.15501,38.79027],[-9.15529,38.78992],[-9.15541,38.79027],[-9.15541,38.7909],[-9.15529,38.79102],[-9.15466,38.79126],[-9.15403,38.79126],[-9.15383,38.79153],[-9.15359,38.79216]]],[[[-9.15221,38.79406],[-9.15215,38.79469],[-9.15215,38.79494],[-9.15208,38.79497],[-9.15208,38.79469],[-9.15203,38.79406],[-9.15214,38.79396],[-9.15221,38.79406]]],[[[-9.1499,38.79532],[-9.1499,38.79585],[-9.14989,38.79585],[-9.14934,38.79515],[-9.14915,38.79505],[-9.14962,38.79509],[-9.1499,38.79532]]],[[[-9.12407,38.719],[-9.12376,38.71947],[-9.12328,38.719],[-9.12376,38.71896],[-9.12407,38.719]]],[[[-9.1206,38.72144],[-9.12085,38.72152],[-9.1206,38.72196],[-9.12048,38.72152],[-9.1206,38.72144]]],[[[-9.11745,38.73171],[-9.11741,38.73161],[-9.11745,38.73157],[-9.11755,38.73161],[-9.11745,38.73171]]],[[[-9.11904,38.73351],[-9.11871,38.73404],[-9.11849,38.73351],[-9.11871,38.73303],[-9.11904,38.73351]]],[[[-9.1206,38.73446],[-9.12098,38.73477],[-9.1206,38.73515],[-9.12032,38.73477],[-9.1206,38.73446]]],[[[-9.11997,38.73579],[-9.11977,38.7354],[-9.11997,38.73516],[-9.12031,38.7354],[-9.11997,38.73579]]],[[[-9.12123,38.73624],[-9.12095,38.73603],[-9.12123,38.73563],[-9.12167,38.73603],[-9.12123,38.73624]]],[[[-9.11997,38.73685],[-9.1197,38.73666],[-9.11997,38.7363],[-9.12015,38.73666],[-9.11997,38.73685]]],[[[-9.11934,38.73735],[-9.11927,38.73729],[-9.11934,38.7372],[-9.1194,38.73729],[-9.11934,38.73735]]],[[[-9.11891,38.73792],[-9.11917,38.73855],[-9.11871,38.73883],[-9.11809,38.73855],[-9.11853,38.73792],[-9.11871,38.7377],[-9.11891,38.73792]]],[[[-9.12716,38.73981],[-9.12754,38.74024],[-9.12767,38.74044],[-9.12754,38.74053],[-9.12691,38.74048],[-9.12689,38.74044],[-9.12644,38.73981],[-9.12644,38.73918],[-9.12691,38.73898],[-9.12716,38.73918],[-9.12716,38.73981]]],[[[-9.11927,38.74044],[-9.11934,38.74038],[-9.11997,38.74036],[-9.12029,38.74044],[-9.11997,38.74054],[-9.11934,38.74054],[-9.11927,38.74044]]],[[[-9.12628,38.74137],[-9.12644,38.7417],[-9.12656,38.74234],[-9.12691,38.74273],[-9.12754,38.74269],[-9.12806,38.74297],[-9.12817,38.74312],[-9.1288,38.74312],[-9.12943,38.74357],[-9.12975,38.7436],[-9.12963,38.74423],[-9.12943,38.74439],[-9.1288,38.74479],[-9.12817,38.74479],[-9.12792,38.74423],[-9.12754,38.74399],[-9.12712,38.74423],[-9.12754,38.74481],[-9.12786,38.74486],[-9.12817,38.74505],[-9.1288,38.74505],[-9.12892,38.74549],[-9.1288,38.74561],[-9.12817,38.74561],[-9.12754,38.74573],[-9.12743,38.74549],[-9.12691,38.74506],[-9.1267,38.74486],[-9.1267,38.74423],[-9.12628,38.74388],[-9.12573,38.74423],[-9.12565,38.74462],[-9.12502,38.74462],[-9.12494,38.74486],[-9.12439,38.74511],[-9.12383,38.74486],[-9.12439,38.74431],[-9.12462,38.74423],[-9.12457,38.7436],[-9.12439,38.74339],[-9.12406,38.74297],[-9.12439,38.74257],[-9.12502,38.74255],[-9.12565,38.74255],[-9.12593,38.74234],[-9.12565,38.74208],[-9.12502,38.74208],[-9.12445,38.7417],[-9.12502,38.74148],[-9.12565,38.74148],[-9.12628,38.74137]],[[-9.12502,38.74308],[-9.12565,38.74308],[-9.12575,38.74297],[-9.12565,38.74293],[-9.12502,38.74293],[-9.12492,38.74297],[-9.12502,38.74308]],[[-9.12766,38.7436],[-9.12754,38.74341],[-9.12736,38.7436],[-9.12754,38.74364],[-9.12766,38.7436]]],[[[-9.12188,38.7436],[-9.12186,38.74361],[-9.12185,38.7436],[-9.12186,38.74358],[-9.12188,38.7436]]],[[[-9.12164,38.74486],[-9.12186,38.74459],[-9.12249,38.7448],[-9.123,38.74486],[-9.12249,38.74495],[-9.12186,38.74522],[-9.12164,38.74486]]],[[[-9.12943,38.74689],[-9.12927,38.74675],[-9.12943,38.74659],[-9.12958,38.74675],[-9.12943,38.74689]]],[[[-9.12713,38.74738],[-9.12691,38.7477],[-9.12679,38.74738],[-9.12691,38.74721],[-9.12713,38.74738]]],[[[-9.11922,38.74738],[-9.11934,38.7473],[-9.11997,38.7473],[-9.12009,38.74738],[-9.11997,38.74795],[-9.11934,38.74795],[-9.11922,38.74738]]],[[[-9.11871,38.74833],[-9.11865,38.74801],[-9.11871,38.74792],[-9.11926,38.74801],[-9.11871,38.74833]]],[[[-9.12123,38.74991],[-9.12121,38.7499],[-9.12112,38.74927],[-9.12123,38.74912],[-9.12186,38.74902],[-9.12249,38.74902],[-9.12273,38.74927],[-9.12313,38.74954],[-9.12374,38.7499],[-9.12313,38.7505],[-9.12249,38.75006],[-9.12186,38.75006],[-9.12123,38.74991]],[[-9.12313,38.74996],[-9.12318,38.7499],[-9.12313,38.74987],[-9.12307,38.7499],[-9.12313,38.74996]]],[[[-9.13069,38.74999],[-9.13067,38.7499],[-9.13069,38.74985],[-9.13132,38.74985],[-9.13196,38.74984],[-9.13209,38.7499],[-9.13196,38.74993],[-9.13132,38.74999],[-9.13069,38.74999]]],[[[-9.11808,38.75071],[-9.11799,38.75054],[-9.11808,38.75039],[-9.11839,38.75054],[-9.11808,38.75071]]],[[[-9.11917,38.7518],[-9.11898,38.75117],[-9.11934,38.75078],[-9.1199,38.75054],[-9.11934,38.75015],[-9.11928,38.7499],[-9.11934,38.74984],[-9.11997,38.74984],[-9.12005,38.7499],[-9.12001,38.75054],[-9.1206,38.75072],[-9.12123,38.75097],[-9.1215,38.75117],[-9.12175,38.7518],[-9.12123,38.75229],[-9.12111,38.75243],[-9.12093,38.75306],[-9.1206,38.75348],[-9.12008,38.75306],[-9.12007,38.75243],[-9.11997,38.75206],[-9.11934,38.75206],[-9.11917,38.7518]]],[[[-9.13006,38.75327],[-9.12986,38.75306],[-9.12973,38.75243],[-9.12977,38.7518],[-9.13006,38.75129],[-9.13032,38.7518],[-9.13055,38.75243],[-9.13069,38.7528],[-9.13132,38.7528],[-9.13137,38.75306],[-9.13132,38.75316],[-9.13069,38.75316],[-9.13006,38.75327]]],[[[-9.13259,38.75331],[-9.13233,38.75306],[-9.13259,38.75268],[-9.13286,38.75306],[-9.13259,38.75331]]],[[[-9.12186,38.7542],[-9.12141,38.75369],[-9.12158,38.75306],[-9.12186,38.75282],[-9.12249,38.75282],[-9.12294,38.75306],[-9.12309,38.75369],[-9.12313,38.75377],[-9.12342,38.75432],[-9.12313,38.75449],[-9.12273,38.75432],[-9.12249,38.7542],[-9.12186,38.7542]]],[[[-9.11808,38.75426],[-9.11816,38.75432],[-9.11808,38.75441],[-9.11792,38.75432],[-9.11808,38.75426]]],[[[-9.13196,38.75535],[-9.13155,38.75495],[-9.13196,38.75453],[-9.1324,38.75495],[-9.13196,38.75535]],[[-9.13201,38.75495],[-9.13196,38.7549],[-9.13191,38.75495],[-9.13196,38.755],[-9.13201,38.75495]]],[[[-9.11745,38.75542],[-9.11808,38.75543],[-9.1183,38.75558],[-9.11808,38.75573],[-9.11745,38.75559],[-9.11742,38.75558],[-9.11745,38.75542]]],[[[-9.13574,38.75545],[-9.13586,38.75558],[-9.13574,38.7559],[-9.13564,38.75558],[-9.13574,38.75545]]],[[[-9.12355,38.75495],[-9.12376,38.75461],[-9.12406,38.75432],[-9.12394,38.75369],[-9.12376,38.75349],[-9.12322,38.75306],[-9.12376,38.75253],[-9.12395,38.75243],[-9.12376,38.75211],[-9.12337,38.7518],[-9.12372,38.75117],[-9.12376,38.75112],[-9.12399,38.75054],[-9.12439,38.75012],[-9.12494,38.75054],[-9.12465,38.75117],[-9.12502,38.75147],[-9.12565,38.75147],[-9.12593,38.7518],[-9.12628,38.75202],[-9.12691,38.75213],[-9.12709,38.7518],[-9.12691,38.75157],[-9.12658,38.75117],[-9.12628,38.75064],[-9.12605,38.75054],[-9.12581,38.7499],[-9.12608,38.74927],[-9.12628,38.74916],[-9.12684,38.74864],[-9.12691,38.74845],[-9.12754,38.74835],[-9.12779,38.74864],[-9.12754,38.74914],[-9.12746,38.74927],[-9.12754,38.74951],[-9.12777,38.7499],[-9.12817,38.75011],[-9.1288,38.75011],[-9.12915,38.75054],[-9.12943,38.7509],[-9.12982,38.75117],[-9.12943,38.75132],[-9.1288,38.75174],[-9.12817,38.75174],[-9.12812,38.7518],[-9.12817,38.75188],[-9.1288,38.75188],[-9.12912,38.75243],[-9.12908,38.75306],[-9.12943,38.75341],[-9.12972,38.75369],[-9.12964,38.75432],[-9.13006,38.75466],[-9.13047,38.75495],[-9.13066,38.75558],[-9.13069,38.7556],[-9.13132,38.7556],[-9.13196,38.75598],[-9.13259,38.75574],[-9.13312,38.75621],[-9.13322,38.75658],[-9.13333,38.75684],[-9.13322,38.7572],[-9.13306,38.75747],[-9.13306,38.7581],[-9.13259,38.7582],[-9.13218,38.7581],[-9.1322,38.75747],[-9.13196,38.75732],[-9.13175,38.75747],[-9.13132,38.75784],[-9.13069,38.75784],[-9.13006,38.75807],[-9.13005,38.7581],[-9.12956,38.75873],[-9.12943,38.75886],[-9.1293,38.75873],[-9.1288,38.75843],[-9.12817,38.75843],[-9.12795,38.75873],[-9.12817,38.75905],[-9.1288,38.75905],[-9.1291,38.75937],[-9.12943,38.75968],[-9.12968,38.75937],[-9.13006,38.75896],[-9.13041,38.75937],[-9.13069,38.75979],[-9.13132,38.75979],[-9.1315,38.76],[-9.13132,38.76013],[-9.13069,38.76013],[-9.13032,38.76],[-9.13006,38.75986],[-9.12987,38.76],[-9.12943,38.76026],[-9.12895,38.76063],[-9.1288,38.76076],[-9.12817,38.76076],[-9.12754,38.76094],[-9.12691,38.76114],[-9.12667,38.76126],[-9.12645,38.76189],[-9.12691,38.7624],[-9.12695,38.76252],[-9.12691,38.76299],[-9.12689,38.76315],[-9.12628,38.76342],[-9.12565,38.76336],[-9.12502,38.76336],[-9.12474,38.76315],[-9.12439,38.76258],[-9.12425,38.76252],[-9.12405,38.76189],[-9.12415,38.76126],[-9.12416,38.76063],[-9.12439,38.76001],[-9.1244,38.76],[-9.12491,38.75937],[-9.12439,38.75894],[-9.12378,38.75873],[-9.12376,38.75871],[-9.12322,38.7581],[-9.12313,38.75797],[-9.12293,38.75747],[-9.12313,38.7573],[-9.12362,38.75747],[-9.12376,38.75757],[-9.12402,38.75747],[-9.12376,38.75695],[-9.12374,38.75684],[-9.12353,38.75621],[-9.12376,38.75572],[-9.12412,38.75558],[-9.12376,38.75544],[-9.12355,38.75495]],[[-9.1263,38.76063],[-9.12628,38.7606],[-9.12624,38.76063],[-9.12628,38.76069],[-9.1263,38.76063]],[[-9.12502,38.7622],[-9.12565,38.7622],[-9.12575,38.76189],[-9.12565,38.76181],[-9.12502,38.76181],[-9.12498,38.76189],[-9.12502,38.7622]],[[-9.12486,38.75495],[-9.12439,38.75477],[-9.12422,38.75495],[-9.12439,38.75536],[-9.12486,38.75495]],[[-9.12381,38.75306],[-9.12376,38.75298],[-9.12367,38.75306],[-9.12376,38.75312],[-9.12381,38.75306]],[[-9.13273,38.75621],[-9.13259,38.75608],[-9.13235,38.75621],[-9.13259,38.75639],[-9.13273,38.75621]],[[-9.13069,38.75719],[-9.13132,38.75719],[-9.13161,38.75684],[-9.13132,38.75655],[-9.13069,38.75655],[-9.13044,38.75684],[-9.13069,38.75719]],[[-9.12943,38.75631],[-9.13006,38.7568],[-9.13043,38.75621],[-9.13006,38.75601],[-9.12943,38.75609],[-9.12931,38.75621],[-9.12943,38.75631]],[[-9.12961,38.75747],[-9.12943,38.75731],[-9.12935,38.75747],[-9.12943,38.75793],[-9.12961,38.75747]],[[-9.12817,38.75787],[-9.1288,38.75787],[-9.12903,38.75747],[-9.1288,38.75708],[-9.12817,38.75708],[-9.12794,38.75747],[-9.12817,38.75787]],[[-9.12763,38.75937],[-9.12754,38.75932],[-9.12749,38.75937],[-9.12754,38.75945],[-9.12763,38.75937]],[[-9.12565,38.75988],[-9.12502,38.75988],[-9.12492,38.76],[-9.12502,38.76031],[-9.12565,38.76031],[-9.12628,38.7601],[-9.12671,38.76063],[-9.12691,38.7608],[-9.12747,38.76063],[-9.1271,38.76],[-9.12691,38.75972],[-9.12628,38.75986],[-9.12565,38.75988]],[[-9.12458,38.75369],[-9.12439,38.75361],[-9.12428,38.75369],[-9.12439,38.75391],[-9.12458,38.75369]],[[-9.12943,38.7551],[-9.13006,38.75506],[-9.13011,38.75495],[-9.13006,38.75491],[-9.12943,38.75473],[-9.12924,38.75495],[-9.12943,38.7551]],[[-9.12691,38.7579],[-9.12669,38.7581],[-9.12691,38.75832],[-9.12754,38.75834],[-9.12769,38.7581],[-9.1276,38.75747],[-9.12754,38.75732],[-9.12734,38.75747],[-9.12691,38.7579]],[[-9.1266,38.75873],[-9.12628,38.75841],[-9.12578,38.75873],[-9.12628,38.75924],[-9.1266,38.75873]],[[-9.12477,38.75306],[-9.12439,38.75262],[-9.12408,38.75306],[-9.12439,38.75335],[-9.12477,38.75306]],[[-9.12718,38.75684],[-9.12691,38.75666],[-9.12642,38.75684],[-9.12691,38.75707],[-9.12718,38.75684]],[[-9.1245,38.75054],[-9.12439,38.75045],[-9.1243,38.75054],[-9.12439,38.75071],[-9.1245,38.75054]],[[-9.12693,38.75558],[-9.12691,38.75557],[-9.12687,38.75558],[-9.12691,38.75564],[-9.12693,38.75558]],[[-9.12693,38.75369],[-9.12691,38.75368],[-9.12689,38.75369],[-9.12691,38.75371],[-9.12693,38.75369]],[[-9.12616,38.75243],[-9.12608,38.75306],[-9.12628,38.75333],[-9.12691,38.75311],[-9.12717,38.75306],[-9.12691,38.75298],[-9.12638,38.75243],[-9.12628,38.75238],[-9.12616,38.75243]]],[[[-9.11997,38.7562],[-9.11998,38.75621],[-9.11997,38.75624],[-9.11934,38.75624],[-9.11931,38.75621],[-9.11934,38.7562],[-9.11997,38.7562]]],[[[-9.11808,38.75692],[-9.11769,38.75684],[-9.11808,38.75677],[-9.11815,38.75684],[-9.11808,38.75692]]],[[[-9.12249,38.75797],[-9.12293,38.7581],[-9.12249,38.75826],[-9.12186,38.75826],[-9.12176,38.7581],[-9.12186,38.75797],[-9.12249,38.75797]]],[[[-9.13763,38.75845],[-9.1374,38.7581],[-9.13763,38.75795],[-9.13782,38.7581],[-9.13763,38.75845]]],[[[-9.13132,38.75853],[-9.13161,38.75873],[-9.13132,38.75889],[-9.13069,38.75889],[-9.13049,38.75873],[-9.13069,38.75853],[-9.13132,38.75853]]],[[[-9.11803,38.75937],[-9.11805,38.75873],[-9.11808,38.75872],[-9.11809,38.75873],[-9.11812,38.75937],[-9.11808,38.75938],[-9.11803,38.75937]]],[[[-9.13574,38.7611],[-9.1356,38.76126],[-9.13574,38.76142],[-9.13608,38.76189],[-9.13574,38.76219],[-9.13516,38.76189],[-9.13511,38.76184],[-9.13505,38.76189],[-9.13448,38.76217],[-9.13385,38.76217],[-9.13322,38.76217],[-9.13259,38.76222],[-9.13196,38.76192],[-9.1319,38.76189],[-9.13196,38.76187],[-9.13246,38.76126],[-9.13196,38.76078],[-9.13186,38.76063],[-9.13196,38.7605],[-9.13235,38.76],[-9.13259,38.75976],[-9.13294,38.75937],[-9.13322,38.75911],[-9.13358,38.75873],[-9.13385,38.75851],[-9.13431,38.75873],[-9.13448,38.7589],[-9.13471,38.75937],[-9.13494,38.76],[-9.13511,38.76022],[-9.13574,38.76034],[-9.13606,38.76063],[-9.13574,38.7611]]],[[[-9.13826,38.76128],[-9.13811,38.76126],[-9.13763,38.76122],[-9.13716,38.76126],[-9.137,38.76128],[-9.13637,38.76128],[-9.13632,38.76126],[-9.13637,38.76124],[-9.137,38.76124],[-9.13723,38.76063],[-9.13763,38.76015],[-9.13817,38.76063],[-9.13826,38.76119],[-9.13828,38.76126],[-9.13826,38.76128]],[[-9.13767,38.76063],[-9.13763,38.76059],[-9.1376,38.76063],[-9.13763,38.76067],[-9.13767,38.76063]]],[[[-9.12975,38.76126],[-9.13006,38.7608],[-9.13052,38.76126],[-9.13006,38.76154],[-9.12975,38.76126]]],[[[-9.12817,38.76178],[-9.12834,38.76189],[-9.12817,38.76197],[-9.12754,38.76197],[-9.12732,38.76189],[-9.12754,38.76181],[-9.12817,38.76178]]],[[[-9.13574,38.76321],[-9.13558,38.76315],[-9.13574,38.76303],[-9.13581,38.76315],[-9.13574,38.76321]]],[[[-9.12052,38.76378],[-9.1206,38.76374],[-9.12064,38.76378],[-9.1206,38.7638],[-9.12052,38.76378]]],[[[-9.1288,38.76481],[-9.12906,38.76504],[-9.12943,38.7655],[-9.12955,38.76567],[-9.12943,38.76589],[-9.1288,38.76581],[-9.12872,38.76567],[-9.12872,38.76504],[-9.1288,38.76481]]],[[[-9.12565,38.76613],[-9.12502,38.76613],[-9.12445,38.76567],[-9.12466,38.76504],[-9.12449,38.76441],[-9.12502,38.76424],[-9.12565,38.76424],[-9.12612,38.76441],[-9.12628,38.76451],[-9.12652,38.76504],[-9.1265,38.76567],[-9.12665,38.7663],[-9.12691,38.76671],[-9.12697,38.76693],[-9.12691,38.7672],[-9.12676,38.76756],[-9.12628,38.76805],[-9.12599,38.76756],[-9.12628,38.76711],[-9.12668,38.76693],[-9.12628,38.76668],[-9.12594,38.7663],[-9.12565,38.76613]]],[[[-9.13069,38.76632],[-9.13062,38.7663],[-9.13069,38.7663],[-9.13132,38.7663],[-9.13135,38.7663],[-9.13132,38.76632],[-9.13069,38.76632]]],[[[-9.1206,38.76657],[-9.12053,38.7663],[-9.1206,38.76624],[-9.12076,38.7663],[-9.1206,38.76657]]],[[[-9.11808,38.76815],[-9.11809,38.7682],[-9.11808,38.76824],[-9.11745,38.76826],[-9.1174,38.7682],[-9.11745,38.76813],[-9.11808,38.76815]]],[[[-9.11934,38.76909],[-9.11891,38.76883],[-9.11934,38.7686],[-9.11997,38.7686],[-9.12029,38.76883],[-9.11997,38.76909],[-9.11934,38.76909]]],[[[-9.11808,38.76993],[-9.11776,38.76946],[-9.11808,38.76934],[-9.11812,38.76946],[-9.11808,38.76993]]],[[[-9.12249,38.77223],[-9.12186,38.77223],[-9.12164,38.77198],[-9.12126,38.77135],[-9.12186,38.77089],[-9.12249,38.77089],[-9.12272,38.77072],[-9.12313,38.77026],[-9.12376,38.77055],[-9.12396,38.77072],[-9.12376,38.77087],[-9.12313,38.7713],[-9.12309,38.77135],[-9.1231,38.77198],[-9.12249,38.77223]]],[[[-9.12344,38.77387],[-9.12376,38.7735],[-9.124,38.77387],[-9.12376,38.77404],[-9.12344,38.77387]]],[[[-9.11914,38.77576],[-9.11879,38.77639],[-9.11871,38.77645],[-9.11861,38.77639],[-9.11859,38.77576],[-9.11871,38.77559],[-9.11914,38.77576]]],[[[-9.1191,38.77766],[-9.11934,38.7775],[-9.11997,38.7775],[-9.12032,38.77766],[-9.12016,38.77829],[-9.11997,38.77838],[-9.11934,38.77838],[-9.11922,38.77829],[-9.1191,38.77766]]],[[[-9.11808,38.77952],[-9.11824,38.77955],[-9.11808,38.77959],[-9.11803,38.77955],[-9.11808,38.77952]]],[[[-9.11934,38.7807],[-9.1196,38.78081],[-9.11934,38.78089],[-9.11871,38.78089],[-9.11859,38.78081],[-9.11871,38.78078],[-9.11934,38.7807]]],[[[-9.12123,38.78105],[-9.12104,38.78081],[-9.12123,38.78069],[-9.1216,38.78081],[-9.12123,38.78105]]],[[[-9.12924,38.78396],[-9.12943,38.7839],[-9.12959,38.78396],[-9.12959,38.78399],[-9.12924,38.78398],[-9.12924,38.78396]]],[[[-9.11429,38.72332],[-9.11437,38.72341],[-9.11429,38.72357],[-9.11366,38.72357],[-9.11358,38.72341],[-9.11366,38.72332],[-9.11429,38.72332]]],[[[-9.11619,38.726],[-9.11556,38.72595],[-9.11493,38.72616],[-9.11429,38.72651],[-9.11366,38.72651],[-9.11303,38.72625],[-9.11286,38.72594],[-9.11303,38.72584],[-9.11334,38.72531],[-9.11366,38.72495],[-9.11429,38.72495],[-9.11472,38.72468],[-9.11493,38.72428],[-9.1151,38.72468],[-9.11493,38.72495],[-9.11473,38.72531],[-9.11493,38.72551],[-9.11556,38.72591],[-9.11619,38.7259],[-9.11682,38.7259],[-9.1171,38.72531],[-9.11745,38.7247],[-9.11782,38.72531],[-9.11762,38.72594],[-9.11745,38.72613],[-9.11682,38.726],[-9.11619,38.726]]],[[[-9.11051,38.72767],[-9.11114,38.72767],[-9.11125,38.72783],[-9.11114,38.72814],[-9.11051,38.72814],[-9.11044,38.72783],[-9.11051,38.72767]]],[[[-9.10736,38.72908],[-9.10737,38.72909],[-9.10736,38.72911],[-9.10735,38.72909],[-9.10736,38.72908]]],[[[-9.10988,38.73118],[-9.10952,38.73098],[-9.10988,38.73074],[-9.11032,38.73098],[-9.10988,38.73118]]],[[[-9.10677,38.73098],[-9.10673,38.73102],[-9.10667,38.73098],[-9.10673,38.73091],[-9.10677,38.73098]]],[[[-9.10648,38.73224],[-9.10673,38.73209],[-9.10725,38.73161],[-9.10736,38.73151],[-9.10752,38.73161],[-9.1078,38.73224],[-9.10736,38.73284],[-9.10673,38.73284],[-9.10648,38.73224]]],[[[-9.10958,38.73287],[-9.10958,38.73351],[-9.10925,38.73384],[-9.10896,38.73351],[-9.10896,38.73287],[-9.10925,38.7325],[-9.10958,38.73287]]],[[[-9.11339,38.73287],[-9.11366,38.73261],[-9.11429,38.73261],[-9.11453,38.73287],[-9.11453,38.73351],[-9.11429,38.73391],[-9.11366,38.73391],[-9.11306,38.73351],[-9.11339,38.73287]]],[[[-9.10461,38.73224],[-9.10483,38.73193],[-9.10546,38.73193],[-9.10558,38.73224],[-9.10554,38.73287],[-9.1061,38.73322],[-9.10673,38.7329],[-9.10736,38.73291],[-9.10799,38.73291],[-9.10824,38.73351],[-9.10841,38.73414],[-9.10862,38.73444],[-9.10899,38.73477],[-9.10862,38.7352],[-9.1085,38.7354],[-9.10799,38.73584],[-9.10736,38.73584],[-9.10717,38.73603],[-9.10736,38.73632],[-9.10777,38.73666],[-9.10748,38.73729],[-9.10736,38.73733],[-9.10673,38.73754],[-9.10631,38.73729],[-9.1061,38.73694],[-9.10593,38.73729],[-9.10546,38.73785],[-9.10483,38.73785],[-9.1042,38.73737],[-9.10415,38.73729],[-9.10357,38.73696],[-9.10322,38.73666],[-9.10357,38.73625],[-9.10389,38.73603],[-9.10357,38.73562],[-9.10345,38.7354],[-9.10357,38.73532],[-9.10403,38.73477],[-9.10357,38.73416],[-9.10353,38.73414],[-9.10353,38.73351],[-9.10294,38.733],[-9.10282,38.733],[-9.10294,38.73287],[-9.10326,38.73256],[-9.10357,38.73256],[-9.1042,38.73272],[-9.10461,38.73224]],[[-9.10659,38.73414],[-9.10673,38.73422],[-9.10683,38.73414],[-9.10673,38.73401],[-9.10659,38.73414]],[[-9.10483,38.73492],[-9.10439,38.7354],[-9.10483,38.73579],[-9.10546,38.73579],[-9.10575,38.7354],[-9.10546,38.73492],[-9.10483,38.73492]]],[[[-9.11042,38.73351],[-9.11042,38.73287],[-9.11051,38.73284],[-9.11114,38.73284],[-9.11177,38.73267],[-9.11228,38.73287],[-9.11228,38.73351],[-9.11177,38.73395],[-9.11154,38.73414],[-9.11177,38.73435],[-9.1124,38.73433],[-9.11266,38.73477],[-9.11303,38.73514],[-9.11366,38.73516],[-9.11429,38.73516],[-9.11493,38.73492],[-9.11502,38.73477],[-9.11556,38.73432],[-9.11593,38.73477],[-9.11619,38.73505],[-9.11682,38.73505],[-9.11734,38.7354],[-9.1171,38.73603],[-9.11725,38.73666],[-9.11745,38.73676],[-9.11754,38.73666],[-9.11756,38.73603],[-9.11808,38.73567],[-9.11841,38.73603],[-9.11865,38.73666],[-9.11808,38.73716],[-9.11793,38.73729],[-9.11782,38.73792],[-9.11795,38.73855],[-9.11745,38.73875],[-9.11733,38.73855],[-9.11704,38.73792],[-9.11706,38.73729],[-9.11682,38.73691],[-9.11619,38.73691],[-9.1159,38.73729],[-9.11587,38.73792],[-9.11556,38.73835],[-9.11518,38.73855],[-9.11493,38.73863],[-9.11461,38.73855],[-9.11443,38.73792],[-9.11429,38.7375],[-9.11366,38.7375],[-9.11303,38.73729],[-9.11345,38.73666],[-9.11303,38.73636],[-9.11276,38.73603],[-9.1124,38.73569],[-9.11198,38.7354],[-9.11177,38.73523],[-9.11114,38.73515],[-9.11051,38.73515],[-9.11018,38.73477],[-9.10988,38.73443],[-9.10958,38.73414],[-9.10988,38.73384],[-9.11042,38.73351]],[[-9.11812,38.73666],[-9.11808,38.73658],[-9.11804,38.73666],[-9.11808,38.7367],[-9.11812,38.73666]]],[[[-9.11191,38.73603],[-9.11177,38.73608],[-9.11124,38.73666],[-9.11114,38.73672],[-9.11051,38.73672],[-9.11031,38.73666],[-9.11013,38.73603],[-9.11051,38.73562],[-9.11114,38.73562],[-9.11177,38.73578],[-9.11191,38.73603]]],[[[-9.10925,38.73641],[-9.10958,38.73666],[-9.10925,38.73686],[-9.10877,38.73666],[-9.10925,38.73641]]],[[[-9.10357,38.73848],[-9.10342,38.73792],[-9.10357,38.73771],[-9.10385,38.73792],[-9.10357,38.73848]]],[[[-9.10546,38.7391],[-9.10556,38.73918],[-9.10546,38.73929],[-9.10483,38.73929],[-9.10474,38.73918],[-9.10483,38.7391],[-9.10546,38.7391]]],[[[-9.1067,38.73918],[-9.10673,38.73917],[-9.10675,38.73918],[-9.10673,38.73923],[-9.1067,38.73918]]],[[[-9.11619,38.73915],[-9.11682,38.73915],[-9.11688,38.73918],[-9.11688,38.73981],[-9.11682,38.73983],[-9.11619,38.73983],[-9.11587,38.73981],[-9.11614,38.73918],[-9.11619,38.73915]]],[[[-9.10625,38.73981],[-9.1061,38.73991],[-9.106,38.73981],[-9.1061,38.73973],[-9.10625,38.73981]]],[[[-9.10554,38.74044],[-9.10546,38.74055],[-9.10483,38.74055],[-9.10452,38.74044],[-9.1042,38.74038],[-9.10403,38.74044],[-9.10381,38.74107],[-9.1036,38.7417],[-9.10357,38.74175],[-9.10353,38.7417],[-9.10294,38.74149],[-9.10236,38.74107],[-9.10231,38.74083],[-9.10168,38.74083],[-9.10158,38.74107],[-9.10165,38.7417],[-9.10105,38.74194],[-9.10042,38.7418],[-9.10017,38.7417],[-9.09997,38.74107],[-9.10016,38.74044],[-9.10042,38.74011],[-9.10067,38.74044],[-9.10105,38.74071],[-9.10149,38.74044],[-9.10149,38.73981],[-9.10168,38.73962],[-9.10231,38.73962],[-9.10294,38.73973],[-9.10357,38.73962],[-9.1042,38.7395],[-9.10454,38.73981],[-9.10483,38.74037],[-9.10546,38.74037],[-9.10554,38.74044]],[[-9.10273,38.74107],[-9.10294,38.74123],[-9.10332,38.74107],[-9.10294,38.7408],[-9.10273,38.74107]]],[[[-9.10673,38.74112],[-9.10666,38.74107],[-9.10673,38.74101],[-9.10681,38.74107],[-9.10673,38.74112]]],[[[-9.10683,38.74234],[-9.10673,38.74242],[-9.10659,38.74234],[-9.10673,38.74224],[-9.10683,38.74234]]],[[[-9.1042,38.7423],[-9.10427,38.74234],[-9.1042,38.74249],[-9.10415,38.74234],[-9.1042,38.7423]]],[[[-9.10546,38.74286],[-9.10599,38.74297],[-9.10546,38.74305],[-9.10483,38.74305],[-9.10461,38.74297],[-9.10483,38.74286],[-9.10546,38.74286]]],[[[-9.10862,38.74312],[-9.10852,38.74297],[-9.10862,38.7429],[-9.10867,38.74297],[-9.10862,38.74312]]],[[[-9.1042,38.74361],[-9.10419,38.7436],[-9.1042,38.74353],[-9.10422,38.7436],[-9.1042,38.74361]]],[[[-9.10673,38.74384],[-9.10647,38.7436],[-9.10673,38.7435],[-9.10688,38.7436],[-9.10673,38.74384]]],[[[-9.10673,38.74805],[-9.10667,38.74801],[-9.10673,38.74797],[-9.10676,38.74801],[-9.10673,38.74805]]],[[[-9.10927,38.7518],[-9.10925,38.75186],[-9.10921,38.7518],[-9.10925,38.75178],[-9.10927,38.7518]]],[[[-9.10308,38.7518],[-9.10324,38.75117],[-9.10307,38.75054],[-9.10357,38.75018],[-9.10407,38.7499],[-9.1042,38.74972],[-9.10483,38.7493],[-9.10546,38.7493],[-9.1061,38.74959],[-9.10673,38.74975],[-9.10724,38.7499],[-9.10719,38.75054],[-9.10702,38.75117],[-9.10736,38.75135],[-9.10799,38.75135],[-9.10828,38.7518],[-9.10849,38.75243],[-9.10849,38.75306],[-9.10862,38.75323],[-9.10883,38.75369],[-9.10891,38.75432],[-9.10925,38.75476],[-9.10988,38.7548],[-9.11029,38.75495],[-9.10988,38.75511],[-9.10925,38.7552],[-9.10862,38.75526],[-9.10799,38.75538],[-9.10736,38.75538],[-9.10676,38.75495],[-9.10698,38.75432],[-9.10673,38.75423],[-9.10635,38.75432],[-9.1067,38.75495],[-9.1061,38.75518],[-9.10583,38.75495],[-9.10546,38.75457],[-9.10483,38.75457],[-9.10442,38.75432],[-9.10483,38.754],[-9.10546,38.754],[-9.1061,38.75407],[-9.10619,38.75369],[-9.1061,38.75346],[-9.10546,38.75335],[-9.10483,38.7534],[-9.10455,38.75306],[-9.10458,38.75243],[-9.1042,38.75189],[-9.10357,38.75237],[-9.10308,38.7518]],[[-9.1081,38.75243],[-9.10799,38.75211],[-9.10736,38.75211],[-9.10713,38.75243],[-9.10722,38.75306],[-9.10673,38.75332],[-9.10653,38.75369],[-9.10673,38.75389],[-9.10736,38.75387],[-9.10799,38.75396],[-9.10841,38.75369],[-9.10804,38.75306],[-9.1081,38.75243]],[[-9.10438,38.75054],[-9.10423,38.75117],[-9.10483,38.7517],[-9.10546,38.7517],[-9.10593,38.75117],[-9.1061,38.75085],[-9.1063,38.75054],[-9.1061,38.75015],[-9.10546,38.7502],[-9.10483,38.7502],[-9.10438,38.75054]]],[[[-9.11429,38.75417],[-9.11476,38.75432],[-9.11429,38.7545],[-9.11366,38.7545],[-9.11351,38.75432],[-9.11366,38.75417],[-9.11429,38.75417]]],[[[-9.11243,38.75495],[-9.1124,38.75506],[-9.11239,38.75495],[-9.1124,38.75492],[-9.11243,38.75495]]],[[[-9.11038,38.75558],[-9.11051,38.75521],[-9.11114,38.75521],[-9.11165,38.75558],[-9.11114,38.75575],[-9.11051,38.75575],[-9.11038,38.75558]]],[[[-9.10925,38.75643],[-9.10907,38.75621],[-9.10925,38.75581],[-9.10948,38.75621],[-9.10925,38.75643]]],[[[-9.11366,38.75619],[-9.11429,38.75619],[-9.11432,38.75621],[-9.11429,38.75624],[-9.11366,38.75624],[-9.11361,38.75621],[-9.11366,38.75619]]],[[[-9.11556,38.75617],[-9.11608,38.75621],[-9.11556,38.75633],[-9.11545,38.75621],[-9.11556,38.75617]]],[[[-9.10546,38.75601],[-9.1056,38.75621],[-9.10546,38.75649],[-9.10483,38.75649],[-9.10467,38.75621],[-9.10483,38.75601],[-9.10546,38.75601]]],[[[-9.11493,38.75691],[-9.11489,38.75684],[-9.11493,38.75682],[-9.11495,38.75684],[-9.11493,38.75691]]],[[[-9.11556,38.7577],[-9.11516,38.75747],[-9.11556,38.75721],[-9.11603,38.75747],[-9.11556,38.7577]]],[[[-9.11493,38.75895],[-9.11471,38.75873],[-9.11493,38.75861],[-9.11515,38.75873],[-9.11493,38.75895]]],[[[-9.10357,38.75895],[-9.10324,38.75873],[-9.10357,38.75855],[-9.1042,38.75847],[-9.10483,38.75862],[-9.10546,38.75862],[-9.1055,38.75873],[-9.10549,38.75937],[-9.10546,38.7596],[-9.10483,38.7596],[-9.1042,38.75947],[-9.10389,38.75937],[-9.10357,38.75895]]],[[[-9.10255,38.75937],[-9.10231,38.7596],[-9.10187,38.75937],[-9.10231,38.75889],[-9.10255,38.75937]]],[[[-9.10728,38.77009],[-9.10734,38.76946],[-9.10736,38.76935],[-9.10799,38.76935],[-9.108,38.76946],[-9.10802,38.77009],[-9.10799,38.77012],[-9.10736,38.77012],[-9.10728,38.77009]]],[[[-9.11429,38.77078],[-9.11424,38.77072],[-9.11429,38.77067],[-9.11448,38.77072],[-9.11429,38.77078]]],[[[-9.10859,38.77135],[-9.10862,38.77133],[-9.10867,38.77135],[-9.10896,38.77198],[-9.10863,38.77261],[-9.10862,38.77267],[-9.1086,38.77261],[-9.10839,38.77198],[-9.10859,38.77135]]],[[[-9.11611,38.77703],[-9.11619,38.77687],[-9.11682,38.77687],[-9.11687,38.77703],[-9.11682,38.77706],[-9.11619,38.77706],[-9.11611,38.77703]]],[[[-9.11493,38.77792],[-9.11461,38.77766],[-9.11493,38.7775],[-9.11519,38.77766],[-9.11493,38.77792]]],[[[-9.11505,38.77955],[-9.11493,38.77967],[-9.11429,38.78012],[-9.11427,38.78018],[-9.11427,38.78055],[-9.1131,38.78008],[-9.11279,38.77988],[-9.11303,38.77957],[-9.11366,38.77957],[-9.11373,38.77955],[-9.11366,38.77923],[-9.11354,38.77892],[-9.11366,38.7789],[-9.11429,38.77839],[-9.11493,38.77889],[-9.11494,38.77892],[-9.11505,38.77955]],[[-9.11443,38.77892],[-9.11429,38.77881],[-9.11416,38.77892],[-9.11429,38.77907],[-9.11443,38.77892]]],[[[-9.09958,38.77955],[-9.09972,38.77924],[-9.09995,38.78081],[-9.09979,38.78081],[-9.09967,38.78018],[-9.09958,38.77955]]],[[[-9.09159,38.78171],[-9.09221,38.78207],[-9.09222,38.78223],[-9.09228,38.7827],[-9.09238,38.78333],[-9.09222,38.78357],[-9.09189,38.78396],[-9.09222,38.78438],[-9.09241,38.78459],[-9.09238,38.78523],[-9.09222,38.78544],[-9.09159,38.78544],[-9.09159,38.78523],[-9.09096,38.78459],[-9.09096,38.78396],[-9.09096,38.78333],[-9.09096,38.7827],[-9.09096,38.78207],[-9.09096,38.78171],[-9.09159,38.78171]]],[[[-9.09285,38.795],[-9.09348,38.795],[-9.09354,38.79469],[-9.09348,38.79448],[-9.09285,38.79445],[-9.09271,38.79406],[-9.09285,38.7939],[-9.09348,38.79388],[-9.09386,38.79342],[-9.09411,38.79312],[-9.09429,38.79279],[-9.09455,38.79216],[-9.09474,38.79194],[-9.09515,38.79153],[-9.09515,38.7909],[-9.09537,38.79061],[-9.09596,38.79027],[-9.096,38.79024],[-9.09663,38.79024],[-9.09688,38.78964],[-9.09665,38.78901],[-9.09663,38.78899],[-9.096,38.78899],[-9.09537,38.78862],[-9.09514,38.78838],[-9.09474,38.7882],[-9.09421,38.78775],[-9.09411,38.78753],[-9.09348,38.78756],[-9.09285,38.78756],[-9.09222,38.7873],[-9.09159,38.78725],[-9.09096,38.78725],[-9.09096,38.78712],[-9.09096,38.78649],[-9.09105,38.78639],[-9.09159,38.78639],[-9.0917,38.78649],[-9.09222,38.78677],[-9.09246,38.78649],[-9.09252,38.78586],[-9.09285,38.78559],[-9.09348,38.78559],[-9.09386,38.78586],[-9.09411,38.78619],[-9.09474,38.78628],[-9.09499,38.78649],[-9.09537,38.78702],[-9.09594,38.78712],[-9.096,38.78714],[-9.09663,38.78714],[-9.09721,38.78775],[-9.09727,38.78782],[-9.09769,38.78838],[-9.0979,38.78887],[-9.09853,38.78886],[-9.09916,38.78886],[-9.09929,38.78901],[-9.09916,38.78907],[-9.09853,38.78907],[-9.0979,38.78917],[-9.09771,38.78964],[-9.0979,38.79011],[-9.09853,38.79023],[-9.09905,38.79027],[-9.09853,38.79036],[-9.0979,38.79041],[-9.09727,38.79085],[-9.09724,38.7909],[-9.09691,38.79153],[-9.09694,38.79216],[-9.09663,38.79238],[-9.096,38.79243],[-9.09554,38.79279],[-9.09537,38.79335],[-9.09531,38.79342],[-9.09498,38.79406],[-9.09511,38.79469],[-9.09474,38.79521],[-9.09467,38.79532],[-9.09474,38.79542],[-9.09508,38.79595],[-9.09508,38.79658],[-9.09474,38.79658],[-9.09461,38.79658],[-9.09371,38.79641],[-9.09371,38.79595],[-9.09348,38.79538],[-9.09285,38.79538],[-9.09232,38.79595],[-9.09232,38.79618],[-9.09231,38.79618],[-9.09211,38.79618],[-9.09211,38.79595],[-9.09159,38.79542],[-9.09149,38.79532],[-9.09096,38.79489],[-9.09033,38.79489],[-9.09033,38.79469],[-9.09033,38.79406],[-9.09033,38.79349],[-9.09096,38.79349],[-9.09119,38.79342],[-9.09143,38.79279],[-9.09159,38.79262],[-9.09222,38.7925],[-9.09265,38.79279],[-9.0926,38.79342],[-9.09222,38.79379],[-9.092,38.79406],[-9.09222,38.79441],[-9.09273,38.79469],[-9.09285,38.795]]],[[[-9.09916,38.79337],[-9.09918,38.79342],[-9.09916,38.79344],[-9.09853,38.79344],[-9.0985,38.79342],[-9.09853,38.79337],[-9.09916,38.79337]]],[[[-9.09975,38.79406],[-9.09979,38.79399],[-9.10008,38.79399],[-9.09999,38.79432],[-9.09979,38.79432],[-9.09975,38.79406]]],[[[-9.0979,38.79546],[-9.09727,38.79535],[-9.09668,38.79595],[-9.09668,38.79658],[-9.09663,38.79658],[-9.096,38.79658],[-9.09583,38.79658],[-9.09583,38.79595],[-9.09598,38.79532],[-9.096,38.7953],[-9.09663,38.79529],[-9.09727,38.79523],[-9.09786,38.79469],[-9.0979,38.79467],[-9.09792,38.79469],[-9.09824,38.79532],[-9.0979,38.79546]]],[[[-9.09954,38.79589],[-9.09941,38.79633],[-9.09937,38.79636],[-9.09856,38.79614],[-9.09851,38.79613],[-9.09851,38.79595],[-9.09853,38.7959],[-9.09916,38.79592],[-9.09954,38.79589]]]]},"properties":{"class":4,"label":"19,5 a 20","fill":"#fc6932"}},{"type":"Feature","geometry":{"type":"MultiPolygon","coordinates":[[[[-9.20302,38.6944],[-9.20302,38.69377],[-9.20323,38.69377],[-9.20326,38.69377],[-9.20326,38.6944],[-9.20323,38.69448],[-9.20302,38.6944]]],[[[-9.23004,38.69473],[-9.23003,38.69475],[-9.22961,38.6952],[-9.22984,38.69533],[-9.22958,38.69579],[-9.22914,38.69566],[-9.22909,38.69561],[-9.22846,38.69561],[-9.22822,38.69527],[-9.22846,38.69503],[-9.22909,38.6944],[-9.22972,38.6944],[-9.23004,38.69473]]],[[[-9.22846,38.69633],[-9.2284,38.69629],[-9.22846,38.69587],[-9.22849,38.69629],[-9.22846,38.69633]]],[[[-9.22404,38.69689],[-9.22406,38.69692],[-9.22404,38.69696],[-9.22341,38.69692],[-9.22404,38.69689]]],[[[-9.19187,38.70484],[-9.19168,38.70449],[-9.19187,38.70412],[-9.19251,38.70433],[-9.19314,38.70433],[-9.19377,38.70439],[-9.19382,38.70449],[-9.19392,38.70512],[-9.19377,38.7054],[-9.19341,38.70512],[-9.19314,38.70473],[-9.19251,38.70473],[-9.19187,38.70484]]],[[[-9.18935,38.70488],[-9.18998,38.70488],[-9.19061,38.70489],[-9.19079,38.70512],[-9.19061,38.70532],[-9.18998,38.70538],[-9.18935,38.70538],[-9.18907,38.70512],[-9.18935,38.70488]]],[[[-9.18777,38.70512],[-9.18809,38.70486],[-9.18838,38.70512],[-9.18809,38.70542],[-9.18777,38.70512]]],[[[-9.19124,38.70725],[-9.19064,38.70701],[-9.19124,38.7068],[-9.19145,38.70701],[-9.19124,38.70725]]],[[[-9.2171,38.71099],[-9.21687,38.7108],[-9.2171,38.71055],[-9.21742,38.7108],[-9.2171,38.71099]]],[[[-9.21773,38.71214],[-9.21767,38.71206],[-9.21773,38.71197],[-9.21782,38.71206],[-9.21773,38.71214]]],[[[-9.19187,38.71595],[-9.19178,38.71584],[-9.19187,38.71561],[-9.19217,38.71584],[-9.19187,38.71595]]],[[[-9.20449,38.71622],[-9.20458,38.71648],[-9.20449,38.71663],[-9.20386,38.71663],[-9.2035,38.71648],[-9.20386,38.71622],[-9.20449,38.71622]]],[[[-9.19377,38.7169],[-9.19364,38.71648],[-9.19377,38.71601],[-9.19403,38.71648],[-9.19377,38.7169]]],[[[-9.18935,38.7172],[-9.18925,38.71711],[-9.18935,38.71699],[-9.18998,38.71699],[-9.19005,38.71711],[-9.18998,38.7172],[-9.18935,38.7172]]],[[[-9.20007,38.71802],[-9.19987,38.71774],[-9.20007,38.71753],[-9.2007,38.71742],[-9.20134,38.71742],[-9.20197,38.71752],[-9.2026,38.71756],[-9.2027,38.71774],[-9.2026,38.71782],[-9.20197,38.71787],[-9.20134,38.71799],[-9.2007,38.71799],[-9.20007,38.71802]]],[[[-9.20323,38.71847],[-9.20321,38.71837],[-9.20323,38.71835],[-9.20324,38.71837],[-9.20323,38.71847]]],[[[-9.20332,38.719],[-9.20386,38.71874],[-9.20449,38.71874],[-9.2049,38.719],[-9.20449,38.71929],[-9.20386,38.71929],[-9.20332,38.719]]],[[[-9.1939,38.719],[-9.19377,38.71906],[-9.1937,38.719],[-9.19377,38.71897],[-9.1939,38.719]]],[[[-9.19314,38.71947],[-9.19329,38.71963],[-9.19314,38.71979],[-9.19251,38.71979],[-9.19235,38.71963],[-9.19251,38.71947],[-9.19314,38.71947]]],[[[-9.20134,38.71939],[-9.20197,38.71938],[-9.2026,38.71939],[-9.20321,38.71963],[-9.20323,38.71964],[-9.20385,38.72026],[-9.20359,38.72089],[-9.20323,38.72126],[-9.2026,38.72114],[-9.20244,38.72089],[-9.20224,38.72026],[-9.20197,38.71985],[-9.20134,38.71975],[-9.2007,38.71975],[-9.20061,38.71963],[-9.2007,38.71939],[-9.20134,38.71939]],[[-9.20332,38.72026],[-9.20323,38.72017],[-9.2026,38.71996],[-9.20249,38.72026],[-9.2026,38.72048],[-9.20311,38.72089],[-9.20323,38.72095],[-9.20328,38.72089],[-9.20332,38.72026]]],[[[-9.19692,38.7211],[-9.1968,38.72089],[-9.19692,38.72081],[-9.19703,38.72089],[-9.19692,38.7211]]],[[[-9.1944,38.72346],[-9.19427,38.72341],[-9.1944,38.72286],[-9.19444,38.72341],[-9.1944,38.72346]]],[[[-9.18872,38.72412],[-9.18835,38.72404],[-9.18872,38.72368],[-9.18877,38.72404],[-9.18872,38.72412]]],[[[-9.19818,38.72432],[-9.19881,38.72432],[-9.19892,38.72468],[-9.19929,38.72531],[-9.19881,38.72535],[-9.19818,38.72535],[-9.19787,38.72531],[-9.19755,38.72527],[-9.19692,38.72491],[-9.1966,38.72468],[-9.19666,38.72404],[-9.19645,38.72341],[-9.19692,38.72317],[-9.1972,38.72341],[-9.19715,38.72404],[-9.19755,38.72441],[-9.19818,38.72432]]],[[[-9.19881,38.72649],[-9.19934,38.72657],[-9.19881,38.72664],[-9.19818,38.72664],[-9.19814,38.72657],[-9.19818,38.72649],[-9.19881,38.72649]]],[[[-9.19755,38.72725],[-9.19749,38.7272],[-9.19755,38.72712],[-9.19766,38.7272],[-9.19755,38.72725]]],[[[-9.19503,38.72722],[-9.19495,38.7272],[-9.19503,38.72717],[-9.19566,38.72717],[-9.1957,38.7272],[-9.19566,38.72722],[-9.19503,38.72722]]],[[[-9.20007,38.72702],[-9.2007,38.72713],[-9.20134,38.72713],[-9.20165,38.7272],[-9.20134,38.7274],[-9.2007,38.7274],[-9.20007,38.72727],[-9.20001,38.7272],[-9.20007,38.72702]]],[[[-9.19881,38.7284],[-9.19892,38.72846],[-9.19881,38.72856],[-9.19818,38.72856],[-9.1978,38.72846],[-9.19818,38.7284],[-9.19881,38.7284]]],[[[-9.20309,38.72909],[-9.20323,38.72897],[-9.2034,38.72909],[-9.20323,38.72941],[-9.20309,38.72909]]],[[[-9.2026,38.72977],[-9.20252,38.72972],[-9.2026,38.72968],[-9.20273,38.72972],[-9.2026,38.72977]]],[[[-9.20323,38.73199],[-9.20306,38.73161],[-9.20323,38.73106],[-9.20353,38.73161],[-9.20323,38.73199]]],[[[-9.20134,38.73218],[-9.20165,38.73224],[-9.20181,38.73287],[-9.20134,38.73297],[-9.2007,38.73297],[-9.20039,38.73287],[-9.20007,38.73256],[-9.20004,38.73224],[-9.19944,38.73169],[-9.19936,38.73161],[-9.19944,38.73153],[-9.20007,38.73135],[-9.20042,38.73161],[-9.2007,38.73218],[-9.20134,38.73218]]],[[[-9.20007,38.73374],[-9.19978,38.73351],[-9.20007,38.73301],[-9.20032,38.73351],[-9.20007,38.73374]]],[[[-9.20323,38.73249],[-9.20357,38.73287],[-9.20323,38.73322],[-9.20303,38.73351],[-9.2026,38.73391],[-9.20211,38.73414],[-9.20197,38.73425],[-9.20161,38.73477],[-9.20134,38.73496],[-9.2007,38.73496],[-9.20035,38.73477],[-9.20045,38.73414],[-9.2007,38.73386],[-9.20134,38.73386],[-9.20197,38.73395],[-9.20215,38.73351],[-9.2026,38.73304],[-9.20285,38.73287],[-9.20323,38.73249]]],[[[-9.19566,38.73406],[-9.19597,38.73414],[-9.19566,38.73423],[-9.19503,38.73423],[-9.19483,38.73414],[-9.19503,38.73406],[-9.19566,38.73406]]],[[[-9.19944,38.73585],[-9.19932,38.7354],[-9.19944,38.73518],[-9.19956,38.7354],[-9.19944,38.73585]]],[[[-9.20183,38.7354],[-9.20197,38.7352],[-9.20228,38.7354],[-9.2026,38.7356],[-9.20307,38.7354],[-9.20323,38.73508],[-9.20339,38.7354],[-9.20342,38.73603],[-9.20323,38.73608],[-9.2026,38.73642],[-9.20197,38.73606],[-9.20193,38.73603],[-9.20183,38.7354]]],[[[-9.20154,38.73666],[-9.20142,38.73729],[-9.20134,38.73735],[-9.2007,38.73735],[-9.20063,38.73729],[-9.20007,38.73671],[-9.19984,38.73666],[-9.20007,38.73652],[-9.2007,38.73642],[-9.20134,38.73642],[-9.20154,38.73666]]],[[[-9.19884,38.73792],[-9.19944,38.73732],[-9.19976,38.73792],[-9.19944,38.7381],[-9.19884,38.73792]]],[[[-9.19566,38.73887],[-9.19597,38.73855],[-9.19629,38.73836],[-9.19641,38.73855],[-9.19641,38.73918],[-9.19664,38.73981],[-9.19692,38.73989],[-9.19745,38.74044],[-9.19692,38.74072],[-9.1965,38.74044],[-9.19629,38.73998],[-9.19605,38.73981],[-9.19566,38.73929],[-9.19503,38.73929],[-9.1944,38.73929],[-9.19421,38.73918],[-9.1944,38.73906],[-9.19503,38.73887],[-9.19566,38.73887]]],[[[-9.19377,38.7401],[-9.19353,38.73981],[-9.19377,38.73946],[-9.194,38.73981],[-9.19377,38.7401]]],[[[-9.2089,38.74834],[-9.20868,38.74801],[-9.2089,38.74753],[-9.20925,38.74801],[-9.2089,38.74834]]],[[[-9.20764,38.74876],[-9.20757,38.74864],[-9.20764,38.74861],[-9.20772,38.74864],[-9.20764,38.74876]]],[[[-9.20575,38.75623],[-9.20572,38.75621],[-9.20575,38.75619],[-9.20577,38.75621],[-9.20575,38.75623]]],[[[-9.19713,38.75621],[-9.19692,38.75641],[-9.19673,38.75621],[-9.19692,38.75603],[-9.19713,38.75621]]],[[[-9.19377,38.7562],[-9.1938,38.75621],[-9.19377,38.75624],[-9.19374,38.75621],[-9.19377,38.7562]]],[[[-9.19818,38.75674],[-9.19871,38.75684],[-9.19818,38.75691],[-9.19755,38.75691],[-9.19746,38.75684],[-9.19755,38.75674],[-9.19818,38.75674]]],[[[-9.19881,38.75765],[-9.19868,38.75747],[-9.19881,38.75689],[-9.19906,38.75747],[-9.19881,38.75765]]],[[[-9.20007,38.75776],[-9.19963,38.75747],[-9.20007,38.75706],[-9.20034,38.75747],[-9.20007,38.75776]]],[[[-9.19314,38.75879],[-9.19251,38.75905],[-9.19187,38.75905],[-9.19164,38.75873],[-9.19187,38.7585],[-9.19251,38.7585],[-9.19259,38.7581],[-9.19314,38.75774],[-9.19348,38.75747],[-9.19377,38.75719],[-9.1941,38.75684],[-9.1944,38.7565],[-9.19462,38.75684],[-9.19503,38.75738],[-9.19566,38.75738],[-9.19629,38.75727],[-9.19642,38.75747],[-9.19629,38.75763],[-9.19566,38.75779],[-9.19503,38.75779],[-9.19448,38.7581],[-9.19448,38.75873],[-9.1944,38.7588],[-9.19429,38.75937],[-9.19377,38.7598],[-9.19339,38.75937],[-9.19314,38.75879]],[[-9.19325,38.75873],[-9.19377,38.75888],[-9.19435,38.75873],[-9.19435,38.7581],[-9.19377,38.75786],[-9.19359,38.7581],[-9.19325,38.75873]]],[[[-9.18998,38.76028],[-9.1898,38.76],[-9.18998,38.75943],[-9.19015,38.76],[-9.18998,38.76028]]],[[[-9.19061,38.76067],[-9.19053,38.76063],[-9.19061,38.76059],[-9.19071,38.76063],[-9.19061,38.76067]]],[[[-9.19629,38.76008],[-9.19648,38.76],[-9.19692,38.75989],[-9.19734,38.75937],[-9.19755,38.75921],[-9.1977,38.75937],[-9.19797,38.75967],[-9.19784,38.76059],[-9.19812,38.76054],[-9.19818,38.76096],[-9.1989,38.76155],[-9.19945,38.76146],[-9.2007,38.76197],[-9.2007,38.76198],[-9.20007,38.76198],[-9.19949,38.76252],[-9.19949,38.76296],[-9.19941,38.763],[-9.19941,38.76252],[-9.19881,38.76196],[-9.19874,38.76189],[-9.19818,38.7614],[-9.19755,38.7614],[-9.19692,38.7616],[-9.19629,38.7617],[-9.19566,38.76139],[-9.19543,38.76189],[-9.19503,38.76224],[-9.1944,38.76224],[-9.194,38.76189],[-9.19433,38.76126],[-9.1944,38.76122],[-9.19503,38.76122],[-9.1955,38.76063],[-9.19519,38.76],[-9.19503,38.75955],[-9.19487,38.75937],[-9.19503,38.75918],[-9.19566,38.75918],[-9.19578,38.75937],[-9.19621,38.76],[-9.19629,38.76008]],[[-9.19755,38.76031],[-9.19724,38.76063],[-9.19755,38.76081],[-9.19774,38.76063],[-9.19755,38.76031]]],[[[-9.19692,38.76215],[-9.19708,38.76252],[-9.19692,38.76267],[-9.19652,38.76315],[-9.19629,38.76344],[-9.19607,38.76315],[-9.19592,38.76252],[-9.19629,38.76206],[-9.19692,38.76215]]],[[[-9.19503,38.76479],[-9.19516,38.76504],[-9.19503,38.76514],[-9.1944,38.76514],[-9.19406,38.76504],[-9.1944,38.76479],[-9.19503,38.76479]]],[[[-9.19746,38.76567],[-9.19755,38.76556],[-9.19807,38.76504],[-9.19811,38.765],[-9.1985,38.7656],[-9.19848,38.76575],[-9.19807,38.7663],[-9.19755,38.76578],[-9.19746,38.76567]]],[[[-9.19589,38.76567],[-9.19566,38.76576],[-9.19556,38.76567],[-9.19566,38.76554],[-9.19589,38.76567]]],[[[-9.19314,38.76637],[-9.19308,38.7663],[-9.19314,38.76626],[-9.19317,38.7663],[-9.19314,38.76637]]],[[[-9.19049,38.76756],[-9.19061,38.76742],[-9.19069,38.76756],[-9.19061,38.76775],[-9.19049,38.76756]]],[[[-9.19006,38.76883],[-9.19011,38.76946],[-9.18998,38.76956],[-9.18989,38.76946],[-9.18935,38.76885],[-9.18872,38.76885],[-9.18868,38.76883],[-9.18872,38.76876],[-9.18935,38.76876],[-9.18998,38.76871],[-9.19006,38.76883]]],[[[-9.18683,38.69743],[-9.1863,38.69755],[-9.1862,38.69758],[-9.18557,38.69769],[-9.18494,38.69758],[-9.18491,38.69755],[-9.18491,38.69692],[-9.18494,38.69692],[-9.18557,38.69692],[-9.1862,38.69692],[-9.18683,38.69692],[-9.18746,38.69629],[-9.18806,38.69629],[-9.18806,38.69692],[-9.18746,38.69743],[-9.18683,38.69743]]],[[[-9.1826,38.69755],[-9.1826,38.69818],[-9.18241,38.69829],[-9.1823,38.69818],[-9.1823,38.69755],[-9.18241,38.69755],[-9.1826,38.69755]]],[[[-9.17687,38.70071],[-9.17695,38.70134],[-9.17674,38.7015],[-9.17663,38.70134],[-9.17648,38.70071],[-9.17674,38.70051],[-9.17687,38.70071]]],[[[-9.17611,38.7027],[-9.17592,38.7026],[-9.17611,38.70246],[-9.17628,38.7026],[-9.17611,38.7027]]],[[[-9.17421,38.70337],[-9.17413,38.70323],[-9.17421,38.70297],[-9.17435,38.70323],[-9.17421,38.70337]]],[[[-9.17484,38.70412],[-9.17454,38.70386],[-9.17484,38.70357],[-9.17548,38.70357],[-9.17601,38.70386],[-9.17548,38.70412],[-9.17484,38.70412]]],[[[-9.17295,38.70453],[-9.17289,38.70449],[-9.17295,38.70448],[-9.17297,38.70449],[-9.17295,38.70453]]],[[[-9.18494,38.70522],[-9.18474,38.70512],[-9.18494,38.70498],[-9.18506,38.70512],[-9.18494,38.70522]]],[[[-9.1862,38.70523],[-9.18613,38.70512],[-9.1862,38.70502],[-9.18683,38.70502],[-9.18696,38.70512],[-9.18683,38.70523],[-9.1862,38.70523]]],[[[-9.17421,38.70499],[-9.17484,38.70503],[-9.17548,38.70503],[-9.17556,38.70512],[-9.17548,38.70529],[-9.17484,38.70529],[-9.17421,38.70532],[-9.17404,38.70512],[-9.17421,38.70499]]],[[[-9.18746,38.70596],[-9.18718,38.70575],[-9.18746,38.70543],[-9.18777,38.70575],[-9.18746,38.70596]]],[[[-9.17332,38.70638],[-9.17358,38.70621],[-9.17387,38.70638],[-9.17358,38.70647],[-9.17332,38.70638]]],[[[-9.1698,38.70664],[-9.16917,38.70664],[-9.16872,38.70638],[-9.16917,38.70623],[-9.1698,38.70623],[-9.17009,38.70575],[-9.17043,38.70538],[-9.17075,38.70512],[-9.17106,38.70482],[-9.17145,38.70512],[-9.17106,38.70551],[-9.17088,38.70575],[-9.17106,38.70602],[-9.17169,38.70593],[-9.17232,38.70593],[-9.17283,38.70638],[-9.17232,38.70674],[-9.17169,38.70674],[-9.17132,38.70701],[-9.1714,38.70765],[-9.17106,38.70791],[-9.17078,38.70765],[-9.17078,38.70701],[-9.17043,38.7067],[-9.1698,38.70664]]],[[[-9.17548,38.70688],[-9.17579,38.70701],[-9.17548,38.70729],[-9.17484,38.70729],[-9.1747,38.70701],[-9.17484,38.70688],[-9.17548,38.70688]]],[[[-9.18683,38.71002],[-9.1871,38.71017],[-9.18683,38.71024],[-9.1862,38.71024],[-9.18603,38.71017],[-9.1862,38.71002],[-9.18683,38.71002]]],[[[-9.17989,38.71034],[-9.17979,38.71017],[-9.17989,38.71006],[-9.17999,38.71017],[-9.17989,38.71034]]],[[[-9.18557,38.71042],[-9.18578,38.7108],[-9.18557,38.71108],[-9.18494,38.71124],[-9.18452,38.7108],[-9.18494,38.71045],[-9.18557,38.71042]]],[[[-9.18304,38.71184],[-9.18293,38.71143],[-9.18304,38.71124],[-9.18332,38.71143],[-9.18304,38.71184]]],[[[-9.1862,38.71491],[-9.18586,38.71458],[-9.1862,38.71433],[-9.18683,38.71433],[-9.18737,38.71458],[-9.18683,38.71491],[-9.1862,38.71491]]],[[[-9.18809,38.71855],[-9.18789,38.71837],[-9.18809,38.71824],[-9.1882,38.71837],[-9.18809,38.71855]]],[[[-9.18683,38.71898],[-9.18685,38.719],[-9.18683,38.71901],[-9.1862,38.71901],[-9.18613,38.719],[-9.1862,38.71898],[-9.18683,38.71898]]],[[[-9.18785,38.72026],[-9.18809,38.72],[-9.18821,38.72026],[-9.18809,38.72085],[-9.18785,38.72026]]],[[[-9.17358,38.72095],[-9.17327,38.72089],[-9.17358,38.72081],[-9.1737,38.72089],[-9.17358,38.72095]]],[[[-9.1862,38.72151],[-9.18683,38.72151],[-9.18685,38.72152],[-9.18705,38.72215],[-9.18683,38.72222],[-9.1862,38.72222],[-9.18614,38.72215],[-9.18616,38.72152],[-9.1862,38.72151]]],[[[-9.17356,38.72215],[-9.17358,38.72212],[-9.17371,38.72215],[-9.17358,38.7222],[-9.17356,38.72215]]],[[[-9.17295,38.72344],[-9.17291,38.72341],[-9.17295,38.72339],[-9.17297,38.72341],[-9.17295,38.72344]]],[[[-9.18683,38.72467],[-9.18737,38.72404],[-9.18683,38.72344],[-9.1862,38.72344],[-9.18557,38.72347],[-9.18494,38.72364],[-9.18467,38.72341],[-9.18494,38.72331],[-9.18557,38.72337],[-9.1862,38.72339],[-9.18683,38.72339],[-9.18746,38.72339],[-9.18765,38.72341],[-9.18791,38.72404],[-9.18809,38.72457],[-9.1881,38.72468],[-9.18809,38.72468],[-9.18746,38.7247],[-9.18683,38.72469],[-9.1862,38.72469],[-9.18617,38.72468],[-9.1862,38.72467],[-9.18683,38.72467]]],[[[-9.17232,38.72447],[-9.17248,38.72468],[-9.17232,38.72477],[-9.17169,38.72502],[-9.17142,38.72468],[-9.17169,38.72419],[-9.17232,38.72447]]],[[[-9.17043,38.72544],[-9.17025,38.72531],[-9.17043,38.72511],[-9.17057,38.72531],[-9.17043,38.72544]]],[[[-9.18431,38.72495],[-9.18475,38.72531],[-9.18431,38.72562],[-9.18368,38.72562],[-9.18346,38.72531],[-9.18368,38.72495],[-9.18431,38.72495]]],[[[-9.17254,38.72657],[-9.17254,38.72594],[-9.17295,38.72536],[-9.17339,38.72594],[-9.17339,38.72657],[-9.17351,38.7272],[-9.17358,38.72726],[-9.17396,38.72783],[-9.17358,38.72837],[-9.17332,38.72783],[-9.17295,38.72745],[-9.17251,38.7272],[-9.17254,38.72657]],[[-9.1729,38.72657],[-9.17295,38.72684],[-9.17301,38.72657],[-9.17301,38.72594],[-9.17295,38.72587],[-9.1729,38.72594],[-9.1729,38.72657]]],[[[-9.18155,38.7272],[-9.18178,38.72714],[-9.18181,38.7272],[-9.18178,38.72728],[-9.18155,38.7272]]],[[[-9.18368,38.72769],[-9.18338,38.72783],[-9.18304,38.72794],[-9.18275,38.72783],[-9.18304,38.72761],[-9.18328,38.7272],[-9.18368,38.72674],[-9.18431,38.72674],[-9.18475,38.7272],[-9.18431,38.72769],[-9.18368,38.72769]],[[-9.18368,38.72724],[-9.18431,38.72724],[-9.18435,38.7272],[-9.18431,38.72716],[-9.18368,38.72716],[-9.18364,38.7272],[-9.18368,38.72724]]],[[[-9.18115,38.72742],[-9.18135,38.72783],[-9.18115,38.72807],[-9.18052,38.72807],[-9.18026,38.72783],[-9.18052,38.72742],[-9.18115,38.72742]]],[[[-9.18115,38.73011],[-9.18161,38.73035],[-9.18115,38.73065],[-9.18052,38.73065],[-9.17998,38.73035],[-9.18052,38.73011],[-9.18115,38.73011]]],[[[-9.18557,38.73102],[-9.18552,38.73098],[-9.18557,38.73095],[-9.18564,38.73098],[-9.18557,38.73102]]],[[[-9.17232,38.73153],[-9.17268,38.73161],[-9.17232,38.73202],[-9.17169,38.73202],[-9.17141,38.73161],[-9.17169,38.73153],[-9.17232,38.73153]]],[[[-9.18241,38.73369],[-9.18217,38.73351],[-9.18241,38.73327],[-9.18263,38.73351],[-9.18241,38.73369]]],[[[-9.18052,38.73375],[-9.1803,38.73351],[-9.18052,38.73326],[-9.18115,38.73326],[-9.18132,38.73351],[-9.18115,38.73375],[-9.18052,38.73375]]],[[[-9.18241,38.73485],[-9.18238,38.73477],[-9.18241,38.73473],[-9.18251,38.73477],[-9.18241,38.73485]]],[[[-9.18431,38.73687],[-9.18371,38.73666],[-9.18431,38.73651],[-9.1844,38.73666],[-9.18431,38.73687]]],[[[-9.18494,38.73726],[-9.18557,38.7369],[-9.1862,38.73728],[-9.18683,38.73728],[-9.18684,38.73729],[-9.18683,38.73745],[-9.1862,38.73745],[-9.18615,38.73792],[-9.18557,38.73825],[-9.18494,38.73819],[-9.18444,38.73792],[-9.18485,38.73729],[-9.18494,38.73726]],[[-9.18558,38.73729],[-9.18557,38.73728],[-9.18555,38.73729],[-9.18557,38.73732],[-9.18558,38.73729]]],[[[-9.17043,38.74085],[-9.17014,38.74044],[-9.17043,38.74027],[-9.17086,38.74044],[-9.17043,38.74085]]],[[[-9.1698,38.74174],[-9.16978,38.7417],[-9.1698,38.74165],[-9.17001,38.7417],[-9.1698,38.74174]]],[[[-9.18494,38.7502],[-9.18458,38.7499],[-9.18494,38.74956],[-9.18523,38.7499],[-9.18494,38.7502]]],[[[-9.18774,38.75432],[-9.18809,38.75423],[-9.18834,38.75432],[-9.18809,38.75459],[-9.18774,38.75432]]],[[[-9.18494,38.75965],[-9.18543,38.76],[-9.18494,38.76029],[-9.18431,38.76002],[-9.18415,38.76],[-9.18431,38.75996],[-9.18494,38.75965]]],[[[-9.17421,38.76199],[-9.17484,38.76199],[-9.17548,38.76233],[-9.17575,38.76252],[-9.17548,38.76261],[-9.17484,38.76292],[-9.17421,38.76292],[-9.1736,38.76252],[-9.17421,38.76199]]],[[[-9.17908,38.76315],[-9.17926,38.76298],[-9.17963,38.76315],[-9.17926,38.76327],[-9.17908,38.76315]]],[[[-9.178,38.76299],[-9.17809,38.76315],[-9.178,38.76339],[-9.17737,38.76339],[-9.17731,38.76315],[-9.17737,38.76299],[-9.178,38.76299]]],[[[-9.17645,38.76315],[-9.17626,38.76378],[-9.17611,38.76388],[-9.17572,38.76378],[-9.17582,38.76315],[-9.17611,38.76265],[-9.17645,38.76315]]],[[[-9.17331,38.76378],[-9.17358,38.76339],[-9.17384,38.76378],[-9.17358,38.76429],[-9.17331,38.76378]]],[[[-9.178,38.76485],[-9.17803,38.76504],[-9.178,38.76506],[-9.17737,38.76506],[-9.17734,38.76504],[-9.17737,38.76485],[-9.178,38.76485]]],[[[-9.17043,38.76713],[-9.16988,38.76693],[-9.17043,38.76673],[-9.17078,38.76693],[-9.17043,38.76713]]],[[[-9.17232,38.76805],[-9.17247,38.7682],[-9.17232,38.76853],[-9.17169,38.76853],[-9.17142,38.7682],[-9.17169,38.76805],[-9.17232,38.76805]]],[[[-9.17295,38.76954],[-9.17284,38.76946],[-9.17295,38.76929],[-9.17303,38.76946],[-9.17295,38.76954]]],[[[-9.17548,38.77012],[-9.17542,38.77009],[-9.17548,38.77],[-9.17551,38.77009],[-9.17548,38.77012]]],[[[-9.18368,38.77501],[-9.18388,38.77513],[-9.18368,38.77538],[-9.18304,38.77538],[-9.18284,38.77513],[-9.18304,38.77501],[-9.18368,38.77501]]],[[[-9.17989,38.7758],[-9.17988,38.77576],[-9.17989,38.77575],[-9.18052,38.77575],[-9.18057,38.77576],[-9.18052,38.7758],[-9.17989,38.7758]]],[[[-9.17232,38.78034],[-9.17205,38.78018],[-9.17232,38.77985],[-9.17259,38.78018],[-9.17232,38.78034]]],[[[-9.17216,38.78274],[-9.17216,38.7827],[-9.17213,38.78207],[-9.17232,38.78176],[-9.1725,38.78207],[-9.1725,38.78245],[-9.1722,38.78273],[-9.17216,38.78274]]],[[[-9.16708,38.70512],[-9.16728,38.70503],[-9.1675,38.70512],[-9.16728,38.70529],[-9.16708,38.70512]]],[[[-9.16286,38.70658],[-9.16236,38.70638],[-9.16286,38.70615],[-9.16328,38.70638],[-9.16286,38.70658]]],[[[-9.15794,38.70765],[-9.15783,38.70828],[-9.15782,38.70833],[-9.15718,38.70876],[-9.15672,38.70828],[-9.15676,38.70765],[-9.15691,38.70701],[-9.15718,38.70685],[-9.15782,38.70685],[-9.15804,38.70701],[-9.15794,38.70765]]],[[[-9.16282,38.70954],[-9.16286,38.70943],[-9.16307,38.70954],[-9.16286,38.70956],[-9.16282,38.70954]]],[[[-9.15868,38.70954],[-9.15862,38.71017],[-9.15845,38.71033],[-9.15787,38.71017],[-9.15813,38.70954],[-9.15845,38.70927],[-9.15868,38.70954]]],[[[-9.16097,38.71207],[-9.16095,38.71206],[-9.16097,38.71204],[-9.16098,38.71206],[-9.16097,38.71207]]],[[[-9.15684,38.71206],[-9.15697,38.71269],[-9.15655,38.71276],[-9.15645,38.71269],[-9.15627,38.71206],[-9.15655,38.7118],[-9.15684,38.71206]]],[[[-9.15845,38.71336],[-9.15843,38.71332],[-9.15845,38.71329],[-9.15847,38.71332],[-9.15845,38.71336]]],[[[-9.16519,38.71332],[-9.16519,38.71395],[-9.16475,38.7145],[-9.16459,38.71395],[-9.16459,38.71332],[-9.16475,38.713],[-9.16519,38.71332]]],[[[-9.16771,38.71395],[-9.16753,38.71458],[-9.16728,38.71472],[-9.1671,38.71458],[-9.16699,38.71395],[-9.16728,38.71378],[-9.16771,38.71395]]],[[[-9.15782,38.71709],[-9.15783,38.71711],[-9.15782,38.71713],[-9.15718,38.71713],[-9.15691,38.71774],[-9.15655,38.71803],[-9.15612,38.71774],[-9.15619,38.71711],[-9.15655,38.71677],[-9.15718,38.71709],[-9.15782,38.71709]]],[[[-9.15577,38.719],[-9.15529,38.71907],[-9.15526,38.719],[-9.15529,38.71895],[-9.15577,38.719]]],[[[-9.15592,38.72051],[-9.15544,38.72026],[-9.15592,38.71987],[-9.15621,38.72026],[-9.15592,38.72051]]],[[[-9.15704,38.72152],[-9.15718,38.72138],[-9.15782,38.72138],[-9.15797,38.72152],[-9.15782,38.72181],[-9.15718,38.72181],[-9.15704,38.72152]]],[[[-9.15655,38.72201],[-9.15685,38.72215],[-9.15667,38.72278],[-9.15655,38.72294],[-9.15636,38.72278],[-9.15647,38.72215],[-9.15655,38.72201]]],[[[-9.16097,38.72241],[-9.1614,38.72278],[-9.16097,38.72316],[-9.16034,38.72316],[-9.1601,38.72278],[-9.16034,38.72241],[-9.16097,38.72241]]],[[[-9.15804,38.72341],[-9.15845,38.72298],[-9.15898,38.72341],[-9.159,38.72404],[-9.15845,38.72438],[-9.15792,38.72404],[-9.15804,38.72341]],[[-9.15845,38.72341],[-9.15844,38.72341],[-9.15834,38.72404],[-9.15845,38.72411],[-9.15856,38.72404],[-9.15846,38.72341],[-9.15845,38.72341]]],[[[-9.15636,38.72531],[-9.15655,38.72514],[-9.15718,38.72515],[-9.15782,38.72515],[-9.15799,38.72531],[-9.15782,38.72571],[-9.15718,38.72571],[-9.15655,38.72554],[-9.15636,38.72531]]],[[[-9.16235,38.72783],[-9.16246,38.72846],[-9.16223,38.72873],[-9.16195,38.72846],[-9.16212,38.72783],[-9.16223,38.72772],[-9.16235,38.72783]]],[[[-9.15592,38.73613],[-9.15571,38.73603],[-9.15592,38.73571],[-9.1561,38.73603],[-9.15592,38.73613]]],[[[-9.11303,38.77957],[-9.11279,38.77988],[-9.11156,38.77911],[-9.11177,38.77911],[-9.11197,38.77892],[-9.11177,38.77858],[-9.11114,38.77859],[-9.11093,38.77859],[-9.11063,38.77813],[-9.11114,38.77815],[-9.11175,38.77766],[-9.11114,38.77725],[-9.11051,38.77728],[-9.10988,38.77706],[-9.10979,38.77706],[-9.10845,38.77622],[-9.10773,38.77565],[-9.10799,38.77565],[-9.10854,38.77576],[-9.10862,38.77582],[-9.10925,38.77624],[-9.10988,38.77629],[-9.11041,38.77639],[-9.11051,38.77641],[-9.11114,38.77641],[-9.11117,38.77639],[-9.11114,38.77632],[-9.11051,38.77632],[-9.11037,38.77576],[-9.11051,38.77552],[-9.11114,38.77552],[-9.11177,38.77532],[-9.11222,38.77576],[-9.11206,38.77639],[-9.1124,38.77673],[-9.11303,38.77652],[-9.11366,38.7765],[-9.11429,38.77668],[-9.11451,38.77639],[-9.11429,38.77623],[-9.11386,38.77576],[-9.11366,38.77558],[-9.11303,38.77558],[-9.11261,38.77513],[-9.11256,38.7745],[-9.11283,38.77387],[-9.1124,38.77335],[-9.11234,38.77324],[-9.11188,38.77261],[-9.11177,38.77241],[-9.11171,38.77261],[-9.11116,38.77324],[-9.11114,38.77356],[-9.11051,38.77356],[-9.10988,38.77369],[-9.10928,38.77387],[-9.10988,38.77428],[-9.11035,38.7745],[-9.10988,38.77486],[-9.10925,38.77482],[-9.1089,38.77513],[-9.10862,38.7757],[-9.10848,38.77513],[-9.10799,38.77474],[-9.10736,38.77474],[-9.10676,38.7745],[-9.10736,38.77407],[-9.10799,38.77407],[-9.10862,38.77421],[-9.10921,38.77387],[-9.10862,38.77369],[-9.10799,38.77347],[-9.10736,38.77347],[-9.10696,38.77324],[-9.10714,38.77261],[-9.10673,38.77212],[-9.10641,38.77198],[-9.1061,38.77145],[-9.10597,38.77198],[-9.1061,38.77216],[-9.10637,38.77261],[-9.1061,38.77285],[-9.10585,38.77261],[-9.10546,38.7723],[-9.10483,38.7723],[-9.10444,38.77198],[-9.1042,38.77161],[-9.10399,38.77198],[-9.10357,38.77216],[-9.10301,38.77198],[-9.10301,38.77135],[-9.10294,38.77121],[-9.10284,38.77135],[-9.10284,38.77198],[-9.10294,38.77206],[-9.1031,38.77261],[-9.10294,38.77302],[-9.10274,38.77324],[-9.10294,38.77351],[-9.10328,38.77387],[-9.10294,38.77407],[-9.10235,38.77387],[-9.10231,38.77385],[-9.10168,38.77385],[-9.10145,38.77324],[-9.1013,38.77261],[-9.10105,38.77218],[-9.10095,38.77198],[-9.10091,38.77135],[-9.10105,38.77103],[-9.10168,38.77095],[-9.10231,38.77095],[-9.10259,38.77072],[-9.10294,38.77045],[-9.10357,38.7705],[-9.10392,38.77009],[-9.1042,38.76968],[-9.10445,38.76946],[-9.1042,38.76924],[-9.10385,38.76883],[-9.10357,38.76857],[-9.10302,38.7682],[-9.10357,38.76791],[-9.1042,38.76784],[-9.10483,38.76774],[-9.10546,38.76797],[-9.1061,38.76791],[-9.10644,38.76756],[-9.10647,38.76693],[-9.1061,38.76673],[-9.1057,38.76693],[-9.10546,38.76716],[-9.10483,38.76716],[-9.1042,38.76705],[-9.10385,38.76693],[-9.10407,38.7663],[-9.1042,38.76599],[-9.10443,38.7663],[-9.10483,38.76672],[-9.10546,38.76672],[-9.1057,38.7663],[-9.10546,38.76594],[-9.10483,38.76594],[-9.10447,38.76567],[-9.10483,38.7652],[-9.10546,38.7652],[-9.10594,38.76567],[-9.1061,38.76575],[-9.10668,38.7663],[-9.10673,38.76642],[-9.10713,38.76693],[-9.10736,38.76707],[-9.10799,38.76701],[-9.10833,38.76756],[-9.10862,38.76806],[-9.10882,38.7682],[-9.10862,38.76834],[-9.10836,38.76883],[-9.10862,38.7694],[-9.10916,38.76883],[-9.10925,38.76869],[-9.10938,38.76883],[-9.10982,38.76946],[-9.10925,38.76975],[-9.10864,38.77009],[-9.10909,38.77072],[-9.10925,38.77081],[-9.1098,38.77072],[-9.10988,38.77061],[-9.10992,38.77072],[-9.11051,38.77131],[-9.11114,38.77131],[-9.11177,38.77116],[-9.11217,38.77072],[-9.1124,38.77048],[-9.11272,38.77009],[-9.1124,38.76981],[-9.11204,38.76946],[-9.11196,38.76883],[-9.11177,38.76856],[-9.11143,38.76883],[-9.11114,38.7693],[-9.11051,38.7693],[-9.11031,38.76883],[-9.10988,38.76823],[-9.10985,38.7682],[-9.10925,38.76793],[-9.10897,38.76756],[-9.10925,38.76706],[-9.10988,38.76721],[-9.11029,38.76693],[-9.10988,38.76652],[-9.10979,38.7663],[-9.10988,38.76575],[-9.10999,38.76567],[-9.10988,38.76561],[-9.10986,38.76567],[-9.10925,38.7659],[-9.10895,38.76567],[-9.10925,38.76528],[-9.10964,38.76504],[-9.10988,38.76469],[-9.11001,38.76441],[-9.10988,38.76419],[-9.10947,38.76378],[-9.10925,38.7636],[-9.1091,38.76315],[-9.10925,38.76279],[-9.1097,38.76252],[-9.10925,38.76219],[-9.10891,38.76189],[-9.10895,38.76126],[-9.10925,38.76083],[-9.10983,38.76063],[-9.10988,38.76059],[-9.11051,38.76033],[-9.11114,38.76033],[-9.11148,38.76063],[-9.11143,38.76126],[-9.11177,38.76148],[-9.1122,38.76126],[-9.1124,38.76116],[-9.11288,38.76063],[-9.11251,38.76],[-9.11303,38.75977],[-9.11366,38.75977],[-9.11374,38.76],[-9.11429,38.76061],[-9.11493,38.76005],[-9.11556,38.76005],[-9.11568,38.76063],[-9.11556,38.76106],[-9.11493,38.76082],[-9.11446,38.76126],[-9.11466,38.76189],[-9.11429,38.76197],[-9.11385,38.76189],[-9.11366,38.7617],[-9.11303,38.7617],[-9.11296,38.76189],[-9.11261,38.76252],[-9.1124,38.76283],[-9.11206,38.76315],[-9.1124,38.76349],[-9.11274,38.76315],[-9.11303,38.76297],[-9.11366,38.76297],[-9.1141,38.76315],[-9.11429,38.76331],[-9.11493,38.76337],[-9.11514,38.76315],[-9.11556,38.76283],[-9.11597,38.76315],[-9.11556,38.76342],[-9.11519,38.76378],[-9.11513,38.76441],[-9.11493,38.765],[-9.11488,38.76504],[-9.11489,38.76567],[-9.11493,38.76569],[-9.11498,38.76567],[-9.11498,38.76504],[-9.11556,38.76488],[-9.11582,38.76504],[-9.11619,38.76528],[-9.11682,38.76528],[-9.11742,38.76567],[-9.11745,38.7657],[-9.11747,38.76567],[-9.11761,38.76504],[-9.11749,38.76441],[-9.11808,38.76396],[-9.11846,38.76378],[-9.11868,38.76315],[-9.11871,38.76312],[-9.11873,38.76315],[-9.11934,38.7635],[-9.11997,38.7635],[-9.12055,38.76315],[-9.11997,38.76266],[-9.11934,38.76266],[-9.11911,38.76252],[-9.11918,38.76189],[-9.11871,38.76142],[-9.11835,38.76189],[-9.11808,38.76241],[-9.11768,38.76252],[-9.11745,38.76268],[-9.11729,38.76252],[-9.11691,38.76189],[-9.11682,38.76141],[-9.11619,38.76141],[-9.11608,38.76126],[-9.11619,38.76124],[-9.11682,38.76124],[-9.11745,38.76082],[-9.11808,38.76082],[-9.11871,38.76113],[-9.11934,38.76118],[-9.11997,38.76118],[-9.12014,38.76063],[-9.1206,38.76025],[-9.12077,38.76],[-9.1206,38.75972],[-9.11997,38.75942],[-9.11934,38.75942],[-9.11871,38.75985],[-9.11813,38.76],[-9.11808,38.76015],[-9.11792,38.76],[-9.11745,38.75995],[-9.11738,38.76],[-9.11682,38.76022],[-9.11619,38.76022],[-9.11558,38.76],[-9.11619,38.75972],[-9.11682,38.75972],[-9.11712,38.75937],[-9.11682,38.75909],[-9.11619,38.75909],[-9.11556,38.75925],[-9.11544,38.75937],[-9.11493,38.75997],[-9.11429,38.7597],[-9.11377,38.75937],[-9.11405,38.75873],[-9.11429,38.75832],[-9.11493,38.7582],[-9.11513,38.7581],[-9.11493,38.75797],[-9.11445,38.75747],[-9.11429,38.75729],[-9.11366,38.75729],[-9.11303,38.75725],[-9.11247,38.75747],[-9.1124,38.7575],[-9.11235,38.75747],[-9.1124,38.75739],[-9.11259,38.75684],[-9.1124,38.75643],[-9.11214,38.75684],[-9.11177,38.75713],[-9.11114,38.75722],[-9.11051,38.75722],[-9.11038,38.75747],[-9.11051,38.75795],[-9.11114,38.75795],[-9.11128,38.7581],[-9.11114,38.75824],[-9.11051,38.75824],[-9.11044,38.7581],[-9.10988,38.75785],[-9.10951,38.75747],[-9.1093,38.75684],[-9.10925,38.75682],[-9.10875,38.75621],[-9.10862,38.75582],[-9.10818,38.75621],[-9.10799,38.75645],[-9.10736,38.75645],[-9.10683,38.75684],[-9.10719,38.75747],[-9.10723,38.7581],[-9.10736,38.75829],[-9.10799,38.75829],[-9.10807,38.7581],[-9.10815,38.75747],[-9.10862,38.75709],[-9.10898,38.75747],[-9.10925,38.75797],[-9.1094,38.7581],[-9.10925,38.75819],[-9.10862,38.75849],[-9.10822,38.75873],[-9.10862,38.75931],[-9.10869,38.75937],[-9.10925,38.75982],[-9.10947,38.76],[-9.10925,38.76028],[-9.10862,38.7605],[-9.10799,38.76035],[-9.10736,38.76035],[-9.10714,38.76063],[-9.10733,38.76126],[-9.10673,38.76177],[-9.1066,38.76189],[-9.10673,38.76231],[-9.10736,38.76252],[-9.10673,38.76262],[-9.1061,38.76271],[-9.10583,38.76315],[-9.10546,38.76349],[-9.10483,38.76349],[-9.1042,38.7632],[-9.10419,38.76315],[-9.10357,38.76265],[-9.10319,38.76252],[-9.10294,38.7623],[-9.10252,38.76252],[-9.10294,38.76265],[-9.10319,38.76315],[-9.10331,38.76378],[-9.10294,38.76424],[-9.10277,38.76378],[-9.10231,38.76346],[-9.10168,38.76349],[-9.10119,38.76315],[-9.10105,38.76288],[-9.10042,38.763],[-9.09998,38.76252],[-9.10034,38.76189],[-9.10042,38.76177],[-9.10046,38.76189],[-9.10105,38.76231],[-9.10168,38.76228],[-9.10231,38.76228],[-9.10251,38.76189],[-9.10231,38.76165],[-9.10168,38.76165],[-9.10148,38.76126],[-9.10105,38.7609],[-9.10057,38.76063],[-9.10088,38.76],[-9.10042,38.75971],[-9.10009,38.75937],[-9.10027,38.75873],[-9.09999,38.7581],[-9.10026,38.75747],[-9.10042,38.75741],[-9.10105,38.75686],[-9.10109,38.75684],[-9.10168,38.75671],[-9.10231,38.75671],[-9.10294,38.75658],[-9.10343,38.75621],[-9.10294,38.75584],[-9.10267,38.75558],[-9.10294,38.75505],[-9.10305,38.75495],[-9.10357,38.75456],[-9.10375,38.75432],[-9.10357,38.754],[-9.10302,38.75369],[-9.10294,38.75344],[-9.10289,38.75369],[-9.10231,38.75421],[-9.10209,38.75432],[-9.10168,38.75457],[-9.1014,38.75432],[-9.10118,38.75369],[-9.10168,38.75321],[-9.10231,38.75321],[-9.10275,38.75306],[-9.10231,38.75285],[-9.10168,38.75285],[-9.1014,38.75243],[-9.10105,38.75202],[-9.10042,38.75185],[-9.10035,38.7518],[-9.09979,38.75129],[-9.09916,38.75146],[-9.09853,38.75139],[-9.09832,38.75117],[-9.0979,38.75076],[-9.0977,38.75054],[-9.0979,38.7501],[-9.09853,38.74993],[-9.09855,38.7499],[-9.09853,38.74988],[-9.0979,38.74946],[-9.09782,38.74927],[-9.0979,38.7492],[-9.09853,38.74891],[-9.09913,38.74864],[-9.09916,38.74862],[-9.09979,38.74862],[-9.10008,38.74801],[-9.10042,38.7475],[-9.10105,38.7474],[-9.10166,38.74801],[-9.10168,38.74806],[-9.10231,38.74806],[-9.10239,38.74801],[-9.10294,38.74757],[-9.10305,38.74738],[-9.10294,38.7473],[-9.1024,38.74675],[-9.10263,38.74612],[-9.10294,38.74601],[-9.10309,38.74612],[-9.1033,38.74675],[-9.10357,38.74706],[-9.1042,38.74714],[-9.1045,38.74675],[-9.1045,38.74612],[-9.1042,38.74577],[-9.10382,38.74549],[-9.10377,38.74486],[-9.10357,38.74475],[-9.10294,38.74427],[-9.10231,38.74452],[-9.10168,38.74452],[-9.10135,38.74423],[-9.10105,38.74398],[-9.10042,38.74383],[-9.09991,38.7436],[-9.09983,38.74297],[-9.09979,38.74286],[-9.09916,38.74286],[-9.09913,38.74297],[-9.09853,38.74357],[-9.0979,38.74357],[-9.09727,38.74357],[-9.09727,38.74297],[-9.09727,38.74237],[-9.0979,38.74237],[-9.09797,38.74234],[-9.09853,38.74178],[-9.09854,38.7417],[-9.09853,38.74169],[-9.09791,38.74169],[-9.09853,38.74107],[-9.09853,38.74044],[-9.09916,38.73981],[-9.09979,38.73918],[-9.09979,38.73855],[-9.10042,38.73792],[-9.10042,38.73729],[-9.10105,38.73666],[-9.10105,38.73603],[-9.10168,38.7354],[-9.10168,38.73535],[-9.10231,38.73535],[-9.10263,38.73477],[-9.10231,38.73448],[-9.10197,38.73448],[-9.10231,38.73414],[-9.10231,38.73351],[-9.10282,38.733],[-9.10294,38.733],[-9.10353,38.73351],[-9.10353,38.73414],[-9.10357,38.73416],[-9.10403,38.73477],[-9.10357,38.73532],[-9.10345,38.7354],[-9.10357,38.73562],[-9.10389,38.73603],[-9.10357,38.73625],[-9.10322,38.73666],[-9.10357,38.73696],[-9.10415,38.73729],[-9.1042,38.73737],[-9.10483,38.73785],[-9.10546,38.73785],[-9.10593,38.73729],[-9.1061,38.73694],[-9.10631,38.73729],[-9.10673,38.73754],[-9.10736,38.73733],[-9.10748,38.73729],[-9.10777,38.73666],[-9.10736,38.73632],[-9.10717,38.73603],[-9.10736,38.73584],[-9.10799,38.73584],[-9.1085,38.7354],[-9.10862,38.7352],[-9.10899,38.73477],[-9.10862,38.73444],[-9.10841,38.73414],[-9.10824,38.73351],[-9.10799,38.73291],[-9.10736,38.73291],[-9.10673,38.7329],[-9.1061,38.73322],[-9.10554,38.73287],[-9.10558,38.73224],[-9.10546,38.73193],[-9.10483,38.73193],[-9.10461,38.73224],[-9.1042,38.73272],[-9.10357,38.73256],[-9.10326,38.73256],[-9.10357,38.73224],[-9.10357,38.73161],[-9.1042,38.73098],[-9.10462,38.73057],[-9.10483,38.73057],[-9.10546,38.73057],[-9.10563,38.73035],[-9.1061,38.73015],[-9.10673,38.73001],[-9.10703,38.72972],[-9.10688,38.72909],[-9.10736,38.72847],[-9.10795,38.72909],[-9.10799,38.72914],[-9.10862,38.72914],[-9.10867,38.72909],[-9.10925,38.72851],[-9.10929,38.72846],[-9.10966,38.72783],[-9.10925,38.72756],[-9.10862,38.72743],[-9.10799,38.72743],[-9.10793,38.7272],[-9.10793,38.72657],[-9.10799,38.72648],[-9.10862,38.72648],[-9.10922,38.72594],[-9.10925,38.72585],[-9.10962,38.72531],[-9.10988,38.72519],[-9.11051,38.72497],[-9.11114,38.72497],[-9.11177,38.72487],[-9.11188,38.72468],[-9.11177,38.7245],[-9.11164,38.72404],[-9.11177,38.72393],[-9.11214,38.72404],[-9.1124,38.72421],[-9.11281,38.72404],[-9.11303,38.72392],[-9.11319,38.72341],[-9.11366,38.72288],[-9.11429,38.72288],[-9.11461,38.72278],[-9.11493,38.72251],[-9.11512,38.72278],[-9.11493,38.72297],[-9.11473,38.72341],[-9.11493,38.72366],[-9.11556,38.72396],[-9.11568,38.72404],[-9.11619,38.72465],[-9.11682,38.72465],[-9.11745,38.72438],[-9.11788,38.72468],[-9.11808,38.72493],[-9.11871,38.72518],[-9.11924,38.72531],[-9.11871,38.72544],[-9.11808,38.72583],[-9.11802,38.72594],[-9.11808,38.72608],[-9.11835,38.72657],[-9.11835,38.7272],[-9.11808,38.72751],[-9.11747,38.72783],[-9.11808,38.7281],[-9.11844,38.72846],[-9.11838,38.72909],[-9.11808,38.72961],[-9.11798,38.72972],[-9.11808,38.7299],[-9.11845,38.73035],[-9.11871,38.73067],[-9.11881,38.73098],[-9.11871,38.73132],[-9.11859,38.73161],[-9.11871,38.73207],[-9.11876,38.73224],[-9.11934,38.73267],[-9.11997,38.73267],[-9.12011,38.73287],[-9.1206,38.73337],[-9.12114,38.73351],[-9.12123,38.73358],[-9.12136,38.73414],[-9.1216,38.73477],[-9.12178,38.7354],[-9.12186,38.73547],[-9.12249,38.73571],[-9.12313,38.73571],[-9.12362,38.73603],[-9.12313,38.73656],[-9.12249,38.73656],[-9.12186,38.7364],[-9.12125,38.73666],[-9.12126,38.73729],[-9.12123,38.73731],[-9.1206,38.73773],[-9.12041,38.73792],[-9.1206,38.73812],[-9.12078,38.73855],[-9.12123,38.73903],[-9.12162,38.73855],[-9.12175,38.73792],[-9.12186,38.73776],[-9.12249,38.73782],[-9.12313,38.73782],[-9.12319,38.73792],[-9.12376,38.73809],[-9.12413,38.73855],[-9.12439,38.73885],[-9.1248,38.73855],[-9.12482,38.73792],[-9.12502,38.73783],[-9.12565,38.73783],[-9.12571,38.73792],[-9.12628,38.73838],[-9.12691,38.73838],[-9.12714,38.73855],[-9.12754,38.73888],[-9.12817,38.73857],[-9.1288,38.73857],[-9.12943,38.73859],[-9.12975,38.73918],[-9.12977,38.73981],[-9.12968,38.74044],[-9.12943,38.74071],[-9.12921,38.74107],[-9.12943,38.74136],[-9.1299,38.7417],[-9.13,38.74234],[-9.13006,38.74239],[-9.13069,38.74282],[-9.13132,38.74282],[-9.13154,38.74234],[-9.13132,38.74208],[-9.13069,38.74208],[-9.13023,38.7417],[-9.13035,38.74107],[-9.13043,38.74044],[-9.13058,38.73981],[-9.13065,38.73918],[-9.13043,38.73855],[-9.13044,38.73792],[-9.13069,38.73758],[-9.13132,38.73758],[-9.13196,38.73767],[-9.13245,38.73792],[-9.13233,38.73855],[-9.13196,38.73881],[-9.13135,38.73918],[-9.13196,38.73975],[-9.13243,38.73918],[-9.13259,38.73892],[-9.13268,38.73918],[-9.13322,38.73967],[-9.13366,38.73918],[-9.13385,38.73896],[-9.13448,38.73896],[-9.13466,38.73918],[-9.13472,38.73981],[-9.13448,38.74019],[-9.13385,38.74019],[-9.13353,38.74044],[-9.13322,38.74065],[-9.13299,38.74044],[-9.13259,38.73997],[-9.13196,38.73988],[-9.13157,38.74044],[-9.13189,38.74107],[-9.13164,38.7417],[-9.13196,38.74198],[-9.13235,38.7417],[-9.13259,38.74148],[-9.1328,38.7417],[-9.13322,38.74199],[-9.13356,38.74234],[-9.13385,38.74279],[-9.13448,38.74279],[-9.13491,38.74297],[-9.13511,38.74311],[-9.13574,38.74311],[-9.13605,38.7436],[-9.13594,38.74423],[-9.13637,38.74472],[-9.1366,38.74423],[-9.137,38.74389],[-9.13763,38.74389],[-9.13826,38.74404],[-9.13843,38.74423],[-9.13889,38.74474],[-9.13904,38.74486],[-9.13889,38.74504],[-9.13844,38.74549],[-9.13826,38.74571],[-9.13763,38.7456],[-9.13709,38.74612],[-9.1373,38.74675],[-9.13763,38.74736],[-9.13765,38.74738],[-9.13782,38.74801],[-9.13826,38.74818],[-9.13889,38.7481],[-9.13912,38.74864],[-9.13889,38.74882],[-9.13826,38.74886],[-9.13792,38.74927],[-9.13765,38.7499],[-9.13763,38.74997],[-9.137,38.75048],[-9.13637,38.75048],[-9.13617,38.7499],[-9.13574,38.74944],[-9.13514,38.7499],[-9.13574,38.75053],[-9.1359,38.75054],[-9.1362,38.75117],[-9.13637,38.75136],[-9.137,38.75136],[-9.13739,38.75117],[-9.13763,38.75089],[-9.13775,38.75054],[-9.13826,38.75019],[-9.13889,38.75049],[-9.13895,38.75054],[-9.13933,38.75117],[-9.13952,38.75133],[-9.14015,38.75133],[-9.14067,38.7518],[-9.14079,38.75191],[-9.14134,38.7518],[-9.14142,38.75177],[-9.14184,38.75117],[-9.14205,38.75089],[-9.14268,38.75083],[-9.14331,38.75083],[-9.14394,38.7507],[-9.14457,38.75089],[-9.14489,38.75054],[-9.14457,38.75041],[-9.14394,38.75033],[-9.14331,38.7502],[-9.14268,38.7502],[-9.14228,38.7499],[-9.14268,38.74961],[-9.14331,38.74961],[-9.14394,38.74947],[-9.14457,38.74935],[-9.14468,38.74927],[-9.14503,38.74864],[-9.14517,38.74801],[-9.1452,38.74797],[-9.14583,38.74797],[-9.14585,38.74801],[-9.14646,38.74842],[-9.147,38.74801],[-9.14709,38.74795],[-9.14764,38.74801],[-9.14727,38.74864],[-9.14772,38.74906],[-9.14835,38.74927],[-9.14898,38.74927],[-9.14962,38.74917],[-9.14977,38.74927],[-9.14962,38.74951],[-9.14937,38.7499],[-9.14958,38.75054],[-9.14962,38.75056],[-9.14972,38.75054],[-9.14981,38.7499],[-9.15025,38.74956],[-9.1504,38.74927],[-9.1506,38.74864],[-9.15088,38.7485],[-9.15115,38.74864],[-9.15151,38.74887],[-9.15214,38.74887],[-9.15277,38.74892],[-9.15337,38.74864],[-9.1534,38.74862],[-9.15344,38.74864],[-9.15358,38.74927],[-9.1534,38.74965],[-9.15306,38.7499],[-9.1534,38.75006],[-9.15366,38.7499],[-9.15403,38.74973],[-9.15466,38.74973],[-9.15529,38.74965],[-9.15571,38.74927],[-9.15592,38.74887],[-9.15624,38.74864],[-9.15624,38.74801],[-9.15655,38.74778],[-9.15701,38.74801],[-9.15718,38.74819],[-9.15782,38.74819],[-9.15813,38.74801],[-9.15813,38.74738],[-9.15782,38.74701],[-9.15718,38.74701],[-9.1567,38.74675],[-9.15655,38.7462],[-9.15652,38.74612],[-9.15645,38.74549],[-9.15624,38.74486],[-9.15655,38.74469],[-9.15703,38.74423],[-9.15655,38.7437],[-9.15628,38.7436],[-9.15655,38.74353],[-9.15718,38.74342],[-9.15782,38.74342],[-9.15795,38.7436],[-9.15845,38.74404],[-9.15867,38.74423],[-9.15908,38.74452],[-9.15942,38.74486],[-9.15971,38.7452],[-9.16034,38.7452],[-9.16061,38.74549],[-9.1606,38.74612],[-9.16097,38.74645],[-9.16139,38.74675],[-9.1616,38.74701],[-9.16223,38.74733],[-9.16255,38.74738],[-9.16286,38.74749],[-9.16349,38.74749],[-9.16402,38.74801],[-9.16373,38.74864],[-9.16412,38.74887],[-9.1642,38.74927],[-9.16475,38.74979],[-9.16487,38.7499],[-9.16538,38.75043],[-9.16554,38.75054],[-9.16573,38.75117],[-9.16601,38.7514],[-9.16665,38.7514],[-9.16694,38.7518],[-9.16683,38.75243],[-9.16665,38.75255],[-9.16601,38.75255],[-9.16553,38.75306],[-9.16601,38.7534],[-9.16665,38.7534],[-9.16695,38.75369],[-9.16726,38.75432],[-9.16728,38.75435],[-9.16791,38.75483],[-9.16854,38.75444],[-9.16917,38.75444],[-9.1698,38.75444],[-9.17025,38.75432],[-9.1701,38.75369],[-9.17043,38.75309],[-9.17059,38.75306],[-9.17106,38.75292],[-9.17119,38.75243],[-9.17119,38.7518],[-9.17106,38.75145],[-9.17093,38.75117],[-9.17043,38.75059],[-9.17036,38.75054],[-9.17043,38.75006],[-9.17049,38.7499],[-9.17062,38.74927],[-9.17043,38.74892],[-9.17019,38.74864],[-9.1698,38.74834],[-9.16917,38.74853],[-9.16854,38.74853],[-9.16834,38.74864],[-9.16791,38.74907],[-9.16728,38.74912],[-9.16716,38.74864],[-9.16692,38.74801],[-9.16665,38.74788],[-9.16601,38.74788],[-9.16538,38.74793],[-9.16529,38.74801],[-9.16475,38.7485],[-9.16422,38.74801],[-9.16424,38.74738],[-9.16412,38.7473],[-9.16349,38.7473],[-9.16286,38.7473],[-9.16265,38.74675],[-9.16286,38.74651],[-9.16349,38.74651],[-9.16412,38.7465],[-9.16449,38.74612],[-9.16463,38.74549],[-9.16475,38.74524],[-9.16538,38.74506],[-9.16579,38.74486],[-9.16601,38.74466],[-9.16665,38.74466],[-9.16694,38.74423],[-9.16728,38.74406],[-9.16769,38.7436],[-9.16776,38.74297],[-9.16791,38.74276],[-9.16847,38.74234],[-9.16854,38.74225],[-9.16917,38.74225],[-9.16931,38.74234],[-9.16961,38.74297],[-9.16933,38.7436],[-9.16968,38.74423],[-9.1698,38.74431],[-9.16998,38.74423],[-9.17043,38.74395],[-9.17078,38.7436],[-9.17106,38.74343],[-9.17169,38.74333],[-9.17232,38.74333],[-9.17295,38.74325],[-9.17331,38.74297],[-9.17358,38.7424],[-9.17421,38.74278],[-9.17484,38.74278],[-9.17538,38.74297],[-9.17548,38.74304],[-9.17562,38.74297],[-9.17611,38.74266],[-9.1767,38.74234],[-9.17674,38.74231],[-9.17675,38.74234],[-9.17737,38.74282],[-9.178,38.74282],[-9.17837,38.74297],[-9.178,38.74324],[-9.17737,38.74324],[-9.17693,38.7436],[-9.17737,38.74382],[-9.178,38.74382],[-9.17846,38.7436],[-9.17863,38.74334],[-9.17891,38.7436],[-9.17926,38.74375],[-9.17989,38.74404],[-9.18001,38.74423],[-9.17989,38.74442],[-9.17926,38.74469],[-9.17894,38.74486],[-9.17926,38.74502],[-9.17989,38.74527],[-9.18018,38.74549],[-9.18018,38.74612],[-9.18052,38.74626],[-9.18115,38.74626],[-9.18132,38.74612],[-9.18132,38.74549],[-9.18115,38.74522],[-9.18052,38.74522],[-9.18024,38.74486],[-9.18052,38.74467],[-9.18115,38.74467],[-9.18178,38.74484],[-9.18241,38.74479],[-9.1825,38.74486],[-9.18304,38.7451],[-9.18368,38.7451],[-9.18431,38.74503],[-9.18487,38.74549],[-9.18487,38.74612],[-9.18494,38.7462],[-9.18503,38.74612],[-9.18503,38.74549],[-9.18557,38.74498],[-9.18565,38.74486],[-9.18557,38.74474],[-9.18494,38.74475],[-9.18431,38.74465],[-9.18368,38.74464],[-9.18304,38.74464],[-9.18268,38.74423],[-9.18241,38.74373],[-9.18226,38.7436],[-9.18178,38.74331],[-9.18115,38.7431],[-9.18052,38.7431],[-9.17989,38.74305],[-9.1797,38.74297],[-9.17926,38.74241],[-9.17925,38.74234],[-9.17863,38.74198],[-9.178,38.74194],[-9.17737,38.74194],[-9.177,38.7417],[-9.17724,38.74107],[-9.17711,38.74044],[-9.17674,38.74016],[-9.17611,38.73984],[-9.17573,38.73981],[-9.17563,38.73918],[-9.17548,38.73917],[-9.17484,38.73917],[-9.17421,38.73909],[-9.17406,38.73918],[-9.17409,38.73981],[-9.17358,38.73993],[-9.17295,38.73998],[-9.17251,38.74044],[-9.17295,38.74086],[-9.17347,38.74107],[-9.17358,38.7412],[-9.17391,38.7417],[-9.17358,38.74227],[-9.17325,38.7417],[-9.17295,38.74142],[-9.17232,38.74144],[-9.17169,38.74144],[-9.17124,38.7417],[-9.17169,38.74206],[-9.17232,38.74206],[-9.17239,38.74234],[-9.17232,38.74255],[-9.17169,38.74255],[-9.17106,38.74251],[-9.17043,38.74262],[-9.17013,38.74234],[-9.17043,38.74177],[-9.17075,38.7417],[-9.17102,38.74107],[-9.17106,38.74102],[-9.17128,38.74044],[-9.17149,38.73981],[-9.17149,38.73918],[-9.17169,38.73904],[-9.17232,38.73904],[-9.17252,38.73918],[-9.17295,38.73958],[-9.17329,38.73918],[-9.17295,38.73871],[-9.17284,38.73855],[-9.17232,38.73812],[-9.17169,38.73812],[-9.17106,38.73829],[-9.17082,38.73792],[-9.17075,38.73729],[-9.17043,38.73707],[-9.16985,38.73729],[-9.17011,38.73792],[-9.17013,38.73855],[-9.16996,38.73918],[-9.1698,38.7396],[-9.16953,38.73918],[-9.1692,38.73855],[-9.16922,38.73792],[-9.16969,38.73729],[-9.16917,38.73715],[-9.16854,38.73715],[-9.16839,38.73729],[-9.16851,38.73792],[-9.16851,38.73855],[-9.16791,38.73882],[-9.1674,38.73918],[-9.1674,38.73981],[-9.16728,38.74025],[-9.16665,38.7401],[-9.16601,38.7401],[-9.16538,38.74024],[-9.16524,38.74044],[-9.16538,38.74062],[-9.16587,38.74107],[-9.16555,38.7417],[-9.16538,38.74187],[-9.16475,38.74197],[-9.16442,38.7417],[-9.16412,38.74146],[-9.16378,38.74107],[-9.16349,38.7407],[-9.16286,38.7407],[-9.16229,38.74107],[-9.16223,38.74112],[-9.1621,38.74107],[-9.1616,38.74092],[-9.16097,38.74081],[-9.1606,38.74044],[-9.16034,38.74013],[-9.15971,38.74013],[-9.1596,38.73981],[-9.15955,38.73918],[-9.15971,38.739],[-9.16034,38.739],[-9.16049,38.73918],[-9.16097,38.73946],[-9.1616,38.73928],[-9.16167,38.73918],[-9.1616,38.73887],[-9.16134,38.73855],[-9.1616,38.73841],[-9.16185,38.73792],[-9.16206,38.73729],[-9.16223,38.73717],[-9.16239,38.73729],[-9.16286,38.73766],[-9.16349,38.73766],[-9.16373,38.73729],[-9.16394,38.73666],[-9.16412,38.73642],[-9.16475,38.7364],[-9.16513,38.73666],[-9.16475,38.73684],[-9.16449,38.73729],[-9.16475,38.73774],[-9.16521,38.73729],[-9.16538,38.73692],[-9.16557,38.73666],[-9.16579,38.73603],[-9.16574,38.7354],[-9.16538,38.73527],[-9.16475,38.73531],[-9.16462,38.7354],[-9.16412,38.73578],[-9.16378,38.7354],[-9.16384,38.73477],[-9.16349,38.73438],[-9.16286,38.73438],[-9.16223,38.73436],[-9.16191,38.73414],[-9.16168,38.73351],[-9.16168,38.73287],[-9.1616,38.73283],[-9.16156,38.73287],[-9.16097,38.73347],[-9.16034,38.73347],[-9.15971,38.73346],[-9.15963,38.73351],[-9.15971,38.73361],[-9.16034,38.73352],[-9.16097,38.73352],[-9.16136,38.73414],[-9.16145,38.73477],[-9.1616,38.73528],[-9.16165,38.7354],[-9.16182,38.73603],[-9.1616,38.7361],[-9.16155,38.73603],[-9.16149,38.7354],[-9.16097,38.73523],[-9.16034,38.73523],[-9.15971,38.73537],[-9.15965,38.7354],[-9.15908,38.73589],[-9.15845,38.73544],[-9.15782,38.73579],[-9.15718,38.73579],[-9.15655,38.73542],[-9.15651,38.7354],[-9.15651,38.73477],[-9.15592,38.73447],[-9.1554,38.73477],[-9.15529,38.73482],[-9.15502,38.7354],[-9.15466,38.73578],[-9.15403,38.73578],[-9.1537,38.7354],[-9.1534,38.73512],[-9.15302,38.7354],[-9.15277,38.73574],[-9.15244,38.7354],[-9.15214,38.73502],[-9.15151,38.73502],[-9.15117,38.73477],[-9.15088,38.73454],[-9.15064,38.73414],[-9.15088,38.73375],[-9.15122,38.73414],[-9.15151,38.73449],[-9.15214,38.73449],[-9.15237,38.73414],[-9.15214,38.73374],[-9.15151,38.73374],[-9.15124,38.73351],[-9.15117,38.73287],[-9.15089,38.73224],[-9.15088,38.73209],[-9.15076,38.73161],[-9.15025,38.7313],[-9.14984,38.73098],[-9.15025,38.73073],[-9.15052,38.73035],[-9.15086,38.72972],[-9.15069,38.72909],[-9.15088,38.72872],[-9.15103,38.72846],[-9.15088,38.72805],[-9.15077,38.72783],[-9.15088,38.72751],[-9.15151,38.72742],[-9.15214,38.72742],[-9.15247,38.7272],[-9.15254,38.72657],[-9.15214,38.72621],[-9.1517,38.72594],[-9.15214,38.7258],[-9.15258,38.72531],[-9.15277,38.72484],[-9.15335,38.72468],[-9.1534,38.72465],[-9.1535,38.72468],[-9.15403,38.72507],[-9.15466,38.72507],[-9.15529,38.72499],[-9.15531,38.72531],[-9.15543,38.72594],[-9.15529,38.7262],[-9.15501,38.72657],[-9.15513,38.7272],[-9.15509,38.72783],[-9.15529,38.72843],[-9.15592,38.72797],[-9.15655,38.7283],[-9.15687,38.72783],[-9.15718,38.72742],[-9.15782,38.72742],[-9.15845,38.72749],[-9.15873,38.7272],[-9.15873,38.72657],[-9.15845,38.72607],[-9.15831,38.72594],[-9.15845,38.7259],[-9.15908,38.72583],[-9.15915,38.72531],[-9.15908,38.72478],[-9.15907,38.72468],[-9.15908,38.72461],[-9.15971,38.72436],[-9.16018,38.72468],[-9.16034,38.72471],[-9.16097,38.72471],[-9.1616,38.72475],[-9.16207,38.72468],[-9.16223,38.72464],[-9.16234,38.72468],[-9.16286,38.72499],[-9.16349,38.72499],[-9.16375,38.72468],[-9.16412,38.72437],[-9.16473,38.72404],[-9.16475,38.72394],[-9.16488,38.72341],[-9.16475,38.72322],[-9.16412,38.72299],[-9.16349,38.72319],[-9.16286,38.72319],[-9.16252,38.72341],[-9.16223,38.7236],[-9.16193,38.72341],[-9.16171,38.72278],[-9.16162,38.72215],[-9.1616,38.72209],[-9.16097,38.72197],[-9.16034,38.72197],[-9.15993,38.72152],[-9.15978,38.72089],[-9.16034,38.7204],[-9.16097,38.7204],[-9.16128,38.72026],[-9.16128,38.71963],[-9.1616,38.71908],[-9.16176,38.719],[-9.1616,38.71884],[-9.16097,38.71847],[-9.16034,38.71847],[-9.15972,38.719],[-9.15974,38.71963],[-9.15971,38.71994],[-9.15963,38.72026],[-9.15908,38.72081],[-9.159,38.72026],[-9.15845,38.71969],[-9.15837,38.71963],[-9.15845,38.71951],[-9.15905,38.719],[-9.159,38.71837],[-9.15908,38.71829],[-9.15971,38.71797],[-9.16023,38.71774],[-9.16034,38.71763],[-9.16097,38.71763],[-9.16115,38.71774],[-9.1616,38.71815],[-9.16196,38.71774],[-9.1622,38.71711],[-9.16223,38.71703],[-9.16245,38.71648],[-9.16223,38.71616],[-9.16191,38.71648],[-9.1616,38.71662],[-9.16151,38.71648],[-9.1611,38.71584],[-9.16127,38.71521],[-9.16097,38.71486],[-9.16034,38.71486],[-9.15996,38.71458],[-9.15975,38.71395],[-9.16034,38.71358],[-9.16097,38.71358],[-9.16134,38.71395],[-9.16129,38.71458],[-9.1616,38.71484],[-9.1621,38.71521],[-9.16223,38.71562],[-9.16282,38.71521],[-9.1628,38.71458],[-9.16286,38.71448],[-9.16349,38.71448],[-9.16381,38.71458],[-9.16412,38.7149],[-9.16475,38.71463],[-9.16521,38.71521],[-9.16475,38.71561],[-9.1642,38.71584],[-9.16424,38.71648],[-9.16475,38.71677],[-9.16531,38.71648],[-9.16538,38.71625],[-9.16563,38.71584],[-9.16578,38.71521],[-9.16601,38.71504],[-9.16665,38.71504],[-9.16678,38.71521],[-9.16712,38.71584],[-9.16665,38.71645],[-9.16601,38.71645],[-9.16594,38.71648],[-9.16601,38.7165],[-9.16665,38.7165],[-9.16728,38.71655],[-9.16755,38.71648],[-9.16791,38.71619],[-9.16849,38.71584],[-9.16854,38.71583],[-9.16917,38.71574],[-9.1698,38.71574],[-9.17043,38.71557],[-9.17099,38.71521],[-9.17106,38.71506],[-9.17129,38.71521],[-9.17169,38.7153],[-9.17232,38.7153],[-9.17245,38.71521],[-9.17275,38.71458],[-9.17295,38.7142],[-9.17358,38.71431],[-9.17421,38.7142],[-9.17446,38.71395],[-9.17446,38.71332],[-9.17421,38.71283],[-9.17358,38.71314],[-9.17298,38.71269],[-9.17358,38.71238],[-9.17395,38.71206],[-9.17421,38.7116],[-9.17438,38.71143],[-9.17463,38.7108],[-9.17421,38.71059],[-9.17402,38.71017],[-9.17358,38.7096],[-9.17356,38.70954],[-9.17295,38.70921],[-9.17232,38.70925],[-9.17169,38.70925],[-9.1716,38.70891],[-9.17169,38.70842],[-9.17232,38.70842],[-9.17295,38.70837],[-9.17304,38.70828],[-9.17358,38.70801],[-9.17421,38.70802],[-9.17484,38.70786],[-9.17548,38.70786],[-9.17588,38.70765],[-9.17611,38.70738],[-9.17628,38.70701],[-9.17674,38.70654],[-9.17714,38.70701],[-9.17737,38.70755],[-9.17758,38.70701],[-9.17759,38.70638],[-9.17744,38.70575],[-9.17737,38.70544],[-9.17674,38.7053],[-9.17666,38.70512],[-9.17674,38.705],[-9.17737,38.70503],[-9.178,38.70464],[-9.17863,38.70464],[-9.17877,38.70449],[-9.17926,38.70408],[-9.17952,38.70386],[-9.17926,38.70351],[-9.17883,38.70323],[-9.17863,38.70308],[-9.178,38.70308],[-9.17758,38.70323],[-9.17737,38.70355],[-9.17674,38.70386],[-9.17642,38.70323],[-9.17674,38.70282],[-9.17694,38.7026],[-9.17737,38.70199],[-9.178,38.70214],[-9.17863,38.70214],[-9.17926,38.7026],[-9.17953,38.70323],[-9.17989,38.70349],[-9.18025,38.70323],[-9.18052,38.7029],[-9.18115,38.7029],[-9.18171,38.7026],[-9.18145,38.70197],[-9.18115,38.70144],[-9.18052,38.70144],[-9.18,38.70197],[-9.17989,38.70225],[-9.17926,38.70197],[-9.17863,38.70152],[-9.178,38.70152],[-9.17788,38.70134],[-9.1779,38.70071],[-9.17753,38.70008],[-9.178,38.69998],[-9.17863,38.69998],[-9.17907,38.70008],[-9.17926,38.70021],[-9.17937,38.70008],[-9.17926,38.69982],[-9.17919,38.69945],[-9.17926,38.69939],[-9.17989,38.69936],[-9.17992,38.69945],[-9.18052,38.70002],[-9.18115,38.70002],[-9.18122,38.70008],[-9.18178,38.70039],[-9.18234,38.70008],[-9.18234,38.69945],[-9.18241,38.69929],[-9.18274,38.69882],[-9.18304,38.69839],[-9.18368,38.69831],[-9.18431,38.69831],[-9.18458,38.69882],[-9.18494,38.69916],[-9.18532,38.69945],[-9.18557,38.69966],[-9.18586,38.69945],[-9.1857,38.69882],[-9.1862,38.69861],[-9.18656,38.69818],[-9.18683,38.6977],[-9.18746,38.6977],[-9.18809,38.69759],[-9.18813,38.69755],[-9.18872,38.69712],[-9.18894,38.69692],[-9.18894,38.69629],[-9.18935,38.69629],[-9.18998,38.69629],[-9.19057,38.69629],[-9.19061,38.6964],[-9.19124,38.69633],[-9.19187,38.6964],[-9.19213,38.69629],[-9.19213,38.69566],[-9.19251,38.69566],[-9.19314,38.69566],[-9.19334,38.69566],[-9.19356,38.69629],[-9.19377,38.69661],[-9.19398,38.69629],[-9.1944,38.69609],[-9.19471,38.69629],[-9.19494,38.69692],[-9.1944,38.69731],[-9.19423,38.69755],[-9.19377,38.69818],[-9.1942,38.69882],[-9.1944,38.69915],[-9.19474,38.69945],[-9.19503,38.69966],[-9.19566,38.69966],[-9.19629,38.69968],[-9.19648,38.69945],[-9.19692,38.69898],[-9.19755,38.69882],[-9.19692,38.69848],[-9.19629,38.69857],[-9.19591,38.69818],[-9.19616,38.69755],[-9.19572,38.69692],[-9.19629,38.69657],[-9.19666,38.69692],[-9.19692,38.69713],[-9.19714,38.69692],[-9.19738,38.69629],[-9.19755,38.69622],[-9.19818,38.69612],[-9.19881,38.69612],[-9.19904,38.69629],[-9.19925,38.69692],[-9.19944,38.69715],[-9.20007,38.69715],[-9.2005,38.69692],[-9.2007,38.69666],[-9.20098,38.69629],[-9.2007,38.69583],[-9.20063,38.69566],[-9.2007,38.69537],[-9.20134,38.69555],[-9.20197,38.69555],[-9.2026,38.69564],[-9.20272,38.69566],[-9.20323,38.69589],[-9.20347,38.69629],[-9.20323,38.69659],[-9.2026,38.69662],[-9.20241,38.69692],[-9.2026,38.69719],[-9.20323,38.69748],[-9.20339,38.69755],[-9.20323,38.69758],[-9.20277,38.69818],[-9.20316,38.69882],[-9.20323,38.69887],[-9.20386,38.69899],[-9.20449,38.69899],[-9.20491,38.69882],[-9.20512,38.69865],[-9.20575,38.6985],[-9.20581,38.69882],[-9.20575,38.69886],[-9.20512,38.69898],[-9.2049,38.69945],[-9.20512,38.69968],[-9.20554,38.70008],[-9.20572,38.70071],[-9.20548,38.70134],[-9.20549,38.70197],[-9.20512,38.7026],[-9.20449,38.70291],[-9.20386,38.70291],[-9.20323,38.7029],[-9.20307,38.7026],[-9.20282,38.70197],[-9.2026,38.70177],[-9.20235,38.70197],[-9.20198,38.7026],[-9.20197,38.70264],[-9.20134,38.70264],[-9.2013,38.7026],[-9.2007,38.70238],[-9.20039,38.7026],[-9.2007,38.7029],[-9.20106,38.70323],[-9.20134,38.70346],[-9.20197,38.70346],[-9.20219,38.70323],[-9.2026,38.70301],[-9.20298,38.70323],[-9.20323,38.70342],[-9.20386,38.70366],[-9.20449,38.70366],[-9.20483,38.70386],[-9.20449,38.70433],[-9.20386,38.70433],[-9.20323,38.70443],[-9.20316,38.70449],[-9.20323,38.70461],[-9.2037,38.70512],[-9.20323,38.70533],[-9.20281,38.70575],[-9.20323,38.70607],[-9.20386,38.70619],[-9.20449,38.70619],[-9.20487,38.70575],[-9.20512,38.70551],[-9.20575,38.70542],[-9.20627,38.70512],[-9.20575,38.70465],[-9.20562,38.70449],[-9.20575,38.70393],[-9.20638,38.70408],[-9.20666,38.70386],[-9.20638,38.70371],[-9.20575,38.70381],[-9.2054,38.70323],[-9.20575,38.70309],[-9.2061,38.7026],[-9.20593,38.70197],[-9.20621,38.70134],[-9.20638,38.70111],[-9.20657,38.70071],[-9.20638,38.70039],[-9.2062,38.70008],[-9.20609,38.69945],[-9.20638,38.69909],[-9.2065,38.69882],[-9.20638,38.69834],[-9.20591,38.69818],[-9.20611,38.69755],[-9.20638,38.69724],[-9.20658,38.69692],[-9.20701,38.69659],[-9.20764,38.69659],[-9.20827,38.69668],[-9.20863,38.69629],[-9.20827,38.69586],[-9.20764,38.69581],[-9.20701,38.69581],[-9.20689,38.69566],[-9.20701,38.69556],[-9.20764,38.69556],[-9.20818,38.69503],[-9.20827,38.69486],[-9.20883,38.69503],[-9.2089,38.69566],[-9.2093,38.69629],[-9.2089,38.69686],[-9.20883,38.69692],[-9.2089,38.697],[-9.20953,38.6973],[-9.21017,38.69704],[-9.2108,38.69704],[-9.21139,38.69755],[-9.2108,38.69795],[-9.21017,38.69795],[-9.20986,38.69818],[-9.2101,38.69882],[-9.21017,38.69891],[-9.2108,38.69891],[-9.21082,38.69882],[-9.21143,38.69821],[-9.21168,38.69818],[-9.21168,38.69755],[-9.21154,38.69692],[-9.21143,38.69647],[-9.2108,38.69677],[-9.21017,38.69677],[-9.20978,38.69629],[-9.21017,38.69596],[-9.2108,38.69596],[-9.21143,38.69608],[-9.21168,38.69566],[-9.21143,38.69552],[-9.21107,38.69503],[-9.21143,38.69479],[-9.21176,38.6944],[-9.21173,38.69377],[-9.21206,38.69314],[-9.21143,38.69305],[-9.21113,38.69251],[-9.21143,38.69251],[-9.21206,38.69188],[-9.21269,38.69188],[-9.21332,38.69188],[-9.21395,38.69188],[-9.21442,38.69188],[-9.21458,38.69209],[-9.21493,38.69251],[-9.21521,38.69278],[-9.21556,38.69251],[-9.21545,38.69188],[-9.21545,38.69125],[-9.21584,38.69125],[-9.21647,38.69125],[-9.21699,38.69176],[-9.21699,38.69188],[-9.21696,38.69251],[-9.2171,38.6928],[-9.21717,38.69251],[-9.21717,38.69188],[-9.2177,38.69188],[-9.2177,38.69251],[-9.21773,38.69254],[-9.2178,38.69251],[-9.2178,38.69194],[-9.21837,38.69251],[-9.219,38.69314],[-9.21963,38.69314],[-9.22026,38.69251],[-9.22089,38.69251],[-9.22152,38.69251],[-9.22215,38.69188],[-9.22257,38.69188],[-9.22257,38.69251],[-9.22278,38.69277],[-9.22331,38.69251],[-9.22331,38.69188],[-9.22341,38.69188],[-9.22404,38.69251],[-9.22341,38.69314],[-9.22404,38.69377],[-9.22467,38.6944],[-9.2253,38.6944],[-9.22537,38.69447],[-9.22537,38.69503],[-9.2253,38.6951],[-9.22467,38.6951],[-9.22446,38.69503],[-9.22404,38.69487],[-9.22341,38.69492],[-9.22278,38.69489],[-9.22246,38.69503],[-9.22278,38.69545],[-9.22314,38.69566],[-9.22302,38.69629],[-9.22341,38.69692],[-9.22317,38.69755],[-9.22341,38.69773],[-9.22404,38.69789],[-9.22451,38.69818],[-9.22467,38.69834],[-9.2253,38.69834],[-9.22555,38.69818],[-9.22593,38.69805],[-9.2261,38.69818],[-9.22593,38.69846],[-9.22568,38.69882],[-9.22593,38.69896],[-9.22656,38.69903],[-9.22698,38.69939],[-9.2263,38.70299],[-9.22593,38.70299],[-9.2253,38.70316],[-9.22467,38.70316],[-9.22457,38.70323],[-9.22409,38.70386],[-9.22404,38.70433],[-9.22395,38.70449],[-9.22341,38.70471],[-9.2231,38.70512],[-9.22341,38.70529],[-9.22384,38.70572],[-9.22246,38.7064],[-9.22224,38.70657],[-9.22215,38.70676],[-9.2222,38.70708],[-9.22308,38.70868],[-9.22333,38.71008],[-9.22325,38.71074],[-9.2231,38.71135],[-9.22278,38.71135],[-9.22224,38.71143],[-9.22278,38.71158],[-9.22304,38.71158],[-9.22262,38.71329],[-9.22228,38.71401],[-9.21876,38.71823],[-9.21847,38.7184],[-9.21847,38.71837],[-9.21837,38.71827],[-9.21831,38.71837],[-9.21831,38.71849],[-9.21762,38.71889],[-9.21769,38.71837],[-9.2171,38.71822],[-9.21688,38.71837],[-9.21699,38.719],[-9.21699,38.71926],[-9.21443,38.72076],[-9.21121,38.72199],[-9.20817,38.72387],[-9.20795,38.72416],[-9.20903,38.72741],[-9.2089,38.72741],[-9.20839,38.7272],[-9.20827,38.72711],[-9.20819,38.7272],[-9.20766,38.72783],[-9.20764,38.72784],[-9.20701,38.7279],[-9.20638,38.7279],[-9.20575,38.72791],[-9.20572,38.72783],[-9.20512,38.72765],[-9.20472,38.7272],[-9.20449,38.727],[-9.20386,38.727],[-9.2035,38.7272],[-9.20323,38.72739],[-9.2026,38.72723],[-9.20236,38.7272],[-9.2026,38.72713],[-9.20296,38.72657],[-9.203,38.72594],[-9.20323,38.72564],[-9.2035,38.72531],[-9.20323,38.72482],[-9.2026,38.72493],[-9.20197,38.72513],[-9.2018,38.72468],[-9.20197,38.72446],[-9.2026,38.72429],[-9.2028,38.72404],[-9.2026,38.72364],[-9.20197,38.72356],[-9.20134,38.72374],[-9.2007,38.72374],[-9.20022,38.72341],[-9.20007,38.72312],[-9.19993,38.72278],[-9.19944,38.72243],[-9.19923,38.72215],[-9.19944,38.72187],[-9.20007,38.72207],[-9.20019,38.72215],[-9.2007,38.72253],[-9.20134,38.72253],[-9.20162,38.72278],[-9.20197,38.7232],[-9.2026,38.72331],[-9.20323,38.72331],[-9.20353,38.72278],[-9.20386,38.72247],[-9.20449,38.72247],[-9.20488,38.72215],[-9.20512,38.72179],[-9.20538,38.72215],[-9.20538,38.72278],[-9.20523,38.72341],[-9.20575,38.72391],[-9.20634,38.72341],[-9.20638,38.7233],[-9.20679,38.72278],[-9.20638,38.72259],[-9.20604,38.72215],[-9.20638,38.72167],[-9.20657,38.72152],[-9.20686,38.72089],[-9.20701,38.72038],[-9.20725,38.72026],[-9.20725,38.71963],[-9.20701,38.71958],[-9.20654,38.71963],[-9.20638,38.71969],[-9.20635,38.71963],[-9.20575,38.7192],[-9.2055,38.719],[-9.20575,38.71871],[-9.20598,38.71837],[-9.20575,38.71817],[-9.20548,38.71774],[-9.20575,38.7173],[-9.20609,38.71711],[-9.20575,38.71696],[-9.20546,38.71648],[-9.20512,38.71588],[-9.205,38.71584],[-9.20449,38.71557],[-9.20386,38.71557],[-9.20352,38.71584],[-9.20323,38.71623],[-9.2031,38.71648],[-9.2026,38.71691],[-9.20209,38.71648],[-9.20235,38.71584],[-9.2026,38.71572],[-9.20305,38.71521],[-9.20323,38.71495],[-9.20386,38.71486],[-9.20449,38.71486],[-9.20512,38.71514],[-9.20521,38.71521],[-9.20575,38.71581],[-9.20638,38.71545],[-9.20693,38.71521],[-9.20701,38.71506],[-9.20764,38.71506],[-9.20781,38.71458],[-9.20764,38.71443],[-9.20701,38.71443],[-9.20638,38.71423],[-9.20583,38.71395],[-9.20575,38.71394],[-9.20512,38.71365],[-9.20482,38.71395],[-9.20449,38.71437],[-9.20386,38.71437],[-9.20361,38.71395],[-9.20386,38.71339],[-9.20449,38.71339],[-9.20456,38.71332],[-9.20512,38.71291],[-9.20549,38.71269],[-9.20512,38.71244],[-9.20449,38.71228],[-9.20386,38.71228],[-9.20342,38.71269],[-9.20323,38.71288],[-9.2028,38.71332],[-9.20282,38.71395],[-9.20285,38.71458],[-9.2026,38.71475],[-9.20239,38.71458],[-9.20228,38.71395],[-9.20197,38.71344],[-9.2019,38.71332],[-9.20181,38.71269],[-9.20197,38.71245],[-9.2026,38.71231],[-9.20278,38.71206],[-9.2026,38.71186],[-9.20223,38.71143],[-9.20197,38.71116],[-9.20147,38.71143],[-9.20134,38.71167],[-9.2007,38.71167],[-9.2006,38.71206],[-9.20007,38.7124],[-9.19977,38.71269],[-9.19944,38.71296],[-9.19896,38.71269],[-9.19938,38.71206],[-9.19944,38.71199],[-9.20007,38.71145],[-9.20023,38.71143],[-9.20068,38.7108],[-9.2007,38.71075],[-9.201,38.71017],[-9.2007,38.71008],[-9.20007,38.70969],[-9.19944,38.7098],[-9.19895,38.71017],[-9.19881,38.71032],[-9.1984,38.7108],[-9.19818,38.71107],[-9.1978,38.71143],[-9.19789,38.71206],[-9.19755,38.71266],[-9.19739,38.71269],[-9.19755,38.71301],[-9.19774,38.71332],[-9.19769,38.71395],[-9.19755,38.71406],[-9.1973,38.71458],[-9.19755,38.71479],[-9.19818,38.71485],[-9.19881,38.71485],[-9.19913,38.71458],[-9.19916,38.71395],[-9.19944,38.71381],[-9.20007,38.71376],[-9.20022,38.71395],[-9.20007,38.71416],[-9.19963,38.71458],[-9.19956,38.71521],[-9.19944,38.71561],[-9.19921,38.71584],[-9.19944,38.71588],[-9.20007,38.71612],[-9.20039,38.71584],[-9.2007,38.71557],[-9.20134,38.71557],[-9.2017,38.71584],[-9.20172,38.71648],[-9.20134,38.71674],[-9.2007,38.71674],[-9.20007,38.71678],[-9.19944,38.71688],[-9.19898,38.71711],[-9.19895,38.71774],[-9.19881,38.71805],[-9.19818,38.71805],[-9.19801,38.71774],[-9.19755,38.71721],[-9.19739,38.71711],[-9.19755,38.71679],[-9.19781,38.71648],[-9.19755,38.71608],[-9.19692,38.71594],[-9.1966,38.71584],[-9.19692,38.71577],[-9.19719,38.71521],[-9.19692,38.7149],[-9.19656,38.71521],[-9.19629,38.71575],[-9.19597,38.71584],[-9.19566,38.71603],[-9.19503,38.71603],[-9.19487,38.71584],[-9.19473,38.71521],[-9.19503,38.71492],[-9.19566,38.71492],[-9.19594,38.71458],[-9.19566,38.71447],[-9.19503,38.71447],[-9.19457,38.71395],[-9.19446,38.71332],[-9.1944,38.71297],[-9.1943,38.71332],[-9.19415,38.71395],[-9.19377,38.71439],[-9.19314,38.71431],[-9.19251,38.71431],[-9.19214,38.71395],[-9.19244,38.71332],[-9.19187,38.71295],[-9.1917,38.71269],[-9.19187,38.71242],[-9.19251,38.7121],[-9.19314,38.7121],[-9.19321,38.71206],[-9.19346,38.71143],[-9.19314,38.71121],[-9.19251,38.71102],[-9.19187,38.71117],[-9.19144,38.7108],[-9.19186,38.71017],[-9.19124,38.7097],[-9.19093,38.70954],[-9.19124,38.70933],[-9.19156,38.70891],[-9.19175,38.70828],[-9.19187,38.70803],[-9.19216,38.70828],[-9.1924,38.70891],[-9.19229,38.70954],[-9.19192,38.71017],[-9.19251,38.71054],[-9.19314,38.71035],[-9.19325,38.71017],[-9.19377,38.70973],[-9.1944,38.70968],[-9.19461,38.70954],[-9.19461,38.70891],[-9.1944,38.70844],[-9.19377,38.7085],[-9.19357,38.70828],[-9.19377,38.70816],[-9.1944,38.7082],[-9.19453,38.70828],[-9.19503,38.70853],[-9.19566,38.70853],[-9.19603,38.70828],[-9.19629,38.70776],[-9.19692,38.70814],[-9.19733,38.70828],[-9.19692,38.70855],[-9.19658,38.70891],[-9.19692,38.70907],[-9.19755,38.70896],[-9.19767,38.70891],[-9.1976,38.70828],[-9.19777,38.70765],[-9.19789,38.70701],[-9.19755,38.70666],[-9.19719,38.70638],[-9.19755,38.70575],[-9.19756,38.70512],[-9.19755,38.70509],[-9.19753,38.70512],[-9.19692,38.70547],[-9.1967,38.70512],[-9.19692,38.70488],[-9.19735,38.70449],[-9.19692,38.70414],[-9.19629,38.70413],[-9.19566,38.70427],[-9.19503,38.70427],[-9.1944,38.7041],[-9.19405,38.70386],[-9.19419,38.70323],[-9.1944,38.70308],[-9.19463,38.7026],[-9.19503,38.70204],[-9.19566,38.70204],[-9.19629,38.70197],[-9.19566,38.70181],[-9.19503,38.70181],[-9.1944,38.70176],[-9.19377,38.70175],[-9.19314,38.70195],[-9.19251,38.70195],[-9.19245,38.70197],[-9.19251,38.70202],[-9.19314,38.70202],[-9.19347,38.7026],[-9.19314,38.70318],[-9.19251,38.70318],[-9.19187,38.7031],[-9.19177,38.70323],[-9.19133,38.70386],[-9.19124,38.70389],[-9.19103,38.70386],[-9.19061,38.70381],[-9.19044,38.70386],[-9.18998,38.70403],[-9.18935,38.70403],[-9.189,38.70386],[-9.18872,38.70342],[-9.18856,38.70323],[-9.18809,38.70295],[-9.18746,38.70323],[-9.18683,38.70323],[-9.18672,38.7026],[-9.1862,38.70216],[-9.18557,38.7024],[-9.18525,38.70197],[-9.18557,38.70151],[-9.1862,38.70178],[-9.18675,38.70134],[-9.1862,38.701],[-9.18557,38.70114],[-9.18499,38.70071],[-9.18494,38.70067],[-9.1848,38.70071],[-9.18455,38.70134],[-9.18462,38.70197],[-9.18494,38.70245],[-9.18519,38.7026],[-9.18494,38.70279],[-9.18457,38.70323],[-9.1846,38.70386],[-9.18431,38.70415],[-9.18368,38.70415],[-9.18304,38.70422],[-9.18249,38.70449],[-9.18304,38.70489],[-9.18338,38.70512],[-9.18304,38.70541],[-9.18241,38.70541],[-9.18178,38.70536],[-9.18171,38.70512],[-9.18115,38.70483],[-9.18052,38.70483],[-9.18033,38.70512],[-9.18022,38.70575],[-9.17998,38.70638],[-9.17989,38.70649],[-9.17968,38.70701],[-9.17967,38.70765],[-9.17989,38.70814],[-9.18052,38.70819],[-9.18115,38.70819],[-9.18131,38.70828],[-9.18115,38.70877],[-9.18052,38.70877],[-9.17989,38.70841],[-9.17967,38.70828],[-9.17926,38.70814],[-9.17863,38.70803],[-9.178,38.70803],[-9.17777,38.70828],[-9.178,38.70855],[-9.17863,38.70855],[-9.17926,38.70854],[-9.17952,38.70891],[-9.17926,38.70912],[-9.17863,38.70926],[-9.178,38.70929],[-9.17737,38.70953],[-9.17732,38.70954],[-9.17737,38.70955],[-9.178,38.70998],[-9.17827,38.71017],[-9.17863,38.71045],[-9.17882,38.7108],[-9.17863,38.71108],[-9.178,38.71122],[-9.17785,38.71143],[-9.178,38.71162],[-9.17863,38.71162],[-9.17891,38.71206],[-9.17926,38.71244],[-9.17963,38.71206],[-9.17989,38.71186],[-9.18013,38.71206],[-9.1805,38.71269],[-9.18052,38.71271],[-9.18115,38.71271],[-9.18118,38.71269],[-9.18178,38.71236],[-9.18218,38.71269],[-9.18241,38.71301],[-9.18264,38.71269],[-9.18304,38.71223],[-9.18319,38.71269],[-9.18321,38.71332],[-9.18304,38.71376],[-9.18294,38.71395],[-9.18304,38.71415],[-9.18336,38.71458],[-9.18368,38.71478],[-9.18431,38.71478],[-9.18465,38.71521],[-9.18466,38.71584],[-9.18452,38.71648],[-9.18431,38.7166],[-9.18368,38.7166],[-9.18304,38.71668],[-9.18241,38.71683],[-9.18208,38.71711],[-9.18221,38.71774],[-9.1821,38.71837],[-9.18241,38.71857],[-9.18265,38.719],[-9.18263,38.71963],[-9.18304,38.71997],[-9.18322,38.71963],[-9.18346,38.719],[-9.18304,38.71862],[-9.1826,38.71837],[-9.18304,38.71783],[-9.1831,38.71774],[-9.18368,38.71745],[-9.18431,38.71745],[-9.18494,38.71764],[-9.18532,38.71711],[-9.18557,38.71696],[-9.1862,38.717],[-9.18683,38.717],[-9.18746,38.71705],[-9.18755,38.71711],[-9.18752,38.71774],[-9.18746,38.71784],[-9.18683,38.71797],[-9.1862,38.71797],[-9.18589,38.71837],[-9.18557,38.71886],[-9.18538,38.719],[-9.18557,38.71909],[-9.18587,38.71963],[-9.18581,38.72026],[-9.18557,38.72071],[-9.18512,38.72026],[-9.18494,38.7201],[-9.18431,38.72015],[-9.18368,38.72015],[-9.18343,38.72026],[-9.18304,38.72038],[-9.18271,38.72089],[-9.18304,38.72122],[-9.18342,38.72152],[-9.18368,38.72187],[-9.18431,38.72187],[-9.18466,38.72152],[-9.18494,38.721],[-9.18532,38.72152],[-9.18498,38.72215],[-9.18494,38.7222],[-9.18442,38.72278],[-9.18431,38.72307],[-9.18368,38.72307],[-9.18327,38.72341],[-9.18304,38.72373],[-9.18292,38.72404],[-9.18241,38.72447],[-9.18211,38.72468],[-9.18229,38.72531],[-9.18178,38.72581],[-9.18147,38.72594],[-9.18115,38.72622],[-9.18052,38.72622],[-9.17989,38.72614],[-9.17962,38.72657],[-9.17926,38.72677],[-9.17869,38.7272],[-9.17863,38.72736],[-9.1784,38.72783],[-9.17863,38.72835],[-9.17897,38.72783],[-9.17926,38.7277],[-9.17958,38.72783],[-9.17943,38.72846],[-9.17989,38.72908],[-9.17991,38.72909],[-9.17989,38.7291],[-9.17926,38.72932],[-9.179,38.72972],[-9.17926,38.73013],[-9.17952,38.73035],[-9.17926,38.73088],[-9.17925,38.73098],[-9.17926,38.73106],[-9.17989,38.73159],[-9.17991,38.73161],[-9.17989,38.73167],[-9.17966,38.73224],[-9.17982,38.73287],[-9.17926,38.73336],[-9.17863,38.7331],[-9.17829,38.73351],[-9.17831,38.73414],[-9.17863,38.73423],[-9.17889,38.73414],[-9.17926,38.73398],[-9.17989,38.73398],[-9.18007,38.73414],[-9.18052,38.73449],[-9.18115,38.73449],[-9.18129,38.73477],[-9.18178,38.7353],[-9.18199,38.7354],[-9.18205,38.73603],[-9.18241,38.73639],[-9.18299,38.73666],[-9.18256,38.73729],[-9.18292,38.73792],[-9.18304,38.73801],[-9.18368,38.73801],[-9.18402,38.73855],[-9.18431,38.73887],[-9.18452,38.73918],[-9.18431,38.73971],[-9.18403,38.73981],[-9.18431,38.73997],[-9.18455,38.73981],[-9.18494,38.73972],[-9.18543,38.73981],[-9.18552,38.74044],[-9.18557,38.74055],[-9.18566,38.74044],[-9.1862,38.74034],[-9.18683,38.74034],[-9.18699,38.74044],[-9.18746,38.74086],[-9.18799,38.74044],[-9.18809,38.74024],[-9.18872,38.74001],[-9.18897,38.74044],[-9.18872,38.74053],[-9.18819,38.74107],[-9.18872,38.74146],[-9.18929,38.74107],[-9.18935,38.74089],[-9.18998,38.74089],[-9.19042,38.74107],[-9.19061,38.74126],[-9.1907,38.74107],[-9.19124,38.74053],[-9.19154,38.74107],[-9.19187,38.74163],[-9.19251,38.74163],[-9.19262,38.7417],[-9.19314,38.74216],[-9.19377,38.74186],[-9.19402,38.74234],[-9.1944,38.74245],[-9.19503,38.74249],[-9.19566,38.74249],[-9.19604,38.74234],[-9.19566,38.74199],[-9.19503,38.74199],[-9.1944,38.74182],[-9.19408,38.7417],[-9.19377,38.74162],[-9.19314,38.74112],[-9.19311,38.74107],[-9.19314,38.74105],[-9.19377,38.74067],[-9.1944,38.74064],[-9.19503,38.74064],[-9.19566,38.74064],[-9.19624,38.74107],[-9.19629,38.74121],[-9.19692,38.74164],[-9.19745,38.74107],[-9.19755,38.74073],[-9.19818,38.74073],[-9.19881,38.74054],[-9.19941,38.74107],[-9.19944,38.74115],[-9.19947,38.74107],[-9.19977,38.74044],[-9.20007,38.74006],[-9.20035,38.73981],[-9.20039,38.73918],[-9.20048,38.73855],[-9.2007,38.73834],[-9.20134,38.73834],[-9.20194,38.73855],[-9.20195,38.73918],[-9.20197,38.73921],[-9.20201,38.73918],[-9.20198,38.73855],[-9.2026,38.73807],[-9.20285,38.73792],[-9.2026,38.73733],[-9.20258,38.73729],[-9.2026,38.73726],[-9.20323,38.73728],[-9.20325,38.73729],[-9.20386,38.73774],[-9.20449,38.73774],[-9.20485,38.73729],[-9.20483,38.73666],[-9.20478,38.73603],[-9.20467,38.7354],[-9.2049,38.73477],[-9.20498,38.73414],[-9.20449,38.73357],[-9.20386,38.73357],[-9.20377,38.73351],[-9.20386,38.73342],[-9.20449,38.73342],[-9.20512,38.73299],[-9.20517,38.73287],[-9.20512,38.73256],[-9.20499,38.73224],[-9.20485,38.73161],[-9.20512,38.73111],[-9.20575,38.73123],[-9.20598,38.73098],[-9.20638,38.73044],[-9.20701,38.73044],[-9.20711,38.73035],[-9.20764,38.73011],[-9.20797,38.72972],[-9.20794,38.72909],[-9.20827,38.72867],[-9.20859,38.72846],[-9.2089,38.72816],[-9.20918,38.72846],[-9.20927,38.72909],[-9.20953,38.72955],[-9.20973,38.72955],[-9.20991,38.73009],[-9.20808,38.73299],[-9.20796,38.73287],[-9.20796,38.73224],[-9.20764,38.7321],[-9.20701,38.73176],[-9.20638,38.73176],[-9.20575,38.73223],[-9.20574,38.73224],[-9.20566,38.73287],[-9.20575,38.73308],[-9.20638,38.73347],[-9.20701,38.73347],[-9.20709,38.73351],[-9.20733,38.73414],[-9.20733,38.73418],[-9.20509,38.73771],[-9.20552,38.74182],[-9.20512,38.74182],[-9.205,38.7417],[-9.20449,38.7412],[-9.20386,38.7412],[-9.20333,38.74107],[-9.20323,38.74102],[-9.20312,38.74107],[-9.20323,38.74123],[-9.20331,38.7417],[-9.20368,38.74234],[-9.20386,38.74252],[-9.20449,38.74252],[-9.2051,38.74297],[-9.20493,38.7436],[-9.20512,38.74364],[-9.20531,38.7436],[-9.2052,38.74297],[-9.20563,38.74285],[-9.20597,38.74331],[-9.20597,38.7436],[-9.20575,38.74391],[-9.20565,38.74423],[-9.20575,38.7446],[-9.20638,38.74439],[-9.20654,38.74423],[-9.20654,38.74409],[-9.20754,38.74545],[-9.20783,38.74582],[-9.20783,38.74612],[-9.20764,38.7464],[-9.20733,38.74612],[-9.20701,38.74596],[-9.20638,38.74596],[-9.20625,38.74612],[-9.20575,38.74657],[-9.20561,38.74675],[-9.20575,38.74697],[-9.20638,38.74686],[-9.20701,38.74686],[-9.20764,38.74711],[-9.20801,38.74738],[-9.20764,38.74745],[-9.20701,38.74765],[-9.20638,38.74765],[-9.20605,38.74801],[-9.20638,38.74856],[-9.20654,38.74864],[-9.20701,38.74899],[-9.20739,38.74927],[-9.20701,38.74947],[-9.20647,38.7499],[-9.20638,38.75006],[-9.20609,38.75054],[-9.20575,38.75097],[-9.20538,38.75054],[-9.20568,38.7499],[-9.20512,38.74968],[-9.20449,38.74966],[-9.20417,38.74927],[-9.20386,38.7491],[-9.20323,38.7491],[-9.20287,38.74927],[-9.2026,38.74959],[-9.20201,38.74927],[-9.20242,38.74864],[-9.2026,38.74833],[-9.20323,38.74808],[-9.20354,38.74801],[-9.20323,38.74789],[-9.20286,38.74738],[-9.20284,38.74675],[-9.20323,38.74632],[-9.2033,38.74612],[-9.20328,38.74549],[-9.20337,38.74486],[-9.20323,38.74454],[-9.2027,38.74486],[-9.2027,38.74549],[-9.2026,38.74551],[-9.20203,38.74612],[-9.20233,38.74675],[-9.20197,38.74696],[-9.20134,38.74718],[-9.2007,38.74718],[-9.20007,38.74685],[-9.19975,38.74738],[-9.20007,38.74774],[-9.2007,38.74791],[-9.20134,38.74791],[-9.20142,38.74801],[-9.20187,38.74864],[-9.2019,38.74927],[-9.20138,38.7499],[-9.20197,38.75012],[-9.20229,38.75054],[-9.20252,38.75117],[-9.20245,38.7518],[-9.2026,38.75186],[-9.20265,38.7518],[-9.20291,38.75117],[-9.20323,38.75107],[-9.20386,38.75107],[-9.20447,38.75054],[-9.20449,38.75048],[-9.20452,38.75054],[-9.20457,38.75117],[-9.20457,38.7518],[-9.20512,38.7519],[-9.20532,38.7518],[-9.20575,38.75143],[-9.20638,38.75164],[-9.20701,38.75164],[-9.20711,38.7518],[-9.20761,38.75243],[-9.20764,38.75255],[-9.20827,38.75267],[-9.20843,38.75243],[-9.20851,38.7518],[-9.20851,38.75117],[-9.2089,38.75061],[-9.20894,38.75054],[-9.2089,38.7503],[-9.20884,38.7499],[-9.20827,38.74947],[-9.2079,38.74927],[-9.20827,38.74897],[-9.2089,38.74891],[-9.20953,38.74904],[-9.20993,38.74864],[-9.20993,38.74856],[-9.21041,38.74918],[-9.21041,38.74927],[-9.21017,38.74977],[-9.20953,38.74977],[-9.2093,38.7499],[-9.20953,38.74994],[-9.21017,38.74994],[-9.2108,38.75013],[-9.21115,38.75013],[-9.21142,38.75048],[-9.21027,38.75105],[-9.2102,38.75115],[-9.21017,38.75113],[-9.20953,38.75113],[-9.20946,38.75117],[-9.20946,38.7518],[-9.20948,38.7522],[-9.20869,38.75334],[-9.2087,38.75336],[-9.20827,38.75329],[-9.20764,38.75314],[-9.20701,38.7531],[-9.20638,38.7531],[-9.20631,38.75306],[-9.20575,38.7528],[-9.2053,38.75306],[-9.20512,38.75361],[-9.20509,38.75369],[-9.2047,38.75432],[-9.20449,38.75457],[-9.20386,38.75482],[-9.20323,38.75482],[-9.20282,38.75432],[-9.2026,38.75384],[-9.20247,38.75369],[-9.20197,38.75331],[-9.20173,38.75369],[-9.20134,38.75414],[-9.20101,38.75432],[-9.2007,38.75452],[-9.20021,38.75495],[-9.2007,38.75533],[-9.20134,38.75528],[-9.20186,38.75495],[-9.20197,38.75445],[-9.20221,38.75495],[-9.2026,38.75524],[-9.20296,38.75558],[-9.20323,38.75591],[-9.20358,38.75621],[-9.20323,38.75639],[-9.20295,38.75684],[-9.20323,38.75711],[-9.20346,38.75734],[-9.20286,38.75771],[-9.20237,38.75788],[-9.20237,38.75747],[-9.20207,38.75684],[-9.20197,38.75663],[-9.20161,38.75684],[-9.20134,38.75691],[-9.20089,38.75684],[-9.2007,38.7568],[-9.20031,38.75621],[-9.20007,38.75561],[-9.19944,38.7558],[-9.19925,38.75558],[-9.19944,38.75531],[-9.19978,38.75495],[-9.19944,38.7545],[-9.19926,38.75432],[-9.19881,38.75406],[-9.19821,38.75369],[-9.19818,38.75365],[-9.19755,38.75365],[-9.19752,38.75369],[-9.19699,38.75432],[-9.19755,38.75482],[-9.19818,38.75482],[-9.19836,38.75495],[-9.19818,38.75507],[-9.19755,38.75507],[-9.19692,38.75514],[-9.19676,38.75495],[-9.19653,38.75432],[-9.19629,38.75421],[-9.19566,38.75424],[-9.19503,38.75424],[-9.19498,38.75432],[-9.19471,38.75495],[-9.19503,38.75505],[-9.19566,38.75505],[-9.19613,38.75558],[-9.19566,38.75587],[-9.19503,38.75587],[-9.19456,38.75558],[-9.1944,38.75518],[-9.19387,38.75495],[-9.19419,38.75432],[-9.1944,38.75403],[-9.19481,38.75369],[-9.19471,38.75306],[-9.19503,38.75286],[-9.19566,38.75286],[-9.1958,38.75306],[-9.19629,38.75345],[-9.19668,38.75306],[-9.19629,38.75259],[-9.19605,38.75243],[-9.19582,38.7518],[-9.19588,38.75117],[-9.19566,38.75085],[-9.19503,38.75085],[-9.19482,38.75054],[-9.19503,38.75009],[-9.19566,38.75009],[-9.19593,38.75054],[-9.19629,38.75079],[-9.19672,38.75054],[-9.19692,38.75018],[-9.19755,38.75],[-9.19818,38.75],[-9.19853,38.7499],[-9.19881,38.74943],[-9.19888,38.74927],[-9.19932,38.74864],[-9.19944,38.74827],[-9.19956,38.74801],[-9.19944,38.74791],[-9.19922,38.74738],[-9.19906,38.74675],[-9.19944,38.74637],[-9.20007,38.74665],[-9.2007,38.74629],[-9.20134,38.74629],[-9.20189,38.74612],[-9.20179,38.74549],[-9.20173,38.74486],[-9.20174,38.74423],[-9.20134,38.74394],[-9.2007,38.74394],[-9.20037,38.74423],[-9.20007,38.74482],[-9.1996,38.74486],[-9.19944,38.7449],[-9.19881,38.74519],[-9.19859,38.74549],[-9.19834,38.74612],[-9.19818,38.74623],[-9.19755,38.74623],[-9.1973,38.74675],[-9.19692,38.747],[-9.19644,38.74675],[-9.19629,38.74632],[-9.19579,38.74675],[-9.19566,38.7468],[-9.19503,38.7468],[-9.19487,38.74675],[-9.19494,38.74612],[-9.19503,38.74594],[-9.19566,38.74594],[-9.19582,38.74549],[-9.19582,38.74486],[-9.19566,38.74449],[-9.19503,38.74449],[-9.19477,38.74486],[-9.19477,38.74549],[-9.1944,38.74574],[-9.19398,38.74612],[-9.19377,38.74651],[-9.19364,38.74675],[-9.19377,38.74701],[-9.19394,38.74738],[-9.1944,38.74761],[-9.19503,38.74791],[-9.19566,38.74791],[-9.19629,38.7477],[-9.19692,38.74773],[-9.1972,38.74801],[-9.19717,38.74864],[-9.19742,38.74927],[-9.19692,38.74954],[-9.19629,38.74965],[-9.19566,38.74975],[-9.19503,38.74975],[-9.1944,38.74977],[-9.19377,38.74969],[-9.19324,38.74927],[-9.19377,38.74885],[-9.1944,38.7488],[-9.19499,38.74864],[-9.1944,38.74852],[-9.19377,38.74808],[-9.19314,38.74838],[-9.19251,38.74849],[-9.19187,38.74849],[-9.1916,38.74864],[-9.19124,38.74896],[-9.19117,38.74927],[-9.19096,38.7499],[-9.19065,38.75054],[-9.19073,38.75117],[-9.19061,38.75127],[-9.19042,38.75117],[-9.1903,38.75054],[-9.18998,38.7505],[-9.18935,38.75006],[-9.18872,38.75006],[-9.18809,38.75034],[-9.18746,38.75028],[-9.18683,38.7504],[-9.1862,38.7504],[-9.18593,38.7499],[-9.18615,38.74927],[-9.18557,38.74895],[-9.18494,38.74895],[-9.18447,38.74927],[-9.18431,38.74944],[-9.18414,38.74927],[-9.18368,38.74888],[-9.18304,38.74888],[-9.18273,38.74864],[-9.18304,38.74816],[-9.18368,38.74816],[-9.18388,38.74801],[-9.18368,38.74791],[-9.18304,38.74791],[-9.18277,38.74738],[-9.18241,38.74711],[-9.18216,38.74738],[-9.18178,38.74797],[-9.18171,38.74801],[-9.18115,38.74857],[-9.18052,38.74857],[-9.18042,38.74864],[-9.18052,38.74871],[-9.18115,38.74871],[-9.18178,38.74892],[-9.18222,38.74927],[-9.18241,38.74949],[-9.18273,38.7499],[-9.18241,38.75025],[-9.18178,38.7503],[-9.18124,38.7499],[-9.18115,38.74984],[-9.18052,38.74984],[-9.17989,38.74982],[-9.17965,38.7499],[-9.17989,38.75],[-9.18039,38.75054],[-9.1805,38.75117],[-9.18052,38.75121],[-9.18115,38.75121],[-9.18149,38.7518],[-9.18149,38.75243],[-9.18178,38.75256],[-9.18241,38.75289],[-9.18259,38.75306],[-9.18304,38.75347],[-9.18368,38.75347],[-9.18431,38.75354],[-9.18494,38.75332],[-9.18557,38.75344],[-9.1862,38.75331],[-9.18683,38.75331],[-9.18717,38.75306],[-9.18746,38.75284],[-9.18798,38.75243],[-9.18746,38.7522],[-9.1871,38.7518],[-9.1873,38.75117],[-9.18746,38.75098],[-9.18809,38.75081],[-9.18851,38.75117],[-9.18809,38.75151],[-9.18789,38.7518],[-9.18809,38.75231],[-9.18821,38.75243],[-9.18826,38.75306],[-9.18809,38.75318],[-9.18764,38.75369],[-9.18746,38.75416],[-9.18724,38.75432],[-9.18746,38.7546],[-9.18773,38.75495],[-9.18809,38.75509],[-9.18872,38.75513],[-9.18935,38.75513],[-9.18998,38.75534],[-9.19061,38.75533],[-9.19124,38.75511],[-9.19187,38.75548],[-9.19251,38.75548],[-9.19314,38.75555],[-9.19318,38.75558],[-9.19314,38.75565],[-9.19267,38.75621],[-9.19251,38.7564],[-9.19187,38.7564],[-9.19159,38.75684],[-9.19167,38.75747],[-9.19124,38.75806],[-9.19062,38.75747],[-9.19097,38.75684],[-9.19061,38.75648],[-9.19018,38.75684],[-9.18998,38.75703],[-9.18943,38.75747],[-9.18935,38.75753],[-9.18872,38.75753],[-9.18821,38.7581],[-9.18809,38.75839],[-9.18746,38.75841],[-9.18705,38.7581],[-9.18683,38.75788],[-9.1862,38.75788],[-9.1856,38.7581],[-9.18557,38.75812],[-9.18554,38.7581],[-9.18557,38.75779],[-9.18559,38.75747],[-9.1862,38.75686],[-9.18683,38.75686],[-9.18686,38.75684],[-9.18683,38.75679],[-9.1862,38.75679],[-9.18557,38.75674],[-9.18494,38.75664],[-9.18472,38.75684],[-9.18494,38.75725],[-9.18552,38.75747],[-9.18494,38.75768],[-9.18433,38.7581],[-9.18433,38.75873],[-9.18431,38.75877],[-9.1842,38.75873],[-9.1842,38.7581],[-9.18396,38.75747],[-9.18368,38.75718],[-9.18304,38.75718],[-9.18241,38.75692],[-9.18178,38.75698],[-9.18169,38.75684],[-9.18115,38.75657],[-9.18084,38.75684],[-9.1809,38.75747],[-9.18115,38.7577],[-9.18178,38.75768],[-9.18216,38.7581],[-9.18241,38.7587],[-9.18252,38.75873],[-9.18243,38.75937],[-9.18241,38.75938],[-9.18178,38.75962],[-9.18142,38.76],[-9.18115,38.7604],[-9.18052,38.76026],[-9.17989,38.76026],[-9.17956,38.76063],[-9.17926,38.761],[-9.17898,38.76126],[-9.17896,38.76189],[-9.17891,38.76252],[-9.17863,38.76281],[-9.17823,38.76252],[-9.17836,38.76189],[-9.17805,38.76126],[-9.178,38.76122],[-9.17737,38.76122],[-9.17689,38.76126],[-9.1769,38.76189],[-9.17674,38.76224],[-9.17642,38.76189],[-9.17669,38.76126],[-9.17611,38.76094],[-9.17589,38.76126],[-9.17548,38.76163],[-9.17484,38.76183],[-9.17421,38.76183],[-9.17358,38.76188],[-9.17355,38.76189],[-9.17295,38.76244],[-9.17248,38.76252],[-9.17295,38.76257],[-9.17329,38.76315],[-9.17295,38.76337],[-9.17232,38.76376],[-9.17169,38.76376],[-9.17167,38.76378],[-9.17169,38.7638],[-9.17232,38.7638],[-9.1728,38.76441],[-9.17295,38.76455],[-9.17342,38.76504],[-9.17358,38.76527],[-9.17392,38.76567],[-9.1736,38.7663],[-9.17358,38.76654],[-9.17353,38.7663],[-9.17335,38.76567],[-9.17295,38.76535],[-9.17232,38.76552],[-9.17169,38.76552],[-9.17156,38.76567],[-9.17106,38.76607],[-9.17043,38.76597],[-9.16999,38.7663],[-9.1698,38.76684],[-9.16917,38.76657],[-9.16854,38.76657],[-9.1682,38.76693],[-9.16791,38.76751],[-9.16728,38.76746],[-9.1672,38.76756],[-9.16728,38.76766],[-9.16791,38.76761],[-9.16822,38.7682],[-9.16854,38.76865],[-9.16917,38.76865],[-9.1696,38.76883],[-9.16959,38.76946],[-9.16917,38.76964],[-9.16854,38.76964],[-9.16791,38.76983],[-9.16748,38.77009],[-9.16728,38.77031],[-9.16668,38.77072],[-9.16668,38.77135],[-9.16666,38.77198],[-9.16665,38.772],[-9.16613,38.77261],[-9.16601,38.7727],[-9.16538,38.7727],[-9.16523,38.77261],[-9.16475,38.7721],[-9.16412,38.77218],[-9.16349,38.77232],[-9.16286,38.77232],[-9.1623,38.77261],[-9.16232,38.77324],[-9.1626,38.77387],[-9.16223,38.77435],[-9.1616,38.77434],[-9.16143,38.7745],[-9.1616,38.7747],[-9.16176,38.77513],[-9.1616,38.77532],[-9.16101,38.77513],[-9.16097,38.7751],[-9.16095,38.77513],[-9.16097,38.77517],[-9.16118,38.77576],[-9.16097,38.77621],[-9.16034,38.77631],[-9.15971,38.77631],[-9.15908,38.7762],[-9.15883,38.77639],[-9.15874,38.77703],[-9.15845,38.77748],[-9.15832,38.77703],[-9.15782,38.77665],[-9.15726,38.77639],[-9.15782,38.77593],[-9.15804,38.77576],[-9.15782,38.77518],[-9.15777,38.77513],[-9.15782,38.77509],[-9.15845,38.7747],[-9.15865,38.7745],[-9.15908,38.77389],[-9.1591,38.77387],[-9.15908,38.77379],[-9.15845,38.77384],[-9.15782,38.77334],[-9.15758,38.77324],[-9.15743,38.77261],[-9.15718,38.772],[-9.15655,38.772],[-9.15634,38.77261],[-9.15646,38.77324],[-9.15592,38.77361],[-9.15553,38.77387],[-9.15592,38.77401],[-9.15645,38.7745],[-9.15618,38.77513],[-9.15592,38.77525],[-9.15529,38.77528],[-9.15503,38.77513],[-9.15529,38.77474],[-9.15532,38.7745],[-9.15529,38.77438],[-9.15466,38.77428],[-9.15403,38.77428],[-9.15374,38.77387],[-9.1534,38.77364],[-9.15312,38.77387],[-9.15277,38.77403],[-9.15219,38.7745],[-9.15277,38.77481],[-9.1534,38.77491],[-9.15366,38.77513],[-9.1534,38.7754],[-9.15277,38.77559],[-9.15214,38.77547],[-9.15174,38.77513],[-9.15151,38.7747],[-9.15088,38.7747],[-9.15025,38.77487],[-9.14962,38.77473],[-9.14932,38.7745],[-9.14898,38.77409],[-9.14835,38.77409],[-9.14772,38.77395],[-9.14741,38.77387],[-9.14772,38.77375],[-9.1482,38.77324],[-9.14835,38.77307],[-9.14898,38.77307],[-9.1494,38.77261],[-9.14962,38.77234],[-9.14981,38.77198],[-9.14962,38.77176],[-9.14908,38.77198],[-9.14898,38.77205],[-9.14835,38.77205],[-9.14772,38.77201],[-9.14709,38.77203],[-9.1468,38.77261],[-9.14646,38.77304],[-9.14606,38.77261],[-9.14583,38.7724],[-9.1452,38.7724],[-9.14458,38.77198],[-9.14457,38.77196],[-9.14417,38.77135],[-9.14457,38.77098],[-9.14503,38.77072],[-9.14457,38.77045],[-9.14404,38.77009],[-9.14449,38.76946],[-9.14394,38.76893],[-9.14382,38.76883],[-9.14394,38.76846],[-9.14416,38.7682],[-9.14457,38.76802],[-9.1452,38.76763],[-9.14583,38.76763],[-9.14646,38.76764],[-9.14672,38.7682],[-9.14709,38.76871],[-9.14745,38.7682],[-9.14709,38.76771],[-9.14662,38.76756],[-9.14646,38.76748],[-9.14583,38.76749],[-9.1452,38.76749],[-9.14489,38.76693],[-9.14457,38.76645],[-9.14434,38.76693],[-9.14405,38.76756],[-9.14394,38.76788],[-9.14341,38.76756],[-9.14331,38.76755],[-9.14268,38.76745],[-9.14205,38.76745],[-9.14177,38.76756],[-9.14142,38.76796],[-9.14121,38.7682],[-9.14099,38.76883],[-9.14079,38.76905],[-9.14044,38.76946],[-9.14079,38.76977],[-9.14125,38.77009],[-9.14079,38.77057],[-9.14021,38.77072],[-9.14015,38.77076],[-9.13952,38.77076],[-9.13889,38.77119],[-9.13878,38.77135],[-9.13875,38.77198],[-9.13882,38.77261],[-9.13826,38.77312],[-9.13789,38.77324],[-9.138,38.77387],[-9.13779,38.7745],[-9.13826,38.77499],[-9.13839,38.77513],[-9.13826,38.77524],[-9.13763,38.77549],[-9.13704,38.77513],[-9.137,38.7751],[-9.13637,38.7751],[-9.13618,38.7745],[-9.13574,38.77415],[-9.13533,38.7745],[-9.13573,38.77513],[-9.13511,38.77548],[-9.13487,38.77576],[-9.13511,38.77622],[-9.13529,38.77639],[-9.13511,38.77652],[-9.13448,38.77643],[-9.13385,38.77643],[-9.13322,38.77696],[-9.13318,38.77703],[-9.13322,38.77707],[-9.13385,38.77757],[-9.13448,38.77757],[-9.13451,38.77766],[-9.13461,38.77829],[-9.13448,38.77876],[-9.13385,38.77876],[-9.13382,38.77892],[-9.13385,38.77902],[-9.13448,38.77902],[-9.13457,38.77955],[-9.13448,38.78007],[-9.13385,38.78007],[-9.13365,38.77955],[-9.13322,38.77934],[-9.13308,38.77955],[-9.13259,38.78016],[-9.13196,38.77994],[-9.13132,38.78011],[-9.13069,38.78011],[-9.13042,38.78018],[-9.13006,38.78036],[-9.12955,38.78081],[-9.12943,38.78095],[-9.12907,38.78144],[-9.1288,38.78154],[-9.12822,38.78144],[-9.12817,38.78142],[-9.12754,38.78142],[-9.12691,38.78109],[-9.12659,38.78081],[-9.12633,38.78018],[-9.12691,38.77973],[-9.12754,38.77958],[-9.12817,38.77958],[-9.12821,38.77955],[-9.12817,38.77949],[-9.12754,38.77949],[-9.12698,38.77892],[-9.12754,38.77852],[-9.12817,38.77832],[-9.1288,38.77851],[-9.12904,38.77829],[-9.12931,38.77766],[-9.12943,38.77718],[-9.12944,38.77703],[-9.12943,38.77699],[-9.12923,38.77639],[-9.12943,38.7762],[-9.12991,38.77576],[-9.12943,38.77525],[-9.12924,38.77513],[-9.12943,38.77499],[-9.12986,38.7745],[-9.13005,38.77387],[-9.13006,38.77386],[-9.13038,38.77387],[-9.13069,38.77389],[-9.13132,38.77389],[-9.13133,38.77387],[-9.13132,38.77384],[-9.13069,38.77384],[-9.13053,38.77324],[-9.13069,38.77296],[-9.13132,38.77296],[-9.13188,38.77261],[-9.13196,38.77254],[-9.13252,38.77198],[-9.13252,38.77135],[-9.13196,38.77079],[-9.13185,38.77072],[-9.13132,38.77032],[-9.13069,38.77032],[-9.13063,38.77009],[-9.13069,38.76987],[-9.13132,38.76987],[-9.13174,38.76946],[-9.13196,38.76914],[-9.13219,38.76883],[-9.13196,38.76866],[-9.13132,38.76849],[-9.13069,38.76849],[-9.13017,38.7682],[-9.13063,38.76756],[-9.13006,38.76721],[-9.12973,38.76693],[-9.12943,38.76656],[-9.12929,38.76693],[-9.12895,38.76756],[-9.12943,38.76801],[-9.12996,38.7682],[-9.12943,38.76849],[-9.1288,38.76821],[-9.12817,38.76823],[-9.12754,38.76823],[-9.12691,38.76839],[-9.12628,38.76851],[-9.1262,38.76883],[-9.12565,38.76924],[-9.12502,38.76924],[-9.12477,38.76946],[-9.12502,38.76998],[-9.12565,38.76998],[-9.12628,38.76999],[-9.12637,38.77009],[-9.12628,38.77053],[-9.12616,38.77072],[-9.12612,38.77135],[-9.12612,38.77198],[-9.12628,38.77213],[-9.12661,38.77261],[-9.12628,38.77313],[-9.12592,38.77324],[-9.1262,38.77387],[-9.12579,38.7745],[-9.12565,38.7746],[-9.12502,38.7746],[-9.12439,38.77494],[-9.12376,38.77496],[-9.1234,38.7745],[-9.12313,38.77407],[-9.12286,38.7745],[-9.12249,38.77483],[-9.12186,38.77483],[-9.12155,38.7745],[-9.12168,38.77387],[-9.12159,38.77324],[-9.12161,38.77261],[-9.12123,38.77226],[-9.12062,38.77198],[-9.12092,38.77135],[-9.1206,38.77119],[-9.12029,38.77072],[-9.1206,38.77025],[-9.12123,38.77061],[-9.12136,38.77009],[-9.12123,38.76981],[-9.12063,38.76946],[-9.1206,38.76942],[-9.12057,38.76946],[-9.11997,38.76981],[-9.11934,38.76981],[-9.11871,38.76991],[-9.11811,38.77009],[-9.11867,38.77072],[-9.11808,38.77131],[-9.11801,38.77135],[-9.11808,38.77145],[-9.11867,38.77198],[-9.11808,38.7723],[-9.11786,38.77261],[-9.11808,38.7732],[-9.11871,38.77272],[-9.11902,38.77261],[-9.11934,38.77255],[-9.11997,38.77255],[-9.11999,38.77261],[-9.12037,38.77324],[-9.12029,38.77387],[-9.11997,38.77392],[-9.11934,38.77392],[-9.11871,38.77407],[-9.11808,38.77403],[-9.11796,38.7745],[-9.11808,38.77454],[-9.11871,38.77468],[-9.11915,38.77513],[-9.11934,38.77559],[-9.11997,38.77559],[-9.12021,38.77513],[-9.12042,38.7745],[-9.1206,38.77398],[-9.12086,38.7745],[-9.12089,38.77513],[-9.1206,38.77569],[-9.12037,38.77576],[-9.1206,38.7758],[-9.12123,38.77624],[-9.12129,38.77639],[-9.12186,38.77666],[-9.12249,38.77666],[-9.12309,38.77703],[-9.12249,38.77755],[-9.12186,38.77755],[-9.12134,38.77703],[-9.12123,38.77655],[-9.12104,38.77703],[-9.12114,38.77766],[-9.12114,38.77829],[-9.12123,38.77876],[-9.12186,38.77851],[-9.12249,38.77851],[-9.12301,38.77892],[-9.12249,38.77944],[-9.12186,38.77944],[-9.12167,38.77955],[-9.12177,38.78018],[-9.12186,38.78049],[-9.12249,38.78049],[-9.12293,38.78018],[-9.12313,38.77995],[-9.12376,38.77976],[-9.12439,38.77986],[-9.12502,38.78006],[-9.12565,38.78006],[-9.12609,38.78018],[-9.12565,38.78046],[-9.12502,38.78046],[-9.12439,38.78031],[-9.12376,38.78073],[-9.12357,38.78081],[-9.12376,38.78089],[-9.12414,38.78144],[-9.12376,38.78197],[-9.12319,38.78207],[-9.12313,38.78215],[-9.1231,38.78207],[-9.12249,38.78159],[-9.12186,38.78159],[-9.12126,38.78207],[-9.12123,38.78239],[-9.12116,38.78266],[-9.12072,38.78268],[-9.12046,38.78251],[-9.12034,38.78259],[-9.12013,38.78244],[-9.12013,38.78207],[-9.11997,38.78187],[-9.11934,38.78176],[-9.11917,38.78192],[-9.11768,38.78147],[-9.11768,38.78144],[-9.11745,38.78108],[-9.11682,38.78116],[-9.11678,38.7812],[-9.11489,38.78064],[-9.11429,38.78056],[-9.11427,38.78055],[-9.11427,38.78018],[-9.11429,38.78012],[-9.11493,38.77967],[-9.11505,38.77955],[-9.11494,38.77892],[-9.11493,38.77889],[-9.11429,38.77839],[-9.11366,38.7789],[-9.11354,38.77892],[-9.11366,38.77923],[-9.11373,38.77955],[-9.11366,38.77957],[-9.11303,38.77957]],[[-9.12123,38.78069],[-9.12104,38.78081],[-9.12123,38.78105],[-9.1216,38.78081],[-9.12123,38.78069]],[[-9.1206,38.77634],[-9.12044,38.77639],[-9.1206,38.77646],[-9.12066,38.77639],[-9.1206,38.77634]],[[-9.12032,38.77766],[-9.11997,38.7775],[-9.11934,38.7775],[-9.1191,38.77766],[-9.11922,38.77829],[-9.11934,38.77838],[-9.11997,38.77838],[-9.12016,38.77829],[-9.12032,38.77766]],[[-9.11859,38.78081],[-9.11871,38.78089],[-9.11934,38.78089],[-9.1196,38.78081],[-9.11934,38.7807],[-9.11871,38.78078],[-9.11859,38.78081]],[[-9.11808,38.77952],[-9.11803,38.77955],[-9.11808,38.77959],[-9.11824,38.77955],[-9.11808,38.77952]],[[-9.11685,38.77766],[-9.11682,38.77764],[-9.11619,38.77764],[-9.11617,38.77766],[-9.11617,38.77829],[-9.11619,38.7783],[-9.11682,38.7783],[-9.11685,38.77829],[-9.11685,38.77766]],[[-9.11556,38.76635],[-9.11518,38.76693],[-9.11556,38.76745],[-9.11573,38.76693],[-9.11556,38.76635]],[[-9.11493,38.7775],[-9.11461,38.77766],[-9.11493,38.77792],[-9.11519,38.77766],[-9.11493,38.7775]],[[-9.11429,38.77067],[-9.11424,38.77072],[-9.11429,38.77078],[-9.11448,38.77072],[-9.11429,38.77067]],[[-9.11265,38.77198],[-9.11303,38.77258],[-9.11366,38.77258],[-9.11396,38.77198],[-9.11366,38.77162],[-9.11303,38.77162],[-9.11265,38.77198]],[[-9.10988,38.77255],[-9.1097,38.77261],[-9.10988,38.77268],[-9.10994,38.77261],[-9.10988,38.77255]],[[-9.10896,38.77198],[-9.10867,38.77135],[-9.10862,38.77133],[-9.10859,38.77135],[-9.10839,38.77198],[-9.1086,38.77261],[-9.10862,38.77267],[-9.10863,38.77261],[-9.10896,38.77198]],[[-9.10684,38.77072],[-9.10736,38.77092],[-9.10799,38.77092],[-9.10823,38.77072],[-9.10799,38.77059],[-9.10736,38.77059],[-9.10684,38.77072]],[[-9.10465,38.77009],[-9.10483,38.77025],[-9.10546,38.77025],[-9.10575,38.77009],[-9.10546,38.76988],[-9.10483,38.76988],[-9.10465,38.77009]],[[-9.1042,38.7707],[-9.10417,38.77072],[-9.1042,38.77078],[-9.10422,38.77072],[-9.1042,38.7707]],[[-9.1124,38.768],[-9.11224,38.7682],[-9.1124,38.7683],[-9.11253,38.7682],[-9.1124,38.768]],[[-9.11142,38.76693],[-9.11149,38.76756],[-9.11177,38.7678],[-9.11206,38.76756],[-9.11199,38.76693],[-9.11177,38.7667],[-9.11142,38.76693]],[[-9.1206,38.75855],[-9.12002,38.75873],[-9.1206,38.75898],[-9.12081,38.75873],[-9.1206,38.75855]],[[-9.1192,38.7581],[-9.11934,38.75868],[-9.11997,38.75868],[-9.12015,38.7581],[-9.11997,38.75787],[-9.11934,38.75787],[-9.1192,38.7581]],[[-9.11871,38.75869],[-9.11867,38.75873],[-9.11871,38.75878],[-9.11918,38.75873],[-9.11871,38.75869]],[[-9.11805,38.75873],[-9.11803,38.75937],[-9.11808,38.75938],[-9.11812,38.75937],[-9.11809,38.75873],[-9.11808,38.75872],[-9.11805,38.75873]],[[-9.11575,38.75369],[-9.11619,38.75407],[-9.11682,38.75407],[-9.11695,38.75369],[-9.11682,38.75346],[-9.11619,38.75346],[-9.11575,38.75369]],[[-9.11556,38.75721],[-9.11516,38.75747],[-9.11556,38.7577],[-9.11603,38.75747],[-9.11556,38.75721]],[[-9.11493,38.75861],[-9.11471,38.75873],[-9.11493,38.75895],[-9.11515,38.75873],[-9.11493,38.75861]],[[-9.11493,38.75682],[-9.11489,38.75684],[-9.11493,38.75691],[-9.11495,38.75684],[-9.11493,38.75682]],[[-9.11361,38.75621],[-9.11366,38.75624],[-9.11429,38.75624],[-9.11432,38.75621],[-9.11429,38.75619],[-9.11366,38.75619],[-9.11361,38.75621]],[[-9.11827,38.74864],[-9.11818,38.74801],[-9.11808,38.7477],[-9.11745,38.74754],[-9.11723,38.74738],[-9.11718,38.74675],[-9.11745,38.74661],[-9.11808,38.74653],[-9.11871,38.74633],[-9.11916,38.74675],[-9.11934,38.74686],[-9.11997,38.74686],[-9.12023,38.74675],[-9.1206,38.74638],[-9.12095,38.74675],[-9.12123,38.74718],[-9.12178,38.74738],[-9.12186,38.74741],[-9.12249,38.74741],[-9.12253,38.74738],[-9.12313,38.74718],[-9.12356,38.74675],[-9.1235,38.74612],[-9.12342,38.74549],[-9.12313,38.74532],[-9.12287,38.74549],[-9.12263,38.74612],[-9.12249,38.74621],[-9.12186,38.74621],[-9.12166,38.74612],[-9.12148,38.74549],[-9.12127,38.74486],[-9.12123,38.74472],[-9.1206,38.74459],[-9.12017,38.74423],[-9.12049,38.7436],[-9.1206,38.7432],[-9.12079,38.74297],[-9.12123,38.74273],[-9.12145,38.74234],[-9.12123,38.74217],[-9.12073,38.74234],[-9.1206,38.74265],[-9.12055,38.74234],[-9.12026,38.7417],[-9.11997,38.7414],[-9.11934,38.7414],[-9.11917,38.74107],[-9.11874,38.74044],[-9.11934,38.73991],[-9.11984,38.73981],[-9.11973,38.73918],[-9.11934,38.7391],[-9.11871,38.73917],[-9.11869,38.73918],[-9.11869,38.73981],[-9.11808,38.74012],[-9.1178,38.74044],[-9.11745,38.741],[-9.11722,38.74107],[-9.11682,38.7417],[-9.11702,38.74234],[-9.11682,38.74252],[-9.11619,38.74252],[-9.11556,38.74268],[-9.11522,38.74234],[-9.11553,38.7417],[-9.11556,38.74163],[-9.11585,38.74107],[-9.11556,38.74085],[-9.11543,38.74044],[-9.11527,38.73981],[-9.11507,38.73918],[-9.11493,38.73908],[-9.11446,38.73918],[-9.11429,38.73928],[-9.11366,38.73928],[-9.11351,38.73918],[-9.11311,38.73855],[-9.11305,38.73792],[-9.11303,38.73791],[-9.1124,38.73742],[-9.11219,38.73729],[-9.11177,38.73695],[-9.11114,38.73711],[-9.11051,38.73711],[-9.10988,38.73696],[-9.10939,38.73729],[-9.10988,38.73781],[-9.11004,38.73792],[-9.10988,38.73838],[-9.10925,38.73807],[-9.10862,38.7385],[-9.10858,38.73855],[-9.10862,38.73864],[-9.10925,38.73896],[-9.10988,38.73866],[-9.11025,38.73918],[-9.10988,38.73957],[-9.10925,38.73955],[-9.10862,38.73935],[-9.10815,38.73981],[-9.10799,38.74005],[-9.10736,38.74005],[-9.10696,38.74044],[-9.10736,38.74078],[-9.10799,38.74078],[-9.10832,38.74107],[-9.10862,38.74165],[-9.10925,38.74169],[-9.10926,38.7417],[-9.1096,38.74234],[-9.10932,38.74297],[-9.10925,38.74308],[-9.10899,38.7436],[-9.10925,38.74413],[-9.10939,38.74423],[-9.10925,38.74432],[-9.10862,38.74464],[-9.10799,38.74461],[-9.10736,38.74461],[-9.1071,38.74486],[-9.10673,38.74532],[-9.1061,38.74536],[-9.10597,38.74549],[-9.1061,38.74567],[-9.10673,38.74577],[-9.10736,38.74565],[-9.10799,38.74565],[-9.1083,38.74612],[-9.10813,38.74675],[-9.10799,38.74694],[-9.10736,38.74694],[-9.1071,38.74738],[-9.10725,38.74801],[-9.10736,38.74824],[-9.10799,38.74824],[-9.10825,38.74864],[-9.10862,38.7489],[-9.10925,38.7488],[-9.10958,38.74927],[-9.10938,38.7499],[-9.10925,38.75001],[-9.10888,38.75054],[-9.10888,38.75117],[-9.10925,38.75144],[-9.10969,38.7518],[-9.10988,38.7522],[-9.11041,38.7518],[-9.11045,38.75117],[-9.11051,38.75111],[-9.11114,38.75111],[-9.11117,38.75117],[-9.1112,38.7518],[-9.11131,38.75243],[-9.11114,38.75266],[-9.11051,38.75266],[-9.10988,38.75301],[-9.10986,38.75306],[-9.10988,38.75307],[-9.11051,38.75328],[-9.11114,38.75328],[-9.11146,38.75369],[-9.11177,38.75398],[-9.1124,38.75407],[-9.11289,38.75432],[-9.11303,38.75447],[-9.11311,38.75432],[-9.11303,38.75413],[-9.11284,38.75369],[-9.11261,38.75306],[-9.11258,38.75243],[-9.11303,38.75212],[-9.11357,38.7518],[-9.11317,38.75117],[-9.11303,38.75069],[-9.11301,38.75054],[-9.11301,38.7499],[-9.11303,38.74988],[-9.11309,38.7499],[-9.11366,38.75048],[-9.11429,38.75048],[-9.11431,38.75054],[-9.11446,38.75117],[-9.11443,38.7518],[-9.11493,38.75212],[-9.11541,38.75243],[-9.11556,38.7526],[-9.11576,38.75243],[-9.1156,38.7518],[-9.11556,38.75164],[-9.1155,38.75117],[-9.11527,38.75054],[-9.11556,38.74993],[-9.11587,38.7499],[-9.11619,38.74989],[-9.11682,38.74989],[-9.11745,38.74948],[-9.11794,38.74927],[-9.11808,38.74918],[-9.11827,38.74864]],[[-9.1124,38.75492],[-9.11239,38.75495],[-9.1124,38.75506],[-9.11243,38.75495],[-9.1124,38.75492]],[[-9.11177,38.75615],[-9.11161,38.75621],[-9.11177,38.7563],[-9.11197,38.75621],[-9.11177,38.75615]],[[-9.11038,38.75558],[-9.11051,38.75575],[-9.11114,38.75575],[-9.11165,38.75558],[-9.11114,38.75521],[-9.11051,38.75521],[-9.11038,38.75558]],[[-9.10546,38.754],[-9.10483,38.754],[-9.10442,38.75432],[-9.10483,38.75457],[-9.10546,38.75457],[-9.10583,38.75495],[-9.1061,38.75518],[-9.1067,38.75495],[-9.10635,38.75432],[-9.10673,38.75423],[-9.10698,38.75432],[-9.10676,38.75495],[-9.10736,38.75538],[-9.10799,38.75538],[-9.10862,38.75526],[-9.10925,38.7552],[-9.10988,38.75511],[-9.11029,38.75495],[-9.10988,38.7548],[-9.10925,38.75476],[-9.10891,38.75432],[-9.10883,38.75369],[-9.10862,38.75323],[-9.10849,38.75306],[-9.10849,38.75243],[-9.10828,38.7518],[-9.10799,38.75135],[-9.10736,38.75135],[-9.10702,38.75117],[-9.10719,38.75054],[-9.10724,38.7499],[-9.10673,38.74975],[-9.1061,38.74959],[-9.10546,38.7493],[-9.10483,38.7493],[-9.1042,38.74972],[-9.10407,38.7499],[-9.10357,38.75018],[-9.10307,38.75054],[-9.10324,38.75117],[-9.10308,38.7518],[-9.10357,38.75237],[-9.1042,38.75189],[-9.10458,38.75243],[-9.10455,38.75306],[-9.10483,38.7534],[-9.10546,38.75335],[-9.1061,38.75346],[-9.10619,38.75369],[-9.1061,38.75407],[-9.10546,38.754]],[[-9.10925,38.75581],[-9.10907,38.75621],[-9.10925,38.75643],[-9.10948,38.75621],[-9.10925,38.75581]],[[-9.1061,38.75877],[-9.10596,38.75937],[-9.1061,38.75969],[-9.10636,38.75937],[-9.1061,38.75877]],[[-9.10546,38.76162],[-9.10483,38.76162],[-9.1042,38.7618],[-9.10413,38.76189],[-9.1042,38.76207],[-9.10483,38.76236],[-9.10546,38.76236],[-9.10577,38.76189],[-9.10546,38.76162]],[[-9.10259,38.76126],[-9.10294,38.76156],[-9.10357,38.76129],[-9.10361,38.76126],[-9.10357,38.76122],[-9.10294,38.76113],[-9.10259,38.76126]],[[-9.10231,38.75889],[-9.10187,38.75937],[-9.10231,38.7596],[-9.10255,38.75937],[-9.10231,38.75889]],[[-9.10042,38.75021],[-9.10023,38.75054],[-9.10042,38.75078],[-9.10101,38.75054],[-9.10042,38.75021]],[[-9.10357,38.74175],[-9.1036,38.7417],[-9.10381,38.74107],[-9.10403,38.74044],[-9.1042,38.74038],[-9.10452,38.74044],[-9.10483,38.74055],[-9.10546,38.74055],[-9.10554,38.74044],[-9.10546,38.74037],[-9.10483,38.74037],[-9.10454,38.73981],[-9.1042,38.7395],[-9.10357,38.73962],[-9.10294,38.73973],[-9.10231,38.73962],[-9.10168,38.73962],[-9.10149,38.73981],[-9.10149,38.74044],[-9.10105,38.74071],[-9.10067,38.74044],[-9.10042,38.74011],[-9.10016,38.74044],[-9.09997,38.74107],[-9.10017,38.7417],[-9.10042,38.7418],[-9.10105,38.74194],[-9.10165,38.7417],[-9.10158,38.74107],[-9.10168,38.74083],[-9.10231,38.74083],[-9.10236,38.74107],[-9.10294,38.74149],[-9.10353,38.7417],[-9.10357,38.74175]],[[-9.10357,38.73463],[-9.10321,38.73477],[-9.10357,38.73489],[-9.10368,38.73477],[-9.10357,38.73463]],[[-9.10752,38.73161],[-9.10736,38.73151],[-9.10725,38.73161],[-9.10673,38.73209],[-9.10648,38.73224],[-9.10673,38.73284],[-9.10736,38.73284],[-9.1078,38.73224],[-9.10752,38.73161]],[[-9.12123,38.73563],[-9.12095,38.73603],[-9.12123,38.73624],[-9.12167,38.73603],[-9.12123,38.73563]],[[-9.1206,38.73446],[-9.12032,38.73477],[-9.1206,38.73515],[-9.12098,38.73477],[-9.1206,38.73446]],[[-9.13763,38.74817],[-9.13728,38.74864],[-9.13763,38.74879],[-9.13783,38.74864],[-9.13763,38.74817]],[[-9.13448,38.74908],[-9.13511,38.74917],[-9.13574,38.74892],[-9.1362,38.74864],[-9.13621,38.74801],[-9.13632,38.74738],[-9.13598,38.74675],[-9.13574,38.74632],[-9.13557,38.74612],[-9.13557,38.74549],[-9.13511,38.74522],[-9.13468,38.74549],[-9.13448,38.74584],[-9.13385,38.74584],[-9.1336,38.74612],[-9.13385,38.74622],[-9.13448,38.74622],[-9.13483,38.74675],[-9.13448,38.74717],[-9.13385,38.74717],[-9.13322,38.74722],[-9.13301,38.74675],[-9.13259,38.7462],[-9.13214,38.74675],[-9.13229,38.74738],[-9.13196,38.74778],[-9.1317,38.74801],[-9.13196,38.74823],[-9.13259,38.74804],[-9.1329,38.74801],[-9.13322,38.74797],[-9.13323,38.74801],[-9.13322,38.74805],[-9.13297,38.74864],[-9.13322,38.74883],[-9.13385,38.74908],[-9.13448,38.74908]],[[-9.17106,38.74862],[-9.17104,38.74864],[-9.17106,38.7487],[-9.1711,38.74864],[-9.17106,38.74862]],[[-9.17043,38.74796],[-9.17036,38.74801],[-9.17043,38.74813],[-9.1705,38.74801],[-9.17043,38.74796]],[[-9.1698,38.74723],[-9.16962,38.74738],[-9.1698,38.74761],[-9.16999,38.74738],[-9.1698,38.74723]],[[-9.16852,38.74675],[-9.16854,38.74679],[-9.16917,38.74679],[-9.16923,38.74675],[-9.16917,38.74672],[-9.16854,38.74672],[-9.16852,38.74675]],[[-9.16791,38.74584],[-9.16783,38.74612],[-9.16791,38.74624],[-9.16808,38.74612],[-9.16791,38.74584]],[[-9.1672,38.74549],[-9.16665,38.74517],[-9.16601,38.74517],[-9.16588,38.74549],[-9.16583,38.74612],[-9.16601,38.74621],[-9.16665,38.74621],[-9.1672,38.74612],[-9.1672,38.74549]],[[-9.16538,38.74632],[-9.1648,38.74675],[-9.16538,38.74717],[-9.16568,38.74675],[-9.16538,38.74632]],[[-9.1819,38.73855],[-9.18178,38.73837],[-9.18167,38.73855],[-9.1816,38.73918],[-9.18178,38.73956],[-9.18217,38.73981],[-9.18241,38.74],[-9.18251,38.73981],[-9.18241,38.73959],[-9.18214,38.73918],[-9.1819,38.73855]],[[-9.18178,38.74132],[-9.1817,38.7417],[-9.18178,38.74194],[-9.18236,38.7417],[-9.18178,38.74132]],[[-9.18005,38.7417],[-9.18052,38.74231],[-9.18115,38.74231],[-9.18131,38.7417],[-9.18115,38.74154],[-9.18052,38.74154],[-9.18005,38.7417]],[[-9.17261,38.73351],[-9.17232,38.73334],[-9.17169,38.73334],[-9.17106,38.73297],[-9.17097,38.73287],[-9.17089,38.73224],[-9.17106,38.73205],[-9.17138,38.73224],[-9.17169,38.73233],[-9.17232,38.73233],[-9.17295,38.73261],[-9.17332,38.73224],[-9.17305,38.73161],[-9.17295,38.73151],[-9.17271,38.73098],[-9.17256,38.73035],[-9.17295,38.73017],[-9.17316,38.72972],[-9.17295,38.72954],[-9.17256,38.72972],[-9.17232,38.73017],[-9.17169,38.73017],[-9.17109,38.72972],[-9.17106,38.7297],[-9.17043,38.72953],[-9.17005,38.72972],[-9.17043,38.7301],[-9.17103,38.73035],[-9.17106,38.73046],[-9.17111,38.73098],[-9.17106,38.73118],[-9.17086,38.73098],[-9.17043,38.73075],[-9.1698,38.73065],[-9.16926,38.73098],[-9.1698,38.73157],[-9.16983,38.73161],[-9.1698,38.7317],[-9.16917,38.73174],[-9.16854,38.73174],[-9.16836,38.73161],[-9.16791,38.73129],[-9.16771,38.73161],[-9.16728,38.73205],[-9.16665,38.73205],[-9.16601,38.73205],[-9.1657,38.73224],[-9.16598,38.73287],[-9.16598,38.73351],[-9.16601,38.73355],[-9.16665,38.73355],[-9.16728,38.73384],[-9.16775,38.73414],[-9.16791,38.73421],[-9.16854,38.73445],[-9.16917,38.73445],[-9.16944,38.73414],[-9.1698,38.73404],[-9.16992,38.73414],[-9.17043,38.73461],[-9.17106,38.73442],[-9.17142,38.73477],[-9.17106,38.7351],[-9.17052,38.7354],[-9.17106,38.73578],[-9.17169,38.73578],[-9.17232,38.73578],[-9.17252,38.73603],[-9.17261,38.73666],[-9.17295,38.73689],[-9.17316,38.73729],[-9.17358,38.73775],[-9.17421,38.73771],[-9.17443,38.73792],[-9.17421,38.73851],[-9.1742,38.73855],[-9.17421,38.73856],[-9.17484,38.73856],[-9.17548,38.73856],[-9.17611,38.73877],[-9.17641,38.73855],[-9.17674,38.73832],[-9.17737,38.73852],[-9.178,38.73852],[-9.17801,38.73855],[-9.17863,38.73894],[-9.17926,38.73884],[-9.1796,38.73918],[-9.17989,38.73944],[-9.18038,38.73918],[-9.18038,38.73855],[-9.17989,38.73822],[-9.17941,38.73792],[-9.17943,38.73729],[-9.17929,38.73666],[-9.17926,38.7366],[-9.17863,38.73626],[-9.17846,38.73603],[-9.178,38.73549],[-9.17737,38.73549],[-9.17728,38.7354],[-9.17737,38.73487],[-9.178,38.73487],[-9.17802,38.73477],[-9.178,38.73466],[-9.17737,38.73466],[-9.17674,38.73455],[-9.17611,38.73429],[-9.17593,38.73414],[-9.17611,38.73388],[-9.17674,38.73376],[-9.17691,38.73351],[-9.17674,38.7333],[-9.17611,38.73333],[-9.17559,38.73351],[-9.17548,38.73358],[-9.17484,38.73358],[-9.17424,38.73414],[-9.17421,38.73416],[-9.17419,38.73414],[-9.17358,38.73379],[-9.17295,38.73392],[-9.17261,38.73351]],[[-9.17926,38.74106],[-9.17895,38.74107],[-9.17926,38.74111],[-9.17928,38.74107],[-9.17926,38.74106]],[[-9.17149,38.73729],[-9.17169,38.73739],[-9.17232,38.73739],[-9.17241,38.73729],[-9.17232,38.73722],[-9.17169,38.73722],[-9.17149,38.73729]],[[-9.16754,38.73603],[-9.16743,38.73666],[-9.16791,38.73705],[-9.16829,38.73666],[-9.16804,38.73603],[-9.16791,38.73595],[-9.16754,38.73603]],[[-9.16683,38.73792],[-9.16665,38.73763],[-9.16601,38.73763],[-9.16563,38.73792],[-9.16577,38.73855],[-9.16601,38.7387],[-9.16665,38.7387],[-9.16683,38.73855],[-9.16683,38.73792]],[[-9.16475,38.74103],[-9.16472,38.74107],[-9.16475,38.7411],[-9.16478,38.74107],[-9.16475,38.74103]],[[-9.16412,38.7404],[-9.16403,38.74044],[-9.16412,38.74059],[-9.1643,38.74044],[-9.16412,38.7404]],[[-9.16538,38.73392],[-9.16517,38.73414],[-9.16538,38.73437],[-9.16564,38.73414],[-9.16538,38.73392]],[[-9.16475,38.73458],[-9.16461,38.73477],[-9.16475,38.73483],[-9.16495,38.73477],[-9.16475,38.73458]],[[-9.16223,38.73025],[-9.16202,38.73035],[-9.1616,38.73077],[-9.16147,38.73098],[-9.1616,38.73125],[-9.16223,38.73125],[-9.16286,38.73116],[-9.16305,38.73098],[-9.16286,38.73039],[-9.16276,38.73035],[-9.16223,38.73025]],[[-9.16223,38.73203],[-9.16209,38.73224],[-9.16223,38.73237],[-9.16281,38.73224],[-9.16223,38.73203]],[[-9.15896,38.73414],[-9.15877,38.73477],[-9.15908,38.73521],[-9.15945,38.73477],[-9.15928,38.73414],[-9.15908,38.73399],[-9.15896,38.73414]],[[-9.15845,38.73338],[-9.15838,38.73351],[-9.15845,38.73364],[-9.15854,38.73351],[-9.15845,38.73338]],[[-9.15687,38.73477],[-9.15718,38.73487],[-9.15782,38.73487],[-9.15784,38.73477],[-9.15782,38.73472],[-9.15718,38.73472],[-9.15687,38.73477]],[[-9.15592,38.73282],[-9.15581,38.73287],[-9.15592,38.73299],[-9.15601,38.73287],[-9.15592,38.73282]],[[-9.15466,38.73404],[-9.15403,38.73404],[-9.1534,38.73403],[-9.15326,38.73414],[-9.1534,38.73466],[-9.15403,38.73424],[-9.15466,38.73424],[-9.15484,38.73414],[-9.15466,38.73404]],[[-9.15277,38.72965],[-9.15267,38.72972],[-9.15277,38.72985],[-9.15282,38.72972],[-9.15277,38.72965]],[[-9.15121,38.73035],[-9.15151,38.73068],[-9.15214,38.73068],[-9.15245,38.73035],[-9.15214,38.72995],[-9.15151,38.72995],[-9.15121,38.73035]],[[-9.16262,38.72152],[-9.16286,38.72169],[-9.16349,38.72169],[-9.16368,38.72152],[-9.16349,38.72133],[-9.16286,38.72133],[-9.16262,38.72152]],[[-9.1616,38.72076],[-9.16156,38.72089],[-9.1616,38.72112],[-9.16191,38.72089],[-9.1616,38.72076]],[[-9.16018,38.72089],[-9.16034,38.72121],[-9.16097,38.72121],[-9.16113,38.72089],[-9.16097,38.72075],[-9.16034,38.72075],[-9.16018,38.72089]],[[-9.15971,38.7183],[-9.15958,38.71837],[-9.15971,38.71848],[-9.15984,38.71837],[-9.15971,38.7183]],[[-9.1616,38.71523],[-9.16135,38.71584],[-9.1616,38.71619],[-9.16194,38.71584],[-9.1616,38.71523]],[[-9.17421,38.70946],[-9.17416,38.70954],[-9.17421,38.7096],[-9.17428,38.70954],[-9.17421,38.70946]],[[-9.20356,38.70197],[-9.20386,38.7023],[-9.20449,38.7023],[-9.20488,38.70197],[-9.20449,38.70156],[-9.20386,38.70156],[-9.20356,38.70197]],[[-9.20323,38.70052],[-9.20283,38.70071],[-9.20323,38.70087],[-9.2033,38.70071],[-9.20323,38.70052]],[[-9.20055,38.70071],[-9.2006,38.70134],[-9.2007,38.70138],[-9.20073,38.70134],[-9.20134,38.70096],[-9.20197,38.70096],[-9.20219,38.70071],[-9.20197,38.70012],[-9.20134,38.70012],[-9.20118,38.70008],[-9.2007,38.69976],[-9.20054,38.70008],[-9.20055,38.70071]],[[-9.22404,38.70087],[-9.22379,38.70134],[-9.22404,38.70158],[-9.22446,38.70134],[-9.22404,38.70087]],[[-9.22215,38.70269],[-9.22278,38.70304],[-9.22341,38.70298],[-9.22373,38.7026],[-9.22341,38.70242],[-9.22303,38.70197],[-9.22278,38.70171],[-9.22243,38.70197],[-9.22215,38.70246],[-9.22152,38.70246],[-9.22109,38.70197],[-9.22089,38.70162],[-9.2206,38.70197],[-9.22026,38.70222],[-9.22006,38.7026],[-9.22026,38.70284],[-9.22089,38.70313],[-9.22152,38.70292],[-9.22215,38.70269]],[[-9.22086,38.71332],[-9.22084,38.71395],[-9.22089,38.71402],[-9.22096,38.71395],[-9.22097,38.71332],[-9.22089,38.71321],[-9.22086,38.71332]],[[-9.21584,38.70788],[-9.21575,38.70828],[-9.21584,38.70847],[-9.21647,38.70847],[-9.2171,38.70877],[-9.21717,38.70891],[-9.2171,38.70897],[-9.21647,38.70925],[-9.21584,38.70925],[-9.21561,38.70954],[-9.21521,38.70988],[-9.2147,38.71017],[-9.21458,38.71029],[-9.21421,38.7108],[-9.21458,38.71099],[-9.21494,38.7108],[-9.21521,38.71052],[-9.21538,38.7108],[-9.21521,38.71105],[-9.21501,38.71143],[-9.21521,38.71161],[-9.21584,38.71181],[-9.21647,38.71181],[-9.21673,38.71206],[-9.21685,38.71269],[-9.21685,38.71332],[-9.21696,38.71395],[-9.21647,38.71444],[-9.21584,38.71444],[-9.21545,38.71395],[-9.21521,38.71357],[-9.2151,38.71395],[-9.21507,38.71458],[-9.21521,38.71472],[-9.21584,38.71467],[-9.21647,38.71467],[-9.2171,38.71469],[-9.21721,38.71458],[-9.21773,38.71426],[-9.21837,38.71395],[-9.219,38.71395],[-9.21926,38.71458],[-9.21963,38.71493],[-9.22005,38.71458],[-9.22026,38.7143],[-9.22032,38.71395],[-9.22052,38.71332],[-9.2206,38.71269],[-9.22026,38.71208],[-9.22024,38.71206],[-9.21996,38.71143],[-9.21963,38.71112],[-9.21927,38.7108],[-9.21953,38.71017],[-9.21959,38.70954],[-9.21963,38.70891],[-9.219,38.70854],[-9.21837,38.70847],[-9.21773,38.70853],[-9.21735,38.70828],[-9.21773,38.70802],[-9.21803,38.70765],[-9.21773,38.70708],[-9.2176,38.70701],[-9.21752,38.70638],[-9.2171,38.70575],[-9.21647,38.70612],[-9.21584,38.70612],[-9.21565,38.70638],[-9.21566,38.70701],[-9.21584,38.70751],[-9.21647,38.70751],[-9.2171,38.70751],[-9.21717,38.70765],[-9.2171,38.70778],[-9.21647,38.70788],[-9.21584,38.70788]],[[-9.219,38.71549],[-9.21837,38.71549],[-9.21773,38.71547],[-9.21747,38.71584],[-9.21773,38.71603],[-9.21837,38.71601],[-9.219,38.71601],[-9.21912,38.71584],[-9.219,38.71549]],[[-9.21469,38.71711],[-9.21521,38.7173],[-9.21584,38.7173],[-9.21601,38.71711],[-9.21584,38.71693],[-9.21521,38.71693],[-9.21469,38.71711]],[[-9.21393,38.71774],[-9.21395,38.71777],[-9.21458,38.71776],[-9.2146,38.71774],[-9.21458,38.71758],[-9.21395,38.71772],[-9.21393,38.71774]],[[-9.21404,38.71963],[-9.21404,38.719],[-9.21395,38.71889],[-9.21345,38.71837],[-9.21332,38.71827],[-9.21269,38.71827],[-9.21206,38.71827],[-9.21196,38.71837],[-9.21206,38.71859],[-9.21252,38.719],[-9.21215,38.71963],[-9.21263,38.72026],[-9.21269,38.72076],[-9.21332,38.72076],[-9.21395,38.72036],[-9.21409,38.72026],[-9.21404,38.71963]],[[-9.21075,38.72089],[-9.2108,38.72112],[-9.21143,38.72106],[-9.21154,38.72089],[-9.21143,38.72077],[-9.2108,38.72066],[-9.21075,38.72089]],[[-9.20934,38.72089],[-9.20953,38.72096],[-9.21017,38.72096],[-9.21022,38.72089],[-9.21017,38.72076],[-9.20953,38.72076],[-9.20934,38.72089]],[[-9.2089,38.72126],[-9.20883,38.72152],[-9.2089,38.72172],[-9.20901,38.72152],[-9.2089,38.72126]],[[-9.20823,38.72089],[-9.20805,38.72152],[-9.20827,38.7221],[-9.20838,38.72152],[-9.20829,38.72089],[-9.20827,38.72087],[-9.20823,38.72089]],[[-9.20764,38.72506],[-9.20742,38.72531],[-9.20764,38.72548],[-9.20791,38.72531],[-9.20764,38.72506]],[[-9.20575,38.72778],[-9.20638,38.72766],[-9.20701,38.72766],[-9.20733,38.7272],[-9.20705,38.72657],[-9.20701,38.72644],[-9.20684,38.72594],[-9.20638,38.72569],[-9.20609,38.72594],[-9.20634,38.72657],[-9.20575,38.72691],[-9.20563,38.7272],[-9.20575,38.72778]],[[-9.20575,38.72566],[-9.20607,38.72531],[-9.20575,38.72505],[-9.20514,38.72468],[-9.20512,38.72436],[-9.2051,38.72404],[-9.20449,38.72371],[-9.20386,38.72371],[-9.20361,38.72404],[-9.2038,38.72468],[-9.20386,38.72469],[-9.20449,38.72469],[-9.2051,38.72531],[-9.20492,38.72594],[-9.20512,38.72629],[-9.20555,38.72594],[-9.20575,38.72566]],[[-9.20454,38.72594],[-9.20449,38.72566],[-9.20386,38.72566],[-9.20371,38.72594],[-9.20374,38.72657],[-9.20386,38.72662],[-9.20449,38.72662],[-9.20461,38.72657],[-9.20454,38.72594]],[[-9.20638,38.71124],[-9.20575,38.71127],[-9.20569,38.71143],[-9.20575,38.71147],[-9.20638,38.71167],[-9.20701,38.71198],[-9.20764,38.71198],[-9.20789,38.71143],[-9.20764,38.7113],[-9.20701,38.7113],[-9.20638,38.71124]],[[-9.20363,38.70954],[-9.20386,38.70974],[-9.20449,38.70974],[-9.20463,38.70954],[-9.20449,38.70931],[-9.20386,38.70931],[-9.20363,38.70954]],[[-9.20134,38.70687],[-9.20094,38.70701],[-9.20085,38.70765],[-9.20134,38.7079],[-9.20197,38.70791],[-9.20246,38.70765],[-9.2026,38.70753],[-9.2027,38.70765],[-9.20323,38.70784],[-9.20349,38.70765],[-9.20323,38.7074],[-9.20282,38.70701],[-9.2026,38.7068],[-9.20197,38.70687],[-9.20134,38.70687]],[[-9.20134,38.70898],[-9.2007,38.70933],[-9.20044,38.70954],[-9.2007,38.70974],[-9.20134,38.70987],[-9.20197,38.70987],[-9.2026,38.70957],[-9.20262,38.70954],[-9.2026,38.70951],[-9.20197,38.70898],[-9.20134,38.70898]],[[-9.1994,38.70765],[-9.19944,38.70771],[-9.20007,38.70778],[-9.20053,38.70765],[-9.20007,38.70719],[-9.19944,38.70752],[-9.1994,38.70765]],[[-9.19776,38.70954],[-9.19818,38.70968],[-9.19881,38.70967],[-9.19902,38.70954],[-9.19881,38.70938],[-9.19818,38.70937],[-9.19776,38.70954]],[[-9.19755,38.71201],[-9.1975,38.71206],[-9.19755,38.71209],[-9.19757,38.71206],[-9.19755,38.71201]],[[-9.19944,38.7164],[-9.19935,38.71648],[-9.19944,38.71653],[-9.1996,38.71648],[-9.19944,38.7164]],[[-9.19629,38.71337],[-9.19621,38.71395],[-9.19629,38.71418],[-9.19644,38.71395],[-9.19629,38.71337]],[[-9.19592,38.71332],[-9.19566,38.71297],[-9.19503,38.71297],[-9.19479,38.71332],[-9.19484,38.71395],[-9.19503,38.71417],[-9.19566,38.71417],[-9.19588,38.71395],[-9.19592,38.71332]],[[-9.19421,38.71143],[-9.19408,38.71206],[-9.1944,38.71238],[-9.19457,38.71206],[-9.1948,38.71143],[-9.19503,38.71122],[-9.19566,38.71126],[-9.19629,38.71119],[-9.19692,38.71116],[-9.19755,38.71104],[-9.19777,38.7108],[-9.19755,38.71028],[-9.19692,38.71056],[-9.19629,38.7105],[-9.19566,38.71017],[-9.19503,38.71017],[-9.19473,38.7108],[-9.1944,38.71115],[-9.19421,38.71143]],[[-9.19629,38.70302],[-9.19582,38.70323],[-9.19629,38.70343],[-9.19647,38.70323],[-9.19629,38.70302]],[[-9.19061,38.70243],[-9.19055,38.7026],[-9.19061,38.70264],[-9.19067,38.7026],[-9.19061,38.70243]],[[-9.18914,38.70323],[-9.18935,38.70333],[-9.18998,38.70333],[-9.19001,38.70323],[-9.18998,38.70319],[-9.18935,38.70319],[-9.18914,38.70323]],[[-9.18872,38.70257],[-9.18868,38.7026],[-9.18872,38.70273],[-9.18874,38.7026],[-9.18872,38.70257]],[[-9.18788,38.70071],[-9.18788,38.70134],[-9.18809,38.70139],[-9.18812,38.70134],[-9.18812,38.70071],[-9.18809,38.7006],[-9.18788,38.70071]],[[-9.18431,38.69952],[-9.18368,38.69952],[-9.18304,38.69991],[-9.18269,38.70008],[-9.18304,38.70025],[-9.18368,38.70037],[-9.18431,38.70037],[-9.18472,38.70008],[-9.18431,38.69952]],[[-9.18304,38.70372],[-9.18292,38.70386],[-9.18304,38.70395],[-9.18329,38.70386],[-9.18304,38.70372]],[[-9.18241,38.70352],[-9.18195,38.70386],[-9.18241,38.70432],[-9.18255,38.70386],[-9.18241,38.70352]],[[-9.17989,38.70511],[-9.17987,38.70512],[-9.17989,38.70515],[-9.1799,38.70512],[-9.17989,38.70511]],[[-9.17898,38.70701],[-9.17904,38.70765],[-9.17926,38.70773],[-9.17933,38.70765],[-9.17937,38.70701],[-9.17926,38.70682],[-9.17898,38.70701]],[[-9.17737,38.70874],[-9.17705,38.70891],[-9.17737,38.70898],[-9.1775,38.70891],[-9.17737,38.70874]],[[-9.18557,38.7196],[-9.18551,38.71963],[-9.18557,38.71968],[-9.18558,38.71963],[-9.18557,38.7196]],[[-9.18494,38.7178],[-9.1844,38.71837],[-9.18494,38.71873],[-9.18524,38.71837],[-9.18494,38.7178]],[[-9.18304,38.72196],[-9.18284,38.72215],[-9.18304,38.72245],[-9.18333,38.72215],[-9.18304,38.72196]],[[-9.18241,38.72397],[-9.18232,38.72404],[-9.18241,38.72407],[-9.18244,38.72404],[-9.18241,38.72397]],[[-9.18178,38.72117],[-9.18165,38.72152],[-9.18178,38.72169],[-9.18189,38.72152],[-9.18178,38.72117]],[[-9.18041,38.72341],[-9.18052,38.72371],[-9.18115,38.72371],[-9.18137,38.72341],[-9.18115,38.72326],[-9.18052,38.72326],[-9.18041,38.72341]],[[-9.17879,38.72531],[-9.17926,38.72574],[-9.17989,38.72562],[-9.18,38.72531],[-9.17989,38.72518],[-9.17926,38.72507],[-9.17879,38.72531]],[[-9.17926,38.73263],[-9.17904,38.73287],[-9.17926,38.73301],[-9.17941,38.73287],[-9.17926,38.73263]],[[-9.17863,38.73087],[-9.17844,38.73098],[-9.17863,38.73115],[-9.17872,38.73098],[-9.17863,38.73087]],[[-9.20361,38.74044],[-9.20386,38.74081],[-9.20449,38.74081],[-9.2046,38.74044],[-9.20449,38.74026],[-9.20386,38.74026],[-9.20361,38.74044]],[[-9.20323,38.73971],[-9.20309,38.73981],[-9.20323,38.73991],[-9.20334,38.73981],[-9.20323,38.73971]],[[-9.20512,38.7484],[-9.20532,38.74801],[-9.20512,38.74775],[-9.2046,38.74801],[-9.20449,38.74819],[-9.20435,38.74864],[-9.20449,38.74892],[-9.20479,38.74864],[-9.20512,38.7484]],[[-9.2026,38.74343],[-9.20244,38.7436],[-9.2026,38.74397],[-9.2031,38.7436],[-9.2026,38.74343]],[[-9.20197,38.7435],[-9.20134,38.74349],[-9.2007,38.74349],[-9.20062,38.7436],[-9.2007,38.74365],[-9.20134,38.74365],[-9.20197,38.74377],[-9.20204,38.7436],[-9.20197,38.7435]],[[-9.2006,38.74675],[-9.2007,38.74682],[-9.20134,38.74682],[-9.20149,38.74675],[-9.20134,38.74668],[-9.2007,38.74668],[-9.2006,38.74675]],[[-9.20952,38.75054],[-9.20953,38.75055],[-9.21017,38.75055],[-9.2102,38.75054],[-9.21017,38.75052],[-9.20953,38.75052],[-9.20952,38.75054]],[[-9.20317,38.75432],[-9.20323,38.7544],[-9.20386,38.7544],[-9.20399,38.75432],[-9.20386,38.7541],[-9.20323,38.7541],[-9.20317,38.75432]],[[-9.20197,38.75213],[-9.20168,38.7518],[-9.20157,38.75117],[-9.2014,38.75054],[-9.20134,38.75006],[-9.2007,38.75006],[-9.20068,38.75054],[-9.20007,38.75096],[-9.19963,38.75117],[-9.20007,38.75146],[-9.20048,38.7518],[-9.2007,38.75201],[-9.20134,38.75219],[-9.20163,38.75243],[-9.20197,38.75266],[-9.20212,38.75243],[-9.20197,38.75213]],[[-9.20054,38.75369],[-9.2007,38.75395],[-9.20134,38.7538],[-9.20144,38.75369],[-9.20134,38.75309],[-9.2007,38.75309],[-9.20054,38.75369]],[[-9.20023,38.75243],[-9.20007,38.75229],[-9.19944,38.75227],[-9.19931,38.75243],[-9.19944,38.75265],[-9.19992,38.75306],[-9.20007,38.75314],[-9.20063,38.75306],[-9.20023,38.75243]],[[-9.19739,38.75243],[-9.19755,38.75252],[-9.19818,38.75252],[-9.19837,38.75243],[-9.19818,38.7524],[-9.19755,38.7524],[-9.19739,38.75243]],[[-9.19623,38.75117],[-9.19617,38.7518],[-9.19629,38.75198],[-9.19647,38.7518],[-9.1966,38.75117],[-9.19629,38.75111],[-9.19623,38.75117]],[[-9.20016,38.7436],[-9.20062,38.74297],[-9.20059,38.74234],[-9.20012,38.7417],[-9.20007,38.74166],[-9.19996,38.7417],[-9.19987,38.74234],[-9.19972,38.74297],[-9.19944,38.7434],[-9.19888,38.74297],[-9.19893,38.74234],[-9.19881,38.74214],[-9.19856,38.74234],[-9.19818,38.74293],[-9.19755,38.74293],[-9.19692,38.74292],[-9.1969,38.74297],[-9.19692,38.74298],[-9.19755,38.74299],[-9.19818,38.74299],[-9.19875,38.7436],[-9.19818,38.7439],[-9.19755,38.7439],[-9.19714,38.74423],[-9.19755,38.74456],[-9.19818,38.74456],[-9.19881,38.7446],[-9.19913,38.74423],[-9.19944,38.74379],[-9.20007,38.74371],[-9.20016,38.7436]],[[-9.19463,38.74297],[-9.1944,38.74289],[-9.19414,38.74297],[-9.19377,38.74342],[-9.19369,38.7436],[-9.19345,38.74423],[-9.19377,38.74428],[-9.1939,38.74423],[-9.1944,38.74379],[-9.19456,38.7436],[-9.19463,38.74297]],[[-9.19629,38.74916],[-9.19601,38.74927],[-9.19629,38.74933],[-9.19641,38.74927],[-9.19629,38.74916]],[[-9.19377,38.74913],[-9.19358,38.74927],[-9.19377,38.74942],[-9.19433,38.74927],[-9.19377,38.74913]],[[-9.1944,38.74793],[-9.19426,38.74801],[-9.1944,38.74812],[-9.19454,38.74801],[-9.1944,38.74793]],[[-9.19251,38.74674],[-9.19187,38.74674],[-9.1918,38.74675],[-9.19186,38.74738],[-9.19187,38.74741],[-9.19251,38.74741],[-9.19314,38.74768],[-9.19351,38.74738],[-9.19314,38.74716],[-9.19252,38.74675],[-9.19251,38.74674]],[[-9.19124,38.74602],[-9.19118,38.74612],[-9.19124,38.74638],[-9.19131,38.74612],[-9.19124,38.74602]],[[-9.19061,38.7491],[-9.19041,38.74927],[-9.19061,38.74945],[-9.19074,38.74927],[-9.19061,38.7491]],[[-9.18845,38.74675],[-9.18872,38.74644],[-9.18935,38.74644],[-9.18998,38.74641],[-9.19042,38.74612],[-9.18998,38.74595],[-9.18935,38.74584],[-9.18872,38.74584],[-9.18842,38.74549],[-9.18833,38.74486],[-9.18809,38.74472],[-9.18777,38.74486],[-9.18786,38.74549],[-9.18746,38.74589],[-9.18718,38.74612],[-9.18746,38.7466],[-9.18761,38.74675],[-9.18802,38.74738],[-9.18774,38.74801],[-9.18809,38.74823],[-9.18857,38.74864],[-9.18872,38.74905],[-9.18935,38.74905],[-9.18948,38.74864],[-9.18958,38.74801],[-9.18935,38.74765],[-9.18872,38.74765],[-9.18827,38.74738],[-9.18845,38.74675]],[[-9.18809,38.7489],[-9.18772,38.74927],[-9.18809,38.74943],[-9.18824,38.74927],[-9.18809,38.7489]],[[-9.1872,38.74801],[-9.18683,38.74778],[-9.1862,38.74778],[-9.18602,38.74801],[-9.18585,38.74864],[-9.1862,38.74882],[-9.18683,38.74882],[-9.187,38.74864],[-9.1872,38.74801]],[[-9.18531,38.74738],[-9.18534,38.74801],[-9.18557,38.74818],[-9.18566,38.74801],[-9.18598,38.74738],[-9.18557,38.74709],[-9.18531,38.74738]],[[-9.18247,38.74612],[-9.18247,38.74549],[-9.18241,38.74517],[-9.18236,38.74549],[-9.18236,38.74612],[-9.1823,38.74675],[-9.18241,38.74683],[-9.18258,38.74675],[-9.18247,38.74612]],[[-9.18178,38.74722],[-9.18159,38.74738],[-9.18178,38.74756],[-9.1819,38.74738],[-9.18178,38.74722]],[[-9.19124,38.7572],[-9.19107,38.75747],[-9.19124,38.75763],[-9.19136,38.75747],[-9.19124,38.7572]],[[-9.18809,38.75716],[-9.18841,38.75684],[-9.18809,38.7565],[-9.18782,38.75684],[-9.18746,38.75703],[-9.1871,38.75747],[-9.18746,38.75783],[-9.18794,38.75747],[-9.18809,38.75716]],[[-9.18557,38.75476],[-9.18515,38.75495],[-9.18494,38.75509],[-9.18453,38.75558],[-9.18431,38.75612],[-9.18383,38.75621],[-9.18431,38.75645],[-9.18478,38.75621],[-9.18494,38.75619],[-9.18557,38.75618],[-9.1862,38.75577],[-9.18683,38.75577],[-9.18746,38.75572],[-9.18809,38.75565],[-9.18819,38.75558],[-9.18809,38.75554],[-9.18746,38.75544],[-9.18704,38.75495],[-9.18683,38.75472],[-9.1862,38.75472],[-9.18557,38.75476]],[[-9.18418,38.75495],[-9.18368,38.7544],[-9.18304,38.7544],[-9.18241,38.75459],[-9.18216,38.75495],[-9.18229,38.75558],[-9.18241,38.75568],[-9.18248,38.75558],[-9.18304,38.75523],[-9.18368,38.75523],[-9.18418,38.75495]],[[-9.18115,38.75925],[-9.18096,38.75937],[-9.18115,38.75957],[-9.18137,38.75937],[-9.18115,38.75925]],[[-9.17989,38.75487],[-9.17982,38.75495],[-9.17989,38.75501],[-9.18001,38.75495],[-9.17989,38.75487]],[[-9.17929,38.75937],[-9.17926,38.75929],[-9.17863,38.75931],[-9.17861,38.75937],[-9.17863,38.75938],[-9.17918,38.76],[-9.17926,38.76009],[-9.17938,38.76],[-9.17929,38.75937]],[[-9.17732,38.76063],[-9.17737,38.76066],[-9.178,38.76066],[-9.17806,38.76063],[-9.178,38.76059],[-9.17737,38.76059],[-9.17732,38.76063]],[[-9.17674,38.75664],[-9.17652,38.75684],[-9.17674,38.75701],[-9.1769,38.75684],[-9.17674,38.75664]],[[-9.17154,38.76126],[-9.17169,38.76169],[-9.17232,38.76169],[-9.17245,38.76126],[-9.17232,38.76114],[-9.17169,38.76114],[-9.17154,38.76126]],[[-9.16728,38.76548],[-9.1669,38.76567],[-9.16728,38.76619],[-9.16748,38.76567],[-9.16728,38.76548]],[[-9.16412,38.76902],[-9.16431,38.76946],[-9.16475,38.76975],[-9.16538,38.77005],[-9.16601,38.77005],[-9.16665,38.7698],[-9.16728,38.76961],[-9.16734,38.76946],[-9.1674,38.76883],[-9.16728,38.76875],[-9.16665,38.76868],[-9.16618,38.7682],[-9.16601,38.76788],[-9.16538,38.76788],[-9.16488,38.76756],[-9.16475,38.76749],[-9.16471,38.76756],[-9.16412,38.76807],[-9.16374,38.7682],[-9.16402,38.76883],[-9.16412,38.76902]],[[-9.16662,38.77072],[-9.16601,38.77011],[-9.16538,38.77011],[-9.16495,38.77072],[-9.16495,38.77135],[-9.16538,38.77189],[-9.16601,38.77189],[-9.16662,38.77135],[-9.16662,38.77072]],[[-9.16183,38.76946],[-9.16223,38.76891],[-9.16247,38.76883],[-9.16223,38.76872],[-9.16182,38.7682],[-9.1616,38.76805],[-9.1613,38.7682],[-9.16097,38.76859],[-9.16082,38.76883],[-9.16072,38.76946],[-9.16097,38.76971],[-9.16159,38.77009],[-9.1616,38.77011],[-9.16223,38.77034],[-9.1625,38.77072],[-9.1625,38.77135],[-9.16286,38.77169],[-9.16349,38.77169],[-9.16412,38.77186],[-9.1646,38.77135],[-9.16457,38.77072],[-9.16425,38.77009],[-9.16412,38.76982],[-9.16349,38.76953],[-9.16286,38.76953],[-9.16223,38.76995],[-9.16183,38.76946]],[[-9.16034,38.77179],[-9.16052,38.77198],[-9.16097,38.7723],[-9.16129,38.77198],[-9.16097,38.77141],[-9.1609,38.77135],[-9.16071,38.77072],[-9.16034,38.77063],[-9.15971,38.77063],[-9.15962,38.77072],[-9.15917,38.77135],[-9.15971,38.77179],[-9.16034,38.77179]],[[-9.15908,38.77573],[-9.15905,38.77576],[-9.15908,38.77577],[-9.15923,38.77576],[-9.15908,38.77573]],[[-9.15908,38.76839],[-9.15878,38.76883],[-9.15908,38.76911],[-9.15968,38.76883],[-9.15908,38.76839]],[[-9.15845,38.76819],[-9.15843,38.7682],[-9.15845,38.76822],[-9.15846,38.7682],[-9.15845,38.76819]],[[-9.15782,38.77252],[-9.15779,38.77261],[-9.15782,38.77265],[-9.15786,38.77261],[-9.15782,38.77252]],[[-9.15592,38.77236],[-9.15573,38.77261],[-9.15592,38.77287],[-9.15602,38.77261],[-9.15592,38.77236]],[[-9.15592,38.77433],[-9.15571,38.7745],[-9.15592,38.77475],[-9.15611,38.7745],[-9.15592,38.77433]],[[-9.15529,38.77183],[-9.15513,38.77198],[-9.15529,38.77222],[-9.15545,38.77198],[-9.15529,38.77183]],[[-9.15403,38.76846],[-9.15348,38.7682],[-9.1534,38.76817],[-9.15336,38.7682],[-9.15296,38.76883],[-9.15316,38.76946],[-9.1534,38.76988],[-9.15403,38.76973],[-9.15466,38.76973],[-9.15522,38.76946],[-9.15529,38.76906],[-9.15536,38.76883],[-9.15529,38.76871],[-9.15466,38.76846],[-9.15403,38.76846]],[[-9.15332,38.77198],[-9.15293,38.77261],[-9.1534,38.77278],[-9.15353,38.77261],[-9.15347,38.77198],[-9.1534,38.77191],[-9.15332,38.77198]],[[-9.15277,38.77508],[-9.1526,38.77513],[-9.15277,38.77522],[-9.15289,38.77513],[-9.15277,38.77508]],[[-9.15214,38.77308],[-9.15213,38.77324],[-9.15214,38.77326],[-9.15216,38.77324],[-9.15214,38.77308]],[[-9.15071,38.77324],[-9.15088,38.77351],[-9.15151,38.77351],[-9.15169,38.77324],[-9.15151,38.77306],[-9.15088,38.77306],[-9.15071,38.77324]],[[-9.15025,38.77361],[-9.14984,38.77387],[-9.15025,38.77433],[-9.15062,38.77387],[-9.15025,38.77361]],[[-9.14962,38.77054],[-9.14898,38.77056],[-9.14835,38.77056],[-9.14809,38.77072],[-9.14835,38.77103],[-9.14898,38.77103],[-9.14962,38.7709],[-9.14979,38.77072],[-9.14962,38.77054]],[[-9.14811,38.7663],[-9.14772,38.76613],[-9.14748,38.7663],[-9.14709,38.76672],[-9.14689,38.76693],[-9.14709,38.76725],[-9.14772,38.76719],[-9.14804,38.76693],[-9.14811,38.7663]],[[-9.14646,38.76565],[-9.14586,38.76504],[-9.14599,38.76441],[-9.14583,38.76437],[-9.1452,38.76437],[-9.14517,38.76441],[-9.14517,38.76504],[-9.14457,38.76558],[-9.14394,38.76534],[-9.14339,38.76567],[-9.14394,38.76617],[-9.14457,38.76586],[-9.1452,38.76591],[-9.14583,38.76591],[-9.14646,38.76578],[-9.14648,38.76567],[-9.14646,38.76565]],[[-9.13941,38.76756],[-9.13952,38.76782],[-9.14015,38.76801],[-9.14033,38.76756],[-9.14015,38.7673],[-9.13952,38.7673],[-9.13941,38.76756]],[[-9.13763,38.77254],[-9.13754,38.77261],[-9.13763,38.77289],[-9.1377,38.77261],[-9.13763,38.77254]],[[-9.13914,38.76946],[-9.13916,38.76883],[-9.13932,38.7682],[-9.13909,38.76756],[-9.13926,38.76693],[-9.13934,38.7663],[-9.13952,38.76599],[-9.14015,38.766],[-9.14031,38.7663],[-9.14079,38.76667],[-9.1411,38.76693],[-9.14142,38.7672],[-9.14205,38.76705],[-9.14268,38.76705],[-9.14304,38.76693],[-9.14268,38.76679],[-9.14205,38.76679],[-9.14142,38.76664],[-9.14113,38.7663],[-9.14142,38.76602],[-9.14168,38.76567],[-9.14142,38.76518],[-9.1411,38.76504],[-9.14142,38.76478],[-9.14179,38.76441],[-9.14142,38.76424],[-9.14109,38.76441],[-9.14079,38.76477],[-9.14015,38.76449],[-9.13952,38.76453],[-9.13929,38.76441],[-9.13952,38.76414],[-9.14015,38.76414],[-9.14022,38.76378],[-9.14044,38.76315],[-9.14015,38.76299],[-9.13952,38.76299],[-9.13903,38.76252],[-9.13889,38.76236],[-9.13826,38.76243],[-9.13814,38.76252],[-9.13791,38.76315],[-9.13763,38.76345],[-9.13738,38.76315],[-9.137,38.76292],[-9.13637,38.76292],[-9.13619,38.76315],[-9.13574,38.76357],[-9.13532,38.76378],[-9.13524,38.76441],[-9.13511,38.76455],[-9.13448,38.76504],[-9.13385,38.76504],[-9.13322,38.76469],[-9.13308,38.76441],[-9.13259,38.76385],[-9.13196,38.76384],[-9.13145,38.76441],[-9.13196,38.76484],[-9.13239,38.76504],[-9.13196,38.76548],[-9.13132,38.76509],[-9.13069,38.76509],[-9.13027,38.76567],[-9.13069,38.76594],[-9.13132,38.76594],[-9.13196,38.76588],[-9.13217,38.7663],[-9.13259,38.76675],[-9.13278,38.76693],[-9.13322,38.76727],[-9.13356,38.76756],[-9.13322,38.76786],[-9.13263,38.76756],[-9.13259,38.76748],[-9.13255,38.76756],[-9.13248,38.7682],[-9.13259,38.76827],[-9.13284,38.76883],[-9.13299,38.76946],[-9.13259,38.76998],[-9.13249,38.77009],[-9.13259,38.77017],[-9.13289,38.77072],[-9.13294,38.77135],[-9.13294,38.77198],[-9.13259,38.77244],[-9.13242,38.77261],[-9.13259,38.77278],[-9.13313,38.77324],[-9.13312,38.77387],[-9.13274,38.7745],[-9.13322,38.77481],[-9.13356,38.77513],[-9.13344,38.77576],[-9.13385,38.77586],[-9.13448,38.77586],[-9.13454,38.77576],[-9.13501,38.77513],[-9.13448,38.77479],[-9.13385,38.77479],[-9.13358,38.7745],[-9.13385,38.77396],[-9.13448,38.77396],[-9.13457,38.77387],[-9.13448,38.77373],[-9.13385,38.77373],[-9.1334,38.77324],[-9.13385,38.77286],[-9.13448,38.77286],[-9.13511,38.7732],[-9.13574,38.77302],[-9.13602,38.77261],[-9.13624,38.77198],[-9.13637,38.77175],[-9.137,38.77175],[-9.13743,38.77198],[-9.13763,38.77203],[-9.13819,38.77261],[-9.13826,38.77267],[-9.13833,38.77261],[-9.13827,38.77198],[-9.13839,38.77135],[-9.13826,38.77112],[-9.13763,38.77095],[-9.13761,38.77072],[-9.13763,38.77069],[-9.13826,38.77048],[-9.13877,38.77009],[-9.13889,38.76976],[-9.13914,38.76946]],[[-9.13196,38.7788],[-9.13132,38.77872],[-9.13069,38.77872],[-9.13047,38.77892],[-9.13048,38.77955],[-9.13069,38.7796],[-9.13132,38.7796],[-9.13144,38.77955],[-9.13196,38.7791],[-9.13211,38.77892],[-9.13196,38.7788]],[[-9.13146,38.77576],[-9.13179,38.77639],[-9.13132,38.77689],[-9.13069,38.77689],[-9.13015,38.77639],[-9.13006,38.77635],[-9.13001,38.77639],[-9.12995,38.77703],[-9.13003,38.77766],[-9.12997,38.77829],[-9.13006,38.77839],[-9.13015,38.77829],[-9.13015,38.77766],[-9.13069,38.77716],[-9.13132,38.77716],[-9.13196,38.77759],[-9.13259,38.77725],[-9.13264,38.77703],[-9.13259,38.77676],[-9.13227,38.77639],[-9.13215,38.77576],[-9.13196,38.77556],[-9.13146,38.77576]],[[-9.12817,38.78063],[-9.1288,38.78031],[-9.12943,38.78028],[-9.12955,38.78018],[-9.12943,38.77977],[-9.12927,38.77955],[-9.1288,38.77924],[-9.12866,38.77955],[-9.12817,38.77991],[-9.12754,38.77995],[-9.12713,38.78018],[-9.12754,38.78059],[-9.12817,38.78063]],[[-9.13062,38.7663],[-9.13069,38.76632],[-9.13132,38.76632],[-9.13135,38.7663],[-9.13132,38.7663],[-9.13069,38.7663],[-9.13062,38.7663]],[[-9.13006,38.7608],[-9.12975,38.76126],[-9.13006,38.76154],[-9.13052,38.76126],[-9.13006,38.7608]],[[-9.12943,38.7655],[-9.12906,38.76504],[-9.1288,38.76481],[-9.12872,38.76504],[-9.12872,38.76567],[-9.1288,38.76581],[-9.12943,38.76589],[-9.12955,38.76567],[-9.12943,38.7655]],[[-9.1288,38.76641],[-9.12817,38.76683],[-9.12754,38.76683],[-9.12753,38.76693],[-9.12754,38.76704],[-9.12817,38.76704],[-9.1288,38.76711],[-9.12891,38.76693],[-9.1288,38.76641]],[[-9.12449,38.76441],[-9.12466,38.76504],[-9.12445,38.76567],[-9.12502,38.76613],[-9.12565,38.76613],[-9.12594,38.7663],[-9.12628,38.76668],[-9.12668,38.76693],[-9.12628,38.76711],[-9.12599,38.76756],[-9.12628,38.76805],[-9.12676,38.76756],[-9.12691,38.7672],[-9.12697,38.76693],[-9.12691,38.76671],[-9.12665,38.7663],[-9.1265,38.76567],[-9.12652,38.76504],[-9.12628,38.76451],[-9.12612,38.76441],[-9.12565,38.76424],[-9.12502,38.76424],[-9.12449,38.76441]],[[-9.12439,38.77236],[-9.12399,38.77261],[-9.12439,38.77282],[-9.12461,38.77261],[-9.12439,38.77236]],[[-9.12376,38.7735],[-9.12344,38.77387],[-9.12376,38.77404],[-9.124,38.77387],[-9.12376,38.7735]],[[-9.12376,38.77055],[-9.12313,38.77026],[-9.12272,38.77072],[-9.12249,38.77089],[-9.12186,38.77089],[-9.12126,38.77135],[-9.12164,38.77198],[-9.12186,38.77223],[-9.12249,38.77223],[-9.1231,38.77198],[-9.12309,38.77135],[-9.12313,38.7713],[-9.12376,38.77087],[-9.12396,38.77072],[-9.12376,38.77055]],[[-9.12123,38.75804],[-9.12117,38.7581],[-9.12123,38.75818],[-9.12126,38.7581],[-9.12123,38.75804]],[[-9.1206,38.76624],[-9.12053,38.7663],[-9.1206,38.76657],[-9.12076,38.7663],[-9.1206,38.76624]],[[-9.11891,38.76883],[-9.11934,38.76909],[-9.11997,38.76909],[-9.12029,38.76883],[-9.11997,38.7686],[-9.11934,38.7686],[-9.11891,38.76883]],[[-9.11871,38.76808],[-9.11865,38.7682],[-9.11871,38.76826],[-9.11882,38.7682],[-9.11871,38.76808]],[[-9.11808,38.76934],[-9.11776,38.76946],[-9.11808,38.76993],[-9.11812,38.76946],[-9.11808,38.76934]],[[-9.12123,38.77999],[-9.121,38.78018],[-9.12123,38.78031],[-9.12137,38.78018],[-9.12123,38.77999]],[[-9.11997,38.77671],[-9.11934,38.77671],[-9.11871,38.77701],[-9.11869,38.77703],[-9.11871,38.77707],[-9.11934,38.77714],[-9.11997,38.77714],[-9.12013,38.77703],[-9.11997,38.77671]],[[-9.11871,38.77986],[-9.11817,38.78018],[-9.11871,38.78045],[-9.11909,38.78018],[-9.11871,38.77986]],[[-9.11611,38.77703],[-9.11619,38.77706],[-9.11682,38.77706],[-9.11687,38.77703],[-9.11682,38.77687],[-9.11619,38.77687],[-9.11611,38.77703]],[[-9.11493,38.77283],[-9.11463,38.77324],[-9.11493,38.77353],[-9.11538,38.77324],[-9.11493,38.77283]],[[-9.11429,38.76406],[-9.11392,38.76441],[-9.11429,38.76479],[-9.11465,38.76441],[-9.11429,38.76406]],[[-9.113,38.76693],[-9.11303,38.76699],[-9.11366,38.76699],[-9.11369,38.76693],[-9.11366,38.76692],[-9.11303,38.76692],[-9.113,38.76693]],[[-9.108,38.76946],[-9.10799,38.76935],[-9.10736,38.76935],[-9.10734,38.76946],[-9.10728,38.77009],[-9.10736,38.77012],[-9.10799,38.77012],[-9.10802,38.77009],[-9.108,38.76946]],[[-9.1124,38.76553],[-9.11197,38.76567],[-9.1124,38.7659],[-9.11253,38.76567],[-9.1124,38.76553]],[[-9.11177,38.76502],[-9.11114,38.76502],[-9.11051,38.76502],[-9.11045,38.76504],[-9.11051,38.76515],[-9.11114,38.76515],[-9.11177,38.76515],[-9.11179,38.76504],[-9.11177,38.76502]],[[-9.11931,38.75621],[-9.11934,38.75624],[-9.11997,38.75624],[-9.11998,38.75621],[-9.11997,38.7562],[-9.11934,38.7562],[-9.11931,38.75621]],[[-9.11871,38.75701],[-9.1183,38.75747],[-9.11871,38.75772],[-9.11907,38.75747],[-9.11871,38.75701]],[[-9.1173,38.7581],[-9.11745,38.75831],[-9.11808,38.75823],[-9.11824,38.7581],[-9.11808,38.75779],[-9.11745,38.75794],[-9.1173,38.7581]],[[-9.11556,38.75617],[-9.11545,38.75621],[-9.11556,38.75633],[-9.11608,38.75621],[-9.11556,38.75617]],[[-9.11493,38.75349],[-9.11429,38.75348],[-9.11366,38.75348],[-9.11342,38.75369],[-9.11366,38.75379],[-9.11429,38.75379],[-9.11493,38.75384],[-9.11538,38.75369],[-9.11493,38.75349]],[[-9.11351,38.75432],[-9.11366,38.7545],[-9.11429,38.7545],[-9.11476,38.75432],[-9.11429,38.75417],[-9.11366,38.75417],[-9.11351,38.75432]],[[-9.12313,38.73942],[-9.12249,38.73942],[-9.12186,38.73942],[-9.12146,38.73981],[-9.12186,38.74024],[-9.12249,38.74024],[-9.12313,38.74026],[-9.12353,38.73981],[-9.12313,38.73942]],[[-9.12164,38.74486],[-9.12186,38.74522],[-9.12249,38.74495],[-9.123,38.74486],[-9.12249,38.7448],[-9.12186,38.74459],[-9.12164,38.74486]],[[-9.11927,38.74044],[-9.11934,38.74054],[-9.11997,38.74054],[-9.12029,38.74044],[-9.11997,38.74036],[-9.11934,38.74038],[-9.11927,38.74044]],[[-9.11934,38.7372],[-9.11927,38.73729],[-9.11934,38.73735],[-9.1194,38.73729],[-9.11934,38.7372]],[[-9.11853,38.73792],[-9.11809,38.73855],[-9.11871,38.73883],[-9.11917,38.73855],[-9.11891,38.73792],[-9.11871,38.7377],[-9.11853,38.73792]],[[-9.11042,38.73351],[-9.10988,38.73384],[-9.10958,38.73414],[-9.10988,38.73443],[-9.11018,38.73477],[-9.11051,38.73515],[-9.11114,38.73515],[-9.11177,38.73523],[-9.11198,38.7354],[-9.1124,38.73569],[-9.11276,38.73603],[-9.11303,38.73636],[-9.11345,38.73666],[-9.11303,38.73729],[-9.11366,38.7375],[-9.11429,38.7375],[-9.11443,38.73792],[-9.11461,38.73855],[-9.11493,38.73863],[-9.11518,38.73855],[-9.11556,38.73835],[-9.11587,38.73792],[-9.1159,38.73729],[-9.11619,38.73691],[-9.11682,38.73691],[-9.11706,38.73729],[-9.11704,38.73792],[-9.11733,38.73855],[-9.11745,38.73875],[-9.11795,38.73855],[-9.11782,38.73792],[-9.11793,38.73729],[-9.11808,38.73716],[-9.11865,38.73666],[-9.11841,38.73603],[-9.11808,38.73567],[-9.11756,38.73603],[-9.11754,38.73666],[-9.11745,38.73676],[-9.11725,38.73666],[-9.1171,38.73603],[-9.11734,38.7354],[-9.11682,38.73505],[-9.11619,38.73505],[-9.11593,38.73477],[-9.11556,38.73432],[-9.11502,38.73477],[-9.11493,38.73492],[-9.11429,38.73516],[-9.11366,38.73516],[-9.11303,38.73514],[-9.11266,38.73477],[-9.1124,38.73433],[-9.11177,38.73435],[-9.11154,38.73414],[-9.11177,38.73395],[-9.11228,38.73351],[-9.11228,38.73287],[-9.11177,38.73267],[-9.11114,38.73284],[-9.11051,38.73284],[-9.11042,38.73287],[-9.11042,38.73351]],[[-9.11688,38.73918],[-9.11682,38.73915],[-9.11619,38.73915],[-9.11614,38.73918],[-9.11587,38.73981],[-9.11619,38.73983],[-9.11682,38.73983],[-9.11688,38.73981],[-9.11688,38.73918]],[[-9.11177,38.73578],[-9.11114,38.73562],[-9.11051,38.73562],[-9.11013,38.73603],[-9.11031,38.73666],[-9.11051,38.73672],[-9.11114,38.73672],[-9.11124,38.73666],[-9.11177,38.73608],[-9.11191,38.73603],[-9.11177,38.73578]],[[-9.10925,38.73641],[-9.10877,38.73666],[-9.10925,38.73686],[-9.10958,38.73666],[-9.10925,38.73641]],[[-9.10862,38.7429],[-9.10852,38.74297],[-9.10862,38.74312],[-9.10867,38.74297],[-9.10862,38.7429]],[[-9.10673,38.7435],[-9.10647,38.7436],[-9.10673,38.74384],[-9.10688,38.7436],[-9.10673,38.7435]],[[-9.1061,38.73973],[-9.106,38.73981],[-9.1061,38.73991],[-9.10625,38.73981],[-9.1061,38.73973]],[[-9.10988,38.75425],[-9.10977,38.75432],[-9.10988,38.75436],[-9.11,38.75432],[-9.10988,38.75425]],[[-9.10925,38.75342],[-9.10911,38.75369],[-9.10925,38.754],[-9.10949,38.75369],[-9.10925,38.75342]],[[-9.10683,38.74864],[-9.10673,38.7486],[-9.1061,38.74859],[-9.10605,38.74864],[-9.1061,38.74867],[-9.10671,38.74927],[-9.10673,38.74928],[-9.10675,38.74927],[-9.10683,38.74864]],[[-9.10546,38.74385],[-9.10483,38.74385],[-9.1042,38.74419],[-9.10412,38.74423],[-9.1042,38.74439],[-9.10483,38.74477],[-9.10546,38.74477],[-9.10592,38.74423],[-9.10546,38.74385]],[[-9.10357,38.74836],[-9.1032,38.74864],[-9.10357,38.74895],[-9.10375,38.74864],[-9.10357,38.74836]],[[-9.1061,38.75723],[-9.10597,38.75747],[-9.1061,38.7576],[-9.10621,38.75747],[-9.1061,38.75723]],[[-9.10474,38.76063],[-9.10483,38.76071],[-9.10546,38.76071],[-9.10556,38.76063],[-9.10546,38.76053],[-9.10483,38.76053],[-9.10474,38.76063]],[[-9.1042,38.75981],[-9.10391,38.76],[-9.1042,38.76022],[-9.10444,38.76],[-9.1042,38.75981]],[[-9.10105,38.75864],[-9.10168,38.75837],[-9.10231,38.75831],[-9.10253,38.7581],[-9.10294,38.75749],[-9.10297,38.75747],[-9.10294,38.75745],[-9.10231,38.75709],[-9.10168,38.75709],[-9.1014,38.75747],[-9.10105,38.75767],[-9.10051,38.7581],[-9.10105,38.75864]],[[-9.10042,38.74886],[-9.09979,38.74875],[-9.09916,38.74875],[-9.09906,38.74927],[-9.09916,38.74936],[-9.09979,38.74936],[-9.10042,38.74958],[-9.10057,38.74927],[-9.10042,38.74886]],[[-9.10474,38.73918],[-9.10483,38.73929],[-9.10546,38.73929],[-9.10556,38.73918],[-9.10546,38.7391],[-9.10483,38.7391],[-9.10474,38.73918]],[[-9.10267,38.73918],[-9.10294,38.73933],[-9.10357,38.73925],[-9.10375,38.73918],[-9.10357,38.73908],[-9.10294,38.739],[-9.10267,38.73918]],[[-9.10166,38.73855],[-9.10168,38.73858],[-9.10231,38.73869],[-9.10239,38.73855],[-9.10231,38.73839],[-9.10168,38.73852],[-9.10166,38.73855]],[[-9.10736,38.72908],[-9.10735,38.72909],[-9.10736,38.72911],[-9.10737,38.72909],[-9.10736,38.72908]],[[-9.10673,38.73091],[-9.10667,38.73098],[-9.10673,38.73102],[-9.10677,38.73098],[-9.10673,38.73091]],[[-9.13367,38.74486],[-9.13385,38.74508],[-9.13448,38.74508],[-9.13458,38.74486],[-9.13448,38.74463],[-9.13385,38.74463],[-9.13367,38.74486]],[[-9.13246,38.7436],[-9.13259,38.74372],[-9.13322,38.7441],[-9.13352,38.7436],[-9.13322,38.74307],[-9.13259,38.74328],[-9.13246,38.7436]],[[-9.13259,38.74466],[-9.13221,38.74486],[-9.13259,38.7452],[-9.1329,38.74486],[-9.13259,38.74466]],[[-9.17106,38.74408],[-9.17092,38.74423],[-9.17106,38.74449],[-9.17111,38.74423],[-9.17106,38.74408]],[[-9.1703,38.74549],[-9.17038,38.74612],[-9.17043,38.74626],[-9.17052,38.74612],[-9.17055,38.74549],[-9.17043,38.74517],[-9.1703,38.74549]],[[-9.1698,38.74605],[-9.16971,38.74612],[-9.1698,38.74628],[-9.16983,38.74612],[-9.1698,38.74605]],[[-9.18036,38.74107],[-9.18052,38.74116],[-9.18115,38.74116],[-9.18154,38.74107],[-9.18115,38.74094],[-9.18052,38.74094],[-9.18036,38.74107]],[[-9.17802,38.72657],[-9.178,38.72646],[-9.17737,38.72646],[-9.17733,38.72657],[-9.17689,38.7272],[-9.17737,38.72742],[-9.178,38.72742],[-9.17847,38.7272],[-9.17802,38.72657]],[[-9.17611,38.73057],[-9.17575,38.73098],[-9.17611,38.73131],[-9.17647,38.73098],[-9.17611,38.73057]],[[-9.1743,38.73287],[-9.17484,38.73342],[-9.17548,38.73342],[-9.1757,38.73287],[-9.1757,38.73224],[-9.17548,38.73209],[-9.17484,38.73209],[-9.17426,38.73161],[-9.17421,38.73153],[-9.17414,38.73161],[-9.1739,38.73224],[-9.17421,38.73264],[-9.1743,38.73287]],[[-9.17358,38.72952],[-9.17343,38.72972],[-9.17358,38.73029],[-9.17382,38.72972],[-9.17358,38.72952]],[[-9.1746,38.72783],[-9.17437,38.7272],[-9.17421,38.72707],[-9.17379,38.72657],[-9.17377,38.72594],[-9.17421,38.72545],[-9.17484,38.72581],[-9.17548,38.72581],[-9.17591,38.72594],[-9.17611,38.726],[-9.17617,38.72594],[-9.17618,38.72531],[-9.17647,38.72468],[-9.17674,38.72407],[-9.17676,38.72404],[-9.17737,38.72362],[-9.178,38.72362],[-9.17828,38.72404],[-9.17863,38.72433],[-9.17895,38.72404],[-9.17926,38.7236],[-9.17989,38.72397],[-9.18011,38.72341],[-9.17989,38.72299],[-9.17926,38.72329],[-9.1788,38.72278],[-9.17863,38.72239],[-9.17834,38.72215],[-9.178,38.72187],[-9.17737,38.72187],[-9.17674,38.72175],[-9.17611,38.72181],[-9.17548,38.72152],[-9.17484,38.72152],[-9.17459,38.72089],[-9.17484,38.72035],[-9.17548,38.72035],[-9.1755,38.72026],[-9.17552,38.71963],[-9.17548,38.71958],[-9.17484,38.71958],[-9.17442,38.71963],[-9.17421,38.71968],[-9.17417,38.71963],[-9.17394,38.719],[-9.17421,38.71867],[-9.1745,38.71837],[-9.17447,38.71774],[-9.17421,38.71758],[-9.17405,38.71774],[-9.17381,38.71837],[-9.17358,38.71854],[-9.17324,38.719],[-9.17303,38.71963],[-9.17295,38.71988],[-9.1729,38.72026],[-9.17253,38.72089],[-9.17232,38.72091],[-9.17169,38.72092],[-9.17139,38.72152],[-9.17127,38.72215],[-9.17147,38.72278],[-9.17163,38.72341],[-9.17106,38.72353],[-9.17086,38.72341],[-9.17043,38.72316],[-9.16986,38.72278],[-9.1698,38.72274],[-9.16917,38.72274],[-9.16913,38.72278],[-9.16889,38.72341],[-9.16854,38.72386],[-9.16844,38.72404],[-9.16806,38.72468],[-9.16825,38.72531],[-9.16818,38.72594],[-9.16819,38.72657],[-9.16822,38.7272],[-9.16854,38.72734],[-9.16917,38.72734],[-9.16958,38.72783],[-9.16917,38.72819],[-9.16854,38.72819],[-9.16791,38.72834],[-9.16743,38.72846],[-9.16756,38.72909],[-9.16728,38.72935],[-9.16717,38.72972],[-9.16665,38.73022],[-9.16601,38.73022],[-9.16538,38.73035],[-9.16532,38.73098],[-9.16538,38.73138],[-9.16601,38.73134],[-9.16665,38.73132],[-9.16708,38.73161],[-9.16728,38.7317],[-9.16737,38.73161],[-9.16728,38.7311],[-9.16722,38.73098],[-9.16728,38.73082],[-9.16739,38.73035],[-9.16791,38.72989],[-9.16854,38.72976],[-9.16917,38.72976],[-9.16919,38.72972],[-9.1698,38.72936],[-9.17043,38.72919],[-9.17075,38.72909],[-9.17072,38.72846],[-9.17082,38.72783],[-9.17043,38.72743],[-9.16987,38.7272],[-9.17043,38.72684],[-9.17106,38.72699],[-9.17133,38.7272],[-9.17169,38.72761],[-9.17232,38.72761],[-9.1724,38.72783],[-9.17232,38.72802],[-9.17169,38.72802],[-9.17142,38.72846],[-9.17169,38.7287],[-9.17232,38.7287],[-9.17261,38.72909],[-9.17295,38.72929],[-9.17321,38.72909],[-9.17358,38.72853],[-9.17421,38.72887],[-9.17462,38.72846],[-9.1746,38.72783]],[[-9.17852,38.74044],[-9.17863,38.74052],[-9.17926,38.74052],[-9.17939,38.74044],[-9.17926,38.74029],[-9.17863,38.74037],[-9.17852,38.74044]],[[-9.16791,38.73537],[-9.16767,38.7354],[-9.16791,38.73543],[-9.16797,38.7354],[-9.16791,38.73537]],[[-9.16412,38.7382],[-9.16363,38.73855],[-9.16349,38.73887],[-9.16286,38.73887],[-9.16271,38.73918],[-9.16271,38.73981],[-9.16286,38.74007],[-9.16349,38.74007],[-9.16412,38.73996],[-9.16457,38.73981],[-9.16475,38.73972],[-9.16515,38.73918],[-9.16475,38.73873],[-9.1646,38.73855],[-9.16412,38.7382]],[[-9.16429,38.73287],[-9.16429,38.73351],[-9.16475,38.73384],[-9.16509,38.73351],[-9.16509,38.73287],[-9.16475,38.73224],[-9.16429,38.73287]],[[-9.15845,38.73215],[-9.15834,38.73224],[-9.15845,38.73234],[-9.15864,38.73224],[-9.15845,38.73215]],[[-9.15718,38.73092],[-9.15655,38.73094],[-9.15644,38.73098],[-9.1565,38.73161],[-9.15592,38.73194],[-9.15553,38.73224],[-9.15592,38.73247],[-9.15655,38.73275],[-9.15681,38.73287],[-9.15718,38.73328],[-9.15782,38.73328],[-9.15801,38.73287],[-9.15782,38.73266],[-9.15718,38.73266],[-9.15692,38.73224],[-9.1566,38.73161],[-9.15718,38.731],[-9.15782,38.731],[-9.15845,38.731],[-9.15848,38.73098],[-9.15845,38.73096],[-9.15782,38.73092],[-9.15718,38.73092]],[[-9.15401,38.73351],[-9.15403,38.73352],[-9.15466,38.73352],[-9.15471,38.73351],[-9.15466,38.73347],[-9.15403,38.73347],[-9.15401,38.73351]],[[-9.1534,38.72951],[-9.15319,38.72972],[-9.1534,38.73033],[-9.15386,38.72972],[-9.1534,38.72951]],[[-9.15151,38.72935],[-9.15214,38.72935],[-9.15277,38.72918],[-9.15285,38.72909],[-9.1534,38.72853],[-9.15346,38.72846],[-9.1534,38.72829],[-9.15277,38.72844],[-9.15275,38.72846],[-9.15214,38.72897],[-9.15151,38.72897],[-9.15131,38.72909],[-9.15151,38.72935]],[[-9.16274,38.71774],[-9.16286,38.71784],[-9.16349,38.71784],[-9.16375,38.71774],[-9.16349,38.71717],[-9.16286,38.71717],[-9.16274,38.71774]],[[-9.20378,38.70071],[-9.20386,38.70093],[-9.20449,38.70093],[-9.20459,38.70071],[-9.20449,38.70037],[-9.20386,38.70037],[-9.20378,38.70071]],[[-9.20212,38.69818],[-9.20197,38.69801],[-9.20134,38.69801],[-9.20129,38.69818],[-9.20118,38.69882],[-9.20134,38.69908],[-9.20197,38.69908],[-9.20211,38.69882],[-9.20212,38.69818]],[[-9.22404,38.70006],[-9.22402,38.70008],[-9.22404,38.70018],[-9.22406,38.70008],[-9.22404,38.70006]],[[-9.2214,38.69692],[-9.22152,38.69703],[-9.22215,38.69703],[-9.22228,38.69692],[-9.22215,38.6965],[-9.22152,38.6965],[-9.2214,38.69692]],[[-9.22089,38.69617],[-9.22079,38.69629],[-9.22089,38.69645],[-9.22135,38.69629],[-9.22089,38.69617]],[[-9.22087,38.71143],[-9.22085,38.71206],[-9.22089,38.71215],[-9.22092,38.71206],[-9.2212,38.71143],[-9.22152,38.71132],[-9.22215,38.71132],[-9.22222,38.7108],[-9.22215,38.71057],[-9.22152,38.71057],[-9.22089,38.71068],[-9.22075,38.7108],[-9.22087,38.71143]],[[-9.21963,38.70491],[-9.219,38.70469],[-9.21837,38.70473],[-9.218,38.70512],[-9.21837,38.70533],[-9.219,38.70536],[-9.21963,38.70551],[-9.22004,38.70512],[-9.21963,38.70491]],[[-9.21683,38.70386],[-9.2171,38.70441],[-9.21773,38.70425],[-9.21812,38.70386],[-9.21773,38.70328],[-9.2171,38.7037],[-9.21683,38.70386]],[[-9.21566,38.69882],[-9.21584,38.69887],[-9.21647,38.69887],[-9.21661,38.69882],[-9.21647,38.69875],[-9.21584,38.69875],[-9.21566,38.69882]],[[-9.21521,38.70373],[-9.21508,38.70386],[-9.21521,38.70406],[-9.21544,38.70386],[-9.21521,38.70373]],[[-9.21393,38.70197],[-9.21395,38.70198],[-9.21458,38.70199],[-9.21461,38.70197],[-9.21458,38.70195],[-9.21395,38.70195],[-9.21393,38.70197]],[[-9.21458,38.71188],[-9.21436,38.71206],[-9.21458,38.71269],[-9.21473,38.71206],[-9.21458,38.71188]],[[-9.2136,38.71648],[-9.21332,38.71598],[-9.21269,38.71598],[-9.21215,38.71648],[-9.21255,38.71711],[-9.21269,38.71728],[-9.21332,38.71728],[-9.21349,38.71711],[-9.2136,38.71648]],[[-9.21206,38.71768],[-9.21204,38.71774],[-9.21206,38.71775],[-9.21209,38.71774],[-9.21206,38.71768]],[[-9.21064,38.71963],[-9.2108,38.72],[-9.21143,38.71965],[-9.21144,38.71963],[-9.21143,38.71959],[-9.2108,38.71945],[-9.21064,38.71963]],[[-9.21017,38.71769],[-9.20953,38.71769],[-9.2089,38.71772],[-9.20886,38.71774],[-9.2089,38.71775],[-9.20953,38.71778],[-9.21017,38.71778],[-9.21018,38.71774],[-9.21017,38.71769]],[[-9.2089,38.7189],[-9.20877,38.719],[-9.2089,38.7193],[-9.20922,38.719],[-9.2089,38.7189]],[[-9.20827,38.71825],[-9.20823,38.71837],[-9.20827,38.71841],[-9.2083,38.71837],[-9.20827,38.71825]],[[-9.20638,38.71075],[-9.20636,38.7108],[-9.20638,38.71082],[-9.2067,38.7108],[-9.20638,38.71075]],[[-9.205,38.70954],[-9.20512,38.70982],[-9.20575,38.70967],[-9.20592,38.70954],[-9.20575,38.70946],[-9.20512,38.70934],[-9.205,38.70954]],[[-9.2026,38.70376],[-9.2025,38.70386],[-9.2026,38.70401],[-9.20275,38.70386],[-9.2026,38.70376]],[[-9.20197,38.70561],[-9.20134,38.70561],[-9.2007,38.70573],[-9.20061,38.70575],[-9.2007,38.7058],[-9.20134,38.70598],[-9.20197,38.70598],[-9.20225,38.70575],[-9.20197,38.70561]],[[-9.2007,38.70867],[-9.20036,38.70891],[-9.2007,38.70898],[-9.20083,38.70891],[-9.2007,38.70867]],[[-9.19944,38.70437],[-9.19934,38.70449],[-9.19944,38.70464],[-9.19954,38.70449],[-9.19944,38.70437]],[[-9.19884,38.70765],[-9.19881,38.7076],[-9.19818,38.7076],[-9.19817,38.70765],[-9.19804,38.70828],[-9.19818,38.70849],[-9.19881,38.70849],[-9.19912,38.70828],[-9.19884,38.70765]],[[-9.19629,38.70936],[-9.19621,38.70954],[-9.19629,38.70966],[-9.19636,38.70954],[-9.19629,38.70936]],[[-9.1937,38.71017],[-9.19377,38.71031],[-9.1944,38.71021],[-9.19443,38.71017],[-9.1944,38.71014],[-9.19377,38.71011],[-9.1937,38.71017]],[[-9.19606,38.70071],[-9.19613,38.70134],[-9.19629,38.70148],[-9.1967,38.70134],[-9.1967,38.70071],[-9.19629,38.70043],[-9.19606,38.70071]],[[-9.18935,38.70168],[-9.18998,38.70168],[-9.19061,38.70141],[-9.19067,38.70134],[-9.19095,38.70071],[-9.19124,38.70054],[-9.19187,38.70027],[-9.19238,38.70008],[-9.19187,38.69962],[-9.19124,38.69971],[-9.19084,38.69945],[-9.19124,38.69914],[-9.19166,38.69882],[-9.19124,38.69845],[-9.19061,38.69867],[-9.18998,38.69831],[-9.18935,38.69831],[-9.18872,38.69867],[-9.18809,38.69839],[-9.18791,38.69882],[-9.18746,38.69941],[-9.18683,38.69941],[-9.18679,38.69945],[-9.18683,38.69955],[-9.18746,38.69955],[-9.18809,38.69988],[-9.18846,38.69945],[-9.18872,38.69924],[-9.18935,38.69917],[-9.18998,38.69917],[-9.19037,38.69945],[-9.18998,38.69971],[-9.18935,38.69971],[-9.189,38.70008],[-9.18899,38.70071],[-9.18899,38.70134],[-9.18935,38.70168]],[[-9.18295,38.7026],[-9.18279,38.70323],[-9.18304,38.70332],[-9.18333,38.70323],[-9.18315,38.7026],[-9.18304,38.70231],[-9.18295,38.7026]],[[-9.18241,38.72274],[-9.18218,38.72278],[-9.18241,38.72285],[-9.18249,38.72278],[-9.18241,38.72274]],[[-9.18178,38.71612],[-9.18162,38.71648],[-9.18178,38.71676],[-9.18202,38.71648],[-9.18178,38.71612]],[[-9.18034,38.72278],[-9.18052,38.72284],[-9.18115,38.72284],[-9.18124,38.72278],[-9.18115,38.72268],[-9.18052,38.72267],[-9.18034,38.72278]],[[-9.17926,38.72455],[-9.17915,38.72468],[-9.17926,38.72472],[-9.17946,38.72468],[-9.17926,38.72455]],[[-9.20456,38.73855],[-9.20449,38.73848],[-9.20386,38.73848],[-9.20378,38.73855],[-9.20378,38.73918],[-9.20386,38.73926],[-9.20449,38.73926],[-9.20456,38.73918],[-9.20456,38.73855]],[[-9.20449,38.74547],[-9.20386,38.74547],[-9.20385,38.74549],[-9.2036,38.74612],[-9.20386,38.74661],[-9.20449,38.74661],[-9.20512,38.74659],[-9.20551,38.74612],[-9.20512,38.74576],[-9.20451,38.74549],[-9.20449,38.74547]],[[-9.20367,38.74738],[-9.20386,38.74779],[-9.20449,38.74779],[-9.20462,38.74738],[-9.20449,38.74726],[-9.20386,38.74726],[-9.20367,38.74738]],[[-9.2026,38.74294],[-9.20256,38.74297],[-9.2026,38.74299],[-9.20264,38.74297],[-9.2026,38.74294]],[[-9.2026,38.7425],[-9.20286,38.74234],[-9.2026,38.74179],[-9.20197,38.74232],[-9.20186,38.74234],[-9.20186,38.74297],[-9.20197,38.74298],[-9.20198,38.74297],[-9.2026,38.7425]],[[-9.20288,38.75306],[-9.20323,38.75332],[-9.20386,38.75332],[-9.20405,38.75306],[-9.20386,38.75295],[-9.20323,38.75295],[-9.20288,38.75306]],[[-9.20053,38.74864],[-9.2007,38.74888],[-9.20134,38.74888],[-9.20151,38.74864],[-9.20134,38.74842],[-9.2007,38.74842],[-9.20053,38.74864]],[[-9.20006,38.7499],[-9.19994,38.75054],[-9.20007,38.75067],[-9.20026,38.75054],[-9.20009,38.7499],[-9.20007,38.74988],[-9.20006,38.7499]],[[-9.19944,38.75008],[-9.19905,38.75054],[-9.19944,38.75099],[-9.19966,38.75054],[-9.19944,38.75008]],[[-9.19818,38.75044],[-9.19755,38.75044],[-9.19739,38.75054],[-9.19724,38.75117],[-9.19742,38.7518],[-9.19755,38.7519],[-9.19818,38.7519],[-9.19836,38.7518],[-9.19834,38.75117],[-9.19836,38.75054],[-9.19818,38.75044]],[[-9.20007,38.74076],[-9.19993,38.74107],[-9.20007,38.74121],[-9.20019,38.74107],[-9.20007,38.74076]],[[-9.19314,38.74592],[-9.19275,38.74612],[-9.19314,38.74639],[-9.19329,38.74612],[-9.19314,38.74592]],[[-9.19251,38.74342],[-9.19187,38.74342],[-9.19124,38.74345],[-9.19109,38.7436],[-9.19124,38.74369],[-9.19187,38.74388],[-9.19251,38.74388],[-9.1927,38.7436],[-9.19251,38.74342]],[[-9.19041,38.74486],[-9.19041,38.74549],[-9.19061,38.74596],[-9.19086,38.74549],[-9.19086,38.74486],[-9.19061,38.74439],[-9.19041,38.74486]],[[-9.18914,38.7436],[-9.18935,38.74405],[-9.18998,38.74405],[-9.19019,38.7436],[-9.18998,38.74348],[-9.18935,38.74348],[-9.18914,38.7436]],[[-9.18178,38.74648],[-9.18135,38.74675],[-9.18178,38.74684],[-9.18188,38.74675],[-9.18178,38.74648]],[[-9.18158,38.75306],[-9.18115,38.75284],[-9.18052,38.75284],[-9.17989,38.7529],[-9.17984,38.75306],[-9.17986,38.75369],[-9.17989,38.75371],[-9.17994,38.75369],[-9.18052,38.75346],[-9.18115,38.75346],[-9.18158,38.75306]],[[-9.17926,38.75737],[-9.17863,38.75746],[-9.17847,38.75747],[-9.178,38.75752],[-9.17737,38.75752],[-9.17708,38.7581],[-9.17708,38.75873],[-9.17737,38.75903],[-9.178,38.75903],[-9.17848,38.75873],[-9.17848,38.7581],[-9.17863,38.75753],[-9.17926,38.75754],[-9.17928,38.75747],[-9.17926,38.75737]],[[-9.16665,38.76806],[-9.16661,38.7682],[-9.16665,38.76823],[-9.16675,38.7682],[-9.16665,38.76806]],[[-9.16534,38.76504],[-9.16538,38.76507],[-9.16601,38.76507],[-9.1661,38.76504],[-9.16601,38.76499],[-9.16538,38.76499],[-9.16534,38.76504]],[[-9.16286,38.76793],[-9.16349,38.76793],[-9.16412,38.76769],[-9.16427,38.76756],[-9.16434,38.76693],[-9.16433,38.7663],[-9.16431,38.76567],[-9.16412,38.76553],[-9.16399,38.76567],[-9.16349,38.76626],[-9.16286,38.76626],[-9.16223,38.76617],[-9.16215,38.7663],[-9.16204,38.76693],[-9.1616,38.76732],[-9.16127,38.76756],[-9.1616,38.76773],[-9.16223,38.76797],[-9.16286,38.76793]],[[-9.16223,38.76941],[-9.16219,38.76946],[-9.16223,38.7695],[-9.16229,38.76946],[-9.16223,38.76941]],[[-9.16095,38.76441],[-9.16096,38.76504],[-9.16097,38.76506],[-9.16099,38.76504],[-9.16099,38.76441],[-9.16097,38.76438],[-9.16095,38.76441]],[[-9.15529,38.77019],[-9.15582,38.77009],[-9.15592,38.77003],[-9.15608,38.77009],[-9.15592,38.77025],[-9.15586,38.77072],[-9.15583,38.77135],[-9.15592,38.77145],[-9.15655,38.77187],[-9.15718,38.77187],[-9.15782,38.77143],[-9.15797,38.77135],[-9.15797,38.77072],[-9.15808,38.77009],[-9.15782,38.76989],[-9.15734,38.76946],[-9.15718,38.76932],[-9.15655,38.76932],[-9.15592,38.76926],[-9.15549,38.76946],[-9.15529,38.76977],[-9.15523,38.77009],[-9.15529,38.77019]],[[-9.1534,38.76726],[-9.15322,38.76756],[-9.1534,38.76774],[-9.15362,38.76756],[-9.1534,38.76726]],[[-9.15277,38.77114],[-9.15214,38.77125],[-9.15151,38.77094],[-9.15088,38.77094],[-9.15078,38.77135],[-9.15063,38.77198],[-9.15085,38.77261],[-9.15088,38.77264],[-9.15151,38.77264],[-9.15182,38.77261],[-9.15214,38.77254],[-9.15248,38.77198],[-9.15277,38.77168],[-9.15308,38.77135],[-9.15277,38.77114]],[[-9.15025,38.77318],[-9.1501,38.77324],[-9.15025,38.77329],[-9.1503,38.77324],[-9.15025,38.77318]],[[-9.14898,38.76819],[-9.14835,38.76819],[-9.14833,38.7682],[-9.14835,38.76851],[-9.14898,38.76851],[-9.14909,38.76883],[-9.14962,38.76893],[-9.14984,38.76883],[-9.14982,38.7682],[-9.14962,38.76797],[-9.14898,38.76819]],[[-9.1452,38.75807],[-9.14496,38.7581],[-9.14457,38.75816],[-9.14452,38.7581],[-9.14394,38.75764],[-9.14343,38.7581],[-9.14351,38.75873],[-9.14331,38.7589],[-9.14268,38.7589],[-9.14247,38.75873],[-9.14256,38.7581],[-9.1422,38.75747],[-9.14205,38.75744],[-9.14183,38.75684],[-9.14205,38.75649],[-9.14224,38.75621],[-9.14205,38.75596],[-9.14142,38.75599],[-9.14079,38.75603],[-9.14021,38.75558],[-9.14015,38.75541],[-9.13952,38.75541],[-9.13945,38.75558],[-9.13935,38.75621],[-9.13952,38.75632],[-9.14015,38.75632],[-9.14076,38.75684],[-9.14045,38.75747],[-9.14079,38.75775],[-9.14128,38.75747],[-9.14142,38.75732],[-9.14199,38.75747],[-9.14142,38.75769],[-9.14123,38.7581],[-9.14123,38.75873],[-9.14079,38.75899],[-9.14026,38.75937],[-9.14015,38.75989],[-9.13952,38.75989],[-9.13923,38.75937],[-9.13905,38.75873],[-9.13905,38.7581],[-9.13889,38.75809],[-9.13887,38.7581],[-9.13887,38.75873],[-9.13851,38.75937],[-9.13879,38.76],[-9.13867,38.76063],[-9.13889,38.76072],[-9.13942,38.76063],[-9.13952,38.76047],[-9.14015,38.76047],[-9.14017,38.76063],[-9.14052,38.76126],[-9.14079,38.76158],[-9.14114,38.76189],[-9.14142,38.76214],[-9.14191,38.76252],[-9.14142,38.76305],[-9.14129,38.76315],[-9.14142,38.7634],[-9.14163,38.76378],[-9.14205,38.76403],[-9.14268,38.76422],[-9.14331,38.76422],[-9.14394,38.76437],[-9.14457,38.76414],[-9.14497,38.76378],[-9.1452,38.76344],[-9.14583,38.76344],[-9.14618,38.76315],[-9.14646,38.76306],[-9.14682,38.76315],[-9.14709,38.76332],[-9.14724,38.76315],[-9.14709,38.76297],[-9.14694,38.76252],[-9.14684,38.76189],[-9.14646,38.76145],[-9.14583,38.76155],[-9.1452,38.76155],[-9.14506,38.76126],[-9.14487,38.76063],[-9.1452,38.76015],[-9.14583,38.76015],[-9.14642,38.76063],[-9.14646,38.76071],[-9.14651,38.76063],[-9.14655,38.76],[-9.14646,38.75992],[-9.14583,38.75987],[-9.1452,38.75987],[-9.14457,38.75962],[-9.14436,38.75937],[-9.14457,38.75921],[-9.1452,38.75889],[-9.14583,38.75889],[-9.14605,38.75873],[-9.14599,38.7581],[-9.14583,38.75807],[-9.1452,38.75807]],[[-9.14268,38.76618],[-9.14205,38.7663],[-9.14268,38.76631],[-9.14299,38.7663],[-9.14268,38.76618]],[[-9.1394,38.76126],[-9.13952,38.76133],[-9.14015,38.76133],[-9.14019,38.76126],[-9.14015,38.7612],[-9.13952,38.7612],[-9.1394,38.76126]],[[-9.137,38.76124],[-9.13637,38.76124],[-9.13632,38.76126],[-9.13637,38.76128],[-9.137,38.76128],[-9.13716,38.76126],[-9.13763,38.76122],[-9.13811,38.76126],[-9.13826,38.76128],[-9.13828,38.76126],[-9.13826,38.76119],[-9.13817,38.76063],[-9.13763,38.76015],[-9.13723,38.76063],[-9.137,38.76124]],[[-9.13763,38.76139],[-9.13746,38.76189],[-9.13763,38.76205],[-9.13781,38.76189],[-9.13763,38.76139]],[[-9.13574,38.76303],[-9.13558,38.76315],[-9.13574,38.76321],[-9.13581,38.76315],[-9.13574,38.76303]],[[-9.13173,38.77387],[-9.13182,38.7745],[-9.13196,38.77462],[-9.13213,38.7745],[-9.13235,38.77387],[-9.13196,38.77353],[-9.13173,38.77387]],[[-9.13006,38.77488],[-9.12984,38.77513],[-9.13006,38.77538],[-9.13043,38.77513],[-9.13006,38.77488]],[[-9.12943,38.7788],[-9.12931,38.77892],[-9.12943,38.7792],[-9.12956,38.77892],[-9.12943,38.7788]],[[-9.12754,38.76462],[-9.12698,38.76504],[-9.12691,38.76557],[-9.1269,38.76567],[-9.12691,38.76569],[-9.12754,38.76624],[-9.12817,38.76624],[-9.12843,38.76567],[-9.12843,38.76504],[-9.12817,38.76462],[-9.12754,38.76462]],[[-9.13005,38.7581],[-9.13006,38.75807],[-9.13069,38.75784],[-9.13132,38.75784],[-9.13175,38.75747],[-9.13196,38.75732],[-9.1322,38.75747],[-9.13218,38.7581],[-9.13259,38.7582],[-9.13306,38.7581],[-9.13306,38.75747],[-9.13322,38.7572],[-9.13333,38.75684],[-9.13322,38.75658],[-9.13312,38.75621],[-9.13259,38.75574],[-9.13196,38.75598],[-9.13132,38.7556],[-9.13069,38.7556],[-9.13066,38.75558],[-9.13047,38.75495],[-9.13006,38.75466],[-9.12964,38.75432],[-9.12972,38.75369],[-9.12943,38.75341],[-9.12908,38.75306],[-9.12912,38.75243],[-9.1288,38.75188],[-9.12817,38.75188],[-9.12812,38.7518],[-9.12817,38.75174],[-9.1288,38.75174],[-9.12943,38.75132],[-9.12982,38.75117],[-9.12943,38.7509],[-9.12915,38.75054],[-9.1288,38.75011],[-9.12817,38.75011],[-9.12777,38.7499],[-9.12754,38.74951],[-9.12746,38.74927],[-9.12754,38.74914],[-9.12779,38.74864],[-9.12754,38.74835],[-9.12691,38.74845],[-9.12684,38.74864],[-9.12628,38.74916],[-9.12608,38.74927],[-9.12581,38.7499],[-9.12605,38.75054],[-9.12628,38.75064],[-9.12658,38.75117],[-9.12691,38.75157],[-9.12709,38.7518],[-9.12691,38.75213],[-9.12628,38.75202],[-9.12593,38.7518],[-9.12565,38.75147],[-9.12502,38.75147],[-9.12465,38.75117],[-9.12494,38.75054],[-9.12439,38.75012],[-9.12399,38.75054],[-9.12376,38.75112],[-9.12372,38.75117],[-9.12337,38.7518],[-9.12376,38.75211],[-9.12395,38.75243],[-9.12376,38.75253],[-9.12322,38.75306],[-9.12376,38.75349],[-9.12394,38.75369],[-9.12406,38.75432],[-9.12376,38.75461],[-9.12355,38.75495],[-9.12376,38.75544],[-9.12412,38.75558],[-9.12376,38.75572],[-9.12353,38.75621],[-9.12374,38.75684],[-9.12376,38.75695],[-9.12402,38.75747],[-9.12376,38.75757],[-9.12362,38.75747],[-9.12313,38.7573],[-9.12293,38.75747],[-9.12313,38.75797],[-9.12322,38.7581],[-9.12376,38.75871],[-9.12378,38.75873],[-9.12439,38.75894],[-9.12491,38.75937],[-9.1244,38.76],[-9.12439,38.76001],[-9.12416,38.76063],[-9.12415,38.76126],[-9.12405,38.76189],[-9.12425,38.76252],[-9.12439,38.76258],[-9.12474,38.76315],[-9.12502,38.76336],[-9.12565,38.76336],[-9.12628,38.76342],[-9.12689,38.76315],[-9.12691,38.76299],[-9.12695,38.76252],[-9.12691,38.7624],[-9.12645,38.76189],[-9.12667,38.76126],[-9.12691,38.76114],[-9.12754,38.76094],[-9.12817,38.76076],[-9.1288,38.76076],[-9.12895,38.76063],[-9.12943,38.76026],[-9.12987,38.76],[-9.13006,38.75986],[-9.13032,38.76],[-9.13069,38.76013],[-9.13132,38.76013],[-9.1315,38.76],[-9.13132,38.75979],[-9.13069,38.75979],[-9.13041,38.75937],[-9.13006,38.75896],[-9.12968,38.75937],[-9.12943,38.75968],[-9.1291,38.75937],[-9.1288,38.75905],[-9.12817,38.75905],[-9.12795,38.75873],[-9.12817,38.75843],[-9.1288,38.75843],[-9.1293,38.75873],[-9.12943,38.75886],[-9.12956,38.75873],[-9.13005,38.7581]],[[-9.12303,38.76946],[-9.12313,38.76954],[-9.12376,38.76979],[-9.12412,38.76946],[-9.12439,38.7693],[-9.125,38.76883],[-9.12439,38.76841],[-9.12406,38.76883],[-9.12376,38.76925],[-9.12333,38.76883],[-9.12365,38.7682],[-9.12313,38.76767],[-9.12249,38.76805],[-9.12186,38.76805],[-9.12142,38.7682],[-9.12186,38.76835],[-9.12249,38.76835],[-9.12286,38.76883],[-9.12303,38.76946]],[[-9.12177,38.77009],[-9.12186,38.77022],[-9.12249,38.77022],[-9.12262,38.77009],[-9.12249,38.76995],[-9.12186,38.76995],[-9.12177,38.77009]],[[-9.1205,38.75684],[-9.1206,38.75697],[-9.12123,38.75717],[-9.12174,38.75684],[-9.12123,38.7566],[-9.1206,38.75645],[-9.1205,38.75684]],[[-9.1206,38.76417],[-9.11997,38.7642],[-9.11934,38.7642],[-9.11912,38.76441],[-9.11934,38.765],[-9.11997,38.765],[-9.1206,38.76473],[-9.12105,38.76441],[-9.1206,38.76417]],[[-9.11871,38.76598],[-9.11842,38.7663],[-9.11871,38.76656],[-9.11919,38.7663],[-9.11871,38.76598]],[[-9.1174,38.7682],[-9.11745,38.76826],[-9.11808,38.76824],[-9.11809,38.7682],[-9.11808,38.76815],[-9.11745,38.76813],[-9.1174,38.7682]],[[-9.11859,38.77576],[-9.11861,38.77639],[-9.11871,38.77645],[-9.11879,38.77639],[-9.11914,38.77576],[-9.11871,38.77559],[-9.11859,38.77576]],[[-9.11745,38.77941],[-9.11808,38.7791],[-9.11871,38.77893],[-9.11879,38.77892],[-9.11871,38.77889],[-9.11834,38.77829],[-9.11839,38.77766],[-9.11808,38.77744],[-9.11782,38.77766],[-9.11782,38.77829],[-9.11745,38.77851],[-9.11715,38.77892],[-9.11745,38.77941]],[[-9.11284,38.76378],[-9.11303,38.76396],[-9.11366,38.76396],[-9.11382,38.76378],[-9.11366,38.76358],[-9.11303,38.76358],[-9.11284,38.76378]],[[-9.11051,38.76245],[-9.11027,38.76252],[-9.10988,38.76291],[-9.10979,38.76315],[-9.10988,38.76327],[-9.11051,38.76321],[-9.11114,38.76321],[-9.11128,38.76315],[-9.11119,38.76252],[-9.11114,38.76245],[-9.11051,38.76245]],[[-9.11808,38.75677],[-9.11769,38.75684],[-9.11808,38.75692],[-9.11815,38.75684],[-9.11808,38.75677]],[[-9.11745,38.75599],[-9.11722,38.75621],[-9.11745,38.75644],[-9.11792,38.75621],[-9.11745,38.75599]],[[-9.11556,38.75539],[-9.11508,38.75558],[-9.11556,38.75576],[-9.11583,38.75558],[-9.11556,38.75539]],[[-9.12186,38.74358],[-9.12185,38.7436],[-9.12186,38.74361],[-9.12188,38.7436],[-9.12186,38.74358]],[[-9.11997,38.7363],[-9.1197,38.73666],[-9.11997,38.73685],[-9.12015,38.73666],[-9.11997,38.7363]],[[-9.11834,38.73477],[-9.11871,38.73523],[-9.11934,38.73522],[-9.11972,38.73477],[-9.11934,38.73445],[-9.11871,38.73449],[-9.11834,38.73477]],[[-9.11821,38.73287],[-9.11808,38.73269],[-9.11759,38.73287],[-9.11759,38.73351],[-9.11745,38.73357],[-9.11686,38.73414],[-9.11745,38.73461],[-9.11801,38.73414],[-9.11808,38.73399],[-9.11815,38.73351],[-9.11821,38.73287]],[[-9.11682,38.7307],[-9.11619,38.7307],[-9.11556,38.73087],[-9.11546,38.73098],[-9.11556,38.73113],[-9.11619,38.73143],[-9.11682,38.73143],[-9.11722,38.73098],[-9.11682,38.7307]],[[-9.11545,38.73287],[-9.11545,38.73351],[-9.11556,38.73354],[-9.11564,38.73351],[-9.11564,38.73287],[-9.11556,38.73278],[-9.11545,38.73287]],[[-9.11493,38.73382],[-9.11479,38.73414],[-9.11493,38.73425],[-9.11506,38.73414],[-9.11493,38.73382]],[[-9.11453,38.73287],[-9.11429,38.73261],[-9.11366,38.73261],[-9.11339,38.73287],[-9.11306,38.73351],[-9.11366,38.73391],[-9.11429,38.73391],[-9.11453,38.73351],[-9.11453,38.73287]],[[-9.11269,38.72972],[-9.11259,38.73035],[-9.11303,38.73067],[-9.11341,38.73035],[-9.11361,38.72972],[-9.11303,38.72942],[-9.11269,38.72972]],[[-9.1124,38.73108],[-9.11193,38.73161],[-9.1124,38.73211],[-9.1127,38.73161],[-9.1124,38.73108]],[[-9.11036,38.73161],[-9.10988,38.73144],[-9.10949,38.73161],[-9.10988,38.73209],[-9.11046,38.73224],[-9.11051,38.73226],[-9.11114,38.73226],[-9.11122,38.73224],[-9.11114,38.73219],[-9.11051,38.73219],[-9.11036,38.73161]],[[-9.10896,38.73287],[-9.10896,38.73351],[-9.10925,38.73384],[-9.10958,38.73351],[-9.10958,38.73287],[-9.10925,38.7325],[-9.10896,38.73287]],[[-9.10673,38.7429],[-9.10665,38.74297],[-9.10673,38.74303],[-9.10685,38.74297],[-9.10673,38.7429]],[[-9.10925,38.75178],[-9.10921,38.7518],[-9.10925,38.75186],[-9.10927,38.7518],[-9.10925,38.75178]],[[-9.10673,38.74797],[-9.10667,38.74801],[-9.10673,38.74805],[-9.10676,38.74801],[-9.10673,38.74797]],[[-9.10461,38.74297],[-9.10483,38.74305],[-9.10546,38.74305],[-9.10599,38.74297],[-9.10546,38.74286],[-9.10483,38.74286],[-9.10461,38.74297]],[[-9.1042,38.74353],[-9.10419,38.7436],[-9.1042,38.74361],[-9.10422,38.7436],[-9.1042,38.74353]],[[-9.1061,38.75571],[-9.106,38.75621],[-9.1061,38.75654],[-9.10668,38.75621],[-9.1061,38.75571]],[[-9.1042,38.75947],[-9.10483,38.7596],[-9.10546,38.7596],[-9.10549,38.75937],[-9.1055,38.75873],[-9.10546,38.75862],[-9.10483,38.75862],[-9.1042,38.75847],[-9.10357,38.75855],[-9.10324,38.75873],[-9.10357,38.75895],[-9.10389,38.75937],[-9.1042,38.75947]],[[-9.10357,38.73771],[-9.10342,38.73792],[-9.10357,38.73848],[-9.10385,38.73792],[-9.10357,38.73771]],[[-9.10294,38.73775],[-9.10284,38.73792],[-9.10294,38.73797],[-9.10298,38.73792],[-9.10294,38.73775]],[[-9.18115,38.736],[-9.18052,38.736],[-9.17989,38.73587],[-9.17983,38.73603],[-9.17989,38.73606],[-9.18052,38.73609],[-9.18115,38.73609],[-9.1812,38.73603],[-9.18115,38.736]],[[-9.17698,38.72468],[-9.17737,38.72522],[-9.178,38.72522],[-9.17841,38.72468],[-9.178,38.72433],[-9.17737,38.72433],[-9.17698,38.72468]],[[-9.17474,38.73161],[-9.17484,38.7317],[-9.17548,38.7317],[-9.17566,38.73161],[-9.17548,38.73141],[-9.17484,38.73141],[-9.17474,38.73161]],[[-9.17358,38.72902],[-9.17354,38.72909],[-9.17358,38.72914],[-9.1737,38.72909],[-9.17358,38.72902]],[[-9.17415,38.72594],[-9.17419,38.72657],[-9.17421,38.7266],[-9.17427,38.72657],[-9.17433,38.72594],[-9.17421,38.72586],[-9.17415,38.72594]],[[-9.18021,38.71963],[-9.18004,38.719],[-9.17989,38.71845],[-9.17977,38.719],[-9.17973,38.71963],[-9.1797,38.72026],[-9.17989,38.72069],[-9.18021,38.72026],[-9.18021,38.71963]],[[-9.17926,38.72206],[-9.17915,38.72215],[-9.17926,38.72218],[-9.17968,38.72215],[-9.17926,38.72206]],[[-9.17896,38.71963],[-9.17896,38.719],[-9.17863,38.71872],[-9.1783,38.719],[-9.1781,38.71963],[-9.1781,38.72026],[-9.17863,38.72079],[-9.179,38.72026],[-9.17896,38.71963]],[[-9.178,38.71835],[-9.17794,38.71837],[-9.178,38.71839],[-9.17801,38.71837],[-9.178,38.71835]],[[-9.17678,38.71963],[-9.17704,38.719],[-9.17674,38.71875],[-9.17648,38.719],[-9.17667,38.71963],[-9.17667,38.72026],[-9.17674,38.72037],[-9.17678,38.72026],[-9.17678,38.71963]],[[-9.17295,38.71763],[-9.17293,38.71774],[-9.17295,38.71776],[-9.17298,38.71774],[-9.17295,38.71763]],[[-9.17164,38.71837],[-9.17169,38.7185],[-9.17232,38.71872],[-9.17259,38.71837],[-9.17232,38.7181],[-9.17169,38.71828],[-9.17164,38.71837]],[[-9.1698,38.72063],[-9.16917,38.72063],[-9.16854,38.72065],[-9.16832,38.72089],[-9.16854,38.72136],[-9.16917,38.72111],[-9.1698,38.72111],[-9.16998,38.72089],[-9.1698,38.72063]],[[-9.16791,38.72129],[-9.16731,38.72152],[-9.16791,38.72174],[-9.16839,38.72152],[-9.16791,38.72129]],[[-9.16728,38.72518],[-9.16723,38.72531],[-9.16728,38.7254],[-9.16736,38.72531],[-9.16728,38.72518]],[[-9.16196,38.7272],[-9.1616,38.72756],[-9.161,38.72783],[-9.16097,38.72788],[-9.16034,38.72788],[-9.15971,38.72837],[-9.15959,38.72846],[-9.15971,38.72877],[-9.16016,38.72909],[-9.16034,38.72916],[-9.16097,38.72916],[-9.1616,38.72932],[-9.16223,38.72939],[-9.16272,38.72972],[-9.16286,38.73027],[-9.16349,38.73027],[-9.16412,38.72999],[-9.1645,38.72972],[-9.1646,38.72909],[-9.16412,38.72889],[-9.16374,38.72846],[-9.16412,38.72802],[-9.16475,38.72791],[-9.16538,38.72846],[-9.16495,38.72909],[-9.16538,38.72924],[-9.16586,38.72972],[-9.16601,38.72984],[-9.16665,38.72984],[-9.16677,38.72972],[-9.16676,38.72909],[-9.16665,38.72852],[-9.16601,38.72852],[-9.1657,38.72846],[-9.16581,38.72783],[-9.1656,38.7272],[-9.16543,38.72657],[-9.16601,38.72604],[-9.16665,38.72604],[-9.16679,38.72594],[-9.16672,38.72531],[-9.16665,38.72516],[-9.16601,38.72516],[-9.16576,38.72468],[-9.16538,38.72442],[-9.16505,38.72468],[-9.16495,38.72531],[-9.16519,38.72594],[-9.16475,38.72608],[-9.1642,38.72594],[-9.1642,38.72531],[-9.16412,38.72528],[-9.1641,38.72531],[-9.16349,38.72586],[-9.16286,38.72586],[-9.16223,38.72582],[-9.16186,38.72531],[-9.1616,38.72518],[-9.16113,38.72531],[-9.16151,38.72594],[-9.1616,38.72605],[-9.16196,38.72657],[-9.16196,38.7272]],[[-9.17737,38.73991],[-9.178,38.73991],[-9.17863,38.73984],[-9.17869,38.73981],[-9.17863,38.73975],[-9.178,38.73975],[-9.17737,38.73975],[-9.1769,38.73918],[-9.17674,38.73902],[-9.17664,38.73918],[-9.17664,38.73981],[-9.17674,38.73987],[-9.17737,38.73991]],[[-9.16791,38.7347],[-9.16782,38.73477],[-9.16791,38.73484],[-9.168,38.73477],[-9.16791,38.7347]],[[-9.16475,38.72823],[-9.1642,38.72846],[-9.16475,38.72874],[-9.16501,38.72846],[-9.16475,38.72823]],[[-9.15845,38.72841],[-9.1584,38.72846],[-9.15845,38.7285],[-9.15852,38.72846],[-9.15845,38.72841]],[[-9.15655,38.72902],[-9.15624,38.72909],[-9.15655,38.72919],[-9.15667,38.72909],[-9.15655,38.72902]],[[-9.15599,38.72972],[-9.15592,38.72948],[-9.15582,38.72972],[-9.15529,38.73019],[-9.15477,38.73035],[-9.15529,38.73046],[-9.15592,38.73045],[-9.15617,38.73035],[-9.15599,38.72972]],[[-9.15393,38.73161],[-9.15403,38.73163],[-9.15466,38.73163],[-9.15469,38.73161],[-9.15466,38.73157],[-9.15403,38.73157],[-9.15393,38.73161]],[[-9.1534,38.729],[-9.15332,38.72909],[-9.1534,38.72915],[-9.15375,38.72909],[-9.1534,38.729]],[[-9.15318,38.72594],[-9.15293,38.72657],[-9.1534,38.72704],[-9.15384,38.72657],[-9.15375,38.72594],[-9.1534,38.72579],[-9.15318,38.72594]],[[-9.22141,38.70954],[-9.22152,38.7099],[-9.22215,38.7099],[-9.22253,38.70954],[-9.22215,38.70935],[-9.22152,38.70935],[-9.22141,38.70954]],[[-9.22089,38.70936],[-9.22081,38.70954],[-9.22089,38.70975],[-9.22095,38.70954],[-9.22089,38.70936]],[[-9.21963,38.70361],[-9.21934,38.70386],[-9.21963,38.70404],[-9.22005,38.70386],[-9.21963,38.70361]],[[-9.21834,38.7026],[-9.21837,38.70262],[-9.219,38.70262],[-9.21903,38.7026],[-9.219,38.70253],[-9.21837,38.70253],[-9.21834,38.7026]],[[-9.2171,38.70122],[-9.21695,38.70134],[-9.2171,38.70145],[-9.21722,38.70134],[-9.2171,38.70122]],[[-9.21581,38.69755],[-9.21584,38.69759],[-9.21647,38.69759],[-9.21652,38.69755],[-9.21647,38.6975],[-9.21584,38.6975],[-9.21581,38.69755]],[[-9.21442,38.69629],[-9.21458,38.69662],[-9.21521,38.69664],[-9.2156,38.69629],[-9.21521,38.69579],[-9.21458,38.69592],[-9.21442,38.69629]],[[-9.21395,38.69811],[-9.21391,38.69818],[-9.21395,38.69821],[-9.21413,38.69818],[-9.21395,38.69811]],[[-9.21263,38.71395],[-9.21269,38.71403],[-9.21332,38.71403],[-9.21334,38.71395],[-9.21332,38.71391],[-9.21269,38.71391],[-9.21263,38.71395]],[[-9.2114,38.71017],[-9.21143,38.71027],[-9.21206,38.71039],[-9.21233,38.71017],[-9.21206,38.70983],[-9.21143,38.71014],[-9.2114,38.71017]],[[-9.2112,38.71584],[-9.21128,38.71648],[-9.21143,38.7166],[-9.21183,38.71648],[-9.2117,38.71584],[-9.21143,38.71569],[-9.2112,38.71584]],[[-9.21055,38.71143],[-9.21048,38.71206],[-9.2108,38.71224],[-9.21109,38.71206],[-9.21111,38.71143],[-9.2108,38.71127],[-9.21055,38.71143]],[[-9.2089,38.71301],[-9.20837,38.71269],[-9.20827,38.71264],[-9.20822,38.71269],[-9.20812,38.71332],[-9.20827,38.7135],[-9.2089,38.71358],[-9.20953,38.71353],[-9.21017,38.71353],[-9.21031,38.71332],[-9.21038,38.71269],[-9.21017,38.71234],[-9.20953,38.71234],[-9.2092,38.71269],[-9.2089,38.71301]],[[-9.2089,38.71571],[-9.20868,38.71584],[-9.2089,38.71624],[-9.20901,38.71584],[-9.2089,38.71571]],[[-9.2089,38.71821],[-9.20875,38.71837],[-9.2089,38.7185],[-9.2091,38.71837],[-9.2089,38.71821]],[[-9.20558,38.70828],[-9.20575,38.70847],[-9.20638,38.70833],[-9.20643,38.70828],[-9.20638,38.70816],[-9.20575,38.70811],[-9.20558,38.70828]],[[-9.20386,38.70866],[-9.20449,38.70866],[-9.20512,38.7085],[-9.20518,38.70828],[-9.20575,38.7077],[-9.20585,38.70765],[-9.20575,38.70754],[-9.20512,38.70733],[-9.2051,38.70765],[-9.20449,38.70787],[-9.20386,38.70787],[-9.20339,38.70828],[-9.20386,38.70866]],[[-9.20197,38.70484],[-9.20134,38.70484],[-9.2007,38.70487],[-9.20035,38.70512],[-9.2007,38.70538],[-9.20134,38.70532],[-9.20197,38.70532],[-9.20231,38.70512],[-9.20197,38.70484]],[[-9.19814,38.70638],[-9.19818,38.70643],[-9.19881,38.70643],[-9.19885,38.70638],[-9.19881,38.70635],[-9.19818,38.70635],[-9.19814,38.70638]],[[-9.19124,38.69753],[-9.19122,38.69755],[-9.19124,38.69759],[-9.19129,38.69755],[-9.19124,38.69753]],[[-9.18872,38.69813],[-9.18866,38.69818],[-9.18872,38.69823],[-9.18879,38.69818],[-9.18872,38.69813]],[[-9.18241,38.72148],[-9.18238,38.72152],[-9.18241,38.72156],[-9.18245,38.72152],[-9.18241,38.72148]],[[-9.18041,38.71521],[-9.18052,38.71534],[-9.18115,38.71534],[-9.18137,38.71521],[-9.18115,38.71514],[-9.18052,38.71514],[-9.18041,38.71521]],[[-9.20512,38.74484],[-9.20508,38.74486],[-9.20512,38.74488],[-9.20522,38.74486],[-9.20512,38.74484]],[[-9.20197,38.74162],[-9.20134,38.74159],[-9.2007,38.74159],[-9.20057,38.7417],[-9.2007,38.74186],[-9.20134,38.74186],[-9.20197,38.74178],[-9.20205,38.7417],[-9.20197,38.74162]],[[-9.20311,38.75243],[-9.20323,38.75252],[-9.20386,38.75252],[-9.204,38.75243],[-9.20386,38.75232],[-9.20323,38.75232],[-9.20311,38.75243]],[[-9.20007,38.74838],[-9.19964,38.74864],[-9.20007,38.74888],[-9.20018,38.74864],[-9.20007,38.74838]],[[-9.19314,38.74439],[-9.19288,38.74486],[-9.19314,38.74504],[-9.19328,38.74486],[-9.19314,38.74439]],[[-9.19166,38.74234],[-9.19187,38.74259],[-9.19251,38.74259],[-9.19275,38.74234],[-9.19251,38.74209],[-9.19187,38.74209],[-9.19166,38.74234]],[[-9.18751,38.74297],[-9.18809,38.74239],[-9.18872,38.7426],[-9.18909,38.74297],[-9.18935,38.74301],[-9.18998,38.74301],[-9.19061,38.74308],[-9.19073,38.74297],[-9.19124,38.74249],[-9.1913,38.74234],[-9.19124,38.74189],[-9.19061,38.74198],[-9.18998,38.74186],[-9.18935,38.74186],[-9.18872,38.74227],[-9.18809,38.74231],[-9.18746,38.74232],[-9.18718,38.7417],[-9.18683,38.74126],[-9.1862,38.74126],[-9.18557,38.74128],[-9.18529,38.74107],[-9.18494,38.74087],[-9.18464,38.74107],[-9.18431,38.74155],[-9.18368,38.74133],[-9.18304,38.74133],[-9.18244,38.7417],[-9.18302,38.74234],[-9.18304,38.74236],[-9.18368,38.74236],[-9.1837,38.74234],[-9.18431,38.74185],[-9.18494,38.74228],[-9.18557,38.74203],[-9.18589,38.74234],[-9.1862,38.74284],[-9.18683,38.74284],[-9.18738,38.74297],[-9.18746,38.74312],[-9.18751,38.74297]],[[-9.17863,38.75637],[-9.17851,38.75684],[-9.17863,38.75688],[-9.17867,38.75684],[-9.17863,38.75637]],[[-9.16665,38.76691],[-9.16662,38.76693],[-9.16665,38.76695],[-9.16667,38.76693],[-9.16665,38.76691]],[[-9.1616,38.76537],[-9.16132,38.76567],[-9.1616,38.766],[-9.16203,38.76567],[-9.1616,38.76537]],[[-9.15655,38.76847],[-9.15718,38.76847],[-9.15782,38.76826],[-9.15783,38.7682],[-9.15845,38.76783],[-9.15908,38.76801],[-9.15971,38.76776],[-9.16034,38.76776],[-9.16053,38.76756],[-9.16034,38.76722],[-9.15971,38.76722],[-9.15908,38.76712],[-9.15845,38.76713],[-9.15782,38.76704],[-9.15729,38.76756],[-9.15718,38.76788],[-9.15655,38.76788],[-9.15637,38.7682],[-9.15655,38.76847]],[[-9.15827,38.75873],[-9.15845,38.75888],[-9.15892,38.75937],[-9.15845,38.75993],[-9.15826,38.76],[-9.15802,38.76063],[-9.15845,38.76085],[-9.15899,38.76063],[-9.15908,38.76054],[-9.15916,38.76063],[-9.15971,38.76084],[-9.16034,38.76084],[-9.16097,38.76087],[-9.16149,38.76063],[-9.1616,38.7604],[-9.16176,38.76063],[-9.1617,38.76126],[-9.1616,38.76131],[-9.16108,38.76189],[-9.1614,38.76252],[-9.16128,38.76315],[-9.1614,38.76378],[-9.1616,38.76393],[-9.16176,38.76378],[-9.1619,38.76315],[-9.16182,38.76252],[-9.16223,38.7623],[-9.16237,38.76252],[-9.16286,38.7631],[-9.16349,38.7631],[-9.1636,38.76315],[-9.16398,38.76378],[-9.16412,38.76388],[-9.16475,38.76424],[-9.16518,38.76378],[-9.16475,38.7633],[-9.16455,38.76315],[-9.16412,38.76263],[-9.16407,38.76252],[-9.16389,38.76189],[-9.16412,38.76168],[-9.16424,38.76189],[-9.16475,38.76229],[-9.16496,38.76252],[-9.16538,38.76312],[-9.16601,38.76312],[-9.16604,38.76315],[-9.16665,38.76358],[-9.16691,38.76378],[-9.16703,38.76441],[-9.16676,38.76504],[-9.16728,38.76519],[-9.16777,38.76567],[-9.16791,38.76596],[-9.16854,38.76593],[-9.16917,38.76593],[-9.16945,38.76567],[-9.16926,38.76504],[-9.16926,38.76441],[-9.16917,38.76429],[-9.16854,38.76429],[-9.16791,38.76412],[-9.16764,38.76378],[-9.16791,38.76334],[-9.16854,38.76339],[-9.16917,38.76339],[-9.16946,38.76378],[-9.1698,38.76407],[-9.17043,38.7641],[-9.17082,38.76378],[-9.17086,38.76315],[-9.17106,38.76294],[-9.17132,38.76252],[-9.17135,38.76189],[-9.17106,38.76143],[-9.17084,38.76126],[-9.17082,38.76063],[-9.17106,38.76057],[-9.17169,38.76056],[-9.17232,38.76056],[-9.17279,38.76],[-9.17295,38.75985],[-9.17352,38.76],[-9.17336,38.76063],[-9.17358,38.76102],[-9.17367,38.76126],[-9.17421,38.76142],[-9.17484,38.76142],[-9.17512,38.76126],[-9.17491,38.76063],[-9.17548,38.76052],[-9.17611,38.76019],[-9.17639,38.76],[-9.17645,38.75937],[-9.17611,38.75909],[-9.17572,38.75937],[-9.17548,38.75957],[-9.17484,38.75997],[-9.17421,38.75997],[-9.17361,38.75937],[-9.17402,38.75873],[-9.17358,38.75818],[-9.17303,38.75873],[-9.17295,38.75875],[-9.17293,38.75873],[-9.17293,38.7581],[-9.17232,38.75778],[-9.17169,38.75778],[-9.17106,38.75784],[-9.17076,38.7581],[-9.17106,38.7584],[-9.17129,38.75873],[-9.17106,38.75902],[-9.17043,38.75902],[-9.16988,38.75873],[-9.1698,38.75864],[-9.16926,38.7581],[-9.16917,38.75803],[-9.16854,38.75803],[-9.1683,38.7581],[-9.1683,38.75873],[-9.1681,38.75937],[-9.16791,38.75965],[-9.16728,38.75976],[-9.16668,38.75937],[-9.16728,38.75877],[-9.16738,38.75873],[-9.16728,38.75863],[-9.16688,38.7581],[-9.16665,38.75797],[-9.16633,38.7581],[-9.16649,38.75873],[-9.16601,38.75879],[-9.16538,38.75879],[-9.16475,38.75881],[-9.1642,38.75937],[-9.16416,38.76],[-9.16412,38.76007],[-9.16407,38.76],[-9.16389,38.75937],[-9.16349,38.75917],[-9.16286,38.75917],[-9.16276,38.75937],[-9.16223,38.75958],[-9.16182,38.75937],[-9.16161,38.75873],[-9.16162,38.7581],[-9.1616,38.75806],[-9.16097,38.75781],[-9.16059,38.75747],[-9.16034,38.7569],[-9.15971,38.7569],[-9.15967,38.75684],[-9.15908,38.75654],[-9.15869,38.75684],[-9.15845,38.75716],[-9.15801,38.75684],[-9.15782,38.75672],[-9.15718,38.75672],[-9.15655,38.75632],[-9.15645,38.75621],[-9.15592,38.75595],[-9.15558,38.75558],[-9.15529,38.75519],[-9.15511,38.75495],[-9.15466,38.75467],[-9.15403,38.75467],[-9.1534,38.75455],[-9.15277,38.75454],[-9.15247,38.75432],[-9.15277,38.75387],[-9.15308,38.75369],[-9.15277,38.75359],[-9.15214,38.75357],[-9.15198,38.75369],[-9.15151,38.7541],[-9.15088,38.7541],[-9.15069,38.75432],[-9.15036,38.75495],[-9.15088,38.75534],[-9.1514,38.75558],[-9.15088,38.75598],[-9.15025,38.7559],[-9.14962,38.7559],[-9.14958,38.75558],[-9.14898,38.75539],[-9.14835,38.75539],[-9.14805,38.75558],[-9.14784,38.75621],[-9.14835,38.75661],[-9.14898,38.75661],[-9.14962,38.75626],[-9.15025,38.75653],[-9.15028,38.75684],[-9.15066,38.75747],[-9.15041,38.7581],[-9.15059,38.75873],[-9.15025,38.75902],[-9.14984,38.75937],[-9.14992,38.76],[-9.14962,38.76027],[-9.14898,38.7605],[-9.14835,38.7605],[-9.14772,38.7604],[-9.14738,38.76063],[-9.14772,38.76106],[-9.14778,38.76126],[-9.14812,38.76189],[-9.14817,38.76252],[-9.14835,38.76274],[-9.14898,38.76274],[-9.14962,38.76283],[-9.15025,38.76269],[-9.15042,38.76315],[-9.15035,38.76378],[-9.15088,38.76416],[-9.15151,38.76416],[-9.15184,38.76441],[-9.15189,38.76504],[-9.15214,38.76517],[-9.15277,38.76523],[-9.15334,38.76504],[-9.1534,38.76457],[-9.15403,38.76497],[-9.15466,38.76497],[-9.15472,38.76504],[-9.15466,38.76528],[-9.15403,38.76528],[-9.1534,38.76511],[-9.15322,38.76567],[-9.15277,38.76623],[-9.15251,38.7663],[-9.15277,38.76643],[-9.1534,38.76675],[-9.15403,38.76665],[-9.15466,38.76665],[-9.15501,38.76693],[-9.15529,38.76729],[-9.15592,38.76748],[-9.15645,38.76693],[-9.15592,38.76663],[-9.15537,38.7663],[-9.15534,38.76567],[-9.15592,38.76522],[-9.15655,38.76547],[-9.15693,38.76504],[-9.15695,38.76441],[-9.15655,38.76391],[-9.15592,38.76433],[-9.15529,38.76408],[-9.15498,38.76378],[-9.15529,38.76341],[-9.1555,38.76315],[-9.15543,38.76252],[-9.15529,38.76195],[-9.15526,38.76189],[-9.15529,38.76181],[-9.15551,38.76126],[-9.1558,38.76063],[-9.15561,38.76],[-9.15592,38.75998],[-9.15596,38.76],[-9.15655,38.76059],[-9.15698,38.76],[-9.15655,38.75962],[-9.15641,38.75937],[-9.15655,38.75909],[-9.15679,38.75873],[-9.15679,38.7581],[-9.15718,38.75785],[-9.15782,38.75785],[-9.15827,38.7581],[-9.15827,38.75873]],[[-9.15277,38.76752],[-9.15275,38.76756],[-9.15277,38.76758],[-9.15278,38.76756],[-9.15277,38.76752]],[[-9.15214,38.769],[-9.15171,38.76946],[-9.15214,38.76967],[-9.15238,38.76946],[-9.15214,38.769]],[[-9.15155,38.76567],[-9.15151,38.76558],[-9.15088,38.76558],[-9.15082,38.76567],[-9.15085,38.7663],[-9.15088,38.76632],[-9.15151,38.76632],[-9.15155,38.7663],[-9.15155,38.76567]],[[-9.15025,38.77244],[-9.14991,38.77261],[-9.15025,38.77274],[-9.15039,38.77261],[-9.15025,38.77244]],[[-9.14819,38.76756],[-9.14835,38.76769],[-9.14898,38.76769],[-9.14928,38.76756],[-9.14898,38.76741],[-9.14835,38.76741],[-9.14819,38.76756]],[[-9.14709,38.75968],[-9.14704,38.76],[-9.14709,38.76022],[-9.14722,38.76],[-9.14709,38.75968]],[[-9.14646,38.75905],[-9.14583,38.75934],[-9.1452,38.75934],[-9.14515,38.75937],[-9.1452,38.75939],[-9.14583,38.75939],[-9.14646,38.75952],[-9.14696,38.75937],[-9.14646,38.75905]],[[-9.14239,38.75432],[-9.14268,38.75461],[-9.14331,38.75461],[-9.14357,38.75432],[-9.14331,38.75405],[-9.14268,38.75405],[-9.14239,38.75432]],[[-9.14205,38.75207],[-9.14181,38.75243],[-9.14142,38.75271],[-9.14099,38.75306],[-9.14142,38.75335],[-9.14179,38.75369],[-9.14205,38.75412],[-9.14253,38.75369],[-9.14244,38.75306],[-9.14246,38.75243],[-9.14205,38.75207]],[[-9.14142,38.75474],[-9.14126,38.75495],[-9.14142,38.75536],[-9.14168,38.75495],[-9.14142,38.75474]],[[-9.14074,38.75495],[-9.14077,38.75558],[-9.14079,38.75559],[-9.1408,38.75558],[-9.14081,38.75495],[-9.14079,38.75492],[-9.14074,38.75495]],[[-9.13952,38.75341],[-9.13889,38.75349],[-9.13839,38.75369],[-9.13889,38.7539],[-9.13951,38.75432],[-9.13952,38.75434],[-9.14015,38.75434],[-9.14016,38.75432],[-9.14068,38.75369],[-9.14015,38.75341],[-9.13952,38.75341]],[[-9.14079,38.75873],[-9.14079,38.7581],[-9.14077,38.7581],[-9.14077,38.75873],[-9.14079,38.75874],[-9.14079,38.75873]],[[-9.14197,38.76504],[-9.14205,38.76542],[-9.14268,38.76542],[-9.1431,38.76504],[-9.14268,38.7649],[-9.14205,38.76496],[-9.14197,38.76504]],[[-9.1381,38.75684],[-9.1378,38.75747],[-9.13826,38.75783],[-9.13873,38.75747],[-9.13842,38.75684],[-9.13826,38.75671],[-9.1381,38.75684]],[[-9.13763,38.75795],[-9.1374,38.7581],[-9.13763,38.75845],[-9.13782,38.7581],[-9.13763,38.75795]],[[-9.13458,38.75369],[-9.13448,38.75395],[-9.13385,38.75395],[-9.13371,38.75432],[-9.13385,38.75466],[-9.13448,38.75466],[-9.1346,38.75495],[-9.13458,38.75558],[-9.13511,38.75611],[-9.13536,38.75558],[-9.13574,38.75507],[-9.13623,38.75558],[-9.13629,38.75621],[-9.13574,38.75658],[-9.1354,38.75684],[-9.13545,38.75747],[-9.13532,38.7581],[-9.13574,38.7584],[-9.13637,38.75866],[-9.13651,38.7581],[-9.13637,38.75765],[-9.13616,38.75747],[-9.13637,38.75724],[-9.137,38.75724],[-9.13712,38.75684],[-9.1371,38.75621],[-9.13763,38.75595],[-9.13826,38.75586],[-9.13863,38.75558],[-9.13826,38.75521],[-9.13774,38.75495],[-9.13826,38.75452],[-9.13836,38.75432],[-9.13826,38.75395],[-9.13804,38.75369],[-9.13795,38.75306],[-9.13771,38.75243],[-9.13774,38.7518],[-9.13763,38.75153],[-9.13753,38.7518],[-9.13753,38.75243],[-9.13762,38.75306],[-9.13746,38.75369],[-9.13754,38.75432],[-9.137,38.75463],[-9.13637,38.75463],[-9.13621,38.75432],[-9.13574,38.75374],[-9.13568,38.75369],[-9.1356,38.75306],[-9.13511,38.75261],[-9.13457,38.75306],[-9.13458,38.75369]],[[-9.13574,38.76142],[-9.1356,38.76126],[-9.13574,38.7611],[-9.13606,38.76063],[-9.13574,38.76034],[-9.13511,38.76022],[-9.13494,38.76],[-9.13471,38.75937],[-9.13448,38.7589],[-9.13431,38.75873],[-9.13385,38.75851],[-9.13358,38.75873],[-9.13322,38.75911],[-9.13294,38.75937],[-9.13259,38.75976],[-9.13235,38.76],[-9.13196,38.7605],[-9.13186,38.76063],[-9.13196,38.76078],[-9.13246,38.76126],[-9.13196,38.76187],[-9.1319,38.76189],[-9.13196,38.76192],[-9.13259,38.76222],[-9.13322,38.76217],[-9.13385,38.76217],[-9.13448,38.76217],[-9.13505,38.76189],[-9.13511,38.76184],[-9.13516,38.76189],[-9.13574,38.76219],[-9.13608,38.76189],[-9.13574,38.76142]],[[-9.12732,38.76189],[-9.12754,38.76197],[-9.12817,38.76197],[-9.12834,38.76189],[-9.12817,38.76178],[-9.12754,38.76181],[-9.12732,38.76189]],[[-9.13049,38.75873],[-9.13069,38.75889],[-9.13132,38.75889],[-9.13161,38.75873],[-9.13132,38.75853],[-9.13069,38.75853],[-9.13049,38.75873]],[[-9.13322,38.75299],[-9.1332,38.75306],[-9.13322,38.75322],[-9.13353,38.75306],[-9.13322,38.75299]],[[-9.13218,38.75243],[-9.13196,38.75202],[-9.13181,38.75243],[-9.13187,38.75306],[-9.13176,38.75369],[-9.13196,38.75391],[-9.13259,38.75381],[-9.13293,38.75369],[-9.13259,38.75362],[-9.13201,38.75306],[-9.13218,38.75243]],[[-9.13196,38.75453],[-9.13155,38.75495],[-9.13196,38.75535],[-9.1324,38.75495],[-9.13196,38.75453]],[[-9.13006,38.75327],[-9.13069,38.75316],[-9.13132,38.75316],[-9.13137,38.75306],[-9.13132,38.7528],[-9.13069,38.7528],[-9.13055,38.75243],[-9.13032,38.7518],[-9.13006,38.75129],[-9.12977,38.7518],[-9.12973,38.75243],[-9.12986,38.75306],[-9.13006,38.75327]],[[-9.13006,38.75408],[-9.12997,38.75432],[-9.13006,38.7544],[-9.13033,38.75432],[-9.13006,38.75408]],[[-9.12943,38.74659],[-9.12927,38.74675],[-9.12943,38.74689],[-9.12958,38.74675],[-9.12943,38.74659]],[[-9.12457,38.7436],[-9.12462,38.74423],[-9.12439,38.74431],[-9.12383,38.74486],[-9.12439,38.74511],[-9.12494,38.74486],[-9.12502,38.74462],[-9.12565,38.74462],[-9.12573,38.74423],[-9.12628,38.74388],[-9.1267,38.74423],[-9.1267,38.74486],[-9.12691,38.74506],[-9.12743,38.74549],[-9.12754,38.74573],[-9.12817,38.74561],[-9.1288,38.74561],[-9.12892,38.74549],[-9.1288,38.74505],[-9.12817,38.74505],[-9.12786,38.74486],[-9.12754,38.74481],[-9.12712,38.74423],[-9.12754,38.74399],[-9.12792,38.74423],[-9.12817,38.74479],[-9.1288,38.74479],[-9.12943,38.74439],[-9.12963,38.74423],[-9.12975,38.7436],[-9.12943,38.74357],[-9.1288,38.74312],[-9.12817,38.74312],[-9.12806,38.74297],[-9.12754,38.74269],[-9.12691,38.74273],[-9.12656,38.74234],[-9.12644,38.7417],[-9.12628,38.74137],[-9.12565,38.74148],[-9.12502,38.74148],[-9.12445,38.7417],[-9.12502,38.74208],[-9.12565,38.74208],[-9.12593,38.74234],[-9.12565,38.74255],[-9.12502,38.74255],[-9.12439,38.74257],[-9.12406,38.74297],[-9.12439,38.74339],[-9.12457,38.7436]],[[-9.12691,38.74721],[-9.12679,38.74738],[-9.12691,38.7477],[-9.12713,38.74738],[-9.12691,38.74721]],[[-9.12313,38.75494],[-9.12309,38.75495],[-9.12313,38.75497],[-9.12313,38.75495],[-9.12313,38.75494]],[[-9.12249,38.76057],[-9.12186,38.76057],[-9.12182,38.76063],[-9.12186,38.76078],[-9.12249,38.76078],[-9.12313,38.76065],[-9.12376,38.76086],[-9.12386,38.76063],[-9.12376,38.76038],[-9.12313,38.76061],[-9.12249,38.76057]],[[-9.12249,38.76515],[-9.12289,38.76567],[-9.12313,38.76588],[-9.12344,38.76567],[-9.12344,38.76504],[-9.12313,38.76491],[-9.12272,38.76441],[-9.12249,38.7642],[-9.12186,38.7642],[-9.12149,38.76441],[-9.12182,38.76504],[-9.12186,38.76515],[-9.12249,38.76515]],[[-9.11934,38.75421],[-9.11871,38.754],[-9.1187,38.75432],[-9.11828,38.75495],[-9.11871,38.75519],[-9.11912,38.75558],[-9.11934,38.75571],[-9.11997,38.75571],[-9.1206,38.75608],[-9.12085,38.75558],[-9.1206,38.75527],[-9.12022,38.75495],[-9.12002,38.75432],[-9.11997,38.75421],[-9.11934,38.75421]],[[-9.1206,38.76374],[-9.12052,38.76378],[-9.1206,38.7638],[-9.12064,38.76378],[-9.1206,38.76374]],[[-9.11745,38.77554],[-9.11719,38.77576],[-9.11745,38.77601],[-9.11805,38.77576],[-9.11745,38.77554]],[[-9.10988,38.76069],[-9.1097,38.76126],[-9.10988,38.76148],[-9.11014,38.76126],[-9.10988,38.76069]],[[-9.11742,38.75558],[-9.11745,38.75559],[-9.11808,38.75573],[-9.1183,38.75558],[-9.11808,38.75543],[-9.11745,38.75542],[-9.11742,38.75558]],[[-9.11997,38.73516],[-9.11977,38.7354],[-9.11997,38.73579],[-9.12031,38.7354],[-9.11997,38.73516]],[[-9.11871,38.73303],[-9.11849,38.73351],[-9.11871,38.73404],[-9.11904,38.73351],[-9.11871,38.73303]],[[-9.11745,38.73157],[-9.11741,38.73161],[-9.11745,38.73171],[-9.11755,38.73161],[-9.11745,38.73157]],[[-9.1156,38.72657],[-9.11556,38.72653],[-9.11493,38.72645],[-9.11473,38.72657],[-9.11482,38.7272],[-9.11493,38.7273],[-9.11556,38.72729],[-9.1156,38.7272],[-9.1156,38.72657]],[[-9.11493,38.7295],[-9.11453,38.72972],[-9.11493,38.73012],[-9.11501,38.72972],[-9.11493,38.7295]],[[-9.11431,38.72783],[-9.11429,38.72782],[-9.11366,38.72782],[-9.11365,38.72783],[-9.11362,38.72846],[-9.11366,38.72852],[-9.11429,38.72852],[-9.11431,38.72846],[-9.11431,38.72783]],[[-9.11044,38.72783],[-9.11051,38.72814],[-9.11114,38.72814],[-9.11125,38.72783],[-9.11114,38.72767],[-9.11051,38.72767],[-9.11044,38.72783]],[[-9.10988,38.73074],[-9.10952,38.73098],[-9.10988,38.73118],[-9.11032,38.73098],[-9.10988,38.73074]],[[-9.10673,38.74224],[-9.10659,38.74234],[-9.10673,38.74242],[-9.10683,38.74234],[-9.10673,38.74224]],[[-9.10422,38.74107],[-9.1042,38.74106],[-9.1042,38.74107],[-9.10413,38.7417],[-9.1042,38.74178],[-9.10483,38.74188],[-9.10546,38.74188],[-9.10577,38.7417],[-9.10546,38.74156],[-9.10483,38.74156],[-9.10422,38.74107]],[[-9.1042,38.7423],[-9.10415,38.74234],[-9.1042,38.74249],[-9.10427,38.74234],[-9.1042,38.7423]],[[-9.10467,38.75621],[-9.10483,38.75649],[-9.10546,38.75649],[-9.1056,38.75621],[-9.10546,38.75601],[-9.10483,38.75601],[-9.10467,38.75621]],[[-9.17989,38.73473],[-9.1798,38.73477],[-9.17989,38.7348],[-9.17994,38.73477],[-9.17989,38.73473]],[[-9.17611,38.72904],[-9.17548,38.729],[-9.17484,38.729],[-9.17476,38.72909],[-9.17453,38.72972],[-9.17484,38.73021],[-9.17548,38.73021],[-9.17591,38.72972],[-9.17611,38.72917],[-9.17621,38.72909],[-9.17611,38.72904]],[[-9.17989,38.71559],[-9.17962,38.71584],[-9.17989,38.71612],[-9.18013,38.71584],[-9.17989,38.71559]],[[-9.17926,38.71793],[-9.17917,38.71837],[-9.17926,38.71849],[-9.17981,38.71837],[-9.17926,38.71793]],[[-9.17863,38.71679],[-9.17829,38.71711],[-9.17863,38.71734],[-9.17886,38.71711],[-9.17863,38.71679]],[[-9.17611,38.717],[-9.17599,38.71711],[-9.17611,38.71774],[-9.17674,38.71792],[-9.17704,38.71774],[-9.17674,38.7172],[-9.17658,38.71711],[-9.17611,38.717]],[[-9.17232,38.71579],[-9.17169,38.71578],[-9.17106,38.71578],[-9.17093,38.71584],[-9.17106,38.71592],[-9.17169,38.71601],[-9.17232,38.716],[-9.17267,38.71584],[-9.17232,38.71579]],[[-9.16913,38.719],[-9.16917,38.71906],[-9.1698,38.71906],[-9.16984,38.719],[-9.1698,38.71895],[-9.16917,38.71895],[-9.16913,38.719]],[[-9.16854,38.71868],[-9.16846,38.719],[-9.16854,38.71907],[-9.16857,38.719],[-9.16854,38.71868]],[[-9.17106,38.71805],[-9.17125,38.71774],[-9.17132,38.71711],[-9.17106,38.71692],[-9.17075,38.71711],[-9.17043,38.71744],[-9.1698,38.71739],[-9.16917,38.71739],[-9.16854,38.71761],[-9.16791,38.7177],[-9.16788,38.71774],[-9.16743,38.71837],[-9.16728,38.71839],[-9.1668,38.719],[-9.16728,38.71927],[-9.16766,38.719],[-9.16791,38.71845],[-9.16822,38.71837],[-9.16854,38.71825],[-9.16917,38.71816],[-9.1698,38.71816],[-9.17034,38.71837],[-9.17043,38.71853],[-9.17055,38.71837],[-9.17106,38.71805]],[[-9.16601,38.7272],[-9.16601,38.72721],[-9.16665,38.72721],[-9.16668,38.7272],[-9.16665,38.72716],[-9.16601,38.72716],[-9.16601,38.7272]],[[-9.16668,38.72278],[-9.16665,38.72276],[-9.16601,38.72276],[-9.16598,38.72278],[-9.16598,38.72341],[-9.16601,38.72349],[-9.16665,38.72349],[-9.16666,38.72341],[-9.16668,38.72278]],[[-9.16517,38.71837],[-9.16475,38.71898],[-9.16474,38.719],[-9.16412,38.71952],[-9.16403,38.71963],[-9.16412,38.71975],[-9.16475,38.71978],[-9.16518,38.72026],[-9.16538,38.72045],[-9.16567,38.72026],[-9.16567,38.71963],[-9.16552,38.719],[-9.16561,38.71837],[-9.16538,38.7182],[-9.16517,38.71837]],[[-9.15971,38.72592],[-9.15939,38.72594],[-9.15971,38.72602],[-9.15979,38.72594],[-9.15971,38.72592]],[[-9.15389,38.72846],[-9.15403,38.72891],[-9.15466,38.72891],[-9.15482,38.72846],[-9.15466,38.72805],[-9.15403,38.72805],[-9.15389,38.72846]],[[-9.22089,38.70817],[-9.22067,38.70828],[-9.22089,38.70839],[-9.22108,38.70828],[-9.22089,38.70817]],[[-9.21831,38.69882],[-9.21837,38.69894],[-9.219,38.69894],[-9.21906,38.69882],[-9.219,38.69877],[-9.21837,38.69877],[-9.21831,38.69882]],[[-9.21357,38.69503],[-9.21395,38.69509],[-9.21458,38.69514],[-9.21472,38.69503],[-9.21521,38.69472],[-9.21584,38.69455],[-9.21647,38.69455],[-9.21682,38.6944],[-9.21647,38.69417],[-9.21584,38.69417],[-9.21531,38.69377],[-9.21521,38.69364],[-9.21475,38.69314],[-9.21458,38.69298],[-9.21445,38.69314],[-9.2141,38.69377],[-9.21414,38.6944],[-9.21395,38.69479],[-9.21357,38.69503]],[[-9.21395,38.69608],[-9.21372,38.69629],[-9.21395,38.69645],[-9.21403,38.69629],[-9.21395,38.69608]],[[-9.21173,38.70828],[-9.2119,38.70891],[-9.21206,38.70906],[-9.2122,38.70891],[-9.21269,38.7083],[-9.21332,38.7083],[-9.21335,38.70828],[-9.21338,38.70765],[-9.21332,38.70749],[-9.21269,38.70749],[-9.21263,38.70765],[-9.21206,38.7078],[-9.21173,38.70828]],[[-9.21143,38.70746],[-9.21132,38.70765],[-9.21143,38.70771],[-9.21158,38.70765],[-9.21143,38.70746]],[[-9.2108,38.71056],[-9.2102,38.7108],[-9.2108,38.71092],[-9.21128,38.7108],[-9.2108,38.71056]],[[-9.20932,38.70765],[-9.20953,38.70793],[-9.21017,38.70793],[-9.21029,38.70765],[-9.21017,38.70752],[-9.20953,38.70752],[-9.20932,38.70765]],[[-9.20953,38.7065],[-9.21017,38.7065],[-9.21029,38.70638],[-9.21017,38.70631],[-9.20953,38.70631],[-9.2089,38.70578],[-9.20869,38.70575],[-9.20827,38.70567],[-9.20764,38.70552],[-9.20743,38.70575],[-9.20764,38.70593],[-9.20827,38.70587],[-9.20847,38.70638],[-9.20865,38.70701],[-9.2089,38.70719],[-9.20921,38.70701],[-9.20953,38.7065]],[[-9.20827,38.70994],[-9.20787,38.71017],[-9.20827,38.71043],[-9.2085,38.71017],[-9.20827,38.70994]],[[-9.2007,38.7043],[-9.20043,38.70449],[-9.2007,38.70454],[-9.201,38.70449],[-9.2007,38.7043]],[[-9.19978,38.70008],[-9.19944,38.69974],[-9.19881,38.6996],[-9.19818,38.6996],[-9.19755,38.69999],[-9.19745,38.70008],[-9.19742,38.70071],[-9.19706,38.70134],[-9.19692,38.70151],[-9.19673,38.70197],[-9.19692,38.70223],[-9.19728,38.70197],[-9.19755,38.70173],[-9.19818,38.70167],[-9.19881,38.70167],[-9.19891,38.70197],[-9.19881,38.70206],[-9.19818,38.70206],[-9.19755,38.70241],[-9.19743,38.7026],[-9.19755,38.70283],[-9.19818,38.70296],[-9.19881,38.70296],[-9.19933,38.7026],[-9.19944,38.70247],[-9.1998,38.70197],[-9.19983,38.70134],[-9.19974,38.70071],[-9.19978,38.70008]],[[-9.18872,38.69755],[-9.18871,38.69755],[-9.18872,38.69757],[-9.18875,38.69755],[-9.18872,38.69755]],[[-9.18241,38.72025],[-9.1824,38.72026],[-9.18241,38.72032],[-9.18243,38.72026],[-9.18241,38.72025]],[[-9.18035,38.71458],[-9.18052,38.71463],[-9.18115,38.71463],[-9.18125,38.71458],[-9.18115,38.71443],[-9.18052,38.71443],[-9.18035,38.71458]],[[-9.20059,38.74107],[-9.2007,38.74119],[-9.20134,38.74119],[-9.20181,38.74107],[-9.20197,38.74085],[-9.2026,38.74055],[-9.20265,38.74044],[-9.2026,38.74042],[-9.20197,38.74024],[-9.20168,38.74044],[-9.20134,38.74071],[-9.2007,38.74071],[-9.20059,38.74107]],[[-9.20318,38.7518],[-9.20323,38.75184],[-9.20386,38.75184],[-9.20391,38.7518],[-9.20386,38.75174],[-9.20323,38.75174],[-9.20318,38.7518]],[[-9.18746,38.74157],[-9.18742,38.7417],[-9.18746,38.74178],[-9.18761,38.7417],[-9.18746,38.74157]],[[-9.17674,38.75254],[-9.17645,38.75306],[-9.17611,38.75359],[-9.17548,38.7536],[-9.17516,38.75369],[-9.17548,38.75386],[-9.17611,38.75386],[-9.17642,38.75432],[-9.17611,38.75447],[-9.17564,38.75495],[-9.17611,38.75549],[-9.17674,38.75533],[-9.17737,38.7553],[-9.178,38.7553],[-9.17863,38.75523],[-9.17875,38.75495],[-9.17926,38.75444],[-9.17939,38.75432],[-9.17926,38.75413],[-9.17893,38.75369],[-9.17863,38.75354],[-9.178,38.75357],[-9.17737,38.75357],[-9.17697,38.75306],[-9.17674,38.75254]],[[-9.15967,38.76567],[-9.15971,38.76571],[-9.16034,38.76571],[-9.16042,38.76567],[-9.16034,38.7652],[-9.15971,38.7652],[-9.15967,38.76567]],[[-9.15908,38.76563],[-9.15899,38.76567],[-9.15908,38.76583],[-9.15911,38.76567],[-9.15908,38.76563]],[[-9.15703,38.76567],[-9.15718,38.76583],[-9.15782,38.76583],[-9.1579,38.76567],[-9.15782,38.76555],[-9.15718,38.76555],[-9.15703,38.76567]],[[-9.15655,38.76615],[-9.15652,38.7663],[-9.15655,38.76646],[-9.15671,38.7663],[-9.15655,38.76615]],[[-9.17548,38.75843],[-9.17492,38.75873],[-9.17548,38.75906],[-9.1757,38.75873],[-9.17548,38.75843]],[[-9.17406,38.75558],[-9.17421,38.75574],[-9.17484,38.75574],[-9.17495,38.75558],[-9.17484,38.75555],[-9.17421,38.75555],[-9.17406,38.75558]],[[-9.17271,38.7518],[-9.17271,38.75243],[-9.17295,38.75299],[-9.17324,38.75243],[-9.17317,38.7518],[-9.17295,38.75133],[-9.17271,38.7518]],[[-9.17146,38.75558],[-9.17169,38.7557],[-9.17232,38.7557],[-9.17261,38.75558],[-9.17232,38.7552],[-9.17169,38.7552],[-9.17146,38.75558]],[[-9.17106,38.75601],[-9.17059,38.75621],[-9.17106,38.75639],[-9.17117,38.75621],[-9.17106,38.75601]],[[-9.17043,38.75668],[-9.17037,38.75684],[-9.17043,38.75716],[-9.17046,38.75684],[-9.17043,38.75668]],[[-9.1698,38.7549],[-9.16917,38.75492],[-9.16854,38.75492],[-9.1685,38.75495],[-9.16854,38.75498],[-9.16917,38.75498],[-9.1698,38.75518],[-9.16987,38.75495],[-9.1698,38.7549]],[[-9.16846,38.75558],[-9.16854,38.75572],[-9.16917,38.75572],[-9.16921,38.75558],[-9.16917,38.75555],[-9.16854,38.75555],[-9.16846,38.75558]],[[-9.16791,38.75666],[-9.16776,38.75684],[-9.16791,38.75711],[-9.16826,38.75684],[-9.16791,38.75666]],[[-9.15883,38.75558],[-9.15908,38.75593],[-9.15971,38.75571],[-9.16034,38.75571],[-9.16097,38.75613],[-9.16128,38.75558],[-9.1616,38.75554],[-9.16165,38.75558],[-9.16223,38.7561],[-9.16236,38.75621],[-9.16283,38.75684],[-9.16286,38.75724],[-9.16349,38.75724],[-9.16412,38.757],[-9.16438,38.75684],[-9.16475,38.75623],[-9.16525,38.75684],[-9.16538,38.75712],[-9.16601,38.75712],[-9.16665,38.75694],[-9.16728,38.75695],[-9.16734,38.75684],[-9.16728,38.75675],[-9.16691,38.75621],[-9.16665,38.75589],[-9.16614,38.75558],[-9.16665,38.75529],[-9.16697,38.75495],[-9.16665,38.75453],[-9.16629,38.75432],[-9.16601,38.75406],[-9.16538,38.75406],[-9.16484,38.75369],[-9.16475,38.75358],[-9.16412,38.75319],[-9.16365,38.75306],[-9.16393,38.75243],[-9.16393,38.7518],[-9.16349,38.75154],[-9.16286,38.75154],[-9.16223,38.75136],[-9.16199,38.75117],[-9.1616,38.75081],[-9.16097,38.75087],[-9.16037,38.75117],[-9.16047,38.7518],[-9.16047,38.75243],[-9.16034,38.75257],[-9.15971,38.75257],[-9.15917,38.75306],[-9.15916,38.75369],[-9.15908,38.75393],[-9.15897,38.75432],[-9.15862,38.75495],[-9.15883,38.75558]],[[-9.16475,38.75799],[-9.16423,38.75747],[-9.16412,38.7574],[-9.16402,38.75747],[-9.16384,38.7581],[-9.16412,38.75825],[-9.16475,38.75858],[-9.16523,38.7581],[-9.16475,38.75799]],[[-9.16223,38.75648],[-9.16194,38.75684],[-9.16223,38.75732],[-9.16251,38.75684],[-9.16223,38.75648]],[[-9.16087,38.75684],[-9.16097,38.75697],[-9.1616,38.75689],[-9.16162,38.75684],[-9.1616,38.7568],[-9.16097,38.75627],[-9.16087,38.75684]],[[-9.15845,38.75546],[-9.15834,38.75558],[-9.15845,38.75599],[-9.1585,38.75558],[-9.15845,38.75546]],[[-9.15788,38.75432],[-9.15782,38.75424],[-9.15718,38.75424],[-9.157,38.75432],[-9.15711,38.75495],[-9.15718,38.75521],[-9.15782,38.75521],[-9.15801,38.75495],[-9.15788,38.75432]],[[-9.15592,38.75341],[-9.15551,38.75369],[-9.15592,38.75404],[-9.15628,38.75369],[-9.15592,38.75341]],[[-9.15261,38.7518],[-9.15266,38.75243],[-9.15277,38.75257],[-9.15283,38.75243],[-9.15287,38.7518],[-9.15277,38.75174],[-9.15261,38.7518]],[[-9.15151,38.74965],[-9.15088,38.74964],[-9.15046,38.7499],[-9.15088,38.75018],[-9.15151,38.75018],[-9.15185,38.75054],[-9.15214,38.75075],[-9.15257,38.75054],[-9.15214,38.75013],[-9.1519,38.7499],[-9.15151,38.74965]],[[-9.15025,38.75089],[-9.15017,38.75117],[-9.15025,38.75131],[-9.15033,38.75117],[-9.15025,38.75089]],[[-9.14949,38.7518],[-9.1496,38.75243],[-9.14962,38.75245],[-9.14966,38.75243],[-9.14984,38.7518],[-9.14962,38.75167],[-9.14949,38.7518]],[[-9.14829,38.75937],[-9.14835,38.75951],[-9.14898,38.75951],[-9.14907,38.75937],[-9.14898,38.75931],[-9.14835,38.75931],[-9.14829,38.75937]],[[-9.14835,38.75888],[-9.14898,38.75888],[-9.14918,38.75873],[-9.14918,38.7581],[-9.14898,38.75791],[-9.14835,38.75791],[-9.14809,38.7581],[-9.14772,38.75847],[-9.14712,38.7581],[-9.14709,38.75806],[-9.14708,38.7581],[-9.14706,38.75873],[-9.14709,38.75884],[-9.14725,38.75937],[-9.14772,38.75964],[-9.14785,38.75937],[-9.14835,38.75888]],[[-9.15277,38.76557],[-9.15234,38.76567],[-9.15277,38.7658],[-9.15287,38.76567],[-9.15277,38.76557]],[[-9.1481,38.76567],[-9.14835,38.76613],[-9.14898,38.76613],[-9.14928,38.76567],[-9.14962,38.7654],[-9.14992,38.76504],[-9.14992,38.76441],[-9.14962,38.76414],[-9.14911,38.76441],[-9.14898,38.76473],[-9.14835,38.76473],[-9.14804,38.76504],[-9.1481,38.76567]],[[-9.1452,38.75728],[-9.14457,38.75741],[-9.14445,38.75747],[-9.14457,38.75756],[-9.1452,38.75756],[-9.14583,38.75756],[-9.14646,38.75752],[-9.14658,38.75747],[-9.14646,38.75724],[-9.14583,38.75728],[-9.1452,38.75728]],[[-9.14079,38.75413],[-9.14061,38.75432],[-9.14079,38.75449],[-9.14102,38.75432],[-9.14079,38.75413]],[[-9.13574,38.75545],[-9.13564,38.75558],[-9.13574,38.7559],[-9.13586,38.75558],[-9.13574,38.75545]],[[-9.13511,38.75929],[-9.13508,38.75937],[-9.13511,38.75942],[-9.13518,38.75937],[-9.13511,38.75929]],[[-9.13378,38.7581],[-9.13385,38.75815],[-9.13448,38.75819],[-9.13465,38.7581],[-9.13448,38.75795],[-9.13385,38.75803],[-9.13378,38.7581]],[[-9.13196,38.75143],[-9.13259,38.75156],[-9.13322,38.75133],[-9.13341,38.75117],[-9.13326,38.75054],[-9.13322,38.75043],[-9.13314,38.75054],[-9.13259,38.7509],[-9.13225,38.75054],[-9.13196,38.75037],[-9.13172,38.75054],[-9.13164,38.75117],[-9.13196,38.75143]],[[-9.13259,38.75268],[-9.13233,38.75306],[-9.13259,38.75331],[-9.13286,38.75306],[-9.13259,38.75268]],[[-9.13006,38.74931],[-9.12954,38.7499],[-9.13006,38.75024],[-9.13035,38.7499],[-9.13006,38.74931]],[[-9.12943,38.74476],[-9.1293,38.74486],[-9.12943,38.74511],[-9.12971,38.74486],[-9.12943,38.74476]],[[-9.12943,38.74279],[-9.12924,38.74297],[-9.12943,38.74313],[-9.12961,38.74297],[-9.12943,38.74279]],[[-9.12754,38.74139],[-9.12775,38.74107],[-9.12754,38.74092],[-9.12691,38.74106],[-9.12689,38.74107],[-9.12687,38.7417],[-9.12691,38.74197],[-9.12704,38.7417],[-9.12754,38.74139]],[[-9.12628,38.74016],[-9.12599,38.74044],[-9.12628,38.74078],[-9.12654,38.74044],[-9.12628,38.74016]],[[-9.1247,38.74107],[-9.12502,38.74122],[-9.12565,38.74122],[-9.12594,38.74107],[-9.12565,38.74082],[-9.12502,38.74082],[-9.1247,38.74107]],[[-9.12249,38.7542],[-9.12273,38.75432],[-9.12313,38.75449],[-9.12342,38.75432],[-9.12313,38.75377],[-9.12309,38.75369],[-9.12294,38.75306],[-9.12249,38.75282],[-9.12186,38.75282],[-9.12158,38.75306],[-9.12141,38.75369],[-9.12186,38.7542],[-9.12249,38.7542]],[[-9.12176,38.7581],[-9.12186,38.75826],[-9.12249,38.75826],[-9.12293,38.7581],[-9.12249,38.75797],[-9.12186,38.75797],[-9.12176,38.7581]],[[-9.12313,38.76187],[-9.12306,38.76189],[-9.12313,38.76199],[-9.12314,38.76189],[-9.12313,38.76187]],[[-9.11928,38.7499],[-9.11934,38.75015],[-9.1199,38.75054],[-9.11934,38.75078],[-9.11898,38.75117],[-9.11917,38.7518],[-9.11934,38.75206],[-9.11997,38.75206],[-9.12007,38.75243],[-9.12008,38.75306],[-9.1206,38.75348],[-9.12093,38.75306],[-9.12111,38.75243],[-9.12123,38.75229],[-9.12175,38.7518],[-9.1215,38.75117],[-9.12123,38.75097],[-9.1206,38.75072],[-9.12001,38.75054],[-9.12005,38.7499],[-9.11997,38.74984],[-9.11934,38.74984],[-9.11928,38.7499]],[[-9.11871,38.74792],[-9.11865,38.74801],[-9.11871,38.74833],[-9.11926,38.74801],[-9.11871,38.74792]],[[-9.12029,38.76126],[-9.12026,38.76189],[-9.1206,38.76216],[-9.12078,38.76189],[-9.12063,38.76126],[-9.1206,38.76123],[-9.12029,38.76126]],[[-9.11808,38.75426],[-9.11792,38.75432],[-9.11808,38.75441],[-9.11816,38.75432],[-9.11808,38.75426]],[[-9.11745,38.75027],[-9.11713,38.75054],[-9.11745,38.75074],[-9.11759,38.75054],[-9.11745,38.75027]],[[-9.11493,38.72551],[-9.11473,38.72531],[-9.11493,38.72495],[-9.1151,38.72468],[-9.11493,38.72428],[-9.11472,38.72468],[-9.11429,38.72495],[-9.11366,38.72495],[-9.11334,38.72531],[-9.11303,38.72584],[-9.11286,38.72594],[-9.11303,38.72625],[-9.11366,38.72651],[-9.11429,38.72651],[-9.11493,38.72616],[-9.11556,38.72595],[-9.11619,38.726],[-9.11682,38.726],[-9.11745,38.72613],[-9.11762,38.72594],[-9.11782,38.72531],[-9.11745,38.7247],[-9.1171,38.72531],[-9.11682,38.7259],[-9.11619,38.7259],[-9.11556,38.72591],[-9.11493,38.72551]],[[-9.11,38.72594],[-9.11051,38.72622],[-9.11114,38.72622],[-9.1116,38.72594],[-9.11114,38.72552],[-9.11051,38.72552],[-9.11,38.72594]],[[-9.10988,38.7301],[-9.1097,38.73035],[-9.10988,38.73042],[-9.11007,38.73035],[-9.10988,38.7301]],[[-9.10673,38.74168],[-9.10663,38.7417],[-9.10673,38.74173],[-9.10682,38.7417],[-9.10673,38.74168]],[[-9.178,38.71541],[-9.17863,38.71555],[-9.17926,38.7154],[-9.17943,38.71521],[-9.1796,38.71458],[-9.17926,38.7144],[-9.1789,38.71458],[-9.17863,38.7148],[-9.178,38.71487],[-9.17737,38.71485],[-9.17708,38.71521],[-9.17737,38.71551],[-9.178,38.71541]],[[-9.17674,38.71574],[-9.17632,38.71521],[-9.17611,38.71505],[-9.17548,38.71466],[-9.17484,38.71466],[-9.17421,38.71501],[-9.17358,38.71512],[-9.17357,38.71521],[-9.17358,38.71523],[-9.17421,38.71537],[-9.17462,38.71584],[-9.17484,38.71617],[-9.17548,38.71617],[-9.17611,38.71597],[-9.17674,38.71599],[-9.17684,38.71584],[-9.17674,38.71574]],[[-9.17043,38.71639],[-9.17027,38.71648],[-9.17043,38.71658],[-9.17048,38.71648],[-9.17043,38.71639]],[[-9.16787,38.71711],[-9.16791,38.71714],[-9.16854,38.71714],[-9.16862,38.71711],[-9.16854,38.71706],[-9.16791,38.71695],[-9.16787,38.71711]],[[-9.16728,38.71754],[-9.16713,38.71774],[-9.16728,38.71794],[-9.16747,38.71774],[-9.16728,38.71754]],[[-9.16578,38.71774],[-9.16601,38.71804],[-9.16665,38.71804],[-9.16681,38.71774],[-9.16665,38.71738],[-9.16601,38.71738],[-9.16578,38.71774]],[[-9.16475,38.71703],[-9.16461,38.71711],[-9.16475,38.71727],[-9.16497,38.71711],[-9.16475,38.71703]],[[-9.16412,38.71706],[-9.16411,38.71711],[-9.16412,38.71712],[-9.16413,38.71711],[-9.16412,38.71706]],[[-9.22082,38.70638],[-9.22082,38.70701],[-9.22089,38.70705],[-9.22152,38.70701],[-9.22152,38.70638],[-9.22089,38.70633],[-9.22082,38.70638]],[[-9.21926,38.69566],[-9.21945,38.69629],[-9.21963,38.69633],[-9.2198,38.69629],[-9.22016,38.69566],[-9.22026,38.69561],[-9.22063,38.69503],[-9.22026,38.69464],[-9.21963,38.69447],[-9.21947,38.6944],[-9.219,38.69406],[-9.21837,38.694],[-9.21773,38.69408],[-9.21763,38.6944],[-9.21773,38.69467],[-9.21837,38.69465],[-9.219,38.69465],[-9.21923,38.69503],[-9.21926,38.69566]],[[-9.21773,38.69654],[-9.2171,38.69684],[-9.21692,38.69692],[-9.2171,38.69708],[-9.21773,38.69713],[-9.21837,38.69712],[-9.219,38.69712],[-9.21906,38.69692],[-9.219,38.69668],[-9.21837,38.69668],[-9.21773,38.69654]],[[-9.21245,38.70449],[-9.21269,38.70478],[-9.21332,38.70478],[-9.21344,38.70449],[-9.21332,38.70429],[-9.21269,38.70429],[-9.21245,38.70449]],[[-9.21017,38.70447],[-9.20953,38.70447],[-9.20948,38.70449],[-9.20953,38.70453],[-9.21017,38.70453],[-9.2108,38.70469],[-9.21143,38.70468],[-9.21153,38.70449],[-9.21143,38.70426],[-9.2108,38.70434],[-9.21017,38.70447]],[[-9.2089,38.70379],[-9.20871,38.70386],[-9.2089,38.70414],[-9.20904,38.70386],[-9.2089,38.70379]],[[-9.20764,38.70191],[-9.20701,38.70191],[-9.20689,38.70197],[-9.20701,38.70226],[-9.20764,38.70226],[-9.20812,38.7026],[-9.20827,38.70292],[-9.20832,38.7026],[-9.20871,38.70197],[-9.20827,38.70164],[-9.20764,38.70191]],[[-9.20693,38.70449],[-9.20701,38.70457],[-9.20764,38.70457],[-9.20773,38.70449],[-9.20764,38.70438],[-9.20701,38.70438],[-9.20693,38.70449]],[[-9.19802,38.69755],[-9.19818,38.69768],[-9.19881,38.69768],[-9.19893,38.69755],[-9.19881,38.69746],[-9.19818,38.69746],[-9.19802,38.69755]],[[-9.17829,38.75306],[-9.17863,38.75316],[-9.17926,38.75318],[-9.17933,38.75306],[-9.17926,38.75284],[-9.17863,38.75293],[-9.17829,38.75306]],[[-9.17737,38.75029],[-9.17674,38.75026],[-9.17611,38.75019],[-9.17548,38.75015],[-9.17513,38.7499],[-9.17484,38.74973],[-9.17421,38.74973],[-9.17409,38.7499],[-9.17358,38.75021],[-9.17295,38.75031],[-9.17232,38.75038],[-9.17169,38.75038],[-9.17168,38.75054],[-9.17169,38.75056],[-9.17232,38.75056],[-9.17295,38.75077],[-9.17358,38.75105],[-9.17397,38.75117],[-9.17421,38.75132],[-9.17484,38.75132],[-9.17548,38.75167],[-9.1761,38.75117],[-9.17611,38.75114],[-9.17619,38.75117],[-9.17674,38.75125],[-9.17737,38.75132],[-9.178,38.75132],[-9.17824,38.75117],[-9.17837,38.75054],[-9.178,38.75029],[-9.17737,38.75029]],[[-9.15927,38.76189],[-9.15971,38.76232],[-9.16034,38.76232],[-9.16077,38.76189],[-9.16034,38.76175],[-9.15971,38.76175],[-9.15927,38.76189]],[[-9.15908,38.76269],[-9.15878,38.76315],[-9.15908,38.76349],[-9.15932,38.76315],[-9.15908,38.76269]],[[-9.15782,38.76304],[-9.15718,38.76304],[-9.15655,38.76309],[-9.1565,38.76315],[-9.15655,38.76339],[-9.15718,38.76352],[-9.15782,38.76352],[-9.15802,38.76315],[-9.15782,38.76304]],[[-9.17387,38.75243],[-9.17421,38.75279],[-9.17484,38.75279],[-9.17506,38.75243],[-9.17484,38.75208],[-9.17421,38.75208],[-9.17387,38.75243]],[[-9.17113,38.75432],[-9.17169,38.7548],[-9.17232,38.7548],[-9.17272,38.75432],[-9.17232,38.75376],[-9.17169,38.75376],[-9.17113,38.75432]],[[-9.16273,38.75054],[-9.16286,38.75077],[-9.16349,38.75077],[-9.16384,38.75054],[-9.16349,38.75022],[-9.16286,38.75022],[-9.16273,38.75054]],[[-9.16221,38.74864],[-9.16221,38.74927],[-9.16223,38.74929],[-9.16229,38.74927],[-9.16239,38.74864],[-9.16223,38.74863],[-9.16221,38.74864]],[[-9.1616,38.74971],[-9.16128,38.7499],[-9.1616,38.75003],[-9.16186,38.7499],[-9.1616,38.74971]],[[-9.15845,38.75407],[-9.15838,38.75432],[-9.15845,38.75442],[-9.15851,38.75432],[-9.15845,38.75407]],[[-9.15718,38.7514],[-9.15659,38.75117],[-9.15655,38.75111],[-9.1564,38.75054],[-9.15655,38.74996],[-9.1566,38.7499],[-9.15687,38.74927],[-9.15655,38.74923],[-9.15653,38.74927],[-9.15592,38.74979],[-9.15584,38.7499],[-9.15549,38.75054],[-9.15529,38.7507],[-9.155,38.75054],[-9.15466,38.75025],[-9.15403,38.75025],[-9.15386,38.75054],[-9.15403,38.75075],[-9.15466,38.75075],[-9.15494,38.75117],[-9.15466,38.75145],[-9.15403,38.75145],[-9.15363,38.75117],[-9.1534,38.75098],[-9.15277,38.75072],[-9.15253,38.75117],[-9.15277,38.75137],[-9.1534,38.75154],[-9.15355,38.7518],[-9.1534,38.75211],[-9.15328,38.75243],[-9.1534,38.7526],[-9.15395,38.75306],[-9.15403,38.75337],[-9.15466,38.75337],[-9.1548,38.75306],[-9.15472,38.75243],[-9.15529,38.75183],[-9.15538,38.7518],[-9.15592,38.75157],[-9.15647,38.7518],[-9.15652,38.75243],[-9.15655,38.75251],[-9.15676,38.75306],[-9.15716,38.75369],[-9.15718,38.7537],[-9.15782,38.7537],[-9.15787,38.75369],[-9.15845,38.75334],[-9.15855,38.75306],[-9.15845,38.75282],[-9.15828,38.75243],[-9.15821,38.7518],[-9.15845,38.75161],[-9.15908,38.7513],[-9.15921,38.75117],[-9.15912,38.75054],[-9.15971,38.75031],[-9.16034,38.75031],[-9.16055,38.7499],[-9.16097,38.7495],[-9.16122,38.74927],[-9.16097,38.74896],[-9.16036,38.74864],[-9.16097,38.74837],[-9.16126,38.74801],[-9.16097,38.74764],[-9.16034,38.74792],[-9.15971,38.74792],[-9.15961,38.74801],[-9.15908,38.74854],[-9.15885,38.74864],[-9.15845,38.74905],[-9.15792,38.74927],[-9.15845,38.74967],[-9.15849,38.7499],[-9.15906,38.75054],[-9.15845,38.75082],[-9.158,38.75117],[-9.15782,38.7514],[-9.15718,38.7514]],[[-9.15592,38.75229],[-9.15545,38.75243],[-9.15592,38.75278],[-9.15601,38.75243],[-9.15592,38.75229]],[[-9.14772,38.75343],[-9.14764,38.75369],[-9.14772,38.75384],[-9.14808,38.75369],[-9.14772,38.75343]],[[-9.14709,38.75679],[-9.14703,38.75684],[-9.14709,38.75692],[-9.14717,38.75684],[-9.14709,38.75679]],[[-9.14583,38.754],[-9.1452,38.754],[-9.14457,38.754],[-9.14405,38.75432],[-9.14457,38.7546],[-9.1452,38.75463],[-9.14583,38.75463],[-9.14595,38.75432],[-9.14583,38.754]],[[-9.14426,38.75621],[-9.1443,38.75684],[-9.14457,38.75694],[-9.14474,38.75684],[-9.14511,38.75621],[-9.14457,38.75593],[-9.14426,38.75621]],[[-9.13259,38.7492],[-9.13252,38.74927],[-9.13259,38.74932],[-9.13264,38.74927],[-9.13259,38.7492]],[[-9.13196,38.74984],[-9.13132,38.74985],[-9.13069,38.74985],[-9.13067,38.7499],[-9.13069,38.74999],[-9.13132,38.74999],[-9.13196,38.74993],[-9.13209,38.7499],[-9.13196,38.74984]],[[-9.12716,38.73918],[-9.12691,38.73898],[-9.12644,38.73918],[-9.12644,38.73981],[-9.12689,38.74044],[-9.12691,38.74048],[-9.12754,38.74053],[-9.12767,38.74044],[-9.12754,38.74024],[-9.12716,38.73981],[-9.12716,38.73918]],[[-9.12186,38.75006],[-9.12249,38.75006],[-9.12313,38.7505],[-9.12374,38.7499],[-9.12313,38.74954],[-9.12273,38.74927],[-9.12249,38.74902],[-9.12186,38.74902],[-9.12123,38.74912],[-9.12112,38.74927],[-9.12121,38.7499],[-9.12123,38.74991],[-9.12186,38.75006]],[[-9.12182,38.75117],[-9.12186,38.75125],[-9.12249,38.75125],[-9.12305,38.75117],[-9.12249,38.75108],[-9.12186,38.75108],[-9.12182,38.75117]],[[-9.12251,38.75558],[-9.12249,38.75555],[-9.12186,38.75555],[-9.12183,38.75558],[-9.12185,38.75621],[-9.12186,38.75629],[-9.12249,38.75629],[-9.1226,38.75621],[-9.12251,38.75558]],[[-9.12123,38.75026],[-9.1209,38.75054],[-9.12123,38.75072],[-9.12152,38.75054],[-9.12123,38.75026]],[[-9.1206,38.74886],[-9.12002,38.74927],[-9.1206,38.74971],[-9.12083,38.74927],[-9.1206,38.74886]],[[-9.11922,38.74738],[-9.11934,38.74795],[-9.11997,38.74795],[-9.12009,38.74738],[-9.11997,38.7473],[-9.11934,38.7473],[-9.11922,38.74738]],[[-9.11808,38.75344],[-9.11787,38.75369],[-9.11808,38.75386],[-9.11868,38.75369],[-9.11808,38.75344]],[[-9.11358,38.72341],[-9.11366,38.72357],[-9.11429,38.72357],[-9.11437,38.72341],[-9.11429,38.72332],[-9.11366,38.72332],[-9.11358,38.72341]],[[-9.10673,38.74101],[-9.10666,38.74107],[-9.10673,38.74112],[-9.10681,38.74107],[-9.10673,38.74101]],[[-9.178,38.71249],[-9.17789,38.71269],[-9.178,38.71297],[-9.1782,38.71269],[-9.178,38.71249]],[[-9.17737,38.71201],[-9.17729,38.71206],[-9.17737,38.71223],[-9.17744,38.71206],[-9.17737,38.71201]],[[-9.17674,38.71422],[-9.17656,38.71458],[-9.17674,38.71481],[-9.17704,38.71458],[-9.17674,38.71422]],[[-9.17607,38.71332],[-9.17581,38.71395],[-9.17611,38.71415],[-9.1765,38.71395],[-9.17613,38.71332],[-9.17611,38.71329],[-9.17607,38.71332]],[[-9.21773,38.69312],[-9.21759,38.69314],[-9.21773,38.69326],[-9.21779,38.69314],[-9.21773,38.69312]],[[-9.21773,38.69561],[-9.21771,38.69566],[-9.21773,38.69574],[-9.2178,38.69566],[-9.21773,38.69561]],[[-9.21258,38.69377],[-9.21269,38.69394],[-9.21332,38.69394],[-9.21339,38.69377],[-9.21332,38.69368],[-9.21269,38.69368],[-9.21258,38.69377]],[[-9.21143,38.70182],[-9.21133,38.70197],[-9.21143,38.70205],[-9.2115,38.70197],[-9.21143,38.70182]],[[-9.2089,38.70297],[-9.20834,38.70323],[-9.2089,38.70337],[-9.20913,38.70323],[-9.2089,38.70297]],[[-9.20827,38.69861],[-9.20804,38.69882],[-9.20827,38.69933],[-9.20857,38.69882],[-9.20827,38.69861]],[[-9.17926,38.75184],[-9.17937,38.7518],[-9.17926,38.75176],[-9.17863,38.75174],[-9.17847,38.7518],[-9.17851,38.75243],[-9.17863,38.75246],[-9.17868,38.75243],[-9.17926,38.75184]],[[-9.17713,38.74801],[-9.17737,38.74836],[-9.178,38.74836],[-9.17838,38.74801],[-9.178,38.74752],[-9.17737,38.74752],[-9.17713,38.74801]],[[-9.17596,38.74864],[-9.17611,38.74876],[-9.17674,38.74923],[-9.17692,38.74864],[-9.17674,38.74853],[-9.17611,38.74853],[-9.17596,38.74864]],[[-9.17611,38.74923],[-9.17597,38.74927],[-9.17611,38.74942],[-9.17616,38.74927],[-9.17611,38.74923]],[[-9.17358,38.74778],[-9.17327,38.74801],[-9.17358,38.74808],[-9.17365,38.74801],[-9.17358,38.74778]],[[-9.17295,38.7481],[-9.17273,38.74864],[-9.17295,38.74887],[-9.17322,38.74864],[-9.17295,38.7481]],[[-9.15908,38.7611],[-9.15906,38.76126],[-9.15908,38.76136],[-9.15909,38.76126],[-9.15908,38.7611]],[[-9.15782,38.7611],[-9.15718,38.7611],[-9.15655,38.76066],[-9.15616,38.76126],[-9.15655,38.76152],[-9.15718,38.76145],[-9.15782,38.76145],[-9.15786,38.76126],[-9.15782,38.7611]],[[-9.17118,38.75306],[-9.17169,38.75357],[-9.17232,38.75357],[-9.17283,38.75306],[-9.17232,38.75291],[-9.17169,38.75291],[-9.17118,38.75306]],[[-9.15718,38.74637],[-9.15782,38.74637],[-9.15845,38.74657],[-9.15889,38.74612],[-9.15861,38.74549],[-9.15861,38.74486],[-9.15845,38.74459],[-9.15817,38.74486],[-9.15782,38.74508],[-9.15718,38.74508],[-9.15657,38.74549],[-9.15659,38.74612],[-9.15718,38.74637]],[[-9.14764,38.7518],[-9.14769,38.75243],[-9.14772,38.75247],[-9.14783,38.75243],[-9.1478,38.7518],[-9.14772,38.75175],[-9.14764,38.7518]],[[-9.14709,38.75613],[-9.14703,38.75621],[-9.14709,38.75624],[-9.14721,38.75621],[-9.14709,38.75613]],[[-9.14583,38.7517],[-9.1452,38.7517],[-9.14457,38.75176],[-9.14452,38.7518],[-9.14457,38.75183],[-9.1452,38.75187],[-9.14583,38.75187],[-9.14588,38.7518],[-9.14583,38.7517]],[[-9.1442,38.75243],[-9.14451,38.75306],[-9.14457,38.75308],[-9.14465,38.75306],[-9.14477,38.75243],[-9.14457,38.7523],[-9.1442,38.75243]],[[-9.13048,38.74486],[-9.13069,38.74505],[-9.13132,38.74505],[-9.13164,38.74486],[-9.13132,38.74467],[-9.13069,38.74467],[-9.13048,38.74486]],[[-9.12376,38.74844],[-9.12409,38.74801],[-9.12376,38.74755],[-9.12313,38.74798],[-9.1231,38.74801],[-9.12309,38.74864],[-9.12313,38.7487],[-9.12315,38.74864],[-9.12376,38.74844]],[[-9.12123,38.74849],[-9.12104,38.74864],[-9.12123,38.74872],[-9.12147,38.74864],[-9.12123,38.74849]],[[-9.11808,38.75039],[-9.11799,38.75054],[-9.11808,38.75071],[-9.11839,38.75054],[-9.11808,38.75039]],[[-9.10673,38.73917],[-9.1067,38.73918],[-9.10673,38.73923],[-9.10675,38.73918],[-9.10673,38.73917]],[[-9.17926,38.75115],[-9.17923,38.75117],[-9.17926,38.75118],[-9.17928,38.75117],[-9.17926,38.75115]],[[-9.178,38.74491],[-9.17737,38.74491],[-9.17726,38.74549],[-9.17726,38.74612],[-9.17737,38.74635],[-9.178,38.74635],[-9.17863,38.74614],[-9.17879,38.74612],[-9.17863,38.74596],[-9.17849,38.74549],[-9.178,38.74491]],[[-9.17674,38.74772],[-9.17611,38.74779],[-9.17548,38.74781],[-9.17534,38.74801],[-9.17548,38.74838],[-9.17611,38.74809],[-9.17674,38.74812],[-9.17682,38.74801],[-9.17674,38.74772]],[[-9.17395,38.74486],[-9.17358,38.74464],[-9.1732,38.74486],[-9.1734,38.74549],[-9.1734,38.74612],[-9.17326,38.74675],[-9.17358,38.74733],[-9.17389,38.74675],[-9.17376,38.74612],[-9.17376,38.74549],[-9.17395,38.74486]],[[-9.17232,38.74532],[-9.17169,38.74532],[-9.17145,38.74549],[-9.17145,38.74612],[-9.17169,38.74626],[-9.17232,38.74626],[-9.17295,38.74651],[-9.17299,38.74612],[-9.17299,38.74549],[-9.17295,38.7454],[-9.17232,38.74532]],[[-9.14682,38.75432],[-9.14651,38.75495],[-9.14709,38.75519],[-9.14726,38.75495],[-9.14737,38.75432],[-9.14709,38.75414],[-9.14682,38.75432]],[[-9.17989,38.74779],[-9.18002,38.74738],[-9.17989,38.74704],[-9.1793,38.74738],[-9.17926,38.7474],[-9.17893,38.74801],[-9.17926,38.74828],[-9.17976,38.74801],[-9.17989,38.74779]],[[-9.17673,38.74549],[-9.17673,38.74612],[-9.17674,38.74614],[-9.17675,38.74612],[-9.17675,38.74549],[-9.17674,38.74548],[-9.17673,38.74549]],[[-9.17484,38.74534],[-9.17421,38.74534],[-9.17414,38.74549],[-9.17414,38.74612],[-9.17418,38.74675],[-9.17421,38.74728],[-9.17484,38.74728],[-9.17548,38.74695],[-9.17611,38.74693],[-9.17635,38.74675],[-9.17614,38.74612],[-9.17614,38.74549],[-9.17611,38.74525],[-9.17548,38.74503],[-9.17484,38.74534]],[[-9.17358,38.74416],[-9.17319,38.74423],[-9.17358,38.74427],[-9.17363,38.74423],[-9.17358,38.74416]],[[-9.17166,38.74423],[-9.17169,38.74428],[-9.17232,38.74428],[-9.17264,38.74423],[-9.17232,38.74419],[-9.17169,38.74419],[-9.17166,38.74423]],[[-9.14709,38.75364],[-9.14685,38.75369],[-9.14709,38.75374],[-9.14716,38.75369],[-9.14709,38.75364]],[[-9.17926,38.74628],[-9.17912,38.74675],[-9.17926,38.74685],[-9.17938,38.74675],[-9.17926,38.74628]],[[-9.17414,38.74423],[-9.17421,38.74439],[-9.17484,38.74439],[-9.17495,38.74423],[-9.17484,38.74408],[-9.17421,38.74408],[-9.17414,38.74423]],[[-9.14718,38.75243],[-9.14709,38.75228],[-9.14681,38.75243],[-9.14646,38.75266],[-9.146,38.75306],[-9.14646,38.75326],[-9.14709,38.75328],[-9.14754,38.75306],[-9.14718,38.75243]],[[-9.14646,38.7505],[-9.14642,38.75054],[-9.14646,38.75061],[-9.14651,38.75054],[-9.14646,38.7505]],[[-9.14646,38.74973],[-9.14583,38.7496],[-9.1452,38.7496],[-9.14496,38.7499],[-9.1452,38.75036],[-9.14583,38.75036],[-9.14646,38.74998],[-9.14658,38.7499],[-9.14646,38.74973]]],[[[-9.15908,38.73761],[-9.1588,38.73729],[-9.15908,38.7369],[-9.15932,38.73729],[-9.15908,38.73761]]],[[[-9.15718,38.7391],[-9.15782,38.7391],[-9.15784,38.73918],[-9.15784,38.73981],[-9.15782,38.73989],[-9.15718,38.73989],[-9.15713,38.73981],[-9.15715,38.73918],[-9.15718,38.7391]]],[[[-9.16791,38.74042],[-9.16793,38.74044],[-9.16791,38.74047],[-9.16775,38.74044],[-9.16791,38.74042]]],[[[-9.15899,38.74107],[-9.15845,38.74159],[-9.15821,38.74107],[-9.15845,38.74053],[-9.15899,38.74107]]],[[[-9.16917,38.74105],[-9.16922,38.74107],[-9.16917,38.74109],[-9.16854,38.74109],[-9.16852,38.74107],[-9.16854,38.74105],[-9.16917,38.74105]]],[[[-9.15655,38.74171],[-9.15596,38.74234],[-9.15592,38.74243],[-9.15529,38.74266],[-9.15477,38.74234],[-9.15507,38.7417],[-9.15529,38.74154],[-9.15592,38.74123],[-9.15655,38.7416],[-9.15657,38.7417],[-9.15655,38.74171]]],[[[-9.16034,38.74205],[-9.16075,38.74234],[-9.16034,38.74265],[-9.15971,38.74265],[-9.15908,38.74243],[-9.15845,38.74258],[-9.1582,38.74234],[-9.15845,38.74186],[-9.15908,38.7422],[-9.15971,38.74205],[-9.16034,38.74205]]],[[[-9.16034,38.74341],[-9.16054,38.7436],[-9.16034,38.74373],[-9.15971,38.74373],[-9.15962,38.7436],[-9.15971,38.74341],[-9.16034,38.74341]]],[[[-9.16665,38.74356],[-9.16668,38.7436],[-9.16665,38.7437],[-9.16601,38.7437],[-9.16554,38.7436],[-9.16601,38.74356],[-9.16665,38.74356]]],[[[-9.1698,38.74924],[-9.16983,38.74927],[-9.1698,38.74959],[-9.16975,38.7499],[-9.16917,38.7504],[-9.16854,38.7504],[-9.1684,38.7499],[-9.16854,38.74933],[-9.16917,38.74933],[-9.16948,38.74927],[-9.1698,38.74924]]],[[[-9.17,38.75117],[-9.1698,38.75137],[-9.16963,38.75117],[-9.1698,38.75093],[-9.17,38.75117]]],[[[-9.16854,38.75164],[-9.16917,38.75164],[-9.16935,38.7518],[-9.16934,38.75243],[-9.16917,38.75257],[-9.16854,38.75257],[-9.16841,38.75243],[-9.16832,38.7518],[-9.16854,38.75164]]],[[[-9.1616,38.75312],[-9.16148,38.75306],[-9.1616,38.75293],[-9.16197,38.75306],[-9.1616,38.75312]]],[[[-9.16412,38.75435],[-9.16407,38.75432],[-9.16412,38.75427],[-9.16432,38.75432],[-9.16412,38.75435]]],[[[-9.15592,38.75716],[-9.156,38.75747],[-9.15592,38.75755],[-9.15529,38.7575],[-9.15523,38.75747],[-9.15529,38.75739],[-9.15592,38.75716]]],[[[-9.16109,38.75937],[-9.16108,38.76],[-9.16097,38.76004],[-9.16083,38.76],[-9.16086,38.75937],[-9.16097,38.75925],[-9.16109,38.75937]]],[[[-9.16728,38.76023],[-9.16746,38.76063],[-9.16728,38.76075],[-9.16688,38.76063],[-9.16728,38.76023]]],[[[-9.16527,38.76126],[-9.16538,38.76106],[-9.16601,38.76106],[-9.16665,38.76106],[-9.16668,38.76126],[-9.16665,38.76132],[-9.16601,38.76131],[-9.16538,38.76131],[-9.16527,38.76126]]],[[[-9.17043,38.76222],[-9.17069,38.76252],[-9.17043,38.76277],[-9.1698,38.76277],[-9.16917,38.76286],[-9.16854,38.76286],[-9.16833,38.76252],[-9.16854,38.76205],[-9.16917,38.76205],[-9.1698,38.76191],[-9.17043,38.76222]]],[[[-9.16728,38.76272],[-9.16757,38.76315],[-9.16728,38.76329],[-9.16718,38.76315],[-9.16728,38.76272]]],[[[-9.16286,38.76635],[-9.16349,38.76635],[-9.16403,38.76693],[-9.16349,38.76721],[-9.16286,38.76721],[-9.16243,38.76693],[-9.16286,38.76635]]],[[[-9.1698,38.76856],[-9.16968,38.7682],[-9.1698,38.76815],[-9.16993,38.7682],[-9.1698,38.76856]]],[[[-9.16791,38.77196],[-9.16797,38.77198],[-9.16791,38.77199],[-9.16789,38.77198],[-9.16791,38.77196]]],[[[-9.16666,38.77324],[-9.16665,38.77325],[-9.16663,38.77324],[-9.16665,38.77322],[-9.16666,38.77324]]],[[[-9.16475,38.77518],[-9.16464,38.77513],[-9.16475,38.77503],[-9.16481,38.77513],[-9.16475,38.77518]]],[[[-9.15592,38.77708],[-9.15568,38.77703],[-9.15592,38.77697],[-9.15601,38.77703],[-9.15592,38.77708]]],[[[-9.16119,38.77703],[-9.16107,38.77766],[-9.16097,38.77769],[-9.1609,38.77766],[-9.1608,38.77703],[-9.16097,38.77667],[-9.16119,38.77703]]],[[[-9.16349,38.77743],[-9.16362,38.77766],[-9.16349,38.77789],[-9.16286,38.77789],[-9.16264,38.77766],[-9.16286,38.77743],[-9.16349,38.77743]]],[[[-9.15592,38.7784],[-9.15582,38.77829],[-9.15592,38.7782],[-9.15621,38.77829],[-9.15592,38.7784]]],[[[-9.16097,38.77875],[-9.16124,38.77892],[-9.16097,38.77913],[-9.1607,38.77892],[-9.16097,38.77875]]],[[[-9.15529,38.77944],[-9.15592,38.77947],[-9.1565,38.77892],[-9.15655,38.77874],[-9.15718,38.77874],[-9.15782,38.7786],[-9.15845,38.77886],[-9.1585,38.77892],[-9.15845,38.77898],[-9.15804,38.77955],[-9.15782,38.78002],[-9.15718,38.78],[-9.15655,38.78],[-9.15592,38.77968],[-9.15545,38.78018],[-9.15592,38.78057],[-9.15631,38.78081],[-9.15592,38.78091],[-9.15529,38.78103],[-9.15509,38.78081],[-9.15501,38.78018],[-9.1549,38.77955],[-9.15529,38.77944]]],[[[-9.15908,38.7799],[-9.1592,38.78018],[-9.15908,38.78067],[-9.15845,38.78032],[-9.15806,38.78018],[-9.15845,38.78004],[-9.15908,38.7799]]],[[[-9.16225,38.77829],[-9.16286,38.77855],[-9.16349,38.77855],[-9.16412,38.77854],[-9.16475,38.77873],[-9.1649,38.77892],[-9.16475,38.77905],[-9.16414,38.77955],[-9.16412,38.77957],[-9.16378,38.78018],[-9.16381,38.78081],[-9.16412,38.78097],[-9.16454,38.78144],[-9.16424,38.78207],[-9.16412,38.78224],[-9.16396,38.78207],[-9.16349,38.78177],[-9.16286,38.78177],[-9.16223,38.78174],[-9.16193,38.78207],[-9.1616,38.78229],[-9.16097,38.78235],[-9.16034,38.78228],[-9.15971,38.78223],[-9.15908,38.78213],[-9.15887,38.78207],[-9.15908,38.782],[-9.15971,38.78183],[-9.16034,38.78183],[-9.16097,38.78177],[-9.1616,38.78167],[-9.16186,38.78144],[-9.16223,38.78128],[-9.1627,38.78081],[-9.16223,38.78023],[-9.16216,38.78018],[-9.16223,38.77978],[-9.16237,38.77955],[-9.16237,38.77892],[-9.16223,38.77833],[-9.16219,38.77829],[-9.16223,38.77827],[-9.16225,38.77829]],[[-9.16416,38.78144],[-9.16412,38.7814],[-9.16403,38.78144],[-9.16412,38.78151],[-9.16416,38.78144]]],[[[-9.16601,38.78148],[-9.16616,38.78207],[-9.16601,38.78239],[-9.16538,38.78239],[-9.16513,38.78207],[-9.16538,38.78148],[-9.16601,38.78148]]],[[[-9.16728,38.78209],[-9.16726,38.78207],[-9.16728,38.78206],[-9.16729,38.78207],[-9.16728,38.78209]]],[[[-9.16097,38.78342],[-9.16083,38.78333],[-9.16097,38.78317],[-9.16122,38.78333],[-9.16097,38.78342]]],[[[-9.1692,38.78459],[-9.16962,38.78491],[-9.16958,38.785],[-9.16965,38.78527],[-9.16939,38.78553],[-9.16903,38.78577],[-9.16885,38.78577],[-9.16866,38.78594],[-9.16729,38.78604],[-9.1672,38.78634],[-9.16713,38.78637],[-9.16649,38.78623],[-9.16646,38.78624],[-9.16646,38.78586],[-9.16665,38.78537],[-9.16701,38.78523],[-9.16728,38.78517],[-9.16765,38.78523],[-9.16791,38.78527],[-9.16805,38.78523],[-9.16791,38.78514],[-9.16771,38.78459],[-9.16745,38.78396],[-9.16791,38.78338],[-9.16799,38.78333],[-9.16854,38.78302],[-9.16917,38.78302],[-9.16935,38.78333],[-9.16917,38.78373],[-9.16854,38.78373],[-9.16839,38.78396],[-9.16854,38.78447],[-9.16917,38.78447],[-9.1692,38.78459]]],[[[-9.16349,38.78714],[-9.16318,38.78712],[-9.16349,38.7871],[-9.16351,38.78712],[-9.16349,38.78714]]],[[[-9.15971,38.78767],[-9.16034,38.78767],[-9.16097,38.78774],[-9.16101,38.78775],[-9.16097,38.78778],[-9.16034,38.78801],[-9.15971,38.78801],[-9.15926,38.78775],[-9.15971,38.78767]]],[[[-9.16034,38.78956],[-9.16081,38.78964],[-9.16034,38.78977],[-9.15971,38.78974],[-9.15961,38.78964],[-9.15971,38.78956],[-9.16034,38.78956]]],[[[-9.14835,38.70649],[-9.14818,38.70638],[-9.14835,38.70617],[-9.14877,38.70575],[-9.14877,38.70553],[-9.14898,38.70575],[-9.14911,38.70575],[-9.14911,38.70638],[-9.14898,38.70649],[-9.14835,38.70649]]],[[[-9.15025,38.70961],[-9.14987,38.70954],[-9.15025,38.70946],[-9.15032,38.70954],[-9.15025,38.70961]]],[[[-9.15529,38.70914],[-9.1559,38.70891],[-9.15592,38.70884],[-9.15595,38.70891],[-9.15616,38.70954],[-9.15634,38.71017],[-9.15655,38.71042],[-9.15707,38.7108],[-9.15655,38.71112],[-9.15595,38.7108],[-9.15592,38.71078],[-9.15587,38.7108],[-9.15529,38.71114],[-9.15466,38.71114],[-9.15452,38.7108],[-9.15466,38.71063],[-9.15529,38.71063],[-9.15562,38.71017],[-9.15529,38.70988],[-9.15466,38.70988],[-9.15403,38.71005],[-9.15343,38.70954],[-9.1534,38.7095],[-9.15333,38.70954],[-9.15277,38.71013],[-9.15214,38.70974],[-9.15151,38.70974],[-9.15142,38.70954],[-9.15151,38.70922],[-9.15214,38.70922],[-9.15277,38.70929],[-9.15304,38.70891],[-9.1534,38.70864],[-9.15403,38.70863],[-9.15439,38.70891],[-9.15466,38.70914],[-9.15529,38.70914]]],[[[-9.15079,38.71269],[-9.15053,38.71206],[-9.15088,38.71184],[-9.151,38.71206],[-9.15099,38.71269],[-9.15088,38.71277],[-9.15079,38.71269]]],[[[-9.15529,38.71268],[-9.15532,38.71269],[-9.15529,38.71272],[-9.15466,38.71272],[-9.15465,38.71269],[-9.15466,38.71268],[-9.15529,38.71268]]],[[[-9.14987,38.71332],[-9.14987,38.71395],[-9.14962,38.71421],[-9.1493,38.71395],[-9.1493,38.71332],[-9.14962,38.71309],[-9.14987,38.71332]]],[[[-9.1534,38.7147],[-9.1532,38.71458],[-9.1534,38.71425],[-9.15403,38.71435],[-9.15413,38.71458],[-9.15403,38.71478],[-9.1534,38.7147]]],[[[-9.15088,38.71435],[-9.15103,38.71395],[-9.15151,38.7138],[-9.15182,38.71395],[-9.15214,38.71427],[-9.15243,38.71458],[-9.15214,38.71493],[-9.15181,38.71521],[-9.15151,38.71546],[-9.15136,38.71521],[-9.15088,38.71463],[-9.15076,38.71458],[-9.15088,38.71435]]],[[[-9.14898,38.71486],[-9.14915,38.71521],[-9.14898,38.71543],[-9.14835,38.71543],[-9.14776,38.71521],[-9.14835,38.71486],[-9.14898,38.71486]]],[[[-9.15403,38.71578],[-9.15408,38.71584],[-9.15466,38.71637],[-9.15529,38.71637],[-9.15549,38.71648],[-9.15529,38.71656],[-9.15466,38.71656],[-9.15403,38.71674],[-9.15367,38.71648],[-9.154,38.71584],[-9.15403,38.71578]]],[[[-9.15214,38.71608],[-9.15245,38.71648],[-9.15214,38.71679],[-9.15151,38.71679],[-9.15105,38.71648],[-9.15151,38.71605],[-9.15214,38.71608]]],[[[-9.14717,38.71711],[-9.14717,38.71774],[-9.14709,38.71811],[-9.147,38.71774],[-9.14702,38.71711],[-9.14709,38.71698],[-9.14717,38.71711]]],[[[-9.15214,38.71761],[-9.15221,38.71774],[-9.15214,38.71794],[-9.15151,38.71794],[-9.15094,38.71774],[-9.15151,38.71761],[-9.15214,38.71761]]],[[[-9.15466,38.71757],[-9.15522,38.71774],[-9.15466,38.71796],[-9.15403,38.71835],[-9.15375,38.71774],[-9.15403,38.71742],[-9.15466,38.71757]]],[[[-9.15277,38.71863],[-9.15241,38.71837],[-9.15277,38.7182],[-9.15313,38.71837],[-9.15277,38.71863]]],[[[-9.15214,38.71865],[-9.15239,38.719],[-9.15214,38.71918],[-9.15151,38.71918],[-9.15127,38.719],[-9.15151,38.71865],[-9.15214,38.71865]]],[[[-9.15403,38.71956],[-9.15417,38.71963],[-9.15403,38.71972],[-9.15393,38.71963],[-9.15403,38.71956]]],[[[-9.1548,38.72152],[-9.15481,38.72215],[-9.15466,38.72235],[-9.15403,38.72235],[-9.1534,38.72241],[-9.15309,38.72215],[-9.1534,38.72191],[-9.15396,38.72152],[-9.15403,38.72143],[-9.15466,38.72143],[-9.1548,38.72152]]],[[[-9.15151,38.72282],[-9.15214,38.72282],[-9.15277,38.72281],[-9.15303,38.72341],[-9.15277,38.72366],[-9.15214,38.72373],[-9.15151,38.7237],[-9.15121,38.72341],[-9.15151,38.72282]]],[[[-9.15466,38.72399],[-9.15467,38.72404],[-9.15466,38.72415],[-9.15403,38.72415],[-9.15401,38.72404],[-9.15403,38.72399],[-9.15466,38.72399]]],[[[-9.14962,38.72474],[-9.14953,38.72468],[-9.14962,38.72459],[-9.14969,38.72468],[-9.14962,38.72474]]],[[[-9.15088,38.72602],[-9.15083,38.72594],[-9.15088,38.72587],[-9.15107,38.72594],[-9.15088,38.72602]]],[[[-9.14962,38.73245],[-9.14992,38.73287],[-9.14992,38.73351],[-9.14962,38.73387],[-9.14905,38.73351],[-9.14898,38.73311],[-9.14835,38.73311],[-9.14829,38.73287],[-9.14835,38.73278],[-9.14898,38.73278],[-9.14962,38.73245]]],[[[-9.14962,38.7346],[-9.15,38.73477],[-9.14962,38.73495],[-9.14948,38.73477],[-9.14962,38.7346]]],[[[-9.14646,38.73558],[-9.14629,38.7354],[-9.14646,38.73526],[-9.14678,38.7354],[-9.14646,38.73558]]],[[[-9.14725,38.7354],[-9.14771,38.73477],[-9.14772,38.73475],[-9.14774,38.73477],[-9.14802,38.7354],[-9.14835,38.73601],[-9.14898,38.73601],[-9.14904,38.73603],[-9.14898,38.73609],[-9.14835,38.73609],[-9.14772,38.73639],[-9.14735,38.73603],[-9.14725,38.7354]]],[[[-9.15342,38.73729],[-9.15345,38.73666],[-9.15403,38.73645],[-9.15466,38.73645],[-9.15529,38.73636],[-9.15545,38.73666],[-9.15592,38.7371],[-9.15626,38.73729],[-9.15592,38.73778],[-9.15529,38.73771],[-9.15466,38.73766],[-9.15403,38.73766],[-9.15342,38.73729]]],[[[-9.15308,38.73729],[-9.15303,38.73792],[-9.15277,38.73847],[-9.15214,38.73809],[-9.15151,38.73809],[-9.15122,38.73792],[-9.15151,38.73736],[-9.15214,38.73736],[-9.15261,38.73729],[-9.15277,38.73725],[-9.15308,38.73729]]],[[[-9.15048,38.73666],[-9.15025,38.73685],[-9.14993,38.73729],[-9.1502,38.73792],[-9.14962,38.73841],[-9.14938,38.73855],[-9.14934,38.73918],[-9.14936,38.73981],[-9.14898,38.74023],[-9.14835,38.74023],[-9.14772,38.73982],[-9.1477,38.73981],[-9.14772,38.73973],[-9.14786,38.73918],[-9.14802,38.73855],[-9.14835,38.73818],[-9.14898,38.73818],[-9.14914,38.73792],[-9.14898,38.73766],[-9.14835,38.73766],[-9.14802,38.73729],[-9.14835,38.73686],[-9.14898,38.73686],[-9.14946,38.73666],[-9.14962,38.73652],[-9.15025,38.73642],[-9.15045,38.73603],[-9.15088,38.73564],[-9.15137,38.73603],[-9.15151,38.73626],[-9.15214,38.73626],[-9.15245,38.73666],[-9.15214,38.73718],[-9.15151,38.73718],[-9.15119,38.73666],[-9.15088,38.73645],[-9.15048,38.73666]]],[[[-9.1534,38.73845],[-9.15345,38.73855],[-9.15386,38.73918],[-9.15403,38.73939],[-9.15466,38.73939],[-9.15488,38.73918],[-9.15529,38.73889],[-9.15545,38.73918],[-9.15551,38.73981],[-9.15529,38.74013],[-9.15499,38.74044],[-9.1548,38.74107],[-9.15466,38.74126],[-9.15403,38.74126],[-9.15371,38.7417],[-9.1534,38.74228],[-9.15305,38.7417],[-9.15301,38.74107],[-9.15277,38.74047],[-9.15244,38.74107],[-9.15214,38.74132],[-9.15151,38.74132],[-9.15111,38.74107],[-9.15088,38.7408],[-9.15051,38.74107],[-9.1505,38.7417],[-9.15025,38.74202],[-9.14968,38.7417],[-9.14996,38.74107],[-9.15025,38.74081],[-9.15052,38.74044],[-9.15025,38.74022],[-9.14986,38.73981],[-9.15025,38.73936],[-9.15054,38.73918],[-9.1503,38.73855],[-9.15088,38.7382],[-9.1511,38.73855],[-9.15151,38.73909],[-9.15214,38.73909],[-9.15277,38.73879],[-9.15301,38.73855],[-9.1534,38.73845]],[[-9.1534,38.74048],[-9.15347,38.74044],[-9.1534,38.74038],[-9.15293,38.74044],[-9.1534,38.74048]]],[[[-9.14772,38.74139],[-9.14793,38.7417],[-9.14772,38.74197],[-9.14709,38.74194],[-9.14646,38.74185],[-9.14626,38.7417],[-9.14621,38.74107],[-9.14646,38.74071],[-9.14693,38.74044],[-9.14709,38.74027],[-9.14719,38.74044],[-9.14709,38.74073],[-9.14694,38.74107],[-9.14709,38.74122],[-9.14772,38.74139]]],[[[-9.14772,38.74325],[-9.1475,38.74297],[-9.14772,38.74265],[-9.1481,38.74297],[-9.14772,38.74325]]],[[[-9.14929,38.74297],[-9.14962,38.74255],[-9.1499,38.74297],[-9.14996,38.7436],[-9.14969,38.74423],[-9.14962,38.74424],[-9.1496,38.74423],[-9.14921,38.7436],[-9.14929,38.74297]]],[[[-9.15529,38.74379],[-9.15544,38.74423],[-9.15529,38.74441],[-9.15498,38.74423],[-9.15529,38.74379]]],[[[-9.15151,38.74464],[-9.15214,38.74464],[-9.15277,38.74482],[-9.15279,38.74486],[-9.15277,38.74491],[-9.15214,38.74503],[-9.15151,38.74503],[-9.15134,38.74486],[-9.15151,38.74464]]],[[[-9.15283,38.74612],[-9.15277,38.74621],[-9.15261,38.74612],[-9.15277,38.74598],[-9.15283,38.74612]]],[[[-9.15529,38.74707],[-9.15592,38.74736],[-9.15595,38.74738],[-9.15592,38.74743],[-9.15568,38.74801],[-9.15573,38.74864],[-9.15529,38.74889],[-9.15489,38.74864],[-9.15508,38.74801],[-9.15466,38.74747],[-9.15403,38.74747],[-9.15392,38.74738],[-9.15381,38.74675],[-9.15403,38.74641],[-9.15466,38.74641],[-9.15518,38.74675],[-9.15529,38.74707]]],[[[-9.15033,38.74738],[-9.15031,38.74801],[-9.15025,38.74816],[-9.15018,38.74801],[-9.15021,38.74738],[-9.15025,38.74733],[-9.15033,38.74738]]],[[[-9.15466,38.75536],[-9.15495,38.75558],[-9.15466,38.7558],[-9.15403,38.7558],[-9.1537,38.75558],[-9.15403,38.75536],[-9.15466,38.75536]]],[[[-9.15277,38.75588],[-9.15305,38.75621],[-9.15277,38.75651],[-9.15214,38.75644],[-9.15194,38.75621],[-9.15214,38.75571],[-9.15277,38.75588]]],[[[-9.15529,38.75631],[-9.1552,38.75621],[-9.15529,38.75607],[-9.15545,38.75621],[-9.15529,38.75631]]],[[[-9.15277,38.7595],[-9.15267,38.75937],[-9.15214,38.75888],[-9.15191,38.75873],[-9.15205,38.7581],[-9.15182,38.75747],[-9.15214,38.75712],[-9.15277,38.7573],[-9.15291,38.75747],[-9.15277,38.75764],[-9.15227,38.7581],[-9.15277,38.75865],[-9.15282,38.75873],[-9.15293,38.75937],[-9.15277,38.7595]]],[[[-9.15403,38.75872],[-9.15466,38.75872],[-9.15467,38.75873],[-9.15466,38.75876],[-9.15403,38.75876],[-9.15401,38.75873],[-9.15403,38.75872]]],[[[-9.15529,38.75929],[-9.15543,38.75937],[-9.15529,38.75993],[-9.15513,38.75937],[-9.15529,38.75929]]],[[[-9.15151,38.75963],[-9.15178,38.76],[-9.15151,38.76033],[-9.15088,38.76033],[-9.15056,38.76],[-9.15088,38.75963],[-9.15151,38.75963]]],[[[-9.15524,38.76],[-9.15478,38.76063],[-9.15474,38.76126],[-9.15466,38.76129],[-9.15403,38.76129],[-9.15397,38.76126],[-9.15395,38.76063],[-9.15365,38.76],[-9.15403,38.7598],[-9.15466,38.7598],[-9.15524,38.76]]],[[[-9.1523,38.76252],[-9.15277,38.76214],[-9.1534,38.76242],[-9.15403,38.76232],[-9.15466,38.76232],[-9.15498,38.76252],[-9.15466,38.76269],[-9.15403,38.76269],[-9.1534,38.76267],[-9.15303,38.76315],[-9.15277,38.76375],[-9.15253,38.76315],[-9.1523,38.76252]]],[[[-9.14709,38.77453],[-9.14708,38.7745],[-9.14709,38.77442],[-9.1471,38.7745],[-9.14709,38.77453]]],[[[-9.14646,38.77521],[-9.14637,38.77513],[-9.14646,38.77508],[-9.14659,38.77513],[-9.14646,38.77521]]],[[[-9.14762,38.77513],[-9.14772,38.77508],[-9.14787,38.77513],[-9.14772,38.77522],[-9.14762,38.77513]]],[[[-9.15025,38.77531],[-9.15078,38.77576],[-9.15025,38.77618],[-9.14962,38.77615],[-9.149,38.77576],[-9.14962,38.77537],[-9.15025,38.77531]]],[[[-9.15529,38.77653],[-9.15522,38.77639],[-9.15529,38.7763],[-9.15532,38.77639],[-9.15529,38.77653]]],[[[-9.14772,38.77887],[-9.14835,38.7786],[-9.14898,38.7786],[-9.14949,38.77892],[-9.14898,38.77936],[-9.14835,38.77936],[-9.14772,38.77897],[-9.14768,38.77892],[-9.14772,38.77887]]],[[[-9.15255,38.77892],[-9.15253,38.77955],[-9.15214,38.77999],[-9.15151,38.77971],[-9.15088,38.77971],[-9.15074,38.77955],[-9.15088,38.77942],[-9.15151,38.77942],[-9.15185,38.77892],[-9.15214,38.77853],[-9.15255,38.77892]]],[[[-9.1534,38.77868],[-9.15363,38.77892],[-9.15372,38.77955],[-9.15368,38.78018],[-9.1534,38.78044],[-9.15329,38.78018],[-9.15329,38.77955],[-9.15314,38.77892],[-9.1534,38.77868]]],[[[-9.15025,38.78008],[-9.15036,38.78018],[-9.15025,38.78038],[-9.14985,38.78081],[-9.14962,38.78095],[-9.14941,38.78081],[-9.1493,38.78018],[-9.14962,38.78],[-9.15025,38.78008]]],[[[-9.14771,38.78081],[-9.14772,38.78073],[-9.14776,38.78081],[-9.14772,38.78082],[-9.14771,38.78081]]],[[[-9.14709,38.78138],[-9.14717,38.78144],[-9.14709,38.78153],[-9.14646,38.7815],[-9.1464,38.78144],[-9.14646,38.78134],[-9.14709,38.78138]]],[[[-9.14962,38.78215],[-9.14954,38.78207],[-9.14962,38.78198],[-9.14964,38.78207],[-9.14962,38.78215]]],[[[-9.14955,38.78459],[-9.14962,38.78454],[-9.14965,38.78459],[-9.14962,38.78465],[-9.14955,38.78459]]],[[[-9.14898,38.78905],[-9.14895,38.78901],[-9.14898,38.78898],[-9.14902,38.78901],[-9.14898,38.78905]]],[[[-9.13968,38.70638],[-9.13975,38.70701],[-9.13952,38.70717],[-9.13889,38.70708],[-9.13885,38.70701],[-9.13875,38.70638],[-9.13875,38.70575],[-9.13889,38.70575],[-9.13952,38.70575],[-9.14015,38.70575],[-9.14079,38.70512],[-9.14094,38.70512],[-9.14094,38.70575],[-9.14079,38.70583],[-9.14015,38.70583],[-9.13968,38.70638]]],[[[-9.14583,38.70724],[-9.14561,38.70701],[-9.1452,38.70673],[-9.14457,38.70654],[-9.14394,38.70695],[-9.14388,38.70701],[-9.14388,38.70765],[-9.14331,38.70807],[-9.14268,38.70807],[-9.14218,38.70765],[-9.14218,38.70701],[-9.14205,38.70656],[-9.14142,38.70648],[-9.14129,38.70638],[-9.14142,38.70616],[-9.14205,38.70619],[-9.14229,38.70575],[-9.14229,38.70512],[-9.14268,38.70512],[-9.14331,38.70512],[-9.14394,38.70512],[-9.14457,38.70449],[-9.1452,38.70449],[-9.14583,38.70449],[-9.14646,38.70449],[-9.14709,38.70512],[-9.14757,38.70512],[-9.14757,38.70575],[-9.14741,38.70638],[-9.14745,38.70701],[-9.14709,38.7076],[-9.14646,38.70724],[-9.14583,38.70724]],[[-9.14331,38.7062],[-9.14268,38.7062],[-9.14231,38.70638],[-9.14268,38.70647],[-9.14331,38.70647],[-9.1434,38.70638],[-9.14331,38.7062]],[[-9.14457,38.70571],[-9.14448,38.70575],[-9.14457,38.70579],[-9.1447,38.70575],[-9.14457,38.70571]]],[[[-9.13763,38.70916],[-9.13795,38.70954],[-9.13774,38.71017],[-9.13826,38.71063],[-9.13889,38.71039],[-9.13916,38.7108],[-9.13952,38.71128],[-9.14015,38.71128],[-9.14034,38.71143],[-9.14079,38.71161],[-9.14123,38.71143],[-9.1409,38.7108],[-9.14079,38.71067],[-9.14015,38.71048],[-9.13952,38.71023],[-9.13939,38.71017],[-9.13889,38.70998],[-9.1386,38.70954],[-9.13826,38.70897],[-9.13818,38.70891],[-9.13826,38.70879],[-9.13852,38.70828],[-9.13889,38.70785],[-9.13911,38.70828],[-9.13952,38.70872],[-9.14015,38.70834],[-9.14079,38.70834],[-9.14094,38.70828],[-9.1409,38.70765],[-9.14142,38.70744],[-9.14173,38.70765],[-9.14157,38.70828],[-9.14205,38.70857],[-9.14268,38.70844],[-9.14331,38.70844],[-9.14394,38.70864],[-9.14457,38.70883],[-9.1452,38.70859],[-9.14538,38.70828],[-9.14583,38.70786],[-9.14646,38.70789],[-9.14675,38.70828],[-9.14646,38.70866],[-9.14583,38.70869],[-9.14548,38.70891],[-9.1452,38.70906],[-9.1446,38.70954],[-9.1452,38.71009],[-9.1458,38.70954],[-9.14583,38.70947],[-9.14646,38.70947],[-9.14678,38.70954],[-9.14709,38.7096],[-9.14772,38.70969],[-9.1478,38.70954],[-9.14835,38.70919],[-9.14898,38.70919],[-9.14954,38.70954],[-9.14945,38.71017],[-9.14898,38.71053],[-9.14835,38.71059],[-9.1481,38.7108],[-9.14835,38.71117],[-9.14898,38.71123],[-9.14912,38.71143],[-9.14927,38.71206],[-9.14909,38.71269],[-9.14898,38.71285],[-9.14835,38.71285],[-9.14825,38.71269],[-9.14772,38.71226],[-9.14717,38.71206],[-9.14724,38.71143],[-9.14746,38.7108],[-9.14709,38.71033],[-9.14662,38.7108],[-9.14646,38.7112],[-9.14583,38.7112],[-9.14572,38.71143],[-9.14583,38.71163],[-9.14646,38.71163],[-9.14704,38.71206],[-9.14646,38.71249],[-9.14583,38.71249],[-9.1452,38.71255],[-9.14457,38.7123],[-9.14394,38.7124],[-9.14378,38.71206],[-9.14331,38.71161],[-9.14268,38.71161],[-9.14227,38.71206],[-9.14268,38.71248],[-9.14331,38.71248],[-9.1437,38.71269],[-9.14364,38.71332],[-9.14367,38.71395],[-9.14331,38.71431],[-9.14268,38.71431],[-9.14207,38.71395],[-9.14205,38.71391],[-9.14192,38.71332],[-9.14142,38.71276],[-9.141,38.71332],[-9.14079,38.71368],[-9.14015,38.71359],[-9.13952,38.71359],[-9.13939,38.71332],[-9.13935,38.71269],[-9.13896,38.71206],[-9.13901,38.71143],[-9.13889,38.71138],[-9.13883,38.71143],[-9.13875,38.71206],[-9.13826,38.71244],[-9.13807,38.71206],[-9.138,38.71143],[-9.13763,38.71108],[-9.137,38.71108],[-9.13637,38.71098],[-9.1358,38.7108],[-9.13589,38.71017],[-9.13617,38.70954],[-9.13637,38.70918],[-9.137,38.70922],[-9.13763,38.70916]],[[-9.14135,38.70891],[-9.1414,38.70954],[-9.14114,38.71017],[-9.14142,38.71041],[-9.14169,38.71017],[-9.14152,38.70954],[-9.14147,38.70891],[-9.14142,38.70875],[-9.14135,38.70891]],[[-9.14085,38.71206],[-9.14079,38.71204],[-9.14065,38.71206],[-9.14079,38.71212],[-9.14085,38.71206]],[[-9.14268,38.71041],[-9.14331,38.71041],[-9.1437,38.71017],[-9.14331,38.70987],[-9.14268,38.70987],[-9.14253,38.71017],[-9.14268,38.71041]],[[-9.14268,38.70906],[-9.14331,38.70906],[-9.14352,38.70891],[-9.14331,38.70881],[-9.14268,38.70881],[-9.14242,38.70891],[-9.14268,38.70906]]],[[[-9.14583,38.71289],[-9.14646,38.71289],[-9.14709,38.7128],[-9.14732,38.71332],[-9.14709,38.71338],[-9.14646,38.71376],[-9.14583,38.71376],[-9.14534,38.71332],[-9.14583,38.71289]]],[[[-9.13838,38.71395],[-9.13838,38.71458],[-9.13826,38.7149],[-9.13812,38.71458],[-9.13812,38.71395],[-9.13826,38.71378],[-9.13838,38.71395]]],[[[-9.13889,38.71523],[-9.13879,38.71521],[-9.13889,38.71519],[-9.13896,38.71521],[-9.13889,38.71523]]],[[[-9.14015,38.71536],[-9.14043,38.71584],[-9.14015,38.71629],[-9.13952,38.71629],[-9.13923,38.71584],[-9.13952,38.71536],[-9.14015,38.71536]]],[[[-9.14583,38.71819],[-9.14646,38.71819],[-9.14694,38.71837],[-9.14646,38.7185],[-9.14583,38.7185],[-9.1457,38.71837],[-9.14583,38.71819]]],[[[-9.1394,38.71837],[-9.13952,38.71829],[-9.14015,38.71829],[-9.14027,38.71837],[-9.14015,38.7184],[-9.13952,38.7184],[-9.1394,38.71837]]],[[[-9.14331,38.71866],[-9.14364,38.719],[-9.14331,38.71926],[-9.14268,38.71902],[-9.14265,38.719],[-9.14268,38.71896],[-9.14331,38.71866]]],[[[-9.13637,38.71889],[-9.13606,38.71837],[-9.13637,38.71811],[-9.137,38.71828],[-9.13763,38.71828],[-9.138,38.71837],[-9.13773,38.719],[-9.13826,38.71935],[-9.13889,38.71961],[-9.13893,38.71963],[-9.13889,38.71966],[-9.13826,38.72],[-9.13787,38.72026],[-9.13763,38.72072],[-9.137,38.72072],[-9.13678,38.72089],[-9.13637,38.72097],[-9.13624,38.72089],[-9.13619,38.72026],[-9.13637,38.72017],[-9.13683,38.71963],[-9.13645,38.719],[-9.13637,38.71889]]],[[[-9.13763,38.72112],[-9.13804,38.72152],[-9.13763,38.7216],[-9.137,38.7216],[-9.13693,38.72152],[-9.137,38.72112],[-9.13763,38.72112]]],[[[-9.14268,38.72219],[-9.14263,38.72215],[-9.14268,38.72207],[-9.14331,38.72207],[-9.14394,38.72213],[-9.14395,38.72215],[-9.14457,38.72276],[-9.14461,38.72278],[-9.14457,38.72282],[-9.14394,38.7229],[-9.14384,38.72278],[-9.14331,38.72219],[-9.14268,38.72219]]],[[[-9.14142,38.72303],[-9.14093,38.72278],[-9.14142,38.7225],[-9.1418,38.72278],[-9.14142,38.72303]]],[[[-9.14142,38.72425],[-9.14117,38.72404],[-9.14142,38.72389],[-9.14159,38.72404],[-9.14142,38.72425]]],[[[-9.13877,38.72531],[-9.13871,38.72468],[-9.13889,38.72438],[-9.13918,38.72468],[-9.13909,38.72531],[-9.13889,38.72545],[-9.13877,38.72531]]],[[[-9.14205,38.72613],[-9.14193,38.72594],[-9.14205,38.72579],[-9.14211,38.72594],[-9.14205,38.72613]]],[[[-9.14129,38.72846],[-9.14079,38.72789],[-9.1406,38.72783],[-9.14079,38.72763],[-9.14142,38.72761],[-9.14205,38.7274],[-9.14248,38.7272],[-9.14268,38.72713],[-9.14331,38.72713],[-9.14341,38.7272],[-9.14331,38.72751],[-9.14268,38.72751],[-9.14256,38.72783],[-9.14268,38.72789],[-9.14331,38.72789],[-9.14388,38.72846],[-9.14331,38.72888],[-9.14268,38.72888],[-9.14213,38.72846],[-9.14205,38.72831],[-9.14189,38.72846],[-9.14142,38.72871],[-9.14129,38.72846]]],[[[-9.14205,38.72975],[-9.14203,38.72972],[-9.14205,38.72964],[-9.14211,38.72972],[-9.14205,38.72975]]],[[[-9.14179,38.73035],[-9.14175,38.73098],[-9.14142,38.73128],[-9.14096,38.73098],[-9.14094,38.73035],[-9.14142,38.73006],[-9.14179,38.73035]]],[[[-9.13826,38.7313],[-9.138,38.73098],[-9.13826,38.73092],[-9.13853,38.73098],[-9.13826,38.7313]]],[[[-9.13952,38.73093],[-9.14015,38.73093],[-9.14022,38.73098],[-9.14045,38.73161],[-9.14015,38.73195],[-9.13952,38.73195],[-9.13915,38.73161],[-9.13945,38.73098],[-9.13952,38.73093]]],[[[-9.14354,38.73161],[-9.14394,38.73117],[-9.14417,38.73161],[-9.14394,38.7319],[-9.14354,38.73161]]],[[[-9.1452,38.73145],[-9.14583,38.73136],[-9.14646,38.73136],[-9.14669,38.73161],[-9.14646,38.73183],[-9.14583,38.7321],[-9.1452,38.7321],[-9.14504,38.73161],[-9.1452,38.73145]]],[[[-9.13674,38.73224],[-9.13637,38.73269],[-9.13615,38.73224],[-9.13637,38.73201],[-9.13674,38.73224]]],[[[-9.14402,38.73287],[-9.14402,38.73351],[-9.14394,38.73353],[-9.14386,38.73351],[-9.14331,38.7333],[-9.14268,38.7333],[-9.14205,38.73345],[-9.14154,38.73287],[-9.14205,38.73234],[-9.14234,38.73224],[-9.14268,38.73199],[-9.14331,38.73199],[-9.14346,38.73224],[-9.14394,38.73286],[-9.14402,38.73287]],[[-9.1419,38.73287],[-9.14205,38.73304],[-9.14228,38.73287],[-9.14205,38.73272],[-9.1419,38.73287]]],[[[-9.14651,38.73351],[-9.14646,38.73377],[-9.1462,38.73351],[-9.14646,38.73346],[-9.14651,38.73351]]],[[[-9.13889,38.73377],[-9.13952,38.73412],[-9.14015,38.73412],[-9.14019,38.73414],[-9.14015,38.73415],[-9.13952,38.73415],[-9.13889,38.7343],[-9.13856,38.73414],[-9.13889,38.73377]]],[[[-9.14205,38.73368],[-9.14235,38.73414],[-9.14205,38.73474],[-9.14179,38.73414],[-9.14205,38.73368]]],[[[-9.14395,38.73477],[-9.14394,38.73485],[-9.14378,38.73477],[-9.14394,38.73474],[-9.14395,38.73477]]],[[[-9.14142,38.73631],[-9.14079,38.7362],[-9.14015,38.73607],[-9.13952,38.73607],[-9.13946,38.73603],[-9.13948,38.7354],[-9.13952,38.73526],[-9.14015,38.73526],[-9.14079,38.73532],[-9.14141,38.73477],[-9.14142,38.73474],[-9.14173,38.73477],[-9.14157,38.7354],[-9.14151,38.73603],[-9.14142,38.73631]]],[[[-9.14394,38.73605],[-9.14389,38.73603],[-9.14394,38.73595],[-9.14395,38.73603],[-9.14394,38.73605]]],[[[-9.14457,38.73701],[-9.14439,38.73666],[-9.14457,38.73652],[-9.14479,38.73666],[-9.14457,38.73701]]],[[[-9.14394,38.737],[-9.14439,38.73729],[-9.14394,38.73767],[-9.14331,38.7379],[-9.14268,38.7379],[-9.14205,38.73773],[-9.14161,38.73729],[-9.14205,38.73705],[-9.14268,38.73704],[-9.14331,38.73704],[-9.14394,38.737]]],[[[-9.13889,38.73783],[-9.13952,38.73784],[-9.14015,38.73784],[-9.14018,38.73792],[-9.14015,38.73816],[-9.13952,38.73816],[-9.13889,38.73795],[-9.13878,38.73792],[-9.13889,38.73783]]],[[[-9.14608,38.73981],[-9.14597,38.74044],[-9.14583,38.74052],[-9.1452,38.74052],[-9.14516,38.74044],[-9.1449,38.73981],[-9.14477,38.73918],[-9.14457,38.73892],[-9.14406,38.73855],[-9.14457,38.73818],[-9.14483,38.73855],[-9.1452,38.73887],[-9.14583,38.73887],[-9.14609,38.73918],[-9.14608,38.73981]]],[[[-9.1408,38.74044],[-9.14079,38.74046],[-9.14077,38.74044],[-9.14079,38.74036],[-9.1408,38.74044]]],[[[-9.14268,38.74185],[-9.14256,38.7417],[-9.14268,38.74161],[-9.14286,38.7417],[-9.14268,38.74185]]],[[[-9.14142,38.74219],[-9.14202,38.74234],[-9.14205,38.7424],[-9.1423,38.74297],[-9.14205,38.74312],[-9.14188,38.74297],[-9.14142,38.7426],[-9.14125,38.74234],[-9.14142,38.74219]]],[[[-9.13889,38.7437],[-9.13878,38.7436],[-9.13889,38.74343],[-9.13905,38.7436],[-9.13889,38.7437]]],[[[-9.14583,38.74355],[-9.14591,38.7436],[-9.14583,38.74379],[-9.1452,38.74379],[-9.14514,38.7436],[-9.1452,38.74355],[-9.14583,38.74355]]],[[[-9.14427,38.7436],[-9.14457,38.74391],[-9.14507,38.74423],[-9.14457,38.74441],[-9.14394,38.74434],[-9.14331,38.74423],[-9.14345,38.7436],[-9.14394,38.74323],[-9.14427,38.7436]]],[[[-9.14646,38.74392],[-9.14672,38.74423],[-9.14646,38.74477],[-9.146,38.74423],[-9.14646,38.74392]]],[[[-9.1452,38.74545],[-9.14583,38.74545],[-9.14584,38.74549],[-9.14583,38.74555],[-9.1452,38.74555],[-9.14518,38.74549],[-9.1452,38.74545]]],[[[-9.14268,38.74529],[-9.14331,38.74529],[-9.14338,38.74549],[-9.14353,38.74612],[-9.14331,38.74625],[-9.14268,38.74625],[-9.14252,38.74612],[-9.14263,38.74549],[-9.14268,38.74529]]],[[[-9.13952,38.74537],[-9.14015,38.74537],[-9.14043,38.74549],[-9.14043,38.74612],[-9.14015,38.74627],[-9.13952,38.74627],[-9.13938,38.74612],[-9.13938,38.74549],[-9.13952,38.74537]]],[[[-9.14457,38.74664],[-9.14489,38.74675],[-9.14457,38.74688],[-9.14394,38.74691],[-9.14374,38.74675],[-9.14394,38.74644],[-9.14457,38.74664]]],[[[-9.14646,38.74679],[-9.14638,38.74675],[-9.14646,38.74674],[-9.14647,38.74675],[-9.14646,38.74679]]],[[[-9.14394,38.74896],[-9.14377,38.74864],[-9.14394,38.74853],[-9.14411,38.74864],[-9.14394,38.74896]]],[[[-9.14142,38.75052],[-9.14151,38.75054],[-9.14142,38.7506],[-9.1413,38.75054],[-9.14142,38.75052]]],[[[-9.14084,38.76567],[-9.14079,38.76573],[-9.14066,38.76567],[-9.14079,38.76551],[-9.14084,38.76567]]],[[[-9.13889,38.76593],[-9.13879,38.76567],[-9.13889,38.76548],[-9.13929,38.76567],[-9.13889,38.76593]]],[[[-9.14172,38.77072],[-9.14205,38.77048],[-9.14268,38.77048],[-9.14312,38.77072],[-9.14268,38.77104],[-9.14205,38.77104],[-9.14172,38.77072]]],[[[-9.14205,38.77184],[-9.14268,38.77184],[-9.14299,38.77198],[-9.14268,38.77207],[-9.14205,38.77207],[-9.14186,38.77198],[-9.14205,38.77184]]],[[[-9.14331,38.77414],[-9.14296,38.77387],[-9.14268,38.77335],[-9.14205,38.77335],[-9.14169,38.77387],[-9.14142,38.77412],[-9.14129,38.77387],[-9.14079,38.7734],[-9.14018,38.77324],[-9.14015,38.77316],[-9.13952,38.77316],[-9.13921,38.77261],[-9.13952,38.77239],[-9.14015,38.77239],[-9.14038,38.77261],[-9.14079,38.77283],[-9.14124,38.77261],[-9.14142,38.77251],[-9.14146,38.77261],[-9.14205,38.77319],[-9.14268,38.77319],[-9.14331,38.77296],[-9.14391,38.77261],[-9.14394,38.7726],[-9.14395,38.77261],[-9.14433,38.77324],[-9.14394,38.77359],[-9.14357,38.77387],[-9.14331,38.77414]],[[-9.14399,38.77324],[-9.14394,38.77316],[-9.14383,38.77324],[-9.14394,38.77328],[-9.14399,38.77324]]],[[[-9.13889,38.77431],[-9.139,38.7745],[-9.13889,38.77459],[-9.13878,38.7745],[-9.13889,38.77431]]],[[[-9.14084,38.7745],[-9.14079,38.77453],[-9.14075,38.7745],[-9.14079,38.77448],[-9.14084,38.7745]]],[[[-9.14142,38.77522],[-9.14136,38.77513],[-9.14142,38.77501],[-9.14162,38.77513],[-9.14142,38.77522]]],[[[-9.137,38.77616],[-9.13746,38.77639],[-9.137,38.77663],[-9.13637,38.77663],[-9.13605,38.77639],[-9.13637,38.77616],[-9.137,38.77616]]],[[[-9.14583,38.77754],[-9.14593,38.77766],[-9.14583,38.77793],[-9.1452,38.77793],[-9.145,38.77766],[-9.1452,38.77754],[-9.14583,38.77754]]],[[[-9.14646,38.77842],[-9.1463,38.77829],[-9.14646,38.77824],[-9.14649,38.77829],[-9.14646,38.77842]]],[[[-9.13526,38.70765],[-9.13525,38.70828],[-9.13511,38.70843],[-9.13492,38.70828],[-9.13493,38.70765],[-9.13511,38.70733],[-9.13526,38.70765]]],[[[-9.13257,38.71017],[-9.13259,38.71011],[-9.13261,38.71017],[-9.13259,38.71018],[-9.13257,38.71017]]],[[[-9.13069,38.71107],[-9.13051,38.7108],[-9.13069,38.71057],[-9.13081,38.7108],[-9.13069,38.71107]]],[[[-9.1288,38.71115],[-9.1293,38.71143],[-9.1288,38.71189],[-9.12817,38.71147],[-9.12814,38.71143],[-9.12817,38.71142],[-9.1288,38.71115]]],[[[-9.13322,38.71569],[-9.13369,38.71521],[-9.13385,38.71506],[-9.13448,38.71506],[-9.13511,38.71517],[-9.13512,38.71521],[-9.13511,38.71529],[-9.13474,38.71584],[-9.13448,38.71595],[-9.13385,38.71601],[-9.13322,38.71614],[-9.13282,38.71584],[-9.13322,38.71569]]],[[[-9.13064,38.71963],[-9.13069,38.7194],[-9.13132,38.71906],[-9.13196,38.71906],[-9.13208,38.719],[-9.13196,38.71895],[-9.13132,38.71895],[-9.13098,38.71837],[-9.13132,38.71823],[-9.13196,38.71823],[-9.13254,38.71774],[-9.13259,38.71742],[-9.1327,38.71711],[-9.13322,38.71683],[-9.13331,38.71711],[-9.13322,38.71762],[-9.1329,38.71774],[-9.13264,38.71837],[-9.13282,38.719],[-9.1326,38.71963],[-9.13259,38.71965],[-9.13196,38.71975],[-9.13132,38.71975],[-9.13069,38.71967],[-9.13064,38.71963]]],[[[-9.11914,38.71963],[-9.11934,38.71994],[-9.11997,38.71994],[-9.12013,38.72026],[-9.12011,38.72089],[-9.1206,38.72107],[-9.12123,38.72116],[-9.12186,38.72142],[-9.12229,38.72089],[-9.12186,38.72047],[-9.12161,38.72026],[-9.12123,38.71993],[-9.12075,38.71963],[-9.12103,38.719],[-9.1206,38.71857],[-9.11997,38.7188],[-9.11934,38.7188],[-9.11926,38.71837],[-9.11918,38.71774],[-9.11934,38.71738],[-9.11997,38.71738],[-9.12023,38.71711],[-9.1206,38.7169],[-9.1211,38.71711],[-9.12123,38.71719],[-9.12186,38.71724],[-9.122,38.71711],[-9.12186,38.7167],[-9.12178,38.71648],[-9.12186,38.71635],[-9.12231,38.71648],[-9.12249,38.71651],[-9.12313,38.71651],[-9.12323,38.71648],[-9.12313,38.7164],[-9.12249,38.7164],[-9.12223,38.71584],[-9.12186,38.71555],[-9.12138,38.71584],[-9.12123,38.71595],[-9.1211,38.71584],[-9.12108,38.71521],[-9.12123,38.71512],[-9.12186,38.71499],[-9.1224,38.71458],[-9.1224,38.71395],[-9.12249,38.71388],[-9.12313,38.71388],[-9.12334,38.71395],[-9.12376,38.71427],[-9.12439,38.71425],[-9.12502,38.71455],[-9.12565,38.71455],[-9.12612,38.71395],[-9.12628,38.71332],[-9.12691,38.71329],[-9.12693,38.71332],[-9.12754,38.71358],[-9.12784,38.71395],[-9.12789,38.71458],[-9.12801,38.71521],[-9.12754,38.71535],[-9.12737,38.71584],[-9.12693,38.71648],[-9.12693,38.71711],[-9.12754,38.71741],[-9.12779,38.71774],[-9.12754,38.7182],[-9.12726,38.71837],[-9.12754,38.71859],[-9.12784,38.71837],[-9.12817,38.71823],[-9.1288,38.71823],[-9.12943,38.71789],[-9.1295,38.71774],[-9.12995,38.71711],[-9.13006,38.71654],[-9.13009,38.71648],[-9.13006,38.71646],[-9.12996,38.71648],[-9.12943,38.71654],[-9.12913,38.71711],[-9.1288,38.71737],[-9.12817,38.71737],[-9.12783,38.71711],[-9.12816,38.71648],[-9.12817,38.71643],[-9.1288,38.71643],[-9.12943,38.7163],[-9.12962,38.71584],[-9.12943,38.71543],[-9.12888,38.71521],[-9.12926,38.71458],[-9.1293,38.71395],[-9.1289,38.71332],[-9.1288,38.71316],[-9.12861,38.71269],[-9.1288,38.71244],[-9.12903,38.71269],[-9.12943,38.713],[-9.12977,38.71332],[-9.12989,38.71395],[-9.12989,38.71458],[-9.13006,38.71481],[-9.13019,38.71458],[-9.13019,38.71395],[-9.13034,38.71332],[-9.13069,38.71304],[-9.13129,38.71332],[-9.13132,38.71336],[-9.13196,38.71336],[-9.13259,38.71362],[-9.13322,38.71335],[-9.1334,38.71395],[-9.1334,38.71458],[-9.13322,38.71477],[-9.13263,38.71521],[-9.13259,38.71537],[-9.13251,38.71521],[-9.13196,38.71487],[-9.13132,38.71487],[-9.13069,38.71488],[-9.13025,38.71521],[-9.13069,38.71553],[-9.13132,38.71572],[-9.13196,38.71572],[-9.13218,38.71584],[-9.13196,38.71607],[-9.13132,38.71607],[-9.13114,38.71648],[-9.13132,38.71673],[-9.13196,38.71673],[-9.13247,38.71711],[-9.13196,38.71726],[-9.13132,38.71726],[-9.13069,38.71712],[-9.13018,38.71774],[-9.13006,38.71805],[-9.12959,38.71837],[-9.12943,38.71845],[-9.1288,38.71878],[-9.12817,38.71878],[-9.12801,38.719],[-9.12784,38.71963],[-9.12786,38.72026],[-9.12776,38.72089],[-9.12791,38.72152],[-9.12817,38.7219],[-9.1288,38.7219],[-9.12895,38.72215],[-9.12889,38.72278],[-9.1288,38.7229],[-9.12817,38.7229],[-9.12754,38.72314],[-9.12691,38.72333],[-9.1268,38.72341],[-9.12659,38.72404],[-9.12628,38.72426],[-9.12604,38.72404],[-9.12599,38.72341],[-9.12565,38.72313],[-9.12502,38.72313],[-9.12439,38.72307],[-9.12376,38.72298],[-9.12367,38.72278],[-9.12313,38.72237],[-9.12249,38.72237],[-9.12186,38.72247],[-9.12123,38.72241],[-9.1206,38.72245],[-9.12001,38.72215],[-9.11997,38.72192],[-9.11934,38.72192],[-9.1193,38.72215],[-9.11871,38.72254],[-9.11835,38.72215],[-9.11871,38.7218],[-9.11926,38.72152],[-9.11871,38.72115],[-9.11808,38.72135],[-9.11787,38.72089],[-9.11789,38.72026],[-9.11808,38.72002],[-9.11845,38.71963],[-9.11871,38.71937],[-9.11914,38.71963]],[[-9.12494,38.72152],[-9.12502,38.72162],[-9.12565,38.72162],[-9.12628,38.72183],[-9.12658,38.72152],[-9.12628,38.72125],[-9.12565,38.72146],[-9.12502,38.72146],[-9.12494,38.72152]],[[-9.12407,38.719],[-9.12376,38.71896],[-9.12328,38.719],[-9.12376,38.71947],[-9.12407,38.719]],[[-9.12249,38.71977],[-9.12313,38.71977],[-9.12318,38.71963],[-9.12313,38.71957],[-9.12249,38.71957],[-9.12242,38.71963],[-9.12249,38.71977]],[[-9.12085,38.72152],[-9.1206,38.72144],[-9.12048,38.72152],[-9.1206,38.72196],[-9.12085,38.72152]],[[-9.12689,38.71963],[-9.12691,38.71967],[-9.12694,38.71963],[-9.12707,38.719],[-9.12691,38.7188],[-9.12655,38.719],[-9.12689,38.71963]],[[-9.12648,38.71837],[-9.12628,38.71823],[-9.12604,38.71837],[-9.12628,38.71872],[-9.12648,38.71837]],[[-9.12687,38.71458],[-9.12691,38.71474],[-9.12692,38.71458],[-9.12692,38.71395],[-9.12691,38.71364],[-9.12687,38.71395],[-9.12687,38.71458]],[[-9.12565,38.7174],[-9.12628,38.71729],[-9.12686,38.71711],[-9.12628,38.71665],[-9.12565,38.71659],[-9.12502,38.71659],[-9.12439,38.71676],[-9.12408,38.71711],[-9.12439,38.71756],[-9.12502,38.7174],[-9.12565,38.7174]],[[-9.12439,38.71474],[-9.12376,38.715],[-9.12349,38.71521],[-9.12376,38.71539],[-9.12439,38.71565],[-9.12466,38.71584],[-9.12502,38.71641],[-9.12565,38.71641],[-9.12595,38.71584],[-9.12605,38.71521],[-9.12565,38.71462],[-9.12502,38.71462],[-9.12439,38.71474]]],[[[-9.13448,38.71853],[-9.13457,38.719],[-9.13448,38.71916],[-9.13385,38.71916],[-9.13349,38.719],[-9.13385,38.71853],[-9.13448,38.71853]]],[[[-9.13569,38.71963],[-9.13573,38.719],[-9.13574,38.71889],[-9.13605,38.719],[-9.13575,38.71963],[-9.13574,38.71966],[-9.13569,38.71963]]],[[[-9.1301,38.72278],[-9.13027,38.72341],[-9.13006,38.72373],[-9.12997,38.72341],[-9.13002,38.72278],[-9.13006,38.72269],[-9.1301,38.72278]]],[[[-9.12186,38.72307],[-9.12249,38.72321],[-9.12313,38.72321],[-9.12351,38.72341],[-9.12313,38.72358],[-9.12249,38.72358],[-9.12186,38.72361],[-9.12158,38.72341],[-9.12186,38.72307]]],[[[-9.13196,38.72326],[-9.13202,38.72341],[-9.13196,38.72346],[-9.13132,38.72346],[-9.13124,38.72341],[-9.13132,38.72326],[-9.13196,38.72326]]],[[[-9.11871,38.72407],[-9.11869,38.72404],[-9.11871,38.72402],[-9.11872,38.72404],[-9.11871,38.72407]]],[[[-9.12129,38.72657],[-9.12143,38.7272],[-9.12123,38.72736],[-9.12076,38.7272],[-9.12107,38.72657],[-9.12123,38.72625],[-9.12129,38.72657]]],[[[-9.13006,38.72733],[-9.12997,38.7272],[-9.13006,38.72679],[-9.13024,38.7272],[-9.13006,38.72733]]],[[[-9.1193,38.7272],[-9.11934,38.72717],[-9.11997,38.72717],[-9.12011,38.7272],[-9.11997,38.72724],[-9.11934,38.72724],[-9.1193,38.7272]]],[[[-9.13068,38.72783],[-9.13069,38.72781],[-9.13132,38.72781],[-9.13135,38.72783],[-9.13167,38.72846],[-9.13132,38.72859],[-9.13069,38.72859],[-9.13061,38.72846],[-9.13068,38.72783]]],[[[-9.12754,38.72854],[-9.12746,38.72846],[-9.12754,38.72831],[-9.12795,38.72846],[-9.12754,38.72854]]],[[[-9.12943,38.729],[-9.12961,38.72909],[-9.12943,38.72945],[-9.12917,38.72909],[-9.12943,38.729]]],[[[-9.11931,38.72972],[-9.11909,38.72909],[-9.11927,38.72846],[-9.11934,38.72839],[-9.11997,38.72839],[-9.12009,38.72846],[-9.12057,38.72909],[-9.12,38.72972],[-9.12016,38.73035],[-9.11997,38.73051],[-9.11934,38.73051],[-9.11893,38.73035],[-9.11931,38.72972]]],[[[-9.12318,38.73035],[-9.12355,38.73098],[-9.12313,38.73137],[-9.12249,38.73137],[-9.12186,38.73131],[-9.12158,38.73098],[-9.12186,38.73063],[-9.12235,38.73035],[-9.12249,38.73024],[-9.12313,38.73024],[-9.12318,38.73035]]],[[[-9.12589,38.73098],[-9.12565,38.73042],[-9.12502,38.73042],[-9.12496,38.73035],[-9.12502,38.73034],[-9.12565,38.73034],[-9.12628,38.73027],[-9.12631,38.73035],[-9.12691,38.73086],[-9.12703,38.73098],[-9.12691,38.7313],[-9.12628,38.73144],[-9.12589,38.73098]]],[[[-9.12814,38.73098],[-9.12817,38.73082],[-9.1288,38.73082],[-9.12943,38.73096],[-9.12946,38.73098],[-9.12943,38.73125],[-9.1288,38.73101],[-9.12817,38.73101],[-9.12814,38.73098]]],[[[-9.13196,38.73182],[-9.13185,38.73161],[-9.13196,38.73132],[-9.1321,38.73161],[-9.13196,38.73182]]],[[[-9.11934,38.73158],[-9.11997,38.73158],[-9.1206,38.73155],[-9.12071,38.73161],[-9.1206,38.73167],[-9.11997,38.73166],[-9.11934,38.73166],[-9.11917,38.73161],[-9.11934,38.73158]]],[[[-9.12439,38.73205],[-9.12452,38.73224],[-9.12439,38.73236],[-9.12376,38.73245],[-9.1236,38.73224],[-9.12376,38.73193],[-9.12439,38.73205]]],[[[-9.13006,38.73257],[-9.12958,38.73224],[-9.13006,38.7319],[-9.13026,38.73224],[-9.13006,38.73257]]],[[[-9.13322,38.7322],[-9.13324,38.73224],[-9.13322,38.7323],[-9.13259,38.73248],[-9.13228,38.73224],[-9.13259,38.73201],[-9.13322,38.7322]]],[[[-9.12754,38.73226],[-9.1275,38.73224],[-9.12754,38.73217],[-9.12817,38.73206],[-9.1288,38.73206],[-9.12924,38.73224],[-9.1288,38.73245],[-9.12817,38.73245],[-9.12754,38.73226]]],[[[-9.12186,38.73189],[-9.12217,38.73224],[-9.12234,38.73287],[-9.12234,38.73351],[-9.12186,38.73366],[-9.1213,38.73351],[-9.1213,38.73287],[-9.12151,38.73224],[-9.12186,38.73189]]],[[[-9.13259,38.73438],[-9.13245,38.73414],[-9.13259,38.73402],[-9.13264,38.73414],[-9.13259,38.73438]]],[[[-9.13488,38.73477],[-9.13511,38.73455],[-9.13519,38.73477],[-9.13511,38.73492],[-9.13488,38.73477]]],[[[-9.12411,38.73477],[-9.12379,38.7354],[-9.12376,38.73559],[-9.12368,38.7354],[-9.12339,38.73477],[-9.12376,38.73429],[-9.12411,38.73477]]],[[[-9.12565,38.73538],[-9.12596,38.7354],[-9.12565,38.73546],[-9.12502,38.73546],[-9.12501,38.7354],[-9.12502,38.73538],[-9.12565,38.73538]]],[[[-9.1288,38.73399],[-9.12899,38.73351],[-9.12943,38.73316],[-9.13006,38.73323],[-9.13036,38.73287],[-9.13069,38.73267],[-9.13132,38.73267],[-9.13177,38.73287],[-9.13132,38.7334],[-9.13069,38.7334],[-9.13056,38.73351],[-9.13026,38.73414],[-9.1301,38.73477],[-9.13006,38.73478],[-9.12958,38.7354],[-9.12943,38.73574],[-9.12885,38.73603],[-9.12943,38.7363],[-9.12996,38.73666],[-9.13006,38.7369],[-9.13024,38.73729],[-9.13006,38.7374],[-9.12961,38.73792],[-9.12943,38.73849],[-9.12896,38.73792],[-9.1288,38.73788],[-9.12817,38.73788],[-9.12786,38.73792],[-9.12754,38.73798],[-9.1275,38.73792],[-9.12691,38.73745],[-9.12628,38.73735],[-9.12619,38.73729],[-9.12628,38.73722],[-9.12672,38.73666],[-9.12691,38.73638],[-9.1273,38.73603],[-9.12754,38.73575],[-9.12814,38.7354],[-9.12817,38.73533],[-9.1288,38.73533],[-9.12921,38.73477],[-9.1288,38.73436],[-9.12817,38.73436],[-9.12754,38.73441],[-9.12734,38.73414],[-9.12754,38.73389],[-9.12817,38.73399],[-9.1288,38.73399]]],[[[-9.12565,38.73634],[-9.12577,38.73666],[-9.12565,38.7368],[-9.12502,38.7368],[-9.12485,38.73666],[-9.12502,38.73634],[-9.12565,38.73634]]],[[[-9.13615,38.73729],[-9.13592,38.73792],[-9.13574,38.73801],[-9.13566,38.73792],[-9.13551,38.73729],[-9.13574,38.73709],[-9.13615,38.73729]]],[[[-9.13637,38.74306],[-9.13613,38.74297],[-9.13637,38.74292],[-9.13646,38.74297],[-9.13637,38.74306]]],[[[-9.11871,38.74586],[-9.11843,38.74549],[-9.11871,38.74516],[-9.11905,38.74549],[-9.11871,38.74586]]],[[[-9.13511,38.74805],[-9.1351,38.74801],[-9.13511,38.74797],[-9.13527,38.74801],[-9.13511,38.74805]]],[[[-9.12439,38.75335],[-9.12408,38.75306],[-9.12439,38.75262],[-9.12477,38.75306],[-9.12439,38.75335]],[[-9.12442,38.75306],[-9.12439,38.75302],[-9.12436,38.75306],[-9.12439,38.75308],[-9.12442,38.75306]]],[[[-9.12689,38.75369],[-9.12691,38.75368],[-9.12693,38.75369],[-9.12691,38.75371],[-9.12689,38.75369]]],[[[-9.13511,38.75452],[-9.13472,38.75432],[-9.13511,38.75412],[-9.13529,38.75432],[-9.13511,38.75452]]],[[[-9.12439,38.75536],[-9.12422,38.75495],[-9.12439,38.75477],[-9.12486,38.75495],[-9.12439,38.75536]]],[[[-9.12642,38.75684],[-9.12691,38.75666],[-9.12718,38.75684],[-9.12691,38.75707],[-9.12642,38.75684]]],[[[-9.13132,38.75655],[-9.13161,38.75684],[-9.13132,38.75719],[-9.13069,38.75719],[-9.13044,38.75684],[-9.13069,38.75655],[-9.13132,38.75655]]],[[[-9.1288,38.75708],[-9.12903,38.75747],[-9.1288,38.75787],[-9.12817,38.75787],[-9.12794,38.75747],[-9.12817,38.75708],[-9.1288,38.75708]]],[[[-9.12578,38.75873],[-9.12628,38.75841],[-9.1266,38.75873],[-9.12628,38.75924],[-9.12578,38.75873]]],[[[-9.12754,38.75945],[-9.12749,38.75937],[-9.12754,38.75932],[-9.12763,38.75937],[-9.12754,38.75945]]],[[[-9.12628,38.76069],[-9.12624,38.76063],[-9.12628,38.7606],[-9.1263,38.76063],[-9.12628,38.76069]]],[[[-9.12565,38.76181],[-9.12575,38.76189],[-9.12565,38.7622],[-9.12502,38.7622],[-9.12498,38.76189],[-9.12502,38.76181],[-9.12565,38.76181]]],[[[-9.13069,38.77131],[-9.13132,38.77131],[-9.13135,38.77135],[-9.13164,38.77198],[-9.13132,38.77232],[-9.13069,38.77232],[-9.13058,38.77198],[-9.13069,38.77135],[-9.13069,38.77131]]],[[[-9.1288,38.77401],[-9.12864,38.77387],[-9.1288,38.77329],[-9.12895,38.77387],[-9.1288,38.77401]]],[[[-9.12817,38.77432],[-9.12832,38.7745],[-9.12817,38.77471],[-9.12754,38.77471],[-9.12733,38.7745],[-9.12754,38.77432],[-9.12817,38.77432]]],[[[-9.1266,38.77639],[-9.12691,38.77618],[-9.12726,38.77639],[-9.12691,38.77657],[-9.1266,38.77639]]],[[[-9.12439,38.77752],[-9.12497,38.77703],[-9.12502,38.77697],[-9.12565,38.77697],[-9.12568,38.77703],[-9.12615,38.77766],[-9.1259,38.77829],[-9.12588,38.77892],[-9.12565,38.77914],[-9.12502,38.77914],[-9.12442,38.77892],[-9.12439,38.7789],[-9.12376,38.77853],[-9.12324,38.77829],[-9.12324,38.77766],[-9.12315,38.77703],[-9.12376,38.77661],[-9.12399,38.77703],[-9.12439,38.77752]]],[[[-9.12502,38.78116],[-9.12565,38.78116],[-9.12628,38.78132],[-9.12638,38.78144],[-9.12628,38.78159],[-9.12565,38.78169],[-9.12502,38.78169],[-9.12489,38.78144],[-9.12502,38.78116]]],[[[-9.12817,38.78146],[-9.12835,38.78207],[-9.12817,38.78244],[-9.12754,38.78244],[-9.12707,38.78207],[-9.12754,38.78146],[-9.12817,38.78146]]],[[[-9.13283,38.78333],[-9.13259,38.78288],[-9.13206,38.7827],[-9.13204,38.78207],[-9.13196,38.78195],[-9.13132,38.78204],[-9.13069,38.78204],[-9.13019,38.78144],[-9.13067,38.78081],[-9.13069,38.78073],[-9.13132,38.78073],[-9.13196,38.78054],[-9.13223,38.78081],[-9.13259,38.7813],[-9.13322,38.78108],[-9.13381,38.78144],[-9.13385,38.78146],[-9.13409,38.78207],[-9.13385,38.78251],[-9.13322,38.78251],[-9.13278,38.7827],[-9.13322,38.78292],[-9.13385,38.78292],[-9.13404,38.78333],[-9.13385,38.78355],[-9.13322,38.78355],[-9.13283,38.78333]],[[-9.13069,38.78159],[-9.13132,38.78159],[-9.13152,38.78144],[-9.13132,38.78128],[-9.13069,38.78128],[-9.13057,38.78144],[-9.13069,38.78159]]],[[[-9.12407,38.7827],[-9.12407,38.78281],[-9.12395,38.78281],[-9.12349,38.78294],[-9.12349,38.7827],[-9.12376,38.78248],[-9.12407,38.7827]]],[[[-9.13511,38.78398],[-9.1351,38.78396],[-9.13511,38.78395],[-9.13514,38.78396],[-9.13511,38.78398]]],[[[-9.11732,38.71837],[-9.11745,38.71829],[-9.1177,38.71837],[-9.11745,38.71851],[-9.11732,38.71837]]],[[[-9.11808,38.71919],[-9.11798,38.719],[-9.11808,38.71882],[-9.11827,38.719],[-9.11808,38.71919]]],[[[-9.11745,38.72157],[-9.11743,38.72152],[-9.11745,38.72148],[-9.11763,38.72152],[-9.11745,38.72157]]],[[[-9.11556,38.72237],[-9.11525,38.72215],[-9.11556,38.7219],[-9.11587,38.72215],[-9.11556,38.72237]]],[[[-9.11781,38.72278],[-9.11749,38.72341],[-9.11745,38.72343],[-9.11742,38.72341],[-9.1172,38.72278],[-9.11745,38.72259],[-9.11781,38.72278]]],[[[-9.10673,38.73422],[-9.10659,38.73414],[-9.10673,38.73401],[-9.10683,38.73414],[-9.10673,38.73422]]],[[[-9.10483,38.73492],[-9.10546,38.73492],[-9.10575,38.7354],[-9.10546,38.73579],[-9.10483,38.73579],[-9.10439,38.7354],[-9.10483,38.73492]]],[[[-9.11361,38.7417],[-9.11366,38.74166],[-9.11429,38.74166],[-9.1144,38.7417],[-9.11429,38.74175],[-9.11366,38.74175],[-9.11361,38.7417]]],[[[-9.11493,38.74315],[-9.11465,38.74297],[-9.11493,38.74276],[-9.11514,38.74297],[-9.11493,38.74315]]],[[[-9.11611,38.7436],[-9.11556,38.74394],[-9.11528,38.7436],[-9.11556,38.74328],[-9.11611,38.7436]]],[[[-9.09727,38.74506],[-9.09663,38.74509],[-9.0964,38.74509],[-9.09663,38.74486],[-9.09663,38.74423],[-9.09716,38.7437],[-9.09727,38.7437],[-9.0979,38.74362],[-9.09853,38.74391],[-9.09868,38.74423],[-9.09853,38.74424],[-9.0979,38.74458],[-9.09745,38.74486],[-9.09727,38.74506]]],[[[-9.11871,38.74451],[-9.11828,38.74486],[-9.11808,38.74501],[-9.11798,38.74486],[-9.11745,38.74424],[-9.11741,38.74423],[-9.11745,38.74421],[-9.11808,38.7441],[-9.11871,38.74394],[-9.1192,38.74423],[-9.11871,38.74451]]],[[[-9.11366,38.7445],[-9.11429,38.7445],[-9.11449,38.74486],[-9.11429,38.74514],[-9.11366,38.74514],[-9.11303,38.74486],[-9.11366,38.7445]]],[[[-9.10988,38.74472],[-9.10994,38.74486],[-9.10988,38.74495],[-9.10979,38.74486],[-9.10988,38.74472]]],[[[-9.09853,38.74577],[-9.09823,38.74549],[-9.09853,38.74528],[-9.09888,38.74549],[-9.09853,38.74577]]],[[[-9.10862,38.74565],[-9.1083,38.74549],[-9.10862,38.74546],[-9.10864,38.74549],[-9.10862,38.74565]]],[[[-9.09916,38.74714],[-9.09853,38.74704],[-9.09824,38.74675],[-9.09853,38.74657],[-9.09916,38.74637],[-9.09979,38.74637],[-9.09988,38.74612],[-9.10015,38.74549],[-9.09979,38.74489],[-9.09916,38.74489],[-9.09914,38.74486],[-9.09916,38.7447],[-9.09979,38.7447],[-9.10042,38.74478],[-9.10105,38.74453],[-9.10134,38.74486],[-9.10168,38.7451],[-9.10231,38.74521],[-9.10257,38.74549],[-9.10231,38.74597],[-9.10168,38.74604],[-9.10105,38.74609],[-9.10103,38.74612],[-9.10094,38.74675],[-9.10042,38.74701],[-9.09979,38.74714],[-9.09916,38.74714]]],[[[-9.10988,38.746],[-9.11014,38.74612],[-9.10988,38.74619],[-9.10925,38.74625],[-9.10881,38.74612],[-9.10925,38.74601],[-9.10988,38.746]]],[[[-9.11682,38.74606],[-9.11688,38.74612],[-9.11682,38.74625],[-9.11619,38.74625],[-9.11614,38.74612],[-9.11619,38.74606],[-9.11682,38.74606]]],[[[-9.11429,38.74644],[-9.11366,38.74644],[-9.11303,38.74662],[-9.11285,38.74675],[-9.11288,38.74738],[-9.11255,38.74801],[-9.1124,38.74816],[-9.11177,38.74821],[-9.11114,38.74835],[-9.11051,38.74835],[-9.10999,38.74864],[-9.10988,38.74876],[-9.10964,38.74864],[-9.10988,38.7483],[-9.10996,38.74801],[-9.11051,38.74754],[-9.11114,38.74754],[-9.1116,38.74738],[-9.1113,38.74675],[-9.11154,38.74612],[-9.11177,38.74601],[-9.11225,38.74612],[-9.1124,38.74617],[-9.11244,38.74612],[-9.1124,38.74603],[-9.11221,38.74549],[-9.1124,38.74534],[-9.11261,38.74549],[-9.11303,38.74575],[-9.11366,38.74602],[-9.11429,38.74602],[-9.11485,38.74612],[-9.11493,38.74625],[-9.11506,38.74675],[-9.11512,38.74738],[-9.11493,38.74752],[-9.11483,38.74738],[-9.1147,38.74675],[-9.11429,38.74644]]],[[[-9.09701,38.74738],[-9.09727,38.74681],[-9.09755,38.74738],[-9.09742,38.74801],[-9.09727,38.74814],[-9.09704,38.74801],[-9.09701,38.74738]]],[[[-9.11429,38.74801],[-9.11435,38.74864],[-9.11429,38.74868],[-9.11366,38.74868],[-9.11354,38.74864],[-9.11366,38.74801],[-9.11429,38.74801]]],[[[-9.11556,38.74986],[-9.11529,38.74927],[-9.11556,38.74899],[-9.11572,38.74927],[-9.11556,38.74986]]],[[[-9.09537,38.7497],[-9.096,38.7497],[-9.09663,38.7497],[-9.09682,38.7499],[-9.09679,38.75054],[-9.09663,38.7508],[-9.096,38.7508],[-9.09537,38.75082],[-9.09508,38.75082],[-9.09537,38.75054],[-9.09537,38.7499],[-9.09537,38.7497]]],[[[-9.10988,38.7507],[-9.10978,38.75054],[-9.10988,38.75042],[-9.11003,38.75054],[-9.10988,38.7507]]],[[[-9.1061,38.75085],[-9.10593,38.75117],[-9.10546,38.7517],[-9.10483,38.7517],[-9.10423,38.75117],[-9.10438,38.75054],[-9.10483,38.7502],[-9.10546,38.7502],[-9.1061,38.75015],[-9.1063,38.75054],[-9.1061,38.75085]]],[[[-9.09736,38.75117],[-9.09727,38.75122],[-9.09711,38.75117],[-9.09727,38.75108],[-9.09736,38.75117]]],[[[-9.10018,38.75558],[-9.10042,38.7554],[-9.10105,38.75548],[-9.10113,38.75558],[-9.10105,38.75579],[-9.10042,38.75576],[-9.10018,38.75558]]],[[[-9.09958,38.75621],[-9.09979,38.7559],[-9.10003,38.75621],[-9.09979,38.75684],[-9.09958,38.75621]]],[[[-9.0979,38.75759],[-9.0978,38.75747],[-9.0979,38.75733],[-9.09798,38.75747],[-9.0979,38.75759]]],[[[-9.11366,38.75781],[-9.11398,38.7581],[-9.11366,38.75826],[-9.11303,38.75826],[-9.11294,38.7581],[-9.11303,38.75792],[-9.11366,38.75781]]],[[[-9.09916,38.75797],[-9.09955,38.7581],[-9.09916,38.75826],[-9.09853,38.75826],[-9.09835,38.7581],[-9.09853,38.75797],[-9.09916,38.75797]]],[[[-9.11177,38.75868],[-9.11209,38.75873],[-9.11209,38.75937],[-9.11234,38.76],[-9.11177,38.76025],[-9.11155,38.76],[-9.11146,38.75937],[-9.11172,38.75873],[-9.11177,38.75868]]],[[[-9.09989,38.76],[-9.09979,38.76003],[-9.09969,38.76],[-9.09979,38.75991],[-9.09989,38.76]]],[[[-9.09159,38.76003],[-9.09173,38.76063],[-9.09159,38.761],[-9.09113,38.76063],[-9.09159,38.76003]]],[[[-9.10882,38.76252],[-9.10862,38.76258],[-9.10799,38.76252],[-9.10862,38.76228],[-9.10882,38.76252]]],[[[-9.09853,38.76278],[-9.09916,38.76278],[-9.0995,38.76315],[-9.09916,38.76359],[-9.09853,38.76359],[-9.0979,38.76331],[-9.09781,38.76315],[-9.09783,38.76252],[-9.0979,38.76248],[-9.09804,38.76252],[-9.09853,38.76278]]],[[[-9.10736,38.76328],[-9.10781,38.76378],[-9.10736,38.76417],[-9.10709,38.76378],[-9.10736,38.76328]]],[[[-9.09727,38.76381],[-9.09725,38.76378],[-9.09727,38.76375],[-9.09733,38.76378],[-9.09727,38.76381]]],[[[-9.1087,38.76378],[-9.10862,38.7638],[-9.10853,38.76378],[-9.10862,38.76377],[-9.1087,38.76378]]],[[[-9.10736,38.7646],[-9.10772,38.76504],[-9.10799,38.7653],[-9.10826,38.76567],[-9.10799,38.76599],[-9.10736,38.76599],[-9.10698,38.76567],[-9.10673,38.7653],[-9.10639,38.76504],[-9.10673,38.76456],[-9.10736,38.7646]]],[[[-9.10233,38.76504],[-9.10233,38.76567],[-9.10231,38.76571],[-9.10192,38.7663],[-9.10168,38.76647],[-9.10105,38.76659],[-9.10042,38.76663],[-9.10009,38.7663],[-9.09979,38.76581],[-9.09968,38.76567],[-9.09947,38.76504],[-9.09916,38.76484],[-9.09853,38.76484],[-9.09828,38.76504],[-9.0979,38.76553],[-9.09769,38.76504],[-9.09771,38.76441],[-9.0979,38.7641],[-9.09853,38.76394],[-9.09916,38.76394],[-9.09953,38.76441],[-9.09979,38.76478],[-9.10042,38.76495],[-9.10058,38.76504],[-9.10059,38.76567],[-9.10105,38.76594],[-9.10166,38.76567],[-9.10166,38.76504],[-9.10117,38.76441],[-9.10168,38.76411],[-9.10231,38.76423],[-9.10278,38.76441],[-9.10233,38.76504]]],[[[-9.10357,38.76578],[-9.10345,38.76567],[-9.10357,38.76547],[-9.10385,38.76567],[-9.10357,38.76578]]],[[[-9.09567,38.76756],[-9.096,38.76707],[-9.09622,38.76693],[-9.09663,38.76662],[-9.09694,38.76693],[-9.09708,38.76756],[-9.09727,38.76795],[-9.09738,38.7682],[-9.09727,38.76833],[-9.0971,38.7682],[-9.09663,38.76792],[-9.096,38.76792],[-9.09567,38.76756]]],[[[-9.09474,38.76763],[-9.09462,38.76756],[-9.09474,38.7674],[-9.09486,38.76756],[-9.09474,38.76763]]],[[[-9.09916,38.7681],[-9.09939,38.7682],[-9.09916,38.76824],[-9.09853,38.76824],[-9.09849,38.7682],[-9.09853,38.7681],[-9.09916,38.7681]]],[[[-9.09801,38.76946],[-9.0979,38.76959],[-9.09768,38.76946],[-9.0979,38.76937],[-9.09801,38.76946]]],[[[-9.09285,38.77026],[-9.09246,38.77072],[-9.09222,38.771],[-9.09159,38.771],[-9.09159,38.77072],[-9.09159,38.77009],[-9.09159,38.76964],[-9.09222,38.76964],[-9.09229,38.76946],[-9.09276,38.76883],[-9.09285,38.76875],[-9.09348,38.76875],[-9.09356,38.76883],[-9.0939,38.76946],[-9.09411,38.76994],[-9.09436,38.77009],[-9.09474,38.7702],[-9.09499,38.77072],[-9.09474,38.77118],[-9.09428,38.77072],[-9.09411,38.77028],[-9.09348,38.77026],[-9.09285,38.77026]]],[[[-9.09916,38.77002],[-9.09944,38.77009],[-9.09916,38.77019],[-9.09853,38.77019],[-9.09844,38.77009],[-9.09853,38.77002],[-9.09916,38.77002]]],[[[-9.10231,38.76996],[-9.10251,38.77009],[-9.10231,38.77036],[-9.10168,38.77036],[-9.10156,38.77009],[-9.10168,38.76996],[-9.10231,38.76996]]],[[[-9.09285,38.77105],[-9.09348,38.77105],[-9.09372,38.77135],[-9.09367,38.77198],[-9.09348,38.77209],[-9.09285,38.77209],[-9.09251,38.77198],[-9.09251,38.77135],[-9.09285,38.77105]]],[[[-9.10042,38.77291],[-9.10014,38.77261],[-9.10042,38.77245],[-9.10071,38.77261],[-9.10042,38.77291]]],[[[-9.09979,38.77337],[-9.09968,38.77324],[-9.09979,38.77314],[-9.0999,38.77324],[-9.09979,38.77337]]],[[[-9.11202,38.77387],[-9.11177,38.77413],[-9.11118,38.77387],[-9.11177,38.77371],[-9.11202,38.77387]]],[[[-9.10546,38.77333],[-9.10483,38.77333],[-9.10439,38.77387],[-9.10483,38.77416],[-9.10546,38.77416],[-9.10576,38.7745],[-9.10576,38.77486],[-9.10391,38.77496],[-9.10391,38.7745],[-9.10389,38.77387],[-9.10396,38.77324],[-9.1042,38.773],[-9.10483,38.77312],[-9.10546,38.77312],[-9.10559,38.77324],[-9.10546,38.77333]]],[[[-9.10145,38.77509],[-9.10082,38.77513],[-9.10105,38.77454],[-9.10145,38.77509]]],[[[-9.09989,38.77513],[-9.09989,38.77518],[-9.09948,38.7752],[-9.09954,38.77513],[-9.09979,38.77457],[-9.09989,38.77513]]],[[[-9.09918,38.77555],[-9.09926,38.77612],[-9.09916,38.77611],[-9.09853,38.77611],[-9.09842,38.77576],[-9.09853,38.77558],[-9.09916,38.77558],[-9.09918,38.77555]]],[[[-9.0979,38.77658],[-9.09782,38.77639],[-9.0979,38.77634],[-9.09813,38.77639],[-9.0979,38.77658]]],[[[-9.10013,38.78649],[-9.10042,38.78631],[-9.10077,38.78631],[-9.10083,38.7867],[-9.10042,38.7867],[-9.10013,38.78649]]],[[[-9.09531,38.79342],[-9.09537,38.79335],[-9.09554,38.79279],[-9.096,38.79243],[-9.09663,38.79238],[-9.09694,38.79216],[-9.09691,38.79153],[-9.09724,38.7909],[-9.09727,38.79085],[-9.0979,38.79041],[-9.09853,38.79036],[-9.09905,38.79027],[-9.09853,38.79023],[-9.0979,38.79011],[-9.09771,38.78964],[-9.0979,38.78917],[-9.09853,38.78907],[-9.09916,38.78907],[-9.09929,38.78901],[-9.09916,38.78886],[-9.09853,38.78886],[-9.0979,38.78887],[-9.09769,38.78838],[-9.09727,38.78782],[-9.09721,38.78775],[-9.09663,38.78714],[-9.096,38.78714],[-9.09594,38.78712],[-9.09537,38.78702],[-9.09499,38.78649],[-9.09474,38.78628],[-9.09411,38.78619],[-9.09386,38.78586],[-9.09348,38.78559],[-9.09285,38.78559],[-9.09252,38.78586],[-9.09246,38.78649],[-9.09222,38.78677],[-9.0917,38.78649],[-9.09159,38.78639],[-9.09105,38.78639],[-9.09159,38.78586],[-9.09159,38.78544],[-9.09222,38.78544],[-9.09238,38.78523],[-9.09241,38.78459],[-9.09222,38.78438],[-9.09189,38.78396],[-9.09222,38.78357],[-9.09238,38.78333],[-9.09228,38.7827],[-9.09222,38.78223],[-9.09221,38.78207],[-9.09159,38.78171],[-9.09096,38.78171],[-9.09096,38.78144],[-9.09096,38.78081],[-9.09096,38.78018],[-9.09096,38.77955],[-9.09096,38.77949],[-9.09159,38.77949],[-9.09162,38.77955],[-9.09222,38.7801],[-9.09227,38.78018],[-9.0924,38.78081],[-9.09285,38.78129],[-9.09348,38.78129],[-9.09411,38.78135],[-9.09424,38.78144],[-9.09411,38.78161],[-9.09348,38.78199],[-9.09285,38.78199],[-9.09284,38.78207],[-9.09285,38.7821],[-9.09348,38.7821],[-9.09411,38.78262],[-9.09474,38.78224],[-9.09499,38.78207],[-9.0951,38.78144],[-9.09525,38.78081],[-9.09537,38.78072],[-9.09585,38.78018],[-9.09591,38.77955],[-9.09585,38.77892],[-9.096,38.77879],[-9.09663,38.77879],[-9.09727,38.77889],[-9.09766,38.77829],[-9.09783,38.77766],[-9.0979,38.77747],[-9.09845,38.77703],[-9.09853,38.77692],[-9.09916,38.77692],[-9.09938,38.77692],[-9.09972,38.77924],[-9.09958,38.77955],[-9.09967,38.78018],[-9.09979,38.78081],[-9.09995,38.78081],[-9.10031,38.78319],[-9.09979,38.78324],[-9.09972,38.78333],[-9.09916,38.7839],[-9.09853,38.7839],[-9.09828,38.78333],[-9.0979,38.78309],[-9.09727,38.78309],[-9.09704,38.78333],[-9.09727,38.78355],[-9.09756,38.78396],[-9.09757,38.78459],[-9.09755,38.78523],[-9.0979,38.78555],[-9.09853,38.78525],[-9.09916,38.78525],[-9.09946,38.78586],[-9.09916,38.78646],[-9.09853,38.78646],[-9.0979,38.7864],[-9.09727,38.78638],[-9.09674,38.78649],[-9.09727,38.78663],[-9.0979,38.78659],[-9.09853,38.78651],[-9.09916,38.78651],[-9.09979,38.78672],[-9.10011,38.78712],[-9.10042,38.78757],[-9.10091,38.78757],[-9.10094,38.78801],[-9.10042,38.78801],[-9.10023,38.78838],[-9.10042,38.78863],[-9.10098,38.78863],[-9.10102,38.78935],[-9.10094,38.79052],[-9.10074,38.79174],[-9.10008,38.79399],[-9.09979,38.79399],[-9.09975,38.79406],[-9.09979,38.79432],[-9.09999,38.79432],[-9.09954,38.79589],[-9.09916,38.79592],[-9.09853,38.7959],[-9.09851,38.79595],[-9.09851,38.79613],[-9.09818,38.79612],[-9.09781,38.79619],[-9.09765,38.79626],[-9.09765,38.79595],[-9.09727,38.79584],[-9.09716,38.79595],[-9.09716,38.79646],[-9.09689,38.79658],[-9.09668,38.79658],[-9.09668,38.79595],[-9.09727,38.79535],[-9.0979,38.79546],[-9.09824,38.79532],[-9.09792,38.79469],[-9.0979,38.79467],[-9.09786,38.79469],[-9.09727,38.79523],[-9.09663,38.79529],[-9.096,38.7953],[-9.09598,38.79532],[-9.09583,38.79595],[-9.09583,38.79658],[-9.09537,38.79658],[-9.09508,38.79658],[-9.09508,38.79595],[-9.09474,38.79542],[-9.09467,38.79532],[-9.09474,38.79521],[-9.09511,38.79469],[-9.09498,38.79406],[-9.09531,38.79342]],[[-9.09795,38.79279],[-9.0979,38.79273],[-9.09783,38.79279],[-9.0979,38.79342],[-9.09795,38.79279]],[[-9.09727,38.7934],[-9.09724,38.79342],[-9.09727,38.79346],[-9.0979,38.79342],[-9.09727,38.7934]],[[-9.096,38.78412],[-9.09663,38.78412],[-9.09678,38.78396],[-9.09663,38.78381],[-9.096,38.78381],[-9.09589,38.78396],[-9.096,38.78412]],[[-9.09474,38.78594],[-9.09537,38.78633],[-9.09548,38.78586],[-9.09556,38.78523],[-9.09556,38.78459],[-9.09537,38.78446],[-9.09474,38.78453],[-9.09464,38.78459],[-9.09448,38.78523],[-9.09455,38.78586],[-9.09474,38.78594]],[[-9.09283,38.78396],[-9.09285,38.784],[-9.09348,38.784],[-9.09411,38.78416],[-9.09425,38.78396],[-9.09411,38.78339],[-9.09348,38.78386],[-9.09285,38.78386],[-9.09283,38.78396]],[[-9.09922,38.78144],[-9.09916,38.78142],[-9.09874,38.78144],[-9.09916,38.78148],[-9.09922,38.78144]],[[-9.10029,38.79279],[-9.09979,38.7925],[-9.09954,38.79279],[-9.09979,38.79328],[-9.10029,38.79279]],[[-9.09853,38.79438],[-9.09916,38.79438],[-9.09937,38.79406],[-9.09916,38.79383],[-9.09853,38.79383],[-9.09807,38.79406],[-9.09853,38.79438]],[[-9.096,38.78233],[-9.09663,38.78233],[-9.0968,38.78207],[-9.09663,38.78187],[-9.096,38.78187],[-9.09564,38.78207],[-9.096,38.78233]],[[-9.0949,38.78333],[-9.09474,38.78325],[-9.09427,38.78333],[-9.09474,38.78338],[-9.0949,38.78333]],[[-9.09853,38.79344],[-9.09916,38.79344],[-9.09918,38.79342],[-9.09916,38.79337],[-9.09853,38.79337],[-9.0985,38.79342],[-9.09853,38.79344]],[[-9.09853,38.78987],[-9.09916,38.78988],[-9.09949,38.78964],[-9.09916,38.78942],[-9.09853,38.78942],[-9.09826,38.78964],[-9.09853,38.78987]]]]},"properties":{"class":5,"label":"20 a 20,5","fill":"#ea2920"}},{"type":"Feature","geometry":{"type":"MultiPolygon","coordinates":[[[[-9.2177,38.69251],[-9.2177,38.69188],[-9.21773,38.69188],[-9.2178,38.69194],[-9.2178,38.69251],[-9.21773,38.69254],[-9.2177,38.69251]]],[[[-9.21531,38.69377],[-9.21584,38.69417],[-9.21647,38.69417],[-9.21682,38.6944],[-9.21647,38.69455],[-9.21584,38.69455],[-9.21521,38.69472],[-9.21472,38.69503],[-9.21458,38.69514],[-9.21395,38.69509],[-9.21357,38.69503],[-9.21395,38.69479],[-9.21414,38.6944],[-9.2141,38.69377],[-9.21445,38.69314],[-9.21458,38.69298],[-9.21475,38.69314],[-9.21521,38.69364],[-9.21531,38.69377]]],[[[-9.21521,38.69579],[-9.2156,38.69629],[-9.21521,38.69664],[-9.21458,38.69662],[-9.21442,38.69629],[-9.21458,38.69592],[-9.21521,38.69579]]],[[[-9.22079,38.69629],[-9.22089,38.69617],[-9.22135,38.69629],[-9.22089,38.69645],[-9.22079,38.69629]]],[[[-9.22215,38.6965],[-9.22228,38.69692],[-9.22215,38.69703],[-9.22152,38.69703],[-9.2214,38.69692],[-9.22152,38.6965],[-9.22215,38.6965]]],[[[-9.22656,38.69503],[-9.2272,38.69566],[-9.22783,38.69566],[-9.22822,38.69527],[-9.22846,38.69561],[-9.22909,38.69561],[-9.22914,38.69566],[-9.22958,38.69579],[-9.22937,38.69615],[-9.22909,38.69613],[-9.22894,38.69629],[-9.22846,38.69679],[-9.22825,38.69692],[-9.22825,38.6972],[-9.22724,38.69681],[-9.22641,38.69758],[-9.22677,38.69776],[-9.22719,38.69818],[-9.22716,38.69827],[-9.22735,38.6984],[-9.22746,38.69866],[-9.22713,38.69902],[-9.22699,38.69937],[-9.22698,38.69939],[-9.22656,38.69903],[-9.22593,38.69896],[-9.22568,38.69882],[-9.22593,38.69846],[-9.2261,38.69818],[-9.22593,38.69805],[-9.22555,38.69818],[-9.2253,38.69834],[-9.22467,38.69834],[-9.22451,38.69818],[-9.22404,38.69789],[-9.22341,38.69773],[-9.22317,38.69755],[-9.22341,38.69692],[-9.22302,38.69629],[-9.22314,38.69566],[-9.22278,38.69545],[-9.22246,38.69503],[-9.22278,38.69489],[-9.22341,38.69492],[-9.22404,38.69487],[-9.22446,38.69503],[-9.22467,38.6951],[-9.2253,38.6951],[-9.22537,38.69503],[-9.22537,38.69447],[-9.22593,38.69503],[-9.22656,38.69503]],[[-9.22404,38.69696],[-9.22406,38.69692],[-9.22404,38.69689],[-9.22341,38.69692],[-9.22404,38.69696]],[[-9.22846,38.69587],[-9.2284,38.69629],[-9.22846,38.69633],[-9.22849,38.69629],[-9.22846,38.69587]]],[[[-9.20134,38.69908],[-9.20118,38.69882],[-9.20129,38.69818],[-9.20134,38.69801],[-9.20197,38.69801],[-9.20212,38.69818],[-9.20211,38.69882],[-9.20197,38.69908],[-9.20134,38.69908]]],[[[-9.20827,38.69933],[-9.20804,38.69882],[-9.20827,38.69861],[-9.20857,38.69882],[-9.20827,38.69933]]],[[[-9.2026,38.70177],[-9.20282,38.70197],[-9.20307,38.7026],[-9.20323,38.7029],[-9.20386,38.70291],[-9.20449,38.70291],[-9.20512,38.7026],[-9.20549,38.70197],[-9.20548,38.70134],[-9.20572,38.70071],[-9.20554,38.70008],[-9.20512,38.69968],[-9.2049,38.69945],[-9.20512,38.69898],[-9.20575,38.69886],[-9.20581,38.69882],[-9.20575,38.6985],[-9.20512,38.69865],[-9.20491,38.69882],[-9.20449,38.69899],[-9.20386,38.69899],[-9.20323,38.69887],[-9.20316,38.69882],[-9.20277,38.69818],[-9.20323,38.69758],[-9.20339,38.69755],[-9.20323,38.69748],[-9.2026,38.69719],[-9.20241,38.69692],[-9.2026,38.69662],[-9.20323,38.69659],[-9.20347,38.69629],[-9.20323,38.69589],[-9.20272,38.69566],[-9.2026,38.69564],[-9.20197,38.69555],[-9.20134,38.69555],[-9.2007,38.69537],[-9.20063,38.69566],[-9.2007,38.69583],[-9.20098,38.69629],[-9.2007,38.69666],[-9.2005,38.69692],[-9.20007,38.69715],[-9.19944,38.69715],[-9.19925,38.69692],[-9.19904,38.69629],[-9.19881,38.69612],[-9.19818,38.69612],[-9.19755,38.69622],[-9.19738,38.69629],[-9.19714,38.69692],[-9.19692,38.69713],[-9.19666,38.69692],[-9.19629,38.69657],[-9.19572,38.69692],[-9.19616,38.69755],[-9.19591,38.69818],[-9.19629,38.69857],[-9.19692,38.69848],[-9.19755,38.69882],[-9.19692,38.69898],[-9.19648,38.69945],[-9.19629,38.69968],[-9.19566,38.69966],[-9.19503,38.69966],[-9.19474,38.69945],[-9.1944,38.69915],[-9.1942,38.69882],[-9.19377,38.69818],[-9.19423,38.69755],[-9.1944,38.69731],[-9.19494,38.69692],[-9.19471,38.69629],[-9.1944,38.69609],[-9.19398,38.69629],[-9.19377,38.69661],[-9.19356,38.69629],[-9.19334,38.69566],[-9.19377,38.69566],[-9.1944,38.69503],[-9.19503,38.69503],[-9.19566,38.69503],[-9.19629,38.69503],[-9.19692,38.69503],[-9.19755,38.69503],[-9.19818,38.6944],[-9.19881,38.6944],[-9.19944,38.6944],[-9.20007,38.6944],[-9.2007,38.6944],[-9.20134,38.6944],[-9.20197,38.69377],[-9.2026,38.69377],[-9.20302,38.69377],[-9.20302,38.6944],[-9.20323,38.69448],[-9.20326,38.6944],[-9.20326,38.69377],[-9.20386,38.69377],[-9.20449,38.69377],[-9.20512,38.69314],[-9.20575,38.69314],[-9.20638,38.69314],[-9.20701,38.69314],[-9.20764,38.69314],[-9.20827,38.69251],[-9.2089,38.69251],[-9.20953,38.69251],[-9.21017,38.69251],[-9.2108,38.69251],[-9.21113,38.69251],[-9.21143,38.69305],[-9.21206,38.69314],[-9.21173,38.69377],[-9.21176,38.6944],[-9.21143,38.69479],[-9.21107,38.69503],[-9.21143,38.69552],[-9.21168,38.69566],[-9.21143,38.69608],[-9.2108,38.69596],[-9.21017,38.69596],[-9.20978,38.69629],[-9.21017,38.69677],[-9.2108,38.69677],[-9.21143,38.69647],[-9.21154,38.69692],[-9.21168,38.69755],[-9.21168,38.69818],[-9.21143,38.69821],[-9.21082,38.69882],[-9.2108,38.69891],[-9.21017,38.69891],[-9.2101,38.69882],[-9.20986,38.69818],[-9.21017,38.69795],[-9.2108,38.69795],[-9.21139,38.69755],[-9.2108,38.69704],[-9.21017,38.69704],[-9.20953,38.6973],[-9.2089,38.697],[-9.20883,38.69692],[-9.2089,38.69686],[-9.2093,38.69629],[-9.2089,38.69566],[-9.20883,38.69503],[-9.20827,38.69486],[-9.20818,38.69503],[-9.20764,38.69556],[-9.20701,38.69556],[-9.20689,38.69566],[-9.20701,38.69581],[-9.20764,38.69581],[-9.20827,38.69586],[-9.20863,38.69629],[-9.20827,38.69668],[-9.20764,38.69659],[-9.20701,38.69659],[-9.20658,38.69692],[-9.20638,38.69724],[-9.20611,38.69755],[-9.20591,38.69818],[-9.20638,38.69834],[-9.2065,38.69882],[-9.20638,38.69909],[-9.20609,38.69945],[-9.2062,38.70008],[-9.20638,38.70039],[-9.20657,38.70071],[-9.20638,38.70111],[-9.20621,38.70134],[-9.20593,38.70197],[-9.2061,38.7026],[-9.20575,38.70309],[-9.2054,38.70323],[-9.20575,38.70381],[-9.20638,38.70371],[-9.20666,38.70386],[-9.20638,38.70408],[-9.20575,38.70393],[-9.20562,38.70449],[-9.20575,38.70465],[-9.20627,38.70512],[-9.20575,38.70542],[-9.20512,38.70551],[-9.20487,38.70575],[-9.20449,38.70619],[-9.20386,38.70619],[-9.20323,38.70607],[-9.20281,38.70575],[-9.20323,38.70533],[-9.2037,38.70512],[-9.20323,38.70461],[-9.20316,38.70449],[-9.20323,38.70443],[-9.20386,38.70433],[-9.20449,38.70433],[-9.20483,38.70386],[-9.20449,38.70366],[-9.20386,38.70366],[-9.20323,38.70342],[-9.20298,38.70323],[-9.2026,38.70301],[-9.20219,38.70323],[-9.20197,38.70346],[-9.20134,38.70346],[-9.20106,38.70323],[-9.2007,38.7029],[-9.20039,38.7026],[-9.2007,38.70238],[-9.2013,38.7026],[-9.20134,38.70264],[-9.20197,38.70264],[-9.20198,38.7026],[-9.20235,38.70197],[-9.2026,38.70177]],[[-9.20449,38.70576],[-9.2045,38.70575],[-9.20449,38.70574],[-9.20386,38.70574],[-9.20381,38.70575],[-9.20386,38.70576],[-9.20449,38.70576]],[[-9.20512,38.69654],[-9.20496,38.69692],[-9.20512,38.6971],[-9.20523,38.69692],[-9.20512,38.69654]],[[-9.20953,38.6956],[-9.20948,38.69566],[-9.20953,38.69574],[-9.20963,38.69566],[-9.20953,38.6956]],[[-9.20512,38.70506],[-9.20509,38.70512],[-9.20512,38.70514],[-9.20516,38.70512],[-9.20512,38.70506]]],[[[-9.2007,38.69976],[-9.20118,38.70008],[-9.20134,38.70012],[-9.20197,38.70012],[-9.20219,38.70071],[-9.20197,38.70096],[-9.20134,38.70096],[-9.20073,38.70134],[-9.2007,38.70138],[-9.2006,38.70134],[-9.20055,38.70071],[-9.20054,38.70008],[-9.2007,38.69976]]],[[[-9.20449,38.70037],[-9.20459,38.70071],[-9.20449,38.70093],[-9.20386,38.70093],[-9.20378,38.70071],[-9.20386,38.70037],[-9.20449,38.70037]]],[[[-9.2171,38.70145],[-9.21695,38.70134],[-9.2171,38.70122],[-9.21722,38.70134],[-9.2171,38.70145]]],[[[-9.20386,38.70156],[-9.20449,38.70156],[-9.20488,38.70197],[-9.20449,38.7023],[-9.20386,38.7023],[-9.20356,38.70197],[-9.20386,38.70156]]],[[[-9.21143,38.70182],[-9.2115,38.70197],[-9.21143,38.70205],[-9.21133,38.70197],[-9.21143,38.70182]]],[[[-9.21458,38.70195],[-9.21461,38.70197],[-9.21458,38.70199],[-9.21395,38.70198],[-9.21393,38.70197],[-9.21395,38.70195],[-9.21458,38.70195]]],[[[-9.2089,38.70414],[-9.20871,38.70386],[-9.2089,38.70379],[-9.20904,38.70386],[-9.2089,38.70414]]],[[[-9.22593,38.70299],[-9.2263,38.70299],[-9.22607,38.70419],[-9.22569,38.70461],[-9.22391,38.70569],[-9.22384,38.70572],[-9.22341,38.70529],[-9.2231,38.70512],[-9.22341,38.70471],[-9.22395,38.70449],[-9.22404,38.70433],[-9.22409,38.70386],[-9.22457,38.70323],[-9.22467,38.70316],[-9.2253,38.70316],[-9.22593,38.70299]]],[[[-9.20701,38.70438],[-9.20764,38.70438],[-9.20773,38.70449],[-9.20764,38.70457],[-9.20701,38.70457],[-9.20693,38.70449],[-9.20701,38.70438]]],[[[-9.21143,38.70426],[-9.21153,38.70449],[-9.21143,38.70468],[-9.2108,38.70469],[-9.21017,38.70453],[-9.20953,38.70453],[-9.20948,38.70449],[-9.20953,38.70447],[-9.21017,38.70447],[-9.2108,38.70434],[-9.21143,38.70426]]],[[[-9.21245,38.70449],[-9.21269,38.70429],[-9.21332,38.70429],[-9.21344,38.70449],[-9.21332,38.70478],[-9.21269,38.70478],[-9.21245,38.70449]]],[[[-9.2007,38.70487],[-9.20134,38.70484],[-9.20197,38.70484],[-9.20231,38.70512],[-9.20197,38.70532],[-9.20134,38.70532],[-9.2007,38.70538],[-9.20035,38.70512],[-9.2007,38.70487]]],[[[-9.21029,38.70638],[-9.21017,38.7065],[-9.20953,38.7065],[-9.20921,38.70701],[-9.2089,38.70719],[-9.20865,38.70701],[-9.20847,38.70638],[-9.20827,38.70587],[-9.20764,38.70593],[-9.20743,38.70575],[-9.20764,38.70552],[-9.20827,38.70567],[-9.20869,38.70575],[-9.2089,38.70578],[-9.20953,38.70631],[-9.21017,38.70631],[-9.21029,38.70638]]],[[[-9.21143,38.70771],[-9.21132,38.70765],[-9.21143,38.70746],[-9.21158,38.70765],[-9.21143,38.70771]]],[[[-9.20386,38.70787],[-9.20449,38.70787],[-9.2051,38.70765],[-9.20512,38.70733],[-9.20575,38.70754],[-9.20585,38.70765],[-9.20575,38.7077],[-9.20518,38.70828],[-9.20512,38.7085],[-9.20449,38.70866],[-9.20386,38.70866],[-9.20339,38.70828],[-9.20386,38.70787]],[[-9.20386,38.70828],[-9.20449,38.70828],[-9.2045,38.70828],[-9.20449,38.70827],[-9.20386,38.70827],[-9.20385,38.70828],[-9.20386,38.70828]]],[[[-9.21206,38.7078],[-9.21263,38.70765],[-9.21269,38.70749],[-9.21332,38.70749],[-9.21338,38.70765],[-9.21335,38.70828],[-9.21332,38.7083],[-9.21269,38.7083],[-9.2122,38.70891],[-9.21206,38.70906],[-9.2119,38.70891],[-9.21173,38.70828],[-9.21206,38.7078]]],[[[-9.22089,38.70839],[-9.22067,38.70828],[-9.22089,38.70817],[-9.22108,38.70828],[-9.22089,38.70839]]],[[[-9.20134,38.70898],[-9.20197,38.70898],[-9.2026,38.70951],[-9.20262,38.70954],[-9.2026,38.70957],[-9.20197,38.70987],[-9.20134,38.70987],[-9.2007,38.70974],[-9.20044,38.70954],[-9.2007,38.70933],[-9.20134,38.70898]]],[[[-9.20386,38.70931],[-9.20449,38.70931],[-9.20463,38.70954],[-9.20449,38.70974],[-9.20386,38.70974],[-9.20363,38.70954],[-9.20386,38.70931]]],[[[-9.22215,38.70935],[-9.22253,38.70954],[-9.22215,38.7099],[-9.22152,38.7099],[-9.22141,38.70954],[-9.22152,38.70935],[-9.22215,38.70935]]],[[[-9.2114,38.71017],[-9.21143,38.71014],[-9.21206,38.70983],[-9.21233,38.71017],[-9.21206,38.71039],[-9.21143,38.71027],[-9.2114,38.71017]]],[[[-9.21128,38.7108],[-9.2108,38.71092],[-9.2102,38.7108],[-9.2108,38.71056],[-9.21128,38.7108]]],[[[-9.20638,38.71082],[-9.20636,38.7108],[-9.20638,38.71075],[-9.2067,38.7108],[-9.20638,38.71082]]],[[[-9.22087,38.71143],[-9.22075,38.7108],[-9.22089,38.71068],[-9.22152,38.71057],[-9.22215,38.71057],[-9.22222,38.7108],[-9.22215,38.71132],[-9.22152,38.71132],[-9.2212,38.71143],[-9.22092,38.71206],[-9.22089,38.71215],[-9.22085,38.71206],[-9.22087,38.71143]]],[[[-9.22224,38.71143],[-9.22278,38.71135],[-9.2231,38.71135],[-9.22304,38.71158],[-9.22278,38.71158],[-9.22224,38.71143]]],[[[-9.22097,38.71332],[-9.22096,38.71395],[-9.22089,38.71402],[-9.22084,38.71395],[-9.22086,38.71332],[-9.22089,38.71321],[-9.22097,38.71332]]],[[[-9.2089,38.71624],[-9.20868,38.71584],[-9.2089,38.71571],[-9.20901,38.71584],[-9.2089,38.71624]]],[[[-9.2117,38.71584],[-9.21183,38.71648],[-9.21143,38.7166],[-9.21128,38.71648],[-9.2112,38.71584],[-9.21143,38.71569],[-9.2117,38.71584]]],[[[-9.21215,38.71648],[-9.21269,38.71598],[-9.21332,38.71598],[-9.2136,38.71648],[-9.21349,38.71711],[-9.21332,38.71728],[-9.21269,38.71728],[-9.21255,38.71711],[-9.21215,38.71648]]],[[[-9.21584,38.71693],[-9.21601,38.71711],[-9.21584,38.7173],[-9.21521,38.7173],[-9.21469,38.71711],[-9.21521,38.71693],[-9.21584,38.71693]]],[[[-9.21393,38.71774],[-9.21395,38.71772],[-9.21458,38.71758],[-9.2146,38.71774],[-9.21458,38.71776],[-9.21395,38.71777],[-9.21393,38.71774]]],[[[-9.2089,38.7185],[-9.20875,38.71837],[-9.2089,38.71821],[-9.2091,38.71837],[-9.2089,38.7185]]],[[[-9.21688,38.71837],[-9.2171,38.71822],[-9.21769,38.71837],[-9.21762,38.71889],[-9.21699,38.71926],[-9.21699,38.719],[-9.21688,38.71837]]],[[[-9.21395,38.71889],[-9.21404,38.719],[-9.21404,38.71963],[-9.21409,38.72026],[-9.21395,38.72036],[-9.21332,38.72076],[-9.21269,38.72076],[-9.21263,38.72026],[-9.21215,38.71963],[-9.21252,38.719],[-9.21206,38.71859],[-9.21196,38.71837],[-9.21206,38.71827],[-9.21269,38.71827],[-9.21332,38.71827],[-9.21345,38.71837],[-9.21395,38.71889]]],[[[-9.2026,38.71996],[-9.20323,38.72017],[-9.20332,38.72026],[-9.20328,38.72089],[-9.20323,38.72095],[-9.20311,38.72089],[-9.2026,38.72048],[-9.20249,38.72026],[-9.2026,38.71996]]],[[[-9.20953,38.72076],[-9.21017,38.72076],[-9.21022,38.72089],[-9.21017,38.72096],[-9.20953,38.72096],[-9.20934,38.72089],[-9.20953,38.72076]]],[[[-9.2089,38.72172],[-9.20883,38.72152],[-9.2089,38.72126],[-9.20901,38.72152],[-9.2089,38.72172]]],[[[-9.20374,38.72657],[-9.20371,38.72594],[-9.20386,38.72566],[-9.20449,38.72566],[-9.20454,38.72594],[-9.20461,38.72657],[-9.20449,38.72662],[-9.20386,38.72662],[-9.20374,38.72657]]],[[[-9.20796,38.73287],[-9.20808,38.73299],[-9.20733,38.73418],[-9.20733,38.73414],[-9.20709,38.73351],[-9.20701,38.73347],[-9.20638,38.73347],[-9.20575,38.73308],[-9.20566,38.73287],[-9.20574,38.73224],[-9.20575,38.73223],[-9.20638,38.73176],[-9.20701,38.73176],[-9.20764,38.7321],[-9.20796,38.73224],[-9.20796,38.73287]]],[[[-9.20386,38.73848],[-9.20449,38.73848],[-9.20456,38.73855],[-9.20456,38.73918],[-9.20449,38.73926],[-9.20386,38.73926],[-9.20378,38.73918],[-9.20378,38.73855],[-9.20386,38.73848]]],[[[-9.20323,38.73991],[-9.20309,38.73981],[-9.20323,38.73971],[-9.20334,38.73981],[-9.20323,38.73991]]],[[[-9.2007,38.74159],[-9.20134,38.74159],[-9.20197,38.74162],[-9.20205,38.7417],[-9.20197,38.74178],[-9.20134,38.74186],[-9.2007,38.74186],[-9.20057,38.7417],[-9.2007,38.74159]]],[[[-9.20264,38.74297],[-9.2026,38.74299],[-9.20256,38.74297],[-9.2026,38.74294],[-9.20264,38.74297]]],[[[-9.2007,38.74349],[-9.20134,38.74349],[-9.20197,38.7435],[-9.20204,38.7436],[-9.20197,38.74377],[-9.20134,38.74365],[-9.2007,38.74365],[-9.20062,38.7436],[-9.2007,38.74349]]],[[[-9.20449,38.74547],[-9.20451,38.74549],[-9.20512,38.74576],[-9.20551,38.74612],[-9.20512,38.74659],[-9.20449,38.74661],[-9.20386,38.74661],[-9.2036,38.74612],[-9.20385,38.74549],[-9.20386,38.74547],[-9.20449,38.74547]]],[[[-9.2007,38.74668],[-9.20134,38.74668],[-9.20149,38.74675],[-9.20134,38.74682],[-9.2007,38.74682],[-9.2006,38.74675],[-9.2007,38.74668]]],[[[-9.20134,38.74842],[-9.20151,38.74864],[-9.20134,38.74888],[-9.2007,38.74888],[-9.20053,38.74864],[-9.2007,38.74842],[-9.20134,38.74842]]],[[[-9.19994,38.75054],[-9.20006,38.7499],[-9.20007,38.74988],[-9.20009,38.7499],[-9.20026,38.75054],[-9.20007,38.75067],[-9.19994,38.75054]]],[[[-9.21017,38.75052],[-9.2102,38.75054],[-9.21017,38.75055],[-9.20953,38.75055],[-9.20952,38.75054],[-9.20953,38.75052],[-9.21017,38.75052]]],[[[-9.20386,38.75174],[-9.20391,38.7518],[-9.20386,38.75184],[-9.20323,38.75184],[-9.20318,38.7518],[-9.20323,38.75174],[-9.20386,38.75174]]],[[[-9.20323,38.75332],[-9.20288,38.75306],[-9.20323,38.75295],[-9.20386,38.75295],[-9.20405,38.75306],[-9.20386,38.75332],[-9.20323,38.75332]]],[[[-9.20134,38.75309],[-9.20144,38.75369],[-9.20134,38.7538],[-9.2007,38.75395],[-9.20054,38.75369],[-9.2007,38.75309],[-9.20134,38.75309]]],[[[-9.20386,38.7541],[-9.20399,38.75432],[-9.20386,38.7544],[-9.20323,38.7544],[-9.20317,38.75432],[-9.20323,38.7541],[-9.20386,38.7541]]],[[[-9.19124,38.69633],[-9.19061,38.6964],[-9.19057,38.69629],[-9.19061,38.69629],[-9.19124,38.69566],[-9.19187,38.69566],[-9.19213,38.69566],[-9.19213,38.69629],[-9.19187,38.6964],[-9.19124,38.69633]]],[[[-9.19124,38.69759],[-9.19122,38.69755],[-9.19124,38.69753],[-9.19129,38.69755],[-9.19124,38.69759]]],[[[-9.19881,38.69746],[-9.19893,38.69755],[-9.19881,38.69768],[-9.19818,38.69768],[-9.19802,38.69755],[-9.19818,38.69746],[-9.19881,38.69746]]],[[[-9.18872,38.69823],[-9.18866,38.69818],[-9.18872,38.69813],[-9.18879,38.69818],[-9.18872,38.69823]]],[[[-9.18304,38.70025],[-9.18269,38.70008],[-9.18304,38.69991],[-9.18368,38.69952],[-9.18431,38.69952],[-9.18472,38.70008],[-9.18431,38.70037],[-9.18368,38.70037],[-9.18304,38.70025]]],[[[-9.19629,38.70043],[-9.1967,38.70071],[-9.1967,38.70134],[-9.19629,38.70148],[-9.19613,38.70134],[-9.19606,38.70071],[-9.19629,38.70043]]],[[[-9.19881,38.70296],[-9.19818,38.70296],[-9.19755,38.70283],[-9.19743,38.7026],[-9.19755,38.70241],[-9.19818,38.70206],[-9.19881,38.70206],[-9.19891,38.70197],[-9.19881,38.70167],[-9.19818,38.70167],[-9.19755,38.70173],[-9.19728,38.70197],[-9.19692,38.70223],[-9.19673,38.70197],[-9.19692,38.70151],[-9.19706,38.70134],[-9.19742,38.70071],[-9.19745,38.70008],[-9.19755,38.69999],[-9.19818,38.6996],[-9.19881,38.6996],[-9.19944,38.69974],[-9.19978,38.70008],[-9.19974,38.70071],[-9.19983,38.70134],[-9.1998,38.70197],[-9.19944,38.70247],[-9.19933,38.7026],[-9.19881,38.70296]]],[[[-9.18304,38.70395],[-9.18292,38.70386],[-9.18304,38.70372],[-9.18329,38.70386],[-9.18304,38.70395]]],[[[-9.19944,38.70464],[-9.19934,38.70449],[-9.19944,38.70437],[-9.19954,38.70449],[-9.19944,38.70464]]],[[[-9.17989,38.70515],[-9.17987,38.70512],[-9.17989,38.70511],[-9.1799,38.70512],[-9.17989,38.70515]]],[[[-9.19881,38.70635],[-9.19885,38.70638],[-9.19881,38.70643],[-9.19818,38.70643],[-9.19814,38.70638],[-9.19818,38.70635],[-9.19881,38.70635]]],[[[-9.17898,38.70701],[-9.17926,38.70682],[-9.17937,38.70701],[-9.17933,38.70765],[-9.17926,38.70773],[-9.17904,38.70765],[-9.17898,38.70701]]],[[[-9.19817,38.70765],[-9.19818,38.7076],[-9.19881,38.7076],[-9.19884,38.70765],[-9.19912,38.70828],[-9.19881,38.70849],[-9.19818,38.70849],[-9.19804,38.70828],[-9.19817,38.70765]]],[[[-9.19881,38.70938],[-9.19902,38.70954],[-9.19881,38.70967],[-9.19818,38.70968],[-9.19776,38.70954],[-9.19818,38.70937],[-9.19881,38.70938]]],[[[-9.1944,38.71014],[-9.19443,38.71017],[-9.1944,38.71021],[-9.19377,38.71031],[-9.1937,38.71017],[-9.19377,38.71011],[-9.1944,38.71014]]],[[[-9.19755,38.71209],[-9.1975,38.71206],[-9.19755,38.71201],[-9.19757,38.71206],[-9.19755,38.71209]]],[[[-9.19503,38.71297],[-9.19566,38.71297],[-9.19592,38.71332],[-9.19588,38.71395],[-9.19566,38.71417],[-9.19503,38.71417],[-9.19484,38.71395],[-9.19479,38.71332],[-9.19503,38.71297]]],[[[-9.18115,38.71443],[-9.18125,38.71458],[-9.18115,38.71463],[-9.18052,38.71463],[-9.18035,38.71458],[-9.18052,38.71443],[-9.18115,38.71443]]],[[[-9.17989,38.71559],[-9.18013,38.71584],[-9.17989,38.71612],[-9.17962,38.71584],[-9.17989,38.71559]]],[[[-9.1996,38.71648],[-9.19944,38.71653],[-9.19935,38.71648],[-9.19944,38.7164],[-9.1996,38.71648]]],[[[-9.18557,38.71968],[-9.18551,38.71963],[-9.18557,38.7196],[-9.18558,38.71963],[-9.18557,38.71968]]],[[[-9.18241,38.72025],[-9.18243,38.72026],[-9.18241,38.72032],[-9.1824,38.72026],[-9.18241,38.72025]]],[[[-9.18189,38.72152],[-9.18178,38.72169],[-9.18165,38.72152],[-9.18178,38.72117],[-9.18189,38.72152]]],[[[-9.17926,38.72218],[-9.17915,38.72215],[-9.17926,38.72206],[-9.17968,38.72215],[-9.17926,38.72218]]],[[[-9.18034,38.72278],[-9.18052,38.72267],[-9.18115,38.72268],[-9.18124,38.72278],[-9.18115,38.72284],[-9.18052,38.72284],[-9.18034,38.72278]]],[[[-9.18244,38.72404],[-9.18241,38.72407],[-9.18232,38.72404],[-9.18241,38.72397],[-9.18244,38.72404]]],[[[-9.17926,38.72472],[-9.17915,38.72468],[-9.17926,38.72455],[-9.17946,38.72468],[-9.17926,38.72472]]],[[[-9.18431,38.72716],[-9.18435,38.7272],[-9.18431,38.72724],[-9.18368,38.72724],[-9.18364,38.7272],[-9.18368,38.72716],[-9.18431,38.72716]]],[[[-9.17926,38.73301],[-9.17904,38.73287],[-9.17926,38.73263],[-9.17941,38.73287],[-9.17926,38.73301]]],[[[-9.17989,38.7348],[-9.1798,38.73477],[-9.17989,38.73473],[-9.17994,38.73477],[-9.17989,38.7348]]],[[[-9.18557,38.73732],[-9.18555,38.73729],[-9.18557,38.73728],[-9.18558,38.73729],[-9.18557,38.73732]]],[[[-9.1819,38.73855],[-9.18214,38.73918],[-9.18241,38.73959],[-9.18251,38.73981],[-9.18241,38.74],[-9.18217,38.73981],[-9.18178,38.73956],[-9.1816,38.73918],[-9.18167,38.73855],[-9.18178,38.73837],[-9.1819,38.73855]]],[[[-9.17926,38.74029],[-9.17939,38.74044],[-9.17926,38.74052],[-9.17863,38.74052],[-9.17852,38.74044],[-9.17863,38.74037],[-9.17926,38.74029]]],[[[-9.20019,38.74107],[-9.20007,38.74121],[-9.19993,38.74107],[-9.20007,38.74076],[-9.20019,38.74107]]],[[[-9.18746,38.74178],[-9.18742,38.7417],[-9.18746,38.74157],[-9.18761,38.7417],[-9.18746,38.74178]]],[[[-9.18115,38.74154],[-9.18131,38.7417],[-9.18115,38.74231],[-9.18052,38.74231],[-9.18005,38.7417],[-9.18052,38.74154],[-9.18115,38.74154]]],[[[-9.19251,38.74209],[-9.19275,38.74234],[-9.19251,38.74259],[-9.19187,38.74259],[-9.19166,38.74234],[-9.19187,38.74209],[-9.19251,38.74209]]],[[[-9.1944,38.74379],[-9.1939,38.74423],[-9.19377,38.74428],[-9.19345,38.74423],[-9.19369,38.7436],[-9.19377,38.74342],[-9.19414,38.74297],[-9.1944,38.74289],[-9.19463,38.74297],[-9.19456,38.7436],[-9.1944,38.74379]]],[[[-9.19124,38.74369],[-9.19109,38.7436],[-9.19124,38.74345],[-9.19187,38.74342],[-9.19251,38.74342],[-9.1927,38.7436],[-9.19251,38.74388],[-9.19187,38.74388],[-9.19124,38.74369]]],[[[-9.18998,38.74348],[-9.19019,38.7436],[-9.18998,38.74405],[-9.18935,38.74405],[-9.18914,38.7436],[-9.18935,38.74348],[-9.18998,38.74348]]],[[[-9.19328,38.74486],[-9.19314,38.74504],[-9.19288,38.74486],[-9.19314,38.74439],[-9.19328,38.74486]]],[[[-9.19086,38.74486],[-9.19086,38.74549],[-9.19061,38.74596],[-9.19041,38.74549],[-9.19041,38.74486],[-9.19061,38.74439],[-9.19086,38.74486]]],[[[-9.18241,38.74517],[-9.18247,38.74549],[-9.18247,38.74612],[-9.18258,38.74675],[-9.18241,38.74683],[-9.1823,38.74675],[-9.18236,38.74612],[-9.18236,38.74549],[-9.18241,38.74517]]],[[[-9.19314,38.74639],[-9.19275,38.74612],[-9.19314,38.74592],[-9.19329,38.74612],[-9.19314,38.74639]]],[[[-9.18935,38.74905],[-9.18872,38.74905],[-9.18857,38.74864],[-9.18809,38.74823],[-9.18774,38.74801],[-9.18802,38.74738],[-9.18761,38.74675],[-9.18746,38.7466],[-9.18718,38.74612],[-9.18746,38.74589],[-9.18786,38.74549],[-9.18777,38.74486],[-9.18809,38.74472],[-9.18833,38.74486],[-9.18842,38.74549],[-9.18872,38.74584],[-9.18935,38.74584],[-9.18998,38.74595],[-9.19042,38.74612],[-9.18998,38.74641],[-9.18935,38.74644],[-9.18872,38.74644],[-9.18845,38.74675],[-9.18827,38.74738],[-9.18872,38.74765],[-9.18935,38.74765],[-9.18958,38.74801],[-9.18948,38.74864],[-9.18935,38.74905]]],[[[-9.18178,38.74722],[-9.1819,38.74738],[-9.18178,38.74756],[-9.18159,38.74738],[-9.18178,38.74722]]],[[[-9.17989,38.74704],[-9.18002,38.74738],[-9.17989,38.74779],[-9.17976,38.74801],[-9.17926,38.74828],[-9.17893,38.74801],[-9.17926,38.7474],[-9.1793,38.74738],[-9.17989,38.74704]]],[[[-9.19454,38.74801],[-9.1944,38.74812],[-9.19426,38.74801],[-9.1944,38.74793],[-9.19454,38.74801]]],[[[-9.18585,38.74864],[-9.18602,38.74801],[-9.1862,38.74778],[-9.18683,38.74778],[-9.1872,38.74801],[-9.187,38.74864],[-9.18683,38.74882],[-9.1862,38.74882],[-9.18585,38.74864]]],[[[-9.19641,38.74927],[-9.19629,38.74933],[-9.19601,38.74927],[-9.19629,38.74916],[-9.19641,38.74927]]],[[[-9.19061,38.74945],[-9.19041,38.74927],[-9.19061,38.7491],[-9.19074,38.74927],[-9.19061,38.74945]]],[[[-9.19377,38.74913],[-9.19433,38.74927],[-9.19377,38.74942],[-9.19358,38.74927],[-9.19377,38.74913]]],[[[-9.19834,38.75117],[-9.19836,38.7518],[-9.19818,38.7519],[-9.19755,38.7519],[-9.19742,38.7518],[-9.19724,38.75117],[-9.19739,38.75054],[-9.19755,38.75044],[-9.19818,38.75044],[-9.19836,38.75054],[-9.19834,38.75117]]],[[[-9.1966,38.75117],[-9.19647,38.7518],[-9.19629,38.75198],[-9.19617,38.7518],[-9.19623,38.75117],[-9.19629,38.75111],[-9.1966,38.75117]]],[[[-9.17926,38.75176],[-9.17937,38.7518],[-9.17926,38.75184],[-9.17868,38.75243],[-9.17863,38.75246],[-9.17851,38.75243],[-9.17847,38.7518],[-9.17863,38.75174],[-9.17926,38.75176]]],[[[-9.19944,38.75227],[-9.20007,38.75229],[-9.20023,38.75243],[-9.20063,38.75306],[-9.20007,38.75314],[-9.19992,38.75306],[-9.19944,38.75265],[-9.19931,38.75243],[-9.19944,38.75227]]],[[[-9.18052,38.75346],[-9.17994,38.75369],[-9.17989,38.75371],[-9.17986,38.75369],[-9.17984,38.75306],[-9.17989,38.7529],[-9.18052,38.75284],[-9.18115,38.75284],[-9.18158,38.75306],[-9.18115,38.75346],[-9.18052,38.75346]]],[[[-9.17989,38.75501],[-9.17982,38.75495],[-9.17989,38.75487],[-9.18001,38.75495],[-9.17989,38.75501]]],[[[-9.18368,38.7544],[-9.18418,38.75495],[-9.18368,38.75523],[-9.18304,38.75523],[-9.18248,38.75558],[-9.18241,38.75568],[-9.18229,38.75558],[-9.18216,38.75495],[-9.18241,38.75459],[-9.18304,38.7544],[-9.18368,38.7544]]],[[[-9.18683,38.75472],[-9.18704,38.75495],[-9.18746,38.75544],[-9.18809,38.75554],[-9.18819,38.75558],[-9.18809,38.75565],[-9.18746,38.75572],[-9.18683,38.75577],[-9.1862,38.75577],[-9.18557,38.75618],[-9.18494,38.75619],[-9.18478,38.75621],[-9.18431,38.75645],[-9.18383,38.75621],[-9.18431,38.75612],[-9.18453,38.75558],[-9.18494,38.75509],[-9.18515,38.75495],[-9.18557,38.75476],[-9.1862,38.75472],[-9.18683,38.75472]]],[[[-9.17863,38.75688],[-9.17851,38.75684],[-9.17863,38.75637],[-9.17867,38.75684],[-9.17863,38.75688]]],[[[-9.19124,38.75763],[-9.19107,38.75747],[-9.19124,38.7572],[-9.19136,38.75747],[-9.19124,38.75763]]],[[[-9.17484,38.69846],[-9.17421,38.69838],[-9.17415,38.69818],[-9.17421,38.69818],[-9.17484,38.69755],[-9.17513,38.69783],[-9.17513,38.69818],[-9.17484,38.69846]]],[[[-9.17135,38.70071],[-9.17144,38.70134],[-9.17106,38.70153],[-9.17068,38.70134],[-9.17065,38.70071],[-9.17106,38.70041],[-9.17135,38.70071]]],[[[-9.16791,38.7014],[-9.1678,38.70134],[-9.16791,38.70132],[-9.16798,38.70134],[-9.16791,38.7014]]],[[[-9.17106,38.70255],[-9.17117,38.7026],[-9.17106,38.70273],[-9.17093,38.7026],[-9.17106,38.70255]]],[[[-9.16791,38.70265],[-9.16812,38.7026],[-9.16854,38.70245],[-9.16917,38.70254],[-9.1698,38.70254],[-9.16995,38.7026],[-9.1698,38.70265],[-9.16917,38.70265],[-9.16861,38.70323],[-9.16854,38.70361],[-9.16791,38.70359],[-9.1676,38.70323],[-9.16791,38.70265]]],[[[-9.17232,38.70296],[-9.17251,38.70323],[-9.17232,38.70358],[-9.17169,38.70358],[-9.1714,38.70323],[-9.17169,38.70296],[-9.17232,38.70296]]],[[[-9.17737,38.70898],[-9.17705,38.70891],[-9.17737,38.70874],[-9.1775,38.70891],[-9.17737,38.70898]]],[[[-9.178,38.71297],[-9.17789,38.71269],[-9.178,38.71249],[-9.1782,38.71269],[-9.178,38.71297]]],[[[-9.17613,38.71332],[-9.1765,38.71395],[-9.17611,38.71415],[-9.17581,38.71395],[-9.17607,38.71332],[-9.17611,38.71329],[-9.17613,38.71332]]],[[[-9.17674,38.71481],[-9.17656,38.71458],[-9.17674,38.71422],[-9.17704,38.71458],[-9.17674,38.71481]]],[[[-9.178,38.71541],[-9.17737,38.71551],[-9.17708,38.71521],[-9.17737,38.71485],[-9.178,38.71487],[-9.17863,38.7148],[-9.1789,38.71458],[-9.17926,38.7144],[-9.1796,38.71458],[-9.17943,38.71521],[-9.17926,38.7154],[-9.17863,38.71555],[-9.178,38.71541]]],[[[-9.17548,38.71466],[-9.17611,38.71505],[-9.17632,38.71521],[-9.17674,38.71574],[-9.17684,38.71584],[-9.17674,38.71599],[-9.17611,38.71597],[-9.17548,38.71617],[-9.17484,38.71617],[-9.17462,38.71584],[-9.17421,38.71537],[-9.17358,38.71523],[-9.17357,38.71521],[-9.17358,38.71512],[-9.17421,38.71501],[-9.17484,38.71466],[-9.17548,38.71466]]],[[[-9.16854,38.71706],[-9.16862,38.71711],[-9.16854,38.71714],[-9.16791,38.71714],[-9.16787,38.71711],[-9.16791,38.71695],[-9.16854,38.71706]]],[[[-9.17863,38.71679],[-9.17886,38.71711],[-9.17863,38.71734],[-9.17829,38.71711],[-9.17863,38.71679]]],[[[-9.16412,38.71712],[-9.16411,38.71711],[-9.16412,38.71706],[-9.16413,38.71711],[-9.16412,38.71712]]],[[[-9.17674,38.7172],[-9.17704,38.71774],[-9.17674,38.71792],[-9.17611,38.71774],[-9.17599,38.71711],[-9.17611,38.717],[-9.17658,38.71711],[-9.17674,38.7172]]],[[[-9.16728,38.71754],[-9.16747,38.71774],[-9.16728,38.71794],[-9.16713,38.71774],[-9.16728,38.71754]]],[[[-9.17232,38.7181],[-9.17259,38.71837],[-9.17232,38.71872],[-9.17169,38.7185],[-9.17164,38.71837],[-9.17169,38.71828],[-9.17232,38.7181]]],[[[-9.16917,38.71895],[-9.1698,38.71895],[-9.16984,38.719],[-9.1698,38.71906],[-9.16917,38.71906],[-9.16913,38.719],[-9.16917,38.71895]]],[[[-9.17674,38.71875],[-9.17704,38.719],[-9.17678,38.71963],[-9.17678,38.72026],[-9.17674,38.72037],[-9.17667,38.72026],[-9.17667,38.71963],[-9.17648,38.719],[-9.17674,38.71875]]],[[[-9.16601,38.72276],[-9.16665,38.72276],[-9.16668,38.72278],[-9.16666,38.72341],[-9.16665,38.72349],[-9.16601,38.72349],[-9.16598,38.72341],[-9.16598,38.72278],[-9.16601,38.72276]]],[[[-9.16917,38.72274],[-9.1698,38.72274],[-9.16986,38.72278],[-9.17043,38.72316],[-9.17086,38.72341],[-9.17106,38.72353],[-9.17163,38.72341],[-9.17147,38.72278],[-9.17127,38.72215],[-9.17139,38.72152],[-9.17169,38.72092],[-9.17232,38.72091],[-9.17253,38.72089],[-9.1729,38.72026],[-9.17295,38.71988],[-9.17303,38.71963],[-9.17324,38.719],[-9.17358,38.71854],[-9.17381,38.71837],[-9.17405,38.71774],[-9.17421,38.71758],[-9.17447,38.71774],[-9.1745,38.71837],[-9.17421,38.71867],[-9.17394,38.719],[-9.17417,38.71963],[-9.17421,38.71968],[-9.17442,38.71963],[-9.17484,38.71958],[-9.17548,38.71958],[-9.17552,38.71963],[-9.1755,38.72026],[-9.17548,38.72035],[-9.17484,38.72035],[-9.17459,38.72089],[-9.17484,38.72152],[-9.17548,38.72152],[-9.17611,38.72181],[-9.17674,38.72175],[-9.17737,38.72187],[-9.178,38.72187],[-9.17834,38.72215],[-9.17863,38.72239],[-9.1788,38.72278],[-9.17926,38.72329],[-9.17989,38.72299],[-9.18011,38.72341],[-9.17989,38.72397],[-9.17926,38.7236],[-9.17895,38.72404],[-9.17863,38.72433],[-9.17828,38.72404],[-9.178,38.72362],[-9.17737,38.72362],[-9.17676,38.72404],[-9.17674,38.72407],[-9.17647,38.72468],[-9.17618,38.72531],[-9.17617,38.72594],[-9.17611,38.726],[-9.17591,38.72594],[-9.17548,38.72581],[-9.17484,38.72581],[-9.17421,38.72545],[-9.17377,38.72594],[-9.17379,38.72657],[-9.17421,38.72707],[-9.17437,38.7272],[-9.1746,38.72783],[-9.17462,38.72846],[-9.17421,38.72887],[-9.17358,38.72853],[-9.17321,38.72909],[-9.17295,38.72929],[-9.17261,38.72909],[-9.17232,38.7287],[-9.17169,38.7287],[-9.17142,38.72846],[-9.17169,38.72802],[-9.17232,38.72802],[-9.1724,38.72783],[-9.17232,38.72761],[-9.17169,38.72761],[-9.17133,38.7272],[-9.17106,38.72699],[-9.17043,38.72684],[-9.16987,38.7272],[-9.17043,38.72743],[-9.17082,38.72783],[-9.17072,38.72846],[-9.17075,38.72909],[-9.17043,38.72919],[-9.1698,38.72936],[-9.16919,38.72972],[-9.16917,38.72976],[-9.16854,38.72976],[-9.16791,38.72989],[-9.16739,38.73035],[-9.16728,38.73082],[-9.16722,38.73098],[-9.16728,38.7311],[-9.16737,38.73161],[-9.16728,38.7317],[-9.16708,38.73161],[-9.16665,38.73132],[-9.16601,38.73134],[-9.16538,38.73138],[-9.16532,38.73098],[-9.16538,38.73035],[-9.16601,38.73022],[-9.16665,38.73022],[-9.16717,38.72972],[-9.16728,38.72935],[-9.16756,38.72909],[-9.16743,38.72846],[-9.16791,38.72834],[-9.16854,38.72819],[-9.16917,38.72819],[-9.16958,38.72783],[-9.16917,38.72734],[-9.16854,38.72734],[-9.16822,38.7272],[-9.16819,38.72657],[-9.16818,38.72594],[-9.16825,38.72531],[-9.16806,38.72468],[-9.16844,38.72404],[-9.16854,38.72386],[-9.16889,38.72341],[-9.16913,38.72278],[-9.16917,38.72274]],[[-9.17484,38.72285],[-9.17548,38.72285],[-9.17559,38.72278],[-9.17548,38.72274],[-9.17484,38.72274],[-9.17463,38.72278],[-9.17484,38.72285]],[[-9.17439,38.72341],[-9.17421,38.72301],[-9.1739,38.72341],[-9.17421,38.72352],[-9.17439,38.72341]],[[-9.17339,38.72594],[-9.17295,38.72536],[-9.17254,38.72594],[-9.17254,38.72657],[-9.17251,38.7272],[-9.17295,38.72745],[-9.17332,38.72783],[-9.17358,38.72837],[-9.17396,38.72783],[-9.17358,38.72726],[-9.17351,38.7272],[-9.17339,38.72657],[-9.17339,38.72594]],[[-9.17302,38.72783],[-9.17295,38.72776],[-9.17285,38.72783],[-9.17295,38.72799],[-9.17302,38.72783]],[[-9.17169,38.72502],[-9.17232,38.72477],[-9.17248,38.72468],[-9.17232,38.72447],[-9.17169,38.72419],[-9.17142,38.72468],[-9.17169,38.72502]],[[-9.17057,38.72531],[-9.17043,38.72511],[-9.17025,38.72531],[-9.17043,38.72544],[-9.17057,38.72531]],[[-9.17366,38.72404],[-9.17358,38.72378],[-9.17347,38.72404],[-9.17358,38.72413],[-9.17366,38.72404]],[[-9.17297,38.72341],[-9.17295,38.72339],[-9.17291,38.72341],[-9.17295,38.72344],[-9.17297,38.72341]],[[-9.17371,38.72215],[-9.17358,38.72212],[-9.17356,38.72215],[-9.17358,38.7222],[-9.17371,38.72215]],[[-9.1737,38.72089],[-9.17358,38.72081],[-9.17327,38.72089],[-9.17358,38.72095],[-9.1737,38.72089]]],[[[-9.16728,38.7254],[-9.16723,38.72531],[-9.16728,38.72518],[-9.16736,38.72531],[-9.16728,38.7254]]],[[[-9.16601,38.7272],[-9.16601,38.72716],[-9.16665,38.72716],[-9.16668,38.7272],[-9.16665,38.72721],[-9.16601,38.72721],[-9.16601,38.7272]]],[[[-9.16501,38.72846],[-9.16475,38.72874],[-9.1642,38.72846],[-9.16475,38.72823],[-9.16501,38.72846]]],[[[-9.17611,38.72917],[-9.17591,38.72972],[-9.17548,38.73021],[-9.17484,38.73021],[-9.17453,38.72972],[-9.17476,38.72909],[-9.17484,38.729],[-9.17548,38.729],[-9.17611,38.72904],[-9.17621,38.72909],[-9.17611,38.72917]]],[[[-9.17382,38.72972],[-9.17358,38.73029],[-9.17343,38.72972],[-9.17358,38.72952],[-9.17382,38.72972]]],[[[-9.17611,38.73131],[-9.17575,38.73098],[-9.17611,38.73057],[-9.17647,38.73098],[-9.17611,38.73131]]],[[[-9.17863,38.73115],[-9.17844,38.73098],[-9.17863,38.73087],[-9.17872,38.73098],[-9.17863,38.73115]]],[[[-9.17548,38.73141],[-9.17566,38.73161],[-9.17548,38.7317],[-9.17484,38.7317],[-9.17474,38.73161],[-9.17484,38.73141],[-9.17548,38.73141]]],[[[-9.16791,38.7347],[-9.168,38.73477],[-9.16791,38.73484],[-9.16782,38.73477],[-9.16791,38.7347]]],[[[-9.16804,38.73603],[-9.16829,38.73666],[-9.16791,38.73705],[-9.16743,38.73666],[-9.16754,38.73603],[-9.16791,38.73595],[-9.16804,38.73603]]],[[[-9.17232,38.73722],[-9.17241,38.73729],[-9.17232,38.73739],[-9.17169,38.73739],[-9.17149,38.73729],[-9.17169,38.73722],[-9.17232,38.73722]]],[[[-9.16563,38.73792],[-9.16601,38.73763],[-9.16665,38.73763],[-9.16683,38.73792],[-9.16683,38.73855],[-9.16665,38.7387],[-9.16601,38.7387],[-9.16577,38.73855],[-9.16563,38.73792]]],[[[-9.17484,38.74408],[-9.17495,38.74423],[-9.17484,38.74439],[-9.17421,38.74439],[-9.17414,38.74423],[-9.17421,38.74408],[-9.17484,38.74408]]],[[[-9.17106,38.74449],[-9.17092,38.74423],[-9.17106,38.74408],[-9.17111,38.74423],[-9.17106,38.74449]]],[[[-9.16601,38.74517],[-9.16665,38.74517],[-9.1672,38.74549],[-9.1672,38.74612],[-9.16665,38.74621],[-9.16601,38.74621],[-9.16583,38.74612],[-9.16588,38.74549],[-9.16601,38.74517]]],[[[-9.1703,38.74549],[-9.17043,38.74517],[-9.17055,38.74549],[-9.17052,38.74612],[-9.17043,38.74626],[-9.17038,38.74612],[-9.1703,38.74549]]],[[[-9.17675,38.74549],[-9.17675,38.74612],[-9.17674,38.74614],[-9.17673,38.74612],[-9.17673,38.74549],[-9.17674,38.74548],[-9.17675,38.74549]]],[[[-9.17376,38.74549],[-9.17376,38.74612],[-9.17389,38.74675],[-9.17358,38.74733],[-9.17326,38.74675],[-9.1734,38.74612],[-9.1734,38.74549],[-9.1732,38.74486],[-9.17358,38.74464],[-9.17395,38.74486],[-9.17376,38.74549]],[[-9.17358,38.74676],[-9.17359,38.74675],[-9.17358,38.74673],[-9.17358,38.74675],[-9.17358,38.74676]]],[[[-9.16538,38.74632],[-9.16568,38.74675],[-9.16538,38.74717],[-9.1648,38.74675],[-9.16538,38.74632]]],[[[-9.1698,38.74761],[-9.16962,38.74738],[-9.1698,38.74723],[-9.16999,38.74738],[-9.1698,38.74761]]],[[[-9.17365,38.74801],[-9.17358,38.74808],[-9.17327,38.74801],[-9.17358,38.74778],[-9.17365,38.74801]]],[[[-9.17713,38.74801],[-9.17737,38.74752],[-9.178,38.74752],[-9.17838,38.74801],[-9.178,38.74836],[-9.17737,38.74836],[-9.17713,38.74801]]],[[[-9.17043,38.74813],[-9.17036,38.74801],[-9.17043,38.74796],[-9.1705,38.74801],[-9.17043,38.74813]]],[[[-9.17322,38.74864],[-9.17295,38.74887],[-9.17273,38.74864],[-9.17295,38.7481],[-9.17322,38.74864]]],[[[-9.17674,38.74853],[-9.17692,38.74864],[-9.17674,38.74923],[-9.17611,38.74876],[-9.17596,38.74864],[-9.17611,38.74853],[-9.17674,38.74853]]],[[[-9.17317,38.7518],[-9.17324,38.75243],[-9.17295,38.75299],[-9.17271,38.75243],[-9.17271,38.7518],[-9.17295,38.75133],[-9.17317,38.7518]]],[[[-9.17232,38.75291],[-9.17283,38.75306],[-9.17232,38.75357],[-9.17169,38.75357],[-9.17118,38.75306],[-9.17169,38.75291],[-9.17232,38.75291]]],[[[-9.17611,38.75549],[-9.17564,38.75495],[-9.17611,38.75447],[-9.17642,38.75432],[-9.17611,38.75386],[-9.17548,38.75386],[-9.17516,38.75369],[-9.17548,38.7536],[-9.17611,38.75359],[-9.17645,38.75306],[-9.17674,38.75254],[-9.17697,38.75306],[-9.17737,38.75357],[-9.178,38.75357],[-9.17863,38.75354],[-9.17893,38.75369],[-9.17926,38.75413],[-9.17939,38.75432],[-9.17926,38.75444],[-9.17875,38.75495],[-9.17863,38.75523],[-9.178,38.7553],[-9.17737,38.7553],[-9.17674,38.75533],[-9.17611,38.75549]],[[-9.17737,38.75445],[-9.178,38.75445],[-9.1781,38.75432],[-9.178,38.75425],[-9.17737,38.75425],[-9.17729,38.75432],[-9.17737,38.75445]]],[[[-9.17113,38.75432],[-9.17169,38.75376],[-9.17232,38.75376],[-9.17272,38.75432],[-9.17232,38.7548],[-9.17169,38.7548],[-9.17113,38.75432]]],[[[-9.17169,38.7552],[-9.17232,38.7552],[-9.17261,38.75558],[-9.17232,38.7557],[-9.17169,38.7557],[-9.17146,38.75558],[-9.17169,38.7552]]],[[[-9.16917,38.75555],[-9.16921,38.75558],[-9.16917,38.75572],[-9.16854,38.75572],[-9.16846,38.75558],[-9.16854,38.75555],[-9.16917,38.75555]]],[[[-9.17484,38.75555],[-9.17495,38.75558],[-9.17484,38.75574],[-9.17421,38.75574],[-9.17406,38.75558],[-9.17421,38.75555],[-9.17484,38.75555]]],[[[-9.17106,38.75639],[-9.17059,38.75621],[-9.17106,38.75601],[-9.17117,38.75621],[-9.17106,38.75639]]],[[[-9.16791,38.75711],[-9.16776,38.75684],[-9.16791,38.75666],[-9.16826,38.75684],[-9.16791,38.75711]]],[[[-9.17043,38.75716],[-9.17037,38.75684],[-9.17043,38.75668],[-9.17046,38.75684],[-9.17043,38.75716]]],[[[-9.16412,38.75825],[-9.16384,38.7581],[-9.16402,38.75747],[-9.16412,38.7574],[-9.16423,38.75747],[-9.16475,38.75799],[-9.16523,38.7581],[-9.16475,38.75858],[-9.16412,38.75825]]],[[[-9.1757,38.75873],[-9.17548,38.75906],[-9.17492,38.75873],[-9.17548,38.75843],[-9.1757,38.75873]]],[[[-9.178,38.76059],[-9.17806,38.76063],[-9.178,38.76066],[-9.17737,38.76066],[-9.17732,38.76063],[-9.17737,38.76059],[-9.178,38.76059]]],[[[-9.16601,38.76499],[-9.1661,38.76504],[-9.16601,38.76507],[-9.16538,38.76507],[-9.16534,38.76504],[-9.16538,38.76499],[-9.16601,38.76499]]],[[[-9.16665,38.76823],[-9.16661,38.7682],[-9.16665,38.76806],[-9.16675,38.7682],[-9.16665,38.76823]]],[[[-9.15782,38.70439],[-9.15718,38.70439],[-9.15665,38.70439],[-9.15718,38.70386],[-9.15782,38.70323],[-9.15815,38.70323],[-9.15815,38.70386],[-9.15782,38.70439]]],[[[-9.15971,38.70397],[-9.15959,38.70386],[-9.15971,38.70377],[-9.15982,38.70386],[-9.15971,38.70397]]],[[[-9.16156,38.72089],[-9.1616,38.72076],[-9.16191,38.72089],[-9.1616,38.72112],[-9.16156,38.72089]]],[[[-9.1616,38.74701],[-9.16139,38.74675],[-9.16097,38.74645],[-9.1606,38.74612],[-9.16061,38.74549],[-9.16034,38.7452],[-9.15971,38.7452],[-9.15942,38.74486],[-9.15908,38.74452],[-9.15867,38.74423],[-9.15845,38.74404],[-9.15795,38.7436],[-9.15782,38.74342],[-9.15718,38.74342],[-9.15655,38.74353],[-9.15628,38.7436],[-9.15655,38.7437],[-9.15703,38.74423],[-9.15655,38.74469],[-9.15624,38.74486],[-9.15645,38.74549],[-9.15652,38.74612],[-9.15655,38.7462],[-9.1567,38.74675],[-9.15718,38.74701],[-9.15782,38.74701],[-9.15813,38.74738],[-9.15813,38.74801],[-9.15782,38.74819],[-9.15718,38.74819],[-9.15701,38.74801],[-9.15655,38.74778],[-9.15624,38.74801],[-9.15624,38.74864],[-9.15592,38.74887],[-9.15571,38.74927],[-9.15529,38.74965],[-9.15466,38.74973],[-9.15403,38.74973],[-9.15366,38.7499],[-9.1534,38.75006],[-9.15306,38.7499],[-9.1534,38.74965],[-9.15358,38.74927],[-9.15344,38.74864],[-9.1534,38.74862],[-9.15337,38.74864],[-9.15277,38.74892],[-9.15214,38.74887],[-9.15151,38.74887],[-9.15115,38.74864],[-9.15088,38.7485],[-9.1506,38.74864],[-9.1504,38.74927],[-9.15025,38.74956],[-9.14981,38.7499],[-9.14972,38.75054],[-9.14962,38.75056],[-9.14958,38.75054],[-9.14937,38.7499],[-9.14962,38.74951],[-9.14977,38.74927],[-9.14962,38.74917],[-9.14898,38.74927],[-9.14835,38.74927],[-9.14772,38.74906],[-9.14727,38.74864],[-9.14764,38.74801],[-9.14709,38.74795],[-9.147,38.74801],[-9.14646,38.74842],[-9.14585,38.74801],[-9.14583,38.74797],[-9.1452,38.74797],[-9.14517,38.74801],[-9.14503,38.74864],[-9.14468,38.74927],[-9.14457,38.74935],[-9.14394,38.74947],[-9.14331,38.74961],[-9.14268,38.74961],[-9.14228,38.7499],[-9.14268,38.7502],[-9.14331,38.7502],[-9.14394,38.75033],[-9.14457,38.75041],[-9.14489,38.75054],[-9.14457,38.75089],[-9.14394,38.7507],[-9.14331,38.75083],[-9.14268,38.75083],[-9.14205,38.75089],[-9.14184,38.75117],[-9.14142,38.75177],[-9.14134,38.7518],[-9.14079,38.75191],[-9.14067,38.7518],[-9.14015,38.75133],[-9.13952,38.75133],[-9.13933,38.75117],[-9.13895,38.75054],[-9.13889,38.75049],[-9.13826,38.75019],[-9.13775,38.75054],[-9.13763,38.75089],[-9.13739,38.75117],[-9.137,38.75136],[-9.13637,38.75136],[-9.1362,38.75117],[-9.1359,38.75054],[-9.13574,38.75053],[-9.13514,38.7499],[-9.13574,38.74944],[-9.13617,38.7499],[-9.13637,38.75048],[-9.137,38.75048],[-9.13763,38.74997],[-9.13765,38.7499],[-9.13792,38.74927],[-9.13826,38.74886],[-9.13889,38.74882],[-9.13912,38.74864],[-9.13889,38.7481],[-9.13826,38.74818],[-9.13782,38.74801],[-9.13765,38.74738],[-9.13763,38.74736],[-9.1373,38.74675],[-9.13709,38.74612],[-9.13763,38.7456],[-9.13826,38.74571],[-9.13844,38.74549],[-9.13889,38.74504],[-9.13904,38.74486],[-9.13889,38.74474],[-9.13843,38.74423],[-9.13826,38.74404],[-9.13763,38.74389],[-9.137,38.74389],[-9.1366,38.74423],[-9.13637,38.74472],[-9.13594,38.74423],[-9.13605,38.7436],[-9.13574,38.74311],[-9.13511,38.74311],[-9.13491,38.74297],[-9.13448,38.74279],[-9.13385,38.74279],[-9.13356,38.74234],[-9.13322,38.74199],[-9.1328,38.7417],[-9.13259,38.74148],[-9.13235,38.7417],[-9.13196,38.74198],[-9.13164,38.7417],[-9.13189,38.74107],[-9.13157,38.74044],[-9.13196,38.73988],[-9.13259,38.73997],[-9.13299,38.74044],[-9.13322,38.74065],[-9.13353,38.74044],[-9.13385,38.74019],[-9.13448,38.74019],[-9.13472,38.73981],[-9.13466,38.73918],[-9.13448,38.73896],[-9.13385,38.73896],[-9.13366,38.73918],[-9.13322,38.73967],[-9.13268,38.73918],[-9.13259,38.73892],[-9.13243,38.73918],[-9.13196,38.73975],[-9.13135,38.73918],[-9.13196,38.73881],[-9.13233,38.73855],[-9.13245,38.73792],[-9.13196,38.73767],[-9.13132,38.73758],[-9.13069,38.73758],[-9.13044,38.73792],[-9.13043,38.73855],[-9.13065,38.73918],[-9.13058,38.73981],[-9.13043,38.74044],[-9.13035,38.74107],[-9.13023,38.7417],[-9.13069,38.74208],[-9.13132,38.74208],[-9.13154,38.74234],[-9.13132,38.74282],[-9.13069,38.74282],[-9.13006,38.74239],[-9.13,38.74234],[-9.1299,38.7417],[-9.12943,38.74136],[-9.12921,38.74107],[-9.12943,38.74071],[-9.12968,38.74044],[-9.12977,38.73981],[-9.12975,38.73918],[-9.12943,38.73859],[-9.1288,38.73857],[-9.12817,38.73857],[-9.12754,38.73888],[-9.12714,38.73855],[-9.12691,38.73838],[-9.12628,38.73838],[-9.12571,38.73792],[-9.12565,38.73783],[-9.12502,38.73783],[-9.12482,38.73792],[-9.1248,38.73855],[-9.12439,38.73885],[-9.12413,38.73855],[-9.12376,38.73809],[-9.12319,38.73792],[-9.12313,38.73782],[-9.12249,38.73782],[-9.12186,38.73776],[-9.12175,38.73792],[-9.12162,38.73855],[-9.12123,38.73903],[-9.12078,38.73855],[-9.1206,38.73812],[-9.12041,38.73792],[-9.1206,38.73773],[-9.12123,38.73731],[-9.12126,38.73729],[-9.12125,38.73666],[-9.12186,38.7364],[-9.12249,38.73656],[-9.12313,38.73656],[-9.12362,38.73603],[-9.12313,38.73571],[-9.12249,38.73571],[-9.12186,38.73547],[-9.12178,38.7354],[-9.1216,38.73477],[-9.12136,38.73414],[-9.12123,38.73358],[-9.12114,38.73351],[-9.1206,38.73337],[-9.12011,38.73287],[-9.11997,38.73267],[-9.11934,38.73267],[-9.11876,38.73224],[-9.11871,38.73207],[-9.11859,38.73161],[-9.11871,38.73132],[-9.11881,38.73098],[-9.11871,38.73067],[-9.11845,38.73035],[-9.11808,38.7299],[-9.11798,38.72972],[-9.11808,38.72961],[-9.11838,38.72909],[-9.11844,38.72846],[-9.11808,38.7281],[-9.11747,38.72783],[-9.11808,38.72751],[-9.11835,38.7272],[-9.11835,38.72657],[-9.11808,38.72608],[-9.11802,38.72594],[-9.11808,38.72583],[-9.11871,38.72544],[-9.11924,38.72531],[-9.11871,38.72518],[-9.11808,38.72493],[-9.11788,38.72468],[-9.11745,38.72438],[-9.11682,38.72465],[-9.11619,38.72465],[-9.11568,38.72404],[-9.11556,38.72396],[-9.11493,38.72366],[-9.11473,38.72341],[-9.11493,38.72297],[-9.11512,38.72278],[-9.11493,38.72251],[-9.11461,38.72278],[-9.11429,38.72288],[-9.11366,38.72288],[-9.11319,38.72341],[-9.11303,38.72392],[-9.11281,38.72404],[-9.1124,38.72421],[-9.11214,38.72404],[-9.11177,38.72393],[-9.11164,38.72404],[-9.11177,38.7245],[-9.11188,38.72468],[-9.11177,38.72487],[-9.11114,38.72497],[-9.11051,38.72497],[-9.10988,38.72519],[-9.10962,38.72531],[-9.10925,38.72585],[-9.10922,38.72594],[-9.10862,38.72648],[-9.10799,38.72648],[-9.10793,38.72657],[-9.10793,38.7272],[-9.10799,38.72743],[-9.10862,38.72743],[-9.10925,38.72756],[-9.10966,38.72783],[-9.10929,38.72846],[-9.10925,38.72851],[-9.10867,38.72909],[-9.10862,38.72914],[-9.10799,38.72914],[-9.10795,38.72909],[-9.10736,38.72847],[-9.10688,38.72909],[-9.10703,38.72972],[-9.10673,38.73001],[-9.1061,38.73015],[-9.10563,38.73035],[-9.10546,38.73057],[-9.10483,38.73057],[-9.10462,38.73057],[-9.10483,38.73035],[-9.10483,38.72972],[-9.10483,38.72909],[-9.10483,38.72873],[-9.10546,38.72873],[-9.10593,38.72846],[-9.1061,38.72826],[-9.10673,38.72807],[-9.10736,38.72808],[-9.10768,38.72783],[-9.10765,38.7272],[-9.10765,38.72657],[-9.10799,38.72609],[-9.10862,38.72609],[-9.10878,38.72594],[-9.1089,38.72531],[-9.10862,38.7247],[-9.10799,38.7247],[-9.10796,38.7247],[-9.10799,38.72468],[-9.10862,38.72404],[-9.10925,38.72404],[-9.10988,38.72404],[-9.11019,38.72373],[-9.11051,38.72373],[-9.11114,38.72373],[-9.11177,38.72351],[-9.11195,38.72341],[-9.11177,38.72292],[-9.11114,38.72326],[-9.11067,38.72326],[-9.11114,38.72278],[-9.11177,38.72215],[-9.1122,38.72172],[-9.1124,38.72172],[-9.11303,38.72174],[-9.11329,38.72152],[-9.11366,38.7213],[-9.11429,38.7213],[-9.11493,38.7215],[-9.11556,38.7212],[-9.11591,38.72089],[-9.11594,38.72026],[-9.11561,38.71963],[-9.11556,38.71957],[-9.11498,38.71957],[-9.11556,38.719],[-9.11601,38.71854],[-9.11619,38.71854],[-9.11682,38.71854],[-9.11691,38.71837],[-9.11745,38.71801],[-9.11808,38.71807],[-9.11843,38.71837],[-9.11871,38.71863],[-9.11887,38.71837],[-9.11885,38.71774],[-9.1189,38.71711],[-9.11871,38.71692],[-9.11808,38.71702],[-9.11754,38.71702],[-9.11808,38.71648],[-9.11871,38.71584],[-9.11934,38.71584],[-9.11997,38.71521],[-9.11997,38.71511],[-9.1206,38.71511],[-9.12123,38.7148],[-9.12186,38.71465],[-9.12194,38.71458],[-9.12194,38.71395],[-9.12249,38.71355],[-9.12313,38.71357],[-9.12376,38.7137],[-9.12434,38.71332],[-9.12439,38.71311],[-9.12502,38.71272],[-9.12565,38.71272],[-9.12628,38.7128],[-9.12643,38.71269],[-9.12679,38.71206],[-9.12658,38.71143],[-9.12691,38.71121],[-9.12754,38.71099],[-9.12809,38.7108],[-9.12817,38.71074],[-9.1288,38.71074],[-9.12943,38.7104],[-9.13006,38.7103],[-9.13017,38.71017],[-9.13035,38.70954],[-9.13069,38.70914],[-9.13105,38.70891],[-9.13132,38.70857],[-9.13196,38.70857],[-9.13219,38.70828],[-9.13217,38.70765],[-9.13196,38.70744],[-9.13153,38.70701],[-9.13196,38.70701],[-9.13259,38.70638],[-9.13322,38.70638],[-9.13385,38.70638],[-9.13448,38.70638],[-9.13511,38.70638],[-9.13574,38.70638],[-9.13637,38.70638],[-9.137,38.70638],[-9.13763,38.70638],[-9.13826,38.70575],[-9.13875,38.70575],[-9.13875,38.70638],[-9.13885,38.70701],[-9.13889,38.70708],[-9.13952,38.70717],[-9.13975,38.70701],[-9.13968,38.70638],[-9.14015,38.70583],[-9.14079,38.70583],[-9.14094,38.70575],[-9.14094,38.70512],[-9.14142,38.70512],[-9.14205,38.70512],[-9.14229,38.70512],[-9.14229,38.70575],[-9.14205,38.70619],[-9.14142,38.70616],[-9.14129,38.70638],[-9.14142,38.70648],[-9.14205,38.70656],[-9.14218,38.70701],[-9.14218,38.70765],[-9.14268,38.70807],[-9.14331,38.70807],[-9.14388,38.70765],[-9.14388,38.70701],[-9.14394,38.70695],[-9.14457,38.70654],[-9.1452,38.70673],[-9.14561,38.70701],[-9.14583,38.70724],[-9.14646,38.70724],[-9.14709,38.7076],[-9.14745,38.70701],[-9.14741,38.70638],[-9.14757,38.70575],[-9.14757,38.70512],[-9.14772,38.70512],[-9.14835,38.70512],[-9.14877,38.70553],[-9.14877,38.70575],[-9.14835,38.70617],[-9.14818,38.70638],[-9.14835,38.70649],[-9.14898,38.70649],[-9.14911,38.70638],[-9.14911,38.70575],[-9.14962,38.70575],[-9.15025,38.70512],[-9.15088,38.70512],[-9.15151,38.70512],[-9.15214,38.70512],[-9.15245,38.70512],[-9.15245,38.70575],[-9.15277,38.70626],[-9.1534,38.70607],[-9.15403,38.70601],[-9.15421,38.70638],[-9.15403,38.70656],[-9.1534,38.70663],[-9.15313,38.70701],[-9.15337,38.70765],[-9.1534,38.70776],[-9.15403,38.7081],[-9.15462,38.70765],[-9.15461,38.70701],[-9.15466,38.70697],[-9.15529,38.70697],[-9.15592,38.70655],[-9.15615,38.70638],[-9.15627,38.70575],[-9.15592,38.70533],[-9.15566,38.70512],[-9.15553,38.70449],[-9.15553,38.7041],[-9.15592,38.70449],[-9.15627,38.70449],[-9.15655,38.7047],[-9.15718,38.70467],[-9.15782,38.70467],[-9.15839,38.70512],[-9.15845,38.70515],[-9.15849,38.70512],[-9.15855,38.70449],[-9.15908,38.70418],[-9.15936,38.70449],[-9.15971,38.70487],[-9.16017,38.70449],[-9.16034,38.70431],[-9.16097,38.70431],[-9.16127,38.70449],[-9.1616,38.70466],[-9.16181,38.70449],[-9.16223,38.70411],[-9.16243,38.70386],[-9.16286,38.70346],[-9.16349,38.70346],[-9.16412,38.70346],[-9.16425,38.70323],[-9.16412,38.70298],[-9.16349,38.70298],[-9.16339,38.7026],[-9.16336,38.70197],[-9.16349,38.7019],[-9.16412,38.7019],[-9.16475,38.7019],[-9.16538,38.70189],[-9.16561,38.70197],[-9.16601,38.7023],[-9.16665,38.7023],[-9.1668,38.7026],[-9.16665,38.7027],[-9.16601,38.7027],[-9.16538,38.70323],[-9.16601,38.70371],[-9.16665,38.70371],[-9.16728,38.70364],[-9.16754,38.70386],[-9.16791,38.70442],[-9.16854,38.70399],[-9.16914,38.70449],[-9.16917,38.70452],[-9.1698,38.70452],[-9.16989,38.70449],[-9.17043,38.70418],[-9.17106,38.70404],[-9.17169,38.70405],[-9.17232,38.70405],[-9.17295,38.7041],[-9.17322,38.70386],[-9.17358,38.70335],[-9.17367,38.70323],[-9.17358,38.70303],[-9.17321,38.7026],[-9.17318,38.70197],[-9.17358,38.70154],[-9.17379,38.70134],[-9.17414,38.70071],[-9.17421,38.70061],[-9.17468,38.70008],[-9.17484,38.69977],[-9.17548,38.69977],[-9.17589,38.69945],[-9.17574,38.69882],[-9.17574,38.69845],[-9.17611,38.69882],[-9.17674,38.69882],[-9.17737,38.69882],[-9.178,38.69818],[-9.17863,38.69818],[-9.1788,38.69818],[-9.1788,38.69882],[-9.17926,38.69889],[-9.17937,38.69882],[-9.17935,38.69818],[-9.17989,38.69818],[-9.18052,38.69755],[-9.18115,38.69755],[-9.18178,38.69755],[-9.1823,38.69755],[-9.1823,38.69818],[-9.18241,38.69829],[-9.1826,38.69818],[-9.1826,38.69755],[-9.18304,38.69755],[-9.18368,38.69755],[-9.18431,38.69692],[-9.18491,38.69692],[-9.18491,38.69755],[-9.18494,38.69758],[-9.18557,38.69769],[-9.1862,38.69758],[-9.1863,38.69755],[-9.18683,38.69743],[-9.18746,38.69743],[-9.18806,38.69692],[-9.18806,38.69629],[-9.18809,38.69629],[-9.18872,38.69629],[-9.18894,38.69629],[-9.18894,38.69692],[-9.18872,38.69712],[-9.18813,38.69755],[-9.18809,38.69759],[-9.18746,38.6977],[-9.18683,38.6977],[-9.18656,38.69818],[-9.1862,38.69861],[-9.1857,38.69882],[-9.18586,38.69945],[-9.18557,38.69966],[-9.18532,38.69945],[-9.18494,38.69916],[-9.18458,38.69882],[-9.18431,38.69831],[-9.18368,38.69831],[-9.18304,38.69839],[-9.18274,38.69882],[-9.18241,38.69929],[-9.18234,38.69945],[-9.18234,38.70008],[-9.18178,38.70039],[-9.18122,38.70008],[-9.18115,38.70002],[-9.18052,38.70002],[-9.17992,38.69945],[-9.17989,38.69936],[-9.17926,38.69939],[-9.17919,38.69945],[-9.17926,38.69982],[-9.17937,38.70008],[-9.17926,38.70021],[-9.17907,38.70008],[-9.17863,38.69998],[-9.178,38.69998],[-9.17753,38.70008],[-9.1779,38.70071],[-9.17788,38.70134],[-9.178,38.70152],[-9.17863,38.70152],[-9.17926,38.70197],[-9.17989,38.70225],[-9.18,38.70197],[-9.18052,38.70144],[-9.18115,38.70144],[-9.18145,38.70197],[-9.18171,38.7026],[-9.18115,38.7029],[-9.18052,38.7029],[-9.18025,38.70323],[-9.17989,38.70349],[-9.17953,38.70323],[-9.17926,38.7026],[-9.17863,38.70214],[-9.178,38.70214],[-9.17737,38.70199],[-9.17694,38.7026],[-9.17674,38.70282],[-9.17642,38.70323],[-9.17674,38.70386],[-9.17737,38.70355],[-9.17758,38.70323],[-9.178,38.70308],[-9.17863,38.70308],[-9.17883,38.70323],[-9.17926,38.70351],[-9.17952,38.70386],[-9.17926,38.70408],[-9.17877,38.70449],[-9.17863,38.70464],[-9.178,38.70464],[-9.17737,38.70503],[-9.17674,38.705],[-9.17666,38.70512],[-9.17674,38.7053],[-9.17737,38.70544],[-9.17744,38.70575],[-9.17759,38.70638],[-9.17758,38.70701],[-9.17737,38.70755],[-9.17714,38.70701],[-9.17674,38.70654],[-9.17628,38.70701],[-9.17611,38.70738],[-9.17588,38.70765],[-9.17548,38.70786],[-9.17484,38.70786],[-9.17421,38.70802],[-9.17358,38.70801],[-9.17304,38.70828],[-9.17295,38.70837],[-9.17232,38.70842],[-9.17169,38.70842],[-9.1716,38.70891],[-9.17169,38.70925],[-9.17232,38.70925],[-9.17295,38.70921],[-9.17356,38.70954],[-9.17358,38.7096],[-9.17402,38.71017],[-9.17421,38.71059],[-9.17463,38.7108],[-9.17438,38.71143],[-9.17421,38.7116],[-9.17395,38.71206],[-9.17358,38.71238],[-9.17298,38.71269],[-9.17358,38.71314],[-9.17421,38.71283],[-9.17446,38.71332],[-9.17446,38.71395],[-9.17421,38.7142],[-9.17358,38.71431],[-9.17295,38.7142],[-9.17275,38.71458],[-9.17245,38.71521],[-9.17232,38.7153],[-9.17169,38.7153],[-9.17129,38.71521],[-9.17106,38.71506],[-9.17099,38.71521],[-9.17043,38.71557],[-9.1698,38.71574],[-9.16917,38.71574],[-9.16854,38.71583],[-9.16849,38.71584],[-9.16791,38.71619],[-9.16755,38.71648],[-9.16728,38.71655],[-9.16665,38.7165],[-9.16601,38.7165],[-9.16594,38.71648],[-9.16601,38.71645],[-9.16665,38.71645],[-9.16712,38.71584],[-9.16678,38.71521],[-9.16665,38.71504],[-9.16601,38.71504],[-9.16578,38.71521],[-9.16563,38.71584],[-9.16538,38.71625],[-9.16531,38.71648],[-9.16475,38.71677],[-9.16424,38.71648],[-9.1642,38.71584],[-9.16475,38.71561],[-9.16521,38.71521],[-9.16475,38.71463],[-9.16412,38.7149],[-9.16381,38.71458],[-9.16349,38.71448],[-9.16286,38.71448],[-9.1628,38.71458],[-9.16282,38.71521],[-9.16223,38.71562],[-9.1621,38.71521],[-9.1616,38.71484],[-9.16129,38.71458],[-9.16134,38.71395],[-9.16097,38.71358],[-9.16034,38.71358],[-9.15975,38.71395],[-9.15996,38.71458],[-9.16034,38.71486],[-9.16097,38.71486],[-9.16127,38.71521],[-9.1611,38.71584],[-9.16151,38.71648],[-9.1616,38.71662],[-9.16191,38.71648],[-9.16223,38.71616],[-9.16245,38.71648],[-9.16223,38.71703],[-9.1622,38.71711],[-9.16196,38.71774],[-9.1616,38.71815],[-9.16115,38.71774],[-9.16097,38.71763],[-9.16034,38.71763],[-9.16023,38.71774],[-9.15971,38.71797],[-9.15908,38.71829],[-9.159,38.71837],[-9.15905,38.719],[-9.15845,38.71951],[-9.15837,38.71963],[-9.15845,38.71969],[-9.159,38.72026],[-9.15908,38.72081],[-9.15963,38.72026],[-9.15971,38.71994],[-9.15974,38.71963],[-9.15972,38.719],[-9.16034,38.71847],[-9.16097,38.71847],[-9.1616,38.71884],[-9.16176,38.719],[-9.1616,38.71908],[-9.16128,38.71963],[-9.16128,38.72026],[-9.16097,38.7204],[-9.16034,38.7204],[-9.15978,38.72089],[-9.15993,38.72152],[-9.16034,38.72197],[-9.16097,38.72197],[-9.1616,38.72209],[-9.16162,38.72215],[-9.16171,38.72278],[-9.16193,38.72341],[-9.16223,38.7236],[-9.16252,38.72341],[-9.16286,38.72319],[-9.16349,38.72319],[-9.16412,38.72299],[-9.16475,38.72322],[-9.16488,38.72341],[-9.16475,38.72394],[-9.16473,38.72404],[-9.16412,38.72437],[-9.16375,38.72468],[-9.16349,38.72499],[-9.16286,38.72499],[-9.16234,38.72468],[-9.16223,38.72464],[-9.16207,38.72468],[-9.1616,38.72475],[-9.16097,38.72471],[-9.16034,38.72471],[-9.16018,38.72468],[-9.15971,38.72436],[-9.15908,38.72461],[-9.15907,38.72468],[-9.15908,38.72478],[-9.15915,38.72531],[-9.15908,38.72583],[-9.15845,38.7259],[-9.15831,38.72594],[-9.15845,38.72607],[-9.15873,38.72657],[-9.15873,38.7272],[-9.15845,38.72749],[-9.15782,38.72742],[-9.15718,38.72742],[-9.15687,38.72783],[-9.15655,38.7283],[-9.15592,38.72797],[-9.15529,38.72843],[-9.15509,38.72783],[-9.15513,38.7272],[-9.15501,38.72657],[-9.15529,38.7262],[-9.15543,38.72594],[-9.15531,38.72531],[-9.15529,38.72499],[-9.15466,38.72507],[-9.15403,38.72507],[-9.1535,38.72468],[-9.1534,38.72465],[-9.15335,38.72468],[-9.15277,38.72484],[-9.15258,38.72531],[-9.15214,38.7258],[-9.1517,38.72594],[-9.15214,38.72621],[-9.15254,38.72657],[-9.15247,38.7272],[-9.15214,38.72742],[-9.15151,38.72742],[-9.15088,38.72751],[-9.15077,38.72783],[-9.15088,38.72805],[-9.15103,38.72846],[-9.15088,38.72872],[-9.15069,38.72909],[-9.15086,38.72972],[-9.15052,38.73035],[-9.15025,38.73073],[-9.14984,38.73098],[-9.15025,38.7313],[-9.15076,38.73161],[-9.15088,38.73209],[-9.15089,38.73224],[-9.15117,38.73287],[-9.15124,38.73351],[-9.15151,38.73374],[-9.15214,38.73374],[-9.15237,38.73414],[-9.15214,38.73449],[-9.15151,38.73449],[-9.15122,38.73414],[-9.15088,38.73375],[-9.15064,38.73414],[-9.15088,38.73454],[-9.15117,38.73477],[-9.15151,38.73502],[-9.15214,38.73502],[-9.15244,38.7354],[-9.15277,38.73574],[-9.15302,38.7354],[-9.1534,38.73512],[-9.1537,38.7354],[-9.15403,38.73578],[-9.15466,38.73578],[-9.15502,38.7354],[-9.15529,38.73482],[-9.1554,38.73477],[-9.15592,38.73447],[-9.15651,38.73477],[-9.15651,38.7354],[-9.15655,38.73542],[-9.15718,38.73579],[-9.15782,38.73579],[-9.15845,38.73544],[-9.15908,38.73589],[-9.15965,38.7354],[-9.15971,38.73537],[-9.16034,38.73523],[-9.16097,38.73523],[-9.16149,38.7354],[-9.16155,38.73603],[-9.1616,38.7361],[-9.16182,38.73603],[-9.16165,38.7354],[-9.1616,38.73528],[-9.16145,38.73477],[-9.16136,38.73414],[-9.16097,38.73352],[-9.16034,38.73352],[-9.15971,38.73361],[-9.15963,38.73351],[-9.15971,38.73346],[-9.16034,38.73347],[-9.16097,38.73347],[-9.16156,38.73287],[-9.1616,38.73283],[-9.16168,38.73287],[-9.16168,38.73351],[-9.16191,38.73414],[-9.16223,38.73436],[-9.16286,38.73438],[-9.16349,38.73438],[-9.16384,38.73477],[-9.16378,38.7354],[-9.16412,38.73578],[-9.16462,38.7354],[-9.16475,38.73531],[-9.16538,38.73527],[-9.16574,38.7354],[-9.16579,38.73603],[-9.16557,38.73666],[-9.16538,38.73692],[-9.16521,38.73729],[-9.16475,38.73774],[-9.16449,38.73729],[-9.16475,38.73684],[-9.16513,38.73666],[-9.16475,38.7364],[-9.16412,38.73642],[-9.16394,38.73666],[-9.16373,38.73729],[-9.16349,38.73766],[-9.16286,38.73766],[-9.16239,38.73729],[-9.16223,38.73717],[-9.16206,38.73729],[-9.16185,38.73792],[-9.1616,38.73841],[-9.16134,38.73855],[-9.1616,38.73887],[-9.16167,38.73918],[-9.1616,38.73928],[-9.16097,38.73946],[-9.16049,38.73918],[-9.16034,38.739],[-9.15971,38.739],[-9.15955,38.73918],[-9.1596,38.73981],[-9.15971,38.74013],[-9.16034,38.74013],[-9.1606,38.74044],[-9.16097,38.74081],[-9.1616,38.74092],[-9.1621,38.74107],[-9.16223,38.74112],[-9.16229,38.74107],[-9.16286,38.7407],[-9.16349,38.7407],[-9.16378,38.74107],[-9.16412,38.74146],[-9.16442,38.7417],[-9.16475,38.74197],[-9.16538,38.74187],[-9.16555,38.7417],[-9.16587,38.74107],[-9.16538,38.74062],[-9.16524,38.74044],[-9.16538,38.74024],[-9.16601,38.7401],[-9.16665,38.7401],[-9.16728,38.74025],[-9.1674,38.73981],[-9.1674,38.73918],[-9.16791,38.73882],[-9.16851,38.73855],[-9.16851,38.73792],[-9.16839,38.73729],[-9.16854,38.73715],[-9.16917,38.73715],[-9.16969,38.73729],[-9.16922,38.73792],[-9.1692,38.73855],[-9.16953,38.73918],[-9.1698,38.7396],[-9.16996,38.73918],[-9.17013,38.73855],[-9.17011,38.73792],[-9.16985,38.73729],[-9.17043,38.73707],[-9.17075,38.73729],[-9.17082,38.73792],[-9.17106,38.73829],[-9.17169,38.73812],[-9.17232,38.73812],[-9.17284,38.73855],[-9.17295,38.73871],[-9.17329,38.73918],[-9.17295,38.73958],[-9.17252,38.73918],[-9.17232,38.73904],[-9.17169,38.73904],[-9.17149,38.73918],[-9.17149,38.73981],[-9.17128,38.74044],[-9.17106,38.74102],[-9.17102,38.74107],[-9.17075,38.7417],[-9.17043,38.74177],[-9.17013,38.74234],[-9.17043,38.74262],[-9.17106,38.74251],[-9.17169,38.74255],[-9.17232,38.74255],[-9.17239,38.74234],[-9.17232,38.74206],[-9.17169,38.74206],[-9.17124,38.7417],[-9.17169,38.74144],[-9.17232,38.74144],[-9.17295,38.74142],[-9.17325,38.7417],[-9.17358,38.74227],[-9.17391,38.7417],[-9.17358,38.7412],[-9.17347,38.74107],[-9.17295,38.74086],[-9.17251,38.74044],[-9.17295,38.73998],[-9.17358,38.73993],[-9.17409,38.73981],[-9.17406,38.73918],[-9.17421,38.73909],[-9.17484,38.73917],[-9.17548,38.73917],[-9.17563,38.73918],[-9.17573,38.73981],[-9.17611,38.73984],[-9.17674,38.74016],[-9.17711,38.74044],[-9.17724,38.74107],[-9.177,38.7417],[-9.17737,38.74194],[-9.178,38.74194],[-9.17863,38.74198],[-9.17925,38.74234],[-9.17926,38.74241],[-9.1797,38.74297],[-9.17989,38.74305],[-9.18052,38.7431],[-9.18115,38.7431],[-9.18178,38.74331],[-9.18226,38.7436],[-9.18241,38.74373],[-9.18268,38.74423],[-9.18304,38.74464],[-9.18368,38.74464],[-9.18431,38.74465],[-9.18494,38.74475],[-9.18557,38.74474],[-9.18565,38.74486],[-9.18557,38.74498],[-9.18503,38.74549],[-9.18503,38.74612],[-9.18494,38.7462],[-9.18487,38.74612],[-9.18487,38.74549],[-9.18431,38.74503],[-9.18368,38.7451],[-9.18304,38.7451],[-9.1825,38.74486],[-9.18241,38.74479],[-9.18178,38.74484],[-9.18115,38.74467],[-9.18052,38.74467],[-9.18024,38.74486],[-9.18052,38.74522],[-9.18115,38.74522],[-9.18132,38.74549],[-9.18132,38.74612],[-9.18115,38.74626],[-9.18052,38.74626],[-9.18018,38.74612],[-9.18018,38.74549],[-9.17989,38.74527],[-9.17926,38.74502],[-9.17894,38.74486],[-9.17926,38.74469],[-9.17989,38.74442],[-9.18001,38.74423],[-9.17989,38.74404],[-9.17926,38.74375],[-9.17891,38.7436],[-9.17863,38.74334],[-9.17846,38.7436],[-9.178,38.74382],[-9.17737,38.74382],[-9.17693,38.7436],[-9.17737,38.74324],[-9.178,38.74324],[-9.17837,38.74297],[-9.178,38.74282],[-9.17737,38.74282],[-9.17675,38.74234],[-9.17674,38.74231],[-9.1767,38.74234],[-9.17611,38.74266],[-9.17562,38.74297],[-9.17548,38.74304],[-9.17538,38.74297],[-9.17484,38.74278],[-9.17421,38.74278],[-9.17358,38.7424],[-9.17331,38.74297],[-9.17295,38.74325],[-9.17232,38.74333],[-9.17169,38.74333],[-9.17106,38.74343],[-9.17078,38.7436],[-9.17043,38.74395],[-9.16998,38.74423],[-9.1698,38.74431],[-9.16968,38.74423],[-9.16933,38.7436],[-9.16961,38.74297],[-9.16931,38.74234],[-9.16917,38.74225],[-9.16854,38.74225],[-9.16847,38.74234],[-9.16791,38.74276],[-9.16776,38.74297],[-9.16769,38.7436],[-9.16728,38.74406],[-9.16694,38.74423],[-9.16665,38.74466],[-9.16601,38.74466],[-9.16579,38.74486],[-9.16538,38.74506],[-9.16475,38.74524],[-9.16463,38.74549],[-9.16449,38.74612],[-9.16412,38.7465],[-9.16349,38.74651],[-9.16286,38.74651],[-9.16265,38.74675],[-9.16286,38.7473],[-9.16349,38.7473],[-9.16412,38.7473],[-9.16424,38.74738],[-9.16422,38.74801],[-9.16475,38.7485],[-9.16529,38.74801],[-9.16538,38.74793],[-9.16601,38.74788],[-9.16665,38.74788],[-9.16692,38.74801],[-9.16716,38.74864],[-9.16728,38.74912],[-9.16791,38.74907],[-9.16834,38.74864],[-9.16854,38.74853],[-9.16917,38.74853],[-9.1698,38.74834],[-9.17019,38.74864],[-9.17043,38.74892],[-9.17062,38.74927],[-9.17049,38.7499],[-9.17043,38.75006],[-9.17036,38.75054],[-9.17043,38.75059],[-9.17093,38.75117],[-9.17106,38.75145],[-9.17119,38.7518],[-9.17119,38.75243],[-9.17106,38.75292],[-9.17059,38.75306],[-9.17043,38.75309],[-9.1701,38.75369],[-9.17025,38.75432],[-9.1698,38.75444],[-9.16917,38.75444],[-9.16854,38.75444],[-9.16791,38.75483],[-9.16728,38.75435],[-9.16726,38.75432],[-9.16695,38.75369],[-9.16665,38.7534],[-9.16601,38.7534],[-9.16553,38.75306],[-9.16601,38.75255],[-9.16665,38.75255],[-9.16683,38.75243],[-9.16694,38.7518],[-9.16665,38.7514],[-9.16601,38.7514],[-9.16573,38.75117],[-9.16554,38.75054],[-9.16538,38.75043],[-9.16487,38.7499],[-9.16475,38.74979],[-9.1642,38.74927],[-9.16412,38.74887],[-9.16373,38.74864],[-9.16402,38.74801],[-9.16349,38.74749],[-9.16286,38.74749],[-9.16255,38.74738],[-9.16223,38.74733],[-9.1616,38.74701]],[[-9.1698,38.75093],[-9.16963,38.75117],[-9.1698,38.75137],[-9.17,38.75117],[-9.1698,38.75093]],[[-9.16841,38.75243],[-9.16854,38.75257],[-9.16917,38.75257],[-9.16934,38.75243],[-9.16935,38.7518],[-9.16917,38.75164],[-9.16854,38.75164],[-9.16832,38.7518],[-9.16841,38.75243]],[[-9.16791,38.75236],[-9.16785,38.75243],[-9.16791,38.75249],[-9.16794,38.75243],[-9.16791,38.75236]],[[-9.16538,38.7497],[-9.16528,38.7499],[-9.16538,38.75001],[-9.16553,38.7499],[-9.16538,38.7497]],[[-9.16475,38.74912],[-9.16463,38.74927],[-9.16475,38.74939],[-9.16498,38.74927],[-9.16475,38.74912]],[[-9.16097,38.74418],[-9.1609,38.74423],[-9.16097,38.74431],[-9.16103,38.74423],[-9.16097,38.74418]],[[-9.16034,38.74373],[-9.16054,38.7436],[-9.16034,38.74341],[-9.15971,38.74341],[-9.15962,38.7436],[-9.15971,38.74373],[-9.16034,38.74373]],[[-9.15715,38.7417],[-9.15718,38.7418],[-9.15782,38.7418],[-9.15786,38.7417],[-9.15784,38.74107],[-9.15782,38.74101],[-9.15718,38.74101],[-9.15715,38.74107],[-9.15715,38.7417]],[[-9.15655,38.74307],[-9.15677,38.74297],[-9.15703,38.74234],[-9.15655,38.74202],[-9.15626,38.74234],[-9.15621,38.74297],[-9.15655,38.74307]],[[-9.15508,38.74801],[-9.15489,38.74864],[-9.15529,38.74889],[-9.15573,38.74864],[-9.15568,38.74801],[-9.15592,38.74743],[-9.15595,38.74738],[-9.15592,38.74736],[-9.15529,38.74707],[-9.15518,38.74675],[-9.15466,38.74641],[-9.15403,38.74641],[-9.15381,38.74675],[-9.15392,38.74738],[-9.15403,38.74747],[-9.15466,38.74747],[-9.15508,38.74801]],[[-9.15466,38.74933],[-9.15503,38.74927],[-9.15466,38.74916],[-9.15403,38.74916],[-9.15397,38.74927],[-9.15403,38.74933],[-9.15466,38.74933]],[[-9.14968,38.7417],[-9.15025,38.74202],[-9.1505,38.7417],[-9.15051,38.74107],[-9.15088,38.7408],[-9.15111,38.74107],[-9.15151,38.74132],[-9.15214,38.74132],[-9.15244,38.74107],[-9.15277,38.74047],[-9.15301,38.74107],[-9.15305,38.7417],[-9.1534,38.74228],[-9.15371,38.7417],[-9.15403,38.74126],[-9.15466,38.74126],[-9.1548,38.74107],[-9.15499,38.74044],[-9.15529,38.74013],[-9.15551,38.73981],[-9.15545,38.73918],[-9.15529,38.73889],[-9.15488,38.73918],[-9.15466,38.73939],[-9.15403,38.73939],[-9.15386,38.73918],[-9.15345,38.73855],[-9.1534,38.73845],[-9.15301,38.73855],[-9.15277,38.73879],[-9.15214,38.73909],[-9.15151,38.73909],[-9.1511,38.73855],[-9.15088,38.7382],[-9.1503,38.73855],[-9.15054,38.73918],[-9.15025,38.73936],[-9.14986,38.73981],[-9.15025,38.74022],[-9.15052,38.74044],[-9.15025,38.74081],[-9.14996,38.74107],[-9.14968,38.7417]],[[-9.15277,38.74598],[-9.15261,38.74612],[-9.15277,38.74621],[-9.15283,38.74612],[-9.15277,38.74598]],[[-9.15025,38.74816],[-9.15031,38.74801],[-9.15033,38.74738],[-9.15025,38.74733],[-9.15021,38.74738],[-9.15018,38.74801],[-9.15025,38.74816]],[[-9.14921,38.7436],[-9.1496,38.74423],[-9.14962,38.74424],[-9.14969,38.74423],[-9.14996,38.7436],[-9.1499,38.74297],[-9.14962,38.74255],[-9.14929,38.74297],[-9.14921,38.7436]],[[-9.14774,38.74486],[-9.14835,38.74514],[-9.14898,38.74514],[-9.14944,38.74486],[-9.14906,38.74423],[-9.14898,38.74414],[-9.14835,38.74414],[-9.14821,38.74423],[-9.14774,38.74486]],[[-9.14696,38.74738],[-9.14709,38.74747],[-9.14772,38.74753],[-9.14794,38.74738],[-9.14824,38.74675],[-9.14772,38.74648],[-9.14711,38.74675],[-9.14709,38.74681],[-9.14696,38.74738]],[[-9.14646,38.74674],[-9.14638,38.74675],[-9.14646,38.74679],[-9.14647,38.74675],[-9.14646,38.74674]],[[-9.14583,38.74555],[-9.14584,38.74549],[-9.14583,38.74545],[-9.1452,38.74545],[-9.14518,38.74549],[-9.1452,38.74555],[-9.14583,38.74555]],[[-9.14457,38.74688],[-9.14489,38.74675],[-9.14457,38.74664],[-9.14394,38.74644],[-9.14374,38.74675],[-9.14394,38.74691],[-9.14457,38.74688]],[[-9.14394,38.74853],[-9.14377,38.74864],[-9.14394,38.74896],[-9.14411,38.74864],[-9.14394,38.74853]],[[-9.14252,38.74612],[-9.14268,38.74625],[-9.14331,38.74625],[-9.14353,38.74612],[-9.14338,38.74549],[-9.14331,38.74529],[-9.14268,38.74529],[-9.14263,38.74549],[-9.14252,38.74612]],[[-9.14205,38.74538],[-9.14184,38.74549],[-9.14205,38.74562],[-9.14214,38.74549],[-9.14205,38.74538]],[[-9.14142,38.75052],[-9.1413,38.75054],[-9.14142,38.7506],[-9.14151,38.75054],[-9.14142,38.75052]],[[-9.14079,38.74223],[-9.14073,38.74234],[-9.14079,38.74237],[-9.14081,38.74234],[-9.14079,38.74223]],[[-9.14015,38.74741],[-9.14018,38.74738],[-9.14015,38.74736],[-9.13952,38.74736],[-9.13946,38.74738],[-9.13952,38.74741],[-9.14015,38.74741]],[[-9.13574,38.74978],[-9.13557,38.7499],[-9.13574,38.75008],[-9.13586,38.7499],[-9.13574,38.74978]],[[-9.13889,38.74343],[-9.13878,38.7436],[-9.13889,38.7437],[-9.13905,38.7436],[-9.13889,38.74343]],[[-9.137,38.73761],[-9.13763,38.73761],[-9.13826,38.73731],[-9.13829,38.73729],[-9.13826,38.73725],[-9.13763,38.73697],[-9.137,38.73697],[-9.13674,38.73729],[-9.137,38.73761]],[[-9.13637,38.74292],[-9.13613,38.74297],[-9.13637,38.74306],[-9.13646,38.74297],[-9.13637,38.74292]],[[-9.13763,38.73975],[-9.137,38.73975],[-9.13637,38.73933],[-9.1359,38.73981],[-9.13574,38.74011],[-9.13555,38.74044],[-9.13574,38.7409],[-9.13593,38.74044],[-9.13637,38.74014],[-9.137,38.73997],[-9.13763,38.73997],[-9.13774,38.73981],[-9.13763,38.73975]],[[-9.13511,38.73896],[-9.13505,38.73918],[-9.13511,38.7394],[-9.13542,38.73918],[-9.13511,38.73896]],[[-9.13448,38.74115],[-9.13487,38.74107],[-9.13448,38.741],[-9.13385,38.741],[-9.13372,38.74107],[-9.13385,38.74115],[-9.13448,38.74115]],[[-9.13259,38.73137],[-9.13322,38.73142],[-9.13385,38.73155],[-9.13448,38.73146],[-9.13467,38.73161],[-9.13448,38.73173],[-9.13385,38.73166],[-9.1336,38.73224],[-9.13385,38.73253],[-9.13448,38.73253],[-9.13475,38.73287],[-9.13477,38.73351],[-9.13448,38.73384],[-9.13385,38.73384],[-9.13322,38.73379],[-9.13304,38.73414],[-9.13322,38.73436],[-9.13385,38.73457],[-9.13448,38.73457],[-9.13494,38.73414],[-9.13511,38.734],[-9.13574,38.73397],[-9.13608,38.73351],[-9.13578,38.73287],[-9.13574,38.73273],[-9.13548,38.73224],[-9.13546,38.73161],[-9.13511,38.73104],[-9.13506,38.73098],[-9.13448,38.73049],[-9.13385,38.73049],[-9.13322,38.73038],[-9.13316,38.73035],[-9.13264,38.72972],[-9.13259,38.72968],[-9.13196,38.72966],[-9.13135,38.72909],[-9.13132,38.72908],[-9.13069,38.72908],[-9.13065,38.72909],[-9.13006,38.72943],[-9.12992,38.72972],[-9.13006,38.72984],[-9.13069,38.73011],[-9.13132,38.73011],[-9.13196,38.72984],[-9.1323,38.73035],[-9.13244,38.73098],[-9.13259,38.73137]],[[-9.13322,38.73914],[-9.13319,38.73918],[-9.13322,38.73921],[-9.13324,38.73918],[-9.13322,38.73914]],[[-9.13259,38.73402],[-9.13245,38.73414],[-9.13259,38.73438],[-9.13264,38.73414],[-9.13259,38.73402]],[[-9.13196,38.73132],[-9.13185,38.73161],[-9.13196,38.73182],[-9.1321,38.73161],[-9.13196,38.73132]],[[-9.12921,38.73477],[-9.1288,38.73533],[-9.12817,38.73533],[-9.12814,38.7354],[-9.12754,38.73575],[-9.1273,38.73603],[-9.12691,38.73638],[-9.12672,38.73666],[-9.12628,38.73722],[-9.12619,38.73729],[-9.12628,38.73735],[-9.12691,38.73745],[-9.1275,38.73792],[-9.12754,38.73798],[-9.12786,38.73792],[-9.12817,38.73788],[-9.1288,38.73788],[-9.12896,38.73792],[-9.12943,38.73849],[-9.12961,38.73792],[-9.13006,38.7374],[-9.13024,38.73729],[-9.13006,38.7369],[-9.12996,38.73666],[-9.12943,38.7363],[-9.12885,38.73603],[-9.12943,38.73574],[-9.12958,38.7354],[-9.13006,38.73478],[-9.1301,38.73477],[-9.13026,38.73414],[-9.13056,38.73351],[-9.13069,38.7334],[-9.13132,38.7334],[-9.13177,38.73287],[-9.13132,38.73267],[-9.13069,38.73267],[-9.13036,38.73287],[-9.13006,38.73323],[-9.12943,38.73316],[-9.12899,38.73351],[-9.1288,38.73399],[-9.12817,38.73399],[-9.12754,38.73389],[-9.12734,38.73414],[-9.12754,38.73441],[-9.12817,38.73436],[-9.1288,38.73436],[-9.12921,38.73477]],[[-9.12565,38.7368],[-9.12577,38.73666],[-9.12565,38.73634],[-9.12502,38.73634],[-9.12485,38.73666],[-9.12502,38.7368],[-9.12565,38.7368]],[[-9.12439,38.73702],[-9.12419,38.73729],[-9.12439,38.7375],[-9.1247,38.73729],[-9.12439,38.73702]],[[-9.12376,38.73559],[-9.12379,38.7354],[-9.12411,38.73477],[-9.12376,38.73429],[-9.12339,38.73477],[-9.12368,38.7354],[-9.12376,38.73559]],[[-9.12123,38.73844],[-9.1212,38.73855],[-9.12123,38.73859],[-9.12126,38.73855],[-9.12123,38.73844]],[[-9.12313,38.73137],[-9.12355,38.73098],[-9.12318,38.73035],[-9.12313,38.73024],[-9.12249,38.73024],[-9.12235,38.73035],[-9.12186,38.73063],[-9.12158,38.73098],[-9.12186,38.73131],[-9.12249,38.73137],[-9.12313,38.73137]],[[-9.12186,38.73396],[-9.12167,38.73414],[-9.12186,38.73449],[-9.12214,38.73414],[-9.12186,38.73396]],[[-9.12123,38.72775],[-9.12103,38.72783],[-9.12123,38.72806],[-9.12172,38.72783],[-9.12123,38.72775]],[[-9.1206,38.73299],[-9.12075,38.73287],[-9.12062,38.73224],[-9.1206,38.73223],[-9.12055,38.73224],[-9.12049,38.73287],[-9.1206,38.73299]],[[-9.11871,38.72402],[-9.11869,38.72404],[-9.11871,38.72407],[-9.11872,38.72404],[-9.11871,38.72402]],[[-9.11745,38.724],[-9.11737,38.72404],[-9.11745,38.72407],[-9.11763,38.72404],[-9.11745,38.724]],[[-9.11682,38.72157],[-9.11685,38.72152],[-9.11682,38.72145],[-9.11619,38.72145],[-9.11613,38.72152],[-9.11619,38.72157],[-9.11682,38.72157]],[[-9.11556,38.7219],[-9.11525,38.72215],[-9.11556,38.72237],[-9.11587,38.72215],[-9.11556,38.7219]],[[-9.11303,38.72234],[-9.11266,38.72278],[-9.11303,38.72311],[-9.11331,38.72278],[-9.11303,38.72234]],[[-9.10988,38.72415],[-9.10962,38.72468],[-9.10988,38.72472],[-9.10995,38.72468],[-9.10988,38.72415]],[[-9.1061,38.7292],[-9.10585,38.72972],[-9.1061,38.72982],[-9.10631,38.72972],[-9.1061,38.7292]],[[-9.17674,38.7015],[-9.17695,38.70134],[-9.17687,38.70071],[-9.17674,38.70051],[-9.17648,38.70071],[-9.17663,38.70134],[-9.17674,38.7015]],[[-9.17611,38.70532],[-9.17594,38.70575],[-9.17611,38.70589],[-9.17626,38.70575],[-9.17611,38.70532]],[[-9.17548,38.70729],[-9.17579,38.70701],[-9.17548,38.70688],[-9.17484,38.70688],[-9.1747,38.70701],[-9.17484,38.70729],[-9.17548,38.70729]],[[-9.17358,38.70621],[-9.17332,38.70638],[-9.17358,38.70647],[-9.17387,38.70638],[-9.17358,38.70621]],[[-9.17295,38.70448],[-9.17289,38.70449],[-9.17295,38.70453],[-9.17297,38.70449],[-9.17295,38.70448]],[[-9.17047,38.71017],[-9.17043,38.71007],[-9.17032,38.71017],[-9.17032,38.7108],[-9.17043,38.71096],[-9.17048,38.71143],[-9.17043,38.71156],[-9.1698,38.71206],[-9.16991,38.71269],[-9.17043,38.71321],[-9.17106,38.71311],[-9.17135,38.71269],[-9.17158,38.71206],[-9.17169,38.71193],[-9.17232,38.71193],[-9.17274,38.71143],[-9.17232,38.71092],[-9.17169,38.71092],[-9.17106,38.71091],[-9.17051,38.7108],[-9.17047,38.71017]],[[-9.17043,38.71501],[-9.17065,38.71458],[-9.17073,38.71395],[-9.17043,38.71351],[-9.17023,38.71395],[-9.17013,38.71458],[-9.17043,38.71501]],[[-9.1698,38.71524],[-9.16996,38.71521],[-9.1698,38.71514],[-9.16917,38.71514],[-9.16885,38.71521],[-9.16917,38.71524],[-9.1698,38.71524]],[[-9.16854,38.71427],[-9.16881,38.71395],[-9.16881,38.71332],[-9.16854,38.71271],[-9.16829,38.71332],[-9.16829,38.71395],[-9.16854,38.71427]],[[-9.16728,38.71472],[-9.16753,38.71458],[-9.16771,38.71395],[-9.16728,38.71378],[-9.16699,38.71395],[-9.1671,38.71458],[-9.16728,38.71472]],[[-9.16665,38.71274],[-9.1667,38.71269],[-9.16665,38.71262],[-9.16601,38.71257],[-9.16595,38.71269],[-9.16601,38.71274],[-9.16665,38.71274]],[[-9.16475,38.71635],[-9.16469,38.71648],[-9.16475,38.71651],[-9.16482,38.71648],[-9.16475,38.71635]],[[-9.16475,38.7145],[-9.16519,38.71395],[-9.16519,38.71332],[-9.16475,38.713],[-9.16459,38.71332],[-9.16459,38.71395],[-9.16475,38.7145]],[[-9.16412,38.71406],[-9.16419,38.71395],[-9.16419,38.71332],[-9.16412,38.71297],[-9.16395,38.71332],[-9.16395,38.71395],[-9.16412,38.71406]],[[-9.16286,38.71105],[-9.16223,38.71129],[-9.16206,38.71143],[-9.16223,38.71152],[-9.1626,38.71206],[-9.16286,38.71233],[-9.16349,38.71233],[-9.16404,38.71206],[-9.16412,38.71192],[-9.16431,38.71143],[-9.16412,38.71126],[-9.16349,38.71105],[-9.16286,38.71105]],[[-9.16223,38.71439],[-9.16243,38.71395],[-9.16249,38.71332],[-9.16223,38.71304],[-9.16193,38.71332],[-9.162,38.71395],[-9.16223,38.71439]],[[-9.16034,38.71244],[-9.15971,38.71242],[-9.15956,38.71269],[-9.15971,38.7129],[-9.16034,38.71297],[-9.16097,38.71297],[-9.1616,38.71272],[-9.16163,38.71269],[-9.16175,38.71206],[-9.1616,38.7118],[-9.1615,38.71206],[-9.16097,38.71255],[-9.16034,38.71244]],[[-9.15908,38.71487],[-9.15878,38.71521],[-9.15908,38.71569],[-9.15961,38.71521],[-9.15908,38.71487]],[[-9.15845,38.71689],[-9.15837,38.71711],[-9.15845,38.71721],[-9.15889,38.71711],[-9.15845,38.71689]],[[-9.16097,38.72411],[-9.16103,38.72404],[-9.16097,38.72397],[-9.16034,38.72397],[-9.16027,38.72404],[-9.16034,38.72411],[-9.16097,38.72411]],[[-9.15845,38.72532],[-9.15846,38.72531],[-9.15852,38.72468],[-9.15845,38.72464],[-9.15782,38.72455],[-9.15718,38.72455],[-9.15683,38.72468],[-9.15718,38.72475],[-9.15782,38.72475],[-9.15844,38.72531],[-9.15845,38.72532]],[[-9.15655,38.72554],[-9.15718,38.72571],[-9.15782,38.72571],[-9.15799,38.72531],[-9.15782,38.72515],[-9.15718,38.72515],[-9.15655,38.72514],[-9.15636,38.72531],[-9.15655,38.72554]],[[-9.15513,38.72089],[-9.15529,38.72096],[-9.1559,38.72152],[-9.15529,38.72208],[-9.15527,38.72215],[-9.15529,38.72263],[-9.15592,38.72255],[-9.15615,38.72215],[-9.15603,38.72152],[-9.15616,38.72089],[-9.15592,38.72087],[-9.15529,38.72085],[-9.15513,38.72089]],[[-9.15529,38.7241],[-9.15535,38.72404],[-9.15543,38.72341],[-9.15529,38.72285],[-9.15517,38.72341],[-9.15524,38.72404],[-9.15529,38.7241]],[[-9.15466,38.72415],[-9.15467,38.72404],[-9.15466,38.72399],[-9.15403,38.72399],[-9.15401,38.72404],[-9.15403,38.72415],[-9.15466,38.72415]],[[-9.1534,38.72276],[-9.15336,38.72278],[-9.1534,38.72286],[-9.15352,38.72278],[-9.1534,38.72276]],[[-9.15151,38.7237],[-9.15214,38.72373],[-9.15277,38.72366],[-9.15303,38.72341],[-9.15277,38.72281],[-9.15214,38.72282],[-9.15151,38.72282],[-9.15121,38.72341],[-9.15151,38.7237]],[[-9.15214,38.72546],[-9.15228,38.72531],[-9.15214,38.72488],[-9.15151,38.72485],[-9.1511,38.72531],[-9.15151,38.72557],[-9.15214,38.72546]],[[-9.15088,38.72587],[-9.15083,38.72594],[-9.15088,38.72602],[-9.15107,38.72594],[-9.15088,38.72587]],[[-9.16097,38.73615],[-9.16104,38.73603],[-9.16097,38.73592],[-9.16034,38.73592],[-9.16026,38.73603],[-9.16034,38.73615],[-9.16097,38.73615]],[[-9.17232,38.73858],[-9.17235,38.73855],[-9.17232,38.73853],[-9.17169,38.73853],[-9.17165,38.73855],[-9.17169,38.73858],[-9.17232,38.73858]],[[-9.17043,38.74027],[-9.17014,38.74044],[-9.17043,38.74085],[-9.17086,38.74044],[-9.17043,38.74027]],[[-9.17295,38.74043],[-9.17294,38.74044],[-9.17295,38.74045],[-9.17299,38.74044],[-9.17295,38.74043]],[[-9.18178,38.74384],[-9.18127,38.74423],[-9.18178,38.74452],[-9.18219,38.74423],[-9.18178,38.74384]],[[-9.17737,38.74242],[-9.178,38.74242],[-9.17863,38.74235],[-9.17864,38.74234],[-9.17863,38.74233],[-9.178,38.74226],[-9.17737,38.74226],[-9.17726,38.74234],[-9.17737,38.74242]],[[-9.17611,38.74121],[-9.17628,38.74107],[-9.17665,38.74044],[-9.17611,38.74038],[-9.176,38.74044],[-9.17596,38.74107],[-9.17611,38.74121]],[[-9.17484,38.74243],[-9.17508,38.74234],[-9.17484,38.74211],[-9.17421,38.74213],[-9.17408,38.74234],[-9.17421,38.74243],[-9.17484,38.74243]],[[-9.1698,38.74165],[-9.16978,38.7417],[-9.1698,38.74174],[-9.17001,38.7417],[-9.1698,38.74165]],[[-9.16917,38.74109],[-9.16922,38.74107],[-9.16917,38.74105],[-9.16854,38.74105],[-9.16852,38.74107],[-9.16854,38.74109],[-9.16917,38.74109]],[[-9.16791,38.74042],[-9.16775,38.74044],[-9.16791,38.74047],[-9.16793,38.74044],[-9.16791,38.74042]],[[-9.16728,38.74277],[-9.16676,38.74297],[-9.16728,38.74348],[-9.16738,38.74297],[-9.16728,38.74277]],[[-9.16665,38.7437],[-9.16668,38.7436],[-9.16665,38.74356],[-9.16601,38.74356],[-9.16554,38.7436],[-9.16601,38.7437],[-9.16665,38.7437]],[[-9.16178,38.74297],[-9.16223,38.74341],[-9.16255,38.7436],[-9.16273,38.74423],[-9.16241,38.74486],[-9.16286,38.74534],[-9.16349,38.74534],[-9.16382,38.74486],[-9.16412,38.74444],[-9.16475,38.74435],[-9.16488,38.74423],[-9.16475,38.74366],[-9.16412,38.74394],[-9.16371,38.7436],[-9.16349,38.74328],[-9.16286,38.74328],[-9.16268,38.74297],[-9.16223,38.7428],[-9.16178,38.74297]],[[-9.16917,38.7504],[-9.16975,38.7499],[-9.1698,38.74959],[-9.16983,38.74927],[-9.1698,38.74924],[-9.16948,38.74927],[-9.16917,38.74933],[-9.16854,38.74933],[-9.1684,38.7499],[-9.16854,38.7504],[-9.16917,38.7504]],[[-9.16791,38.75047],[-9.16789,38.75054],[-9.16791,38.75056],[-9.16792,38.75054],[-9.16791,38.75047]],[[-9.16034,38.74265],[-9.16075,38.74234],[-9.16034,38.74205],[-9.15971,38.74205],[-9.15908,38.7422],[-9.15845,38.74186],[-9.1582,38.74234],[-9.15845,38.74258],[-9.15908,38.74243],[-9.15971,38.74265],[-9.16034,38.74265]],[[-9.15713,38.73981],[-9.15718,38.73989],[-9.15782,38.73989],[-9.15784,38.73981],[-9.15784,38.73918],[-9.15782,38.7391],[-9.15718,38.7391],[-9.15715,38.73918],[-9.15713,38.73981]],[[-9.15592,38.74243],[-9.15596,38.74234],[-9.15655,38.74171],[-9.15657,38.7417],[-9.15655,38.7416],[-9.15592,38.74123],[-9.15529,38.74154],[-9.15507,38.7417],[-9.15477,38.74234],[-9.15529,38.74266],[-9.15592,38.74243]],[[-9.15529,38.74379],[-9.15498,38.74423],[-9.15529,38.74441],[-9.15544,38.74423],[-9.15529,38.74379]],[[-9.15466,38.73873],[-9.1549,38.73855],[-9.15466,38.73835],[-9.15403,38.73835],[-9.1539,38.73855],[-9.15403,38.73873],[-9.15466,38.73873]],[[-9.15277,38.73847],[-9.15303,38.73792],[-9.15308,38.73729],[-9.15277,38.73725],[-9.15261,38.73729],[-9.15214,38.73736],[-9.15151,38.73736],[-9.15122,38.73792],[-9.15151,38.73809],[-9.15214,38.73809],[-9.15277,38.73847]],[[-9.15214,38.73868],[-9.15229,38.73855],[-9.15214,38.73844],[-9.15151,38.73844],[-9.15141,38.73855],[-9.15151,38.73868],[-9.15214,38.73868]],[[-9.15151,38.74503],[-9.15214,38.74503],[-9.15277,38.74491],[-9.15279,38.74486],[-9.15277,38.74482],[-9.15214,38.74464],[-9.15151,38.74464],[-9.15134,38.74486],[-9.15151,38.74503]],[[-9.14898,38.74194],[-9.1491,38.7417],[-9.14898,38.74113],[-9.14835,38.74113],[-9.14828,38.7417],[-9.14835,38.74194],[-9.14898,38.74194]],[[-9.14772,38.74359],[-9.14757,38.7436],[-9.14772,38.74362],[-9.14774,38.7436],[-9.14772,38.74359]],[[-9.14646,38.74264],[-9.14678,38.74297],[-9.14709,38.74353],[-9.14723,38.74297],[-9.14737,38.74234],[-9.14709,38.74229],[-9.14646,38.74218],[-9.14608,38.74234],[-9.14646,38.74264]],[[-9.14646,38.74621],[-9.14664,38.74612],[-9.14697,38.74549],[-9.14646,38.74518],[-9.14617,38.74549],[-9.14635,38.74612],[-9.14646,38.74621]],[[-9.14583,38.74379],[-9.14591,38.7436],[-9.14583,38.74355],[-9.1452,38.74355],[-9.14514,38.7436],[-9.1452,38.74379],[-9.14583,38.74379]],[[-9.14457,38.74474],[-9.14427,38.74486],[-9.14457,38.74517],[-9.14478,38.74486],[-9.14457,38.74474]],[[-9.14142,38.7426],[-9.14188,38.74297],[-9.14205,38.74312],[-9.1423,38.74297],[-9.14205,38.7424],[-9.14202,38.74234],[-9.14142,38.74219],[-9.14125,38.74234],[-9.14142,38.7426]],[[-9.14142,38.74956],[-9.14093,38.7499],[-9.14142,38.75023],[-9.14178,38.7499],[-9.14142,38.74956]],[[-9.14079,38.74036],[-9.14077,38.74044],[-9.14079,38.74046],[-9.1408,38.74044],[-9.14079,38.74036]],[[-9.13938,38.74612],[-9.13952,38.74627],[-9.14015,38.74627],[-9.14043,38.74612],[-9.14043,38.74549],[-9.14015,38.74537],[-9.13952,38.74537],[-9.13938,38.74549],[-9.13938,38.74612]],[[-9.13889,38.7409],[-9.13863,38.74107],[-9.13889,38.74122],[-9.13909,38.74107],[-9.13889,38.7409]],[[-9.13574,38.73801],[-9.13592,38.73792],[-9.13615,38.73729],[-9.13574,38.73709],[-9.13551,38.73729],[-9.13566,38.73792],[-9.13574,38.73801]],[[-9.13574,38.73071],[-9.13603,38.73035],[-9.13598,38.72972],[-9.13577,38.72909],[-9.13574,38.72903],[-9.13511,38.72899],[-9.13509,38.72909],[-9.13511,38.72925],[-9.1353,38.72972],[-9.13553,38.73035],[-9.13574,38.73071]],[[-9.13259,38.72636],[-9.13244,38.72657],[-9.1322,38.7272],[-9.13259,38.72765],[-9.13322,38.72729],[-9.13385,38.72745],[-9.13448,38.72745],[-9.13498,38.7272],[-9.13448,38.72694],[-9.13385,38.72694],[-9.13322,38.72708],[-9.13278,38.72657],[-9.13259,38.72636]],[[-9.13196,38.72346],[-9.13202,38.72341],[-9.13196,38.72326],[-9.13132,38.72326],[-9.13124,38.72341],[-9.13132,38.72346],[-9.13196,38.72346]],[[-9.13061,38.72846],[-9.13069,38.72859],[-9.13132,38.72859],[-9.13167,38.72846],[-9.13135,38.72783],[-9.13132,38.72781],[-9.13069,38.72781],[-9.13068,38.72783],[-9.13061,38.72846]],[[-9.13322,38.7323],[-9.13324,38.73224],[-9.13322,38.7322],[-9.13259,38.73201],[-9.13228,38.73224],[-9.13259,38.73248],[-9.13322,38.7323]],[[-9.13053,38.73224],[-9.13069,38.7324],[-9.13132,38.7324],[-9.13168,38.73224],[-9.13143,38.73161],[-9.13132,38.73148],[-9.13069,38.73148],[-9.13045,38.73161],[-9.13053,38.73224]],[[-9.13006,38.7319],[-9.12958,38.73224],[-9.13006,38.73257],[-9.13026,38.73224],[-9.13006,38.7319]],[[-9.12817,38.73101],[-9.1288,38.73101],[-9.12943,38.73125],[-9.12946,38.73098],[-9.12943,38.73096],[-9.1288,38.73082],[-9.12817,38.73082],[-9.12814,38.73098],[-9.12817,38.73101]],[[-9.1288,38.73289],[-9.12884,38.73287],[-9.1288,38.73287],[-9.12817,38.73287],[-9.12808,38.73287],[-9.12817,38.73289],[-9.1288,38.73289]],[[-9.12691,38.73456],[-9.12655,38.73477],[-9.12691,38.73498],[-9.12709,38.73477],[-9.12691,38.73456]],[[-9.12565,38.73546],[-9.12596,38.7354],[-9.12565,38.73538],[-9.12502,38.73538],[-9.12501,38.7354],[-9.12502,38.73546],[-9.12565,38.73546]],[[-9.12439,38.73506],[-9.12418,38.7354],[-9.12439,38.73564],[-9.1246,38.7354],[-9.12439,38.73506]],[[-9.12313,38.72948],[-9.12367,38.72909],[-9.12313,38.72875],[-9.12249,38.72875],[-9.12195,38.72846],[-9.12186,38.72804],[-9.1217,38.72846],[-9.12186,38.72875],[-9.12195,38.72909],[-9.12249,38.72948],[-9.12313,38.72948]],[[-9.1213,38.73287],[-9.1213,38.73351],[-9.12186,38.73366],[-9.12234,38.73351],[-9.12234,38.73287],[-9.12217,38.73224],[-9.12186,38.73189],[-9.12151,38.73224],[-9.1213,38.73287]],[[-9.12123,38.72736],[-9.12143,38.7272],[-9.12129,38.72657],[-9.12123,38.72625],[-9.12107,38.72657],[-9.12076,38.7272],[-9.12123,38.72736]],[[-9.11934,38.73166],[-9.11997,38.73166],[-9.1206,38.73167],[-9.12071,38.73161],[-9.1206,38.73155],[-9.11997,38.73158],[-9.11934,38.73158],[-9.11917,38.73161],[-9.11934,38.73166]],[[-9.11745,38.72343],[-9.11749,38.72341],[-9.11781,38.72278],[-9.11745,38.72259],[-9.1172,38.72278],[-9.11742,38.72341],[-9.11745,38.72343]],[[-9.17611,38.70246],[-9.17592,38.7026],[-9.17611,38.7027],[-9.17628,38.7026],[-9.17611,38.70246]],[[-9.17421,38.70532],[-9.17484,38.70529],[-9.17548,38.70529],[-9.17556,38.70512],[-9.17548,38.70503],[-9.17484,38.70503],[-9.17421,38.70499],[-9.17404,38.70512],[-9.17421,38.70532]],[[-9.17232,38.70593],[-9.17169,38.70593],[-9.17106,38.70602],[-9.17088,38.70575],[-9.17106,38.70551],[-9.17145,38.70512],[-9.17106,38.70482],[-9.17075,38.70512],[-9.17043,38.70538],[-9.17009,38.70575],[-9.1698,38.70623],[-9.16917,38.70623],[-9.16872,38.70638],[-9.16917,38.70664],[-9.1698,38.70664],[-9.17043,38.7067],[-9.17078,38.70701],[-9.17078,38.70765],[-9.17106,38.70791],[-9.1714,38.70765],[-9.17132,38.70701],[-9.17169,38.70674],[-9.17232,38.70674],[-9.17283,38.70638],[-9.17232,38.70593]],[[-9.16728,38.70988],[-9.16718,38.71017],[-9.16728,38.71025],[-9.16765,38.71017],[-9.16791,38.71005],[-9.1684,38.70954],[-9.16791,38.70923],[-9.16745,38.70954],[-9.16728,38.70988]],[[-9.1659,38.71143],[-9.16601,38.71158],[-9.16665,38.71152],[-9.1667,38.71143],[-9.16665,38.71128],[-9.1661,38.7108],[-9.16601,38.71077],[-9.16576,38.7108],[-9.1659,38.71143]],[[-9.16538,38.70462],[-9.16548,38.70449],[-9.16538,38.7043],[-9.16475,38.70421],[-9.16412,38.70401],[-9.16349,38.70401],[-9.16311,38.70449],[-9.16349,38.70492],[-9.16412,38.70492],[-9.16475,38.70462],[-9.16538,38.70462]],[[-9.16475,38.71055],[-9.16456,38.7108],[-9.16475,38.71101],[-9.16526,38.7108],[-9.16475,38.71055]],[[-9.16286,38.70943],[-9.16282,38.70954],[-9.16286,38.70956],[-9.16307,38.70954],[-9.16286,38.70943]],[[-9.16097,38.71204],[-9.16095,38.71206],[-9.16097,38.71207],[-9.16098,38.71206],[-9.16097,38.71204]],[[-9.15908,38.71063],[-9.15887,38.7108],[-9.15908,38.71119],[-9.15954,38.7108],[-9.15908,38.71063]],[[-9.15845,38.71437],[-9.15801,38.71458],[-9.15845,38.71482],[-9.15872,38.71458],[-9.15845,38.71437]],[[-9.16097,38.72316],[-9.1614,38.72278],[-9.16097,38.72241],[-9.16034,38.72241],[-9.1601,38.72278],[-9.16034,38.72316],[-9.16097,38.72316]],[[-9.15845,38.72438],[-9.159,38.72404],[-9.15898,38.72341],[-9.15845,38.72298],[-9.15804,38.72341],[-9.15792,38.72404],[-9.15845,38.72438]],[[-9.15782,38.72294],[-9.15795,38.72278],[-9.15782,38.72268],[-9.15718,38.72268],[-9.15712,38.72278],[-9.15718,38.72294],[-9.15782,38.72294]],[[-9.15655,38.72294],[-9.15667,38.72278],[-9.15685,38.72215],[-9.15655,38.72201],[-9.15647,38.72215],[-9.15636,38.72278],[-9.15655,38.72294]],[[-9.15592,38.71987],[-9.15544,38.72026],[-9.15592,38.72051],[-9.15621,38.72026],[-9.15592,38.71987]],[[-9.15529,38.71895],[-9.15526,38.719],[-9.15529,38.71907],[-9.15577,38.719],[-9.15529,38.71895]],[[-9.15466,38.72235],[-9.15481,38.72215],[-9.1548,38.72152],[-9.15466,38.72143],[-9.15403,38.72143],[-9.15396,38.72152],[-9.1534,38.72191],[-9.15309,38.72215],[-9.1534,38.72241],[-9.15403,38.72235],[-9.15466,38.72235]],[[-9.1534,38.72064],[-9.15305,38.72026],[-9.15301,38.71963],[-9.15277,38.71941],[-9.15214,38.71957],[-9.15151,38.71957],[-9.15142,38.71963],[-9.15151,38.72012],[-9.15214,38.72013],[-9.15223,38.72026],[-9.15277,38.72089],[-9.15214,38.72107],[-9.15151,38.72114],[-9.15088,38.72144],[-9.15078,38.72152],[-9.15088,38.7216],[-9.15136,38.72215],[-9.15151,38.72227],[-9.15214,38.72227],[-9.15245,38.72215],[-9.15277,38.72187],[-9.1534,38.72159],[-9.15349,38.72152],[-9.15373,38.72089],[-9.1534,38.72064]],[[-9.17043,38.73991],[-9.17069,38.73981],[-9.17069,38.73918],[-9.17043,38.739],[-9.17033,38.73918],[-9.17027,38.73981],[-9.17043,38.73991]],[[-9.15834,38.73981],[-9.15845,38.73994],[-9.15908,38.73986],[-9.15911,38.73981],[-9.15908,38.73972],[-9.15872,38.73918],[-9.15845,38.73884],[-9.15832,38.73918],[-9.15834,38.73981]],[[-9.15845,38.74053],[-9.15821,38.74107],[-9.15845,38.74159],[-9.15899,38.74107],[-9.15845,38.74053]],[[-9.15592,38.73889],[-9.15584,38.73918],[-9.15592,38.73953],[-9.15642,38.73918],[-9.15592,38.73889]],[[-9.15529,38.74098],[-9.15525,38.74107],[-9.15529,38.74112],[-9.15535,38.74107],[-9.15529,38.74098]],[[-9.15214,38.74391],[-9.15275,38.7436],[-9.15214,38.74327],[-9.15151,38.74327],[-9.15125,38.7436],[-9.15151,38.74391],[-9.15214,38.74391]],[[-9.14802,38.73855],[-9.14786,38.73918],[-9.14772,38.73973],[-9.1477,38.73981],[-9.14772,38.73982],[-9.14835,38.74023],[-9.14898,38.74023],[-9.14936,38.73981],[-9.14934,38.73918],[-9.14938,38.73855],[-9.14962,38.73841],[-9.1502,38.73792],[-9.14993,38.73729],[-9.15025,38.73685],[-9.15048,38.73666],[-9.15088,38.73645],[-9.15119,38.73666],[-9.15151,38.73718],[-9.15214,38.73718],[-9.15245,38.73666],[-9.15214,38.73626],[-9.15151,38.73626],[-9.15137,38.73603],[-9.15088,38.73564],[-9.15045,38.73603],[-9.15025,38.73642],[-9.14962,38.73652],[-9.14946,38.73666],[-9.14898,38.73686],[-9.14835,38.73686],[-9.14802,38.73729],[-9.14835,38.73766],[-9.14898,38.73766],[-9.14914,38.73792],[-9.14898,38.73818],[-9.14835,38.73818],[-9.14802,38.73855]],[[-9.14772,38.74265],[-9.1475,38.74297],[-9.14772,38.74325],[-9.1481,38.74297],[-9.14772,38.74265]],[[-9.14646,38.74392],[-9.146,38.74423],[-9.14646,38.74477],[-9.14672,38.74423],[-9.14646,38.74392]],[[-9.14331,38.74423],[-9.14394,38.74434],[-9.14457,38.74441],[-9.14507,38.74423],[-9.14457,38.74391],[-9.14427,38.7436],[-9.14394,38.74323],[-9.14345,38.7436],[-9.14331,38.74423]],[[-9.14143,38.73918],[-9.14203,38.73981],[-9.14155,38.74044],[-9.14142,38.74062],[-9.14099,38.74107],[-9.14115,38.7417],[-9.14142,38.74179],[-9.14159,38.7417],[-9.1419,38.74107],[-9.14205,38.74097],[-9.14268,38.7406],[-9.14331,38.7406],[-9.14394,38.74072],[-9.14404,38.74107],[-9.14457,38.74166],[-9.1452,38.74131],[-9.14583,38.74131],[-9.14585,38.74107],[-9.14583,38.74104],[-9.1452,38.74104],[-9.14483,38.74044],[-9.14457,38.74007],[-9.14394,38.74017],[-9.14366,38.73981],[-9.14366,38.73918],[-9.14331,38.73906],[-9.14268,38.73906],[-9.14205,38.73878],[-9.1417,38.73855],[-9.14169,38.73792],[-9.14142,38.73765],[-9.14079,38.7375],[-9.14056,38.73792],[-9.14079,38.73836],[-9.14097,38.73855],[-9.14142,38.73916],[-9.14143,38.73918]],[[-9.14015,38.74033],[-9.14037,38.73981],[-9.14015,38.73943],[-9.13952,38.73943],[-9.13929,38.73981],[-9.13952,38.74033],[-9.14015,38.74033]],[[-9.13889,38.73827],[-9.13839,38.73855],[-9.13889,38.73888],[-9.1392,38.73855],[-9.13889,38.73827]],[[-9.13511,38.72736],[-9.13489,38.72783],[-9.13511,38.7283],[-9.1355,38.72783],[-9.13511,38.72736]],[[-9.13322,38.7249],[-9.13265,38.72531],[-9.13322,38.72562],[-9.1336,38.72531],[-9.13322,38.7249]],[[-9.13259,38.72224],[-9.13277,38.72215],[-9.13269,38.72152],[-9.13259,38.72149],[-9.13248,38.72152],[-9.13237,38.72215],[-9.13259,38.72224]],[[-9.13069,38.72104],[-9.13093,38.72089],[-9.13115,38.72026],[-9.13069,38.72003],[-9.13012,38.71963],[-9.13006,38.71957],[-9.13,38.71963],[-9.12983,38.72026],[-9.13004,38.72089],[-9.13006,38.72091],[-9.13069,38.72104]],[[-9.13006,38.73087],[-9.12995,38.73098],[-9.13006,38.7312],[-9.13018,38.73098],[-9.13006,38.73087]],[[-9.12943,38.73001],[-9.1291,38.73035],[-9.12943,38.73065],[-9.12974,38.73035],[-9.12943,38.73001]],[[-9.1288,38.72981],[-9.1289,38.72972],[-9.1288,38.7296],[-9.12817,38.7296],[-9.12803,38.72972],[-9.12817,38.72981],[-9.1288,38.72981]],[[-9.12754,38.73226],[-9.12817,38.73245],[-9.1288,38.73245],[-9.12924,38.73224],[-9.1288,38.73206],[-9.12817,38.73206],[-9.12754,38.73217],[-9.1275,38.73224],[-9.12754,38.73226]],[[-9.12502,38.73034],[-9.12496,38.73035],[-9.12502,38.73042],[-9.12565,38.73042],[-9.12589,38.73098],[-9.12628,38.73144],[-9.12691,38.7313],[-9.12703,38.73098],[-9.12691,38.73086],[-9.12631,38.73035],[-9.12628,38.73027],[-9.12565,38.73034],[-9.12502,38.73034]],[[-9.12439,38.73236],[-9.12452,38.73224],[-9.12439,38.73205],[-9.12376,38.73193],[-9.1236,38.73224],[-9.12376,38.73245],[-9.12439,38.73236]],[[-9.12123,38.72512],[-9.12119,38.72531],[-9.12123,38.72535],[-9.12128,38.72531],[-9.12123,38.72512]],[[-9.11934,38.72839],[-9.11927,38.72846],[-9.11909,38.72909],[-9.11931,38.72972],[-9.11893,38.73035],[-9.11934,38.73051],[-9.11997,38.73051],[-9.12016,38.73035],[-9.12,38.72972],[-9.12057,38.72909],[-9.12009,38.72846],[-9.11997,38.72839],[-9.11934,38.72839]],[[-9.11745,38.72148],[-9.11743,38.72152],[-9.11745,38.72157],[-9.11763,38.72152],[-9.11745,38.72148]],[[-9.17548,38.70412],[-9.17601,38.70386],[-9.17548,38.70357],[-9.17484,38.70357],[-9.17454,38.70386],[-9.17484,38.70412],[-9.17548,38.70412]],[[-9.17421,38.70452],[-9.1744,38.70449],[-9.17421,38.70441],[-9.17358,38.70433],[-9.17344,38.70449],[-9.17358,38.70484],[-9.17421,38.70452]],[[-9.16791,38.70817],[-9.16763,38.70828],[-9.16791,38.70839],[-9.16808,38.70828],[-9.16791,38.70817]],[[-9.16728,38.70503],[-9.16708,38.70512],[-9.16728,38.70529],[-9.1675,38.70512],[-9.16728,38.70503]],[[-9.16665,38.70716],[-9.16679,38.70701],[-9.16665,38.70686],[-9.16601,38.70686],[-9.16586,38.70701],[-9.16601,38.70716],[-9.16665,38.70716]],[[-9.16286,38.70615],[-9.16236,38.70638],[-9.16286,38.70658],[-9.16328,38.70638],[-9.16286,38.70615]],[[-9.15845,38.71329],[-9.15843,38.71332],[-9.15845,38.71336],[-9.15847,38.71332],[-9.15845,38.71329]],[[-9.15718,38.72045],[-9.15782,38.72045],[-9.15845,38.72034],[-9.15846,38.72026],[-9.15845,38.72025],[-9.15782,38.72015],[-9.15718,38.72015],[-9.157,38.72026],[-9.15718,38.72045]],[[-9.15782,38.72181],[-9.15797,38.72152],[-9.15782,38.72138],[-9.15718,38.72138],[-9.15704,38.72152],[-9.15718,38.72181],[-9.15782,38.72181]],[[-9.15655,38.71803],[-9.15691,38.71774],[-9.15718,38.71713],[-9.15782,38.71713],[-9.15783,38.71711],[-9.15782,38.71709],[-9.15718,38.71709],[-9.15655,38.71677],[-9.15619,38.71711],[-9.15612,38.71774],[-9.15655,38.71803]],[[-9.15529,38.71656],[-9.15549,38.71648],[-9.15529,38.71637],[-9.15466,38.71637],[-9.15408,38.71584],[-9.15403,38.71578],[-9.154,38.71584],[-9.15367,38.71648],[-9.15403,38.71674],[-9.15466,38.71656],[-9.15529,38.71656]],[[-9.15466,38.71919],[-9.15477,38.719],[-9.15466,38.71879],[-9.15403,38.71888],[-9.1536,38.719],[-9.15403,38.7191],[-9.15466,38.71919]],[[-9.15403,38.71956],[-9.15393,38.71963],[-9.15403,38.71972],[-9.15417,38.71963],[-9.15403,38.71956]],[[-9.1534,38.71568],[-9.15295,38.71584],[-9.1534,38.71594],[-9.15345,38.71584],[-9.1534,38.71568]],[[-9.15277,38.7182],[-9.15241,38.71837],[-9.15277,38.71863],[-9.15313,38.71837],[-9.15277,38.7182]],[[-9.15214,38.71918],[-9.15239,38.719],[-9.15214,38.71865],[-9.15151,38.71865],[-9.15127,38.719],[-9.15151,38.71918],[-9.15214,38.71918]],[[-9.15908,38.7369],[-9.1588,38.73729],[-9.15908,38.73761],[-9.15932,38.73729],[-9.15908,38.7369]],[[-9.15403,38.73645],[-9.15345,38.73666],[-9.15342,38.73729],[-9.15403,38.73766],[-9.15466,38.73766],[-9.15529,38.73771],[-9.15592,38.73778],[-9.15626,38.73729],[-9.15592,38.7371],[-9.15545,38.73666],[-9.15529,38.73636],[-9.15466,38.73645],[-9.15403,38.73645]],[[-9.14962,38.7346],[-9.14948,38.73477],[-9.14962,38.73495],[-9.15,38.73477],[-9.14962,38.7346]],[[-9.14772,38.73475],[-9.14771,38.73477],[-9.14725,38.7354],[-9.14735,38.73603],[-9.14772,38.73639],[-9.14835,38.73609],[-9.14898,38.73609],[-9.14904,38.73603],[-9.14898,38.73601],[-9.14835,38.73601],[-9.14802,38.7354],[-9.14774,38.73477],[-9.14772,38.73475]],[[-9.14772,38.74139],[-9.14709,38.74122],[-9.14694,38.74107],[-9.14709,38.74073],[-9.14719,38.74044],[-9.14709,38.74027],[-9.14693,38.74044],[-9.14646,38.74071],[-9.14621,38.74107],[-9.14626,38.7417],[-9.14646,38.74185],[-9.14709,38.74194],[-9.14772,38.74197],[-9.14793,38.7417],[-9.14772,38.74139]],[[-9.14457,38.74267],[-9.14444,38.74297],[-9.14457,38.74311],[-9.14477,38.74297],[-9.14457,38.74267]],[[-9.14268,38.74161],[-9.14256,38.7417],[-9.14268,38.74185],[-9.14286,38.7417],[-9.14268,38.74161]],[[-9.14608,38.73981],[-9.14609,38.73918],[-9.14583,38.73887],[-9.1452,38.73887],[-9.14483,38.73855],[-9.14457,38.73818],[-9.14406,38.73855],[-9.14457,38.73892],[-9.14477,38.73918],[-9.1449,38.73981],[-9.14516,38.74044],[-9.1452,38.74052],[-9.14583,38.74052],[-9.14597,38.74044],[-9.14608,38.73981]],[[-9.14394,38.73767],[-9.14439,38.73729],[-9.14394,38.737],[-9.14331,38.73704],[-9.14268,38.73704],[-9.14205,38.73705],[-9.14161,38.73729],[-9.14205,38.73773],[-9.14268,38.7379],[-9.14331,38.7379],[-9.14394,38.73767]],[[-9.14157,38.7354],[-9.14173,38.73477],[-9.14142,38.73474],[-9.14141,38.73477],[-9.14079,38.73532],[-9.14015,38.73526],[-9.13952,38.73526],[-9.13948,38.7354],[-9.13946,38.73603],[-9.13952,38.73607],[-9.14015,38.73607],[-9.14079,38.7362],[-9.14142,38.73631],[-9.14151,38.73603],[-9.14157,38.7354]],[[-9.13889,38.73795],[-9.13952,38.73816],[-9.14015,38.73816],[-9.14018,38.73792],[-9.14015,38.73784],[-9.13952,38.73784],[-9.13889,38.73783],[-9.13878,38.73792],[-9.13889,38.73795]],[[-9.13331,38.71711],[-9.13322,38.71683],[-9.1327,38.71711],[-9.13259,38.71742],[-9.13254,38.71774],[-9.13196,38.71823],[-9.13132,38.71823],[-9.13098,38.71837],[-9.13132,38.71895],[-9.13196,38.71895],[-9.13208,38.719],[-9.13196,38.71906],[-9.13132,38.71906],[-9.13069,38.7194],[-9.13064,38.71963],[-9.13069,38.71967],[-9.13132,38.71975],[-9.13196,38.71975],[-9.13259,38.71965],[-9.1326,38.71963],[-9.13282,38.719],[-9.13264,38.71837],[-9.1329,38.71774],[-9.13322,38.71762],[-9.13331,38.71711]],[[-9.12943,38.729],[-9.12917,38.72909],[-9.12943,38.72945],[-9.12961,38.72909],[-9.12943,38.729]],[[-9.1288,38.73169],[-9.12892,38.73161],[-9.1288,38.7315],[-9.12817,38.7315],[-9.12804,38.73161],[-9.12817,38.73169],[-9.1288,38.73169]],[[-9.12754,38.73086],[-9.1275,38.73098],[-9.12754,38.73104],[-9.12758,38.73098],[-9.12754,38.73086]],[[-9.12691,38.73026],[-9.12688,38.73035],[-9.12691,38.73038],[-9.127,38.73035],[-9.12691,38.73026]],[[-9.12439,38.72899],[-9.12416,38.72909],[-9.12439,38.72932],[-9.1246,38.72909],[-9.12439,38.72899]],[[-9.12376,38.73033],[-9.12374,38.73035],[-9.12376,38.73037],[-9.12377,38.73035],[-9.12376,38.73033]],[[-9.11997,38.72724],[-9.12011,38.7272],[-9.11997,38.72717],[-9.11934,38.72717],[-9.1193,38.7272],[-9.11934,38.72724],[-9.11997,38.72724]],[[-9.11745,38.71899],[-9.11743,38.719],[-9.11745,38.71902],[-9.11746,38.719],[-9.11745,38.71899]],[[-9.17421,38.70297],[-9.17413,38.70323],[-9.17421,38.70337],[-9.17435,38.70323],[-9.17421,38.70297]],[[-9.15845,38.71033],[-9.15862,38.71017],[-9.15868,38.70954],[-9.15845,38.70927],[-9.15813,38.70954],[-9.15787,38.71017],[-9.15845,38.71033]],[[-9.15782,38.71152],[-9.15813,38.71143],[-9.15782,38.71137],[-9.15718,38.71137],[-9.15709,38.71143],[-9.15718,38.71152],[-9.15782,38.71152]],[[-9.15655,38.71481],[-9.15702,38.71458],[-9.15655,38.71414],[-9.15592,38.71427],[-9.15529,38.71447],[-9.15466,38.71447],[-9.15461,38.71458],[-9.15466,38.71469],[-9.15529,38.71469],[-9.15592,38.7147],[-9.15655,38.71481]],[[-9.15403,38.71478],[-9.15413,38.71458],[-9.15403,38.71435],[-9.1534,38.71425],[-9.1532,38.71458],[-9.1534,38.7147],[-9.15403,38.71478]],[[-9.15466,38.71796],[-9.15522,38.71774],[-9.15466,38.71757],[-9.15403,38.71742],[-9.15375,38.71774],[-9.15403,38.71835],[-9.15466,38.71796]],[[-9.15277,38.71726],[-9.1526,38.71774],[-9.15277,38.71788],[-9.15337,38.71774],[-9.15277,38.71726]],[[-9.15214,38.71794],[-9.15221,38.71774],[-9.15214,38.71761],[-9.15151,38.71761],[-9.15094,38.71774],[-9.15151,38.71794],[-9.15214,38.71794]],[[-9.15592,38.7365],[-9.15578,38.73666],[-9.15592,38.73679],[-9.15614,38.73666],[-9.15592,38.7365]],[[-9.14962,38.73387],[-9.14992,38.73351],[-9.14992,38.73287],[-9.14962,38.73245],[-9.14898,38.73278],[-9.14835,38.73278],[-9.14829,38.73287],[-9.14835,38.73311],[-9.14898,38.73311],[-9.14905,38.73351],[-9.14962,38.73387]],[[-9.14772,38.72865],[-9.14765,38.72846],[-9.14709,38.72794],[-9.14646,38.72814],[-9.14583,38.72814],[-9.14539,38.72846],[-9.1452,38.72865],[-9.14495,38.72909],[-9.14504,38.72972],[-9.1452,38.73004],[-9.14561,38.72972],[-9.14564,38.72909],[-9.14583,38.7289],[-9.14646,38.7289],[-9.14665,38.72909],[-9.14657,38.72972],[-9.14663,38.73035],[-9.14709,38.7306],[-9.14772,38.73037],[-9.14783,38.73035],[-9.14772,38.73033],[-9.14737,38.72972],[-9.14772,38.72921],[-9.14781,38.72909],[-9.14772,38.72865]],[[-9.14772,38.74043],[-9.14771,38.74044],[-9.14772,38.74047],[-9.14774,38.74044],[-9.14772,38.74043]],[[-9.14709,38.73784],[-9.14702,38.73792],[-9.14709,38.73804],[-9.14732,38.73792],[-9.14709,38.73784]],[[-9.14646,38.73526],[-9.14629,38.7354],[-9.14646,38.73558],[-9.14678,38.7354],[-9.14646,38.73526]],[[-9.14457,38.73652],[-9.14439,38.73666],[-9.14457,38.73701],[-9.14479,38.73666],[-9.14457,38.73652]],[[-9.14394,38.73595],[-9.14389,38.73603],[-9.14394,38.73605],[-9.14395,38.73603],[-9.14394,38.73595]],[[-9.14205,38.73368],[-9.14179,38.73414],[-9.14205,38.73474],[-9.14235,38.73414],[-9.14205,38.73368]],[[-9.14142,38.73211],[-9.14133,38.73224],[-9.14142,38.73235],[-9.14152,38.73224],[-9.14142,38.73211]],[[-9.14079,38.73462],[-9.14054,38.73477],[-9.14079,38.73487],[-9.1409,38.73477],[-9.14079,38.73462]],[[-9.13889,38.7343],[-9.13952,38.73415],[-9.14015,38.73415],[-9.14019,38.73414],[-9.14015,38.73412],[-9.13952,38.73412],[-9.13889,38.73377],[-9.13856,38.73414],[-9.13889,38.7343]],[[-9.13889,38.73683],[-9.13952,38.73706],[-9.14015,38.73706],[-9.14057,38.73666],[-9.14015,38.73637],[-9.13952,38.73637],[-9.13896,38.73603],[-9.13921,38.7354],[-9.13889,38.73483],[-9.13876,38.73477],[-9.13826,38.73451],[-9.13782,38.73477],[-9.13773,38.7354],[-9.13763,38.73555],[-9.137,38.73555],[-9.13689,38.7354],[-9.13691,38.73477],[-9.13637,38.73426],[-9.13574,38.73426],[-9.13542,38.73477],[-9.13511,38.73531],[-9.13498,38.7354],[-9.13472,38.73603],[-9.13511,38.73641],[-9.13574,38.73642],[-9.13584,38.73603],[-9.13637,38.73582],[-9.13663,38.73603],[-9.137,38.73638],[-9.13763,38.73638],[-9.13826,38.73647],[-9.13869,38.73666],[-9.13889,38.73683]],[[-9.12754,38.725],[-9.12725,38.72468],[-9.12691,38.72428],[-9.12628,38.72458],[-9.12568,38.72404],[-9.12565,38.72393],[-9.12502,38.72393],[-9.12462,38.72404],[-9.12439,38.72409],[-9.12407,38.72404],[-9.12376,38.72399],[-9.12313,38.72395],[-9.12249,38.72395],[-9.12186,38.72404],[-9.12178,38.72404],[-9.12186,38.72406],[-9.12249,38.72463],[-9.12313,38.72463],[-9.12315,38.72468],[-9.12335,38.72531],[-9.12313,38.72555],[-9.12249,38.72555],[-9.12219,38.72594],[-9.12201,38.72657],[-9.12249,38.72684],[-9.12313,38.72684],[-9.12334,38.72657],[-9.12363,38.72594],[-9.12376,38.72582],[-9.12389,38.72594],[-9.12397,38.72657],[-9.12376,38.7269],[-9.1234,38.7272],[-9.12362,38.72783],[-9.12376,38.72799],[-9.12394,38.72783],[-9.12439,38.72758],[-9.12467,38.72783],[-9.12502,38.72818],[-9.12565,38.72818],[-9.12628,38.72805],[-9.12639,38.72846],[-9.12628,38.72864],[-9.12581,38.72909],[-9.12628,38.72937],[-9.12691,38.72913],[-9.12754,38.72947],[-9.1279,38.72909],[-9.12754,38.72885],[-9.12716,38.72846],[-9.12691,38.72794],[-9.1265,38.72783],[-9.12691,38.72726],[-9.12693,38.7272],[-9.12754,38.7267],[-9.12817,38.7266],[-9.1288,38.7266],[-9.1292,38.7272],[-9.1288,38.72764],[-9.12817,38.72764],[-9.12773,38.72783],[-9.12817,38.72804],[-9.1288,38.72804],[-9.12915,38.72846],[-9.12943,38.72868],[-9.13006,38.7289],[-9.13027,38.72846],[-9.13008,38.72783],[-9.13006,38.72782],[-9.12963,38.7272],[-9.12947,38.72657],[-9.12943,38.72625],[-9.12927,38.72594],[-9.1288,38.72582],[-9.12817,38.72582],[-9.12776,38.72531],[-9.12754,38.725]],[[-9.11997,38.72416],[-9.12008,38.72404],[-9.11997,38.72387],[-9.11934,38.72387],[-9.11926,38.72404],[-9.11934,38.72416],[-9.11997,38.72416]],[[-9.11745,38.71829],[-9.11732,38.71837],[-9.11745,38.71851],[-9.1177,38.71837],[-9.11745,38.71829]],[[-9.15845,38.70786],[-9.15838,38.70828],[-9.15845,38.70838],[-9.15857,38.70828],[-9.15845,38.70786]],[[-9.15782,38.70833],[-9.15783,38.70828],[-9.15794,38.70765],[-9.15804,38.70701],[-9.15782,38.70685],[-9.15718,38.70685],[-9.15691,38.70701],[-9.15676,38.70765],[-9.15672,38.70828],[-9.15718,38.70876],[-9.15782,38.70833]],[[-9.15655,38.71276],[-9.15697,38.71269],[-9.15684,38.71206],[-9.15655,38.7118],[-9.15627,38.71206],[-9.15645,38.71269],[-9.15655,38.71276]],[[-9.15592,38.71128],[-9.15575,38.71143],[-9.15592,38.71164],[-9.15614,38.71143],[-9.15592,38.71128]],[[-9.15529,38.71272],[-9.15532,38.71269],[-9.15529,38.71268],[-9.15466,38.71268],[-9.15465,38.71269],[-9.15466,38.71272],[-9.15529,38.71272]],[[-9.15403,38.71261],[-9.1534,38.71269],[-9.15403,38.71278],[-9.15409,38.71269],[-9.15403,38.71261]],[[-9.15353,38.71206],[-9.1534,38.71195],[-9.1533,38.71206],[-9.1534,38.71269],[-9.15353,38.71206]],[[-9.15277,38.71122],[-9.1526,38.71143],[-9.15277,38.71157],[-9.15292,38.71143],[-9.15277,38.71122]],[[-9.15214,38.71679],[-9.15245,38.71648],[-9.15214,38.71608],[-9.15151,38.71605],[-9.15105,38.71648],[-9.15151,38.71679],[-9.15214,38.71679]],[[-9.15592,38.73571],[-9.15571,38.73603],[-9.15592,38.73613],[-9.1561,38.73603],[-9.15592,38.73571]],[[-9.14552,38.72657],[-9.14583,38.72685],[-9.14646,38.72685],[-9.1467,38.72657],[-9.14709,38.72615],[-9.14732,38.72657],[-9.14709,38.72717],[-9.14706,38.7272],[-9.14709,38.7273],[-9.14772,38.72775],[-9.14835,38.72754],[-9.14898,38.72743],[-9.14908,38.72783],[-9.14909,38.72846],[-9.14962,38.72876],[-9.15001,38.72846],[-9.15,38.72783],[-9.15025,38.72743],[-9.15037,38.7272],[-9.15048,38.72657],[-9.15025,38.72601],[-9.14962,38.72615],[-9.14898,38.7262],[-9.14835,38.7262],[-9.14814,38.72594],[-9.14772,38.72568],[-9.14751,38.72531],[-9.14709,38.7248],[-9.1468,38.72468],[-9.14646,38.72431],[-9.1459,38.72468],[-9.14646,38.72513],[-9.14652,38.72531],[-9.14646,38.7254],[-9.14583,38.7254],[-9.1452,38.72576],[-9.14457,38.7257],[-9.14394,38.72588],[-9.1437,38.72594],[-9.14394,38.72601],[-9.14441,38.72657],[-9.14457,38.72681],[-9.14481,38.72657],[-9.1452,38.72611],[-9.14552,38.72657]],[[-9.14898,38.73009],[-9.14917,38.72972],[-9.14898,38.72964],[-9.14835,38.72964],[-9.14824,38.72972],[-9.14835,38.73009],[-9.14898,38.73009]],[[-9.14709,38.7334],[-9.14704,38.73351],[-9.14709,38.73363],[-9.14721,38.73351],[-9.14709,38.7334]],[[-9.14646,38.73346],[-9.1462,38.73351],[-9.14646,38.73377],[-9.14651,38.73351],[-9.14646,38.73346]],[[-9.14457,38.73126],[-9.14447,38.73161],[-9.14457,38.73206],[-9.14469,38.73161],[-9.14457,38.73126]],[[-9.14394,38.73474],[-9.14378,38.73477],[-9.14394,38.73485],[-9.14395,38.73477],[-9.14394,38.73474]],[[-9.14142,38.73128],[-9.14175,38.73098],[-9.14179,38.73035],[-9.14142,38.73006],[-9.14094,38.73035],[-9.14096,38.73098],[-9.14142,38.73128]],[[-9.13952,38.72849],[-9.14015,38.72849],[-9.14079,38.72878],[-9.14099,38.72846],[-9.14079,38.72822],[-9.14015,38.72844],[-9.13952,38.72844],[-9.13949,38.72846],[-9.13952,38.72849]],[[-9.14015,38.73352],[-9.14017,38.73351],[-9.14015,38.73347],[-9.13952,38.73347],[-9.13951,38.73351],[-9.13952,38.73352],[-9.14015,38.73352]],[[-9.13826,38.73092],[-9.138,38.73098],[-9.13826,38.7313],[-9.13853,38.73098],[-9.13826,38.73092]],[[-9.13448,38.72126],[-9.13385,38.72126],[-9.1333,38.72152],[-9.13381,38.72215],[-9.13385,38.72217],[-9.13448,38.72217],[-9.13475,38.72278],[-9.13452,38.72341],[-9.13471,38.72404],[-9.13448,38.72465],[-9.13385,38.72465],[-9.13381,38.72468],[-9.13385,38.72471],[-9.13448,38.72471],[-9.13511,38.7251],[-9.13563,38.72531],[-9.13552,38.72594],[-9.13574,38.72649],[-9.13637,38.72614],[-9.13669,38.72657],[-9.13669,38.7272],[-9.13637,38.72756],[-9.13602,38.72783],[-9.13606,38.72846],[-9.13637,38.72868],[-9.137,38.72895],[-9.13763,38.72895],[-9.13794,38.72846],[-9.13763,38.72797],[-9.137,38.72797],[-9.13676,38.72783],[-9.137,38.72763],[-9.13763,38.72763],[-9.13826,38.7278],[-9.13889,38.72752],[-9.13931,38.7272],[-9.13935,38.72657],[-9.13929,38.72594],[-9.13889,38.72582],[-9.13862,38.72594],[-9.13826,38.72622],[-9.13791,38.72594],[-9.13826,38.72566],[-9.13843,38.72531],[-9.13826,38.72478],[-9.13809,38.72468],[-9.13763,38.72435],[-9.137,38.72435],[-9.13677,38.72404],[-9.13637,38.72381],[-9.13574,38.72351],[-9.13554,38.72341],[-9.13574,38.72278],[-9.13511,38.72219],[-9.13464,38.72215],[-9.13497,38.72152],[-9.13448,38.72126]],[[-9.137,38.73157],[-9.1369,38.73161],[-9.137,38.73166],[-9.13708,38.73161],[-9.137,38.73157]],[[-9.13637,38.73201],[-9.13615,38.73224],[-9.13637,38.73269],[-9.13674,38.73224],[-9.13637,38.73201]],[[-9.13511,38.73455],[-9.13488,38.73477],[-9.13511,38.73492],[-9.13519,38.73477],[-9.13511,38.73455]],[[-9.12754,38.72831],[-9.12746,38.72846],[-9.12754,38.72854],[-9.12795,38.72846],[-9.12754,38.72831]],[[-9.13006,38.72679],[-9.12997,38.7272],[-9.13006,38.72733],[-9.13024,38.7272],[-9.13006,38.72679]],[[-9.12943,38.72313],[-9.12931,38.72341],[-9.12943,38.72357],[-9.12948,38.72341],[-9.12943,38.72313]],[[-9.1288,38.72489],[-9.12935,38.72468],[-9.1288,38.72407],[-9.12817,38.72407],[-9.12788,38.72468],[-9.12817,38.72489],[-9.1288,38.72489]],[[-9.13196,38.71607],[-9.13218,38.71584],[-9.13196,38.71572],[-9.13132,38.71572],[-9.13069,38.71553],[-9.13025,38.71521],[-9.13069,38.71488],[-9.13132,38.71487],[-9.13196,38.71487],[-9.13251,38.71521],[-9.13259,38.71537],[-9.13263,38.71521],[-9.13322,38.71477],[-9.1334,38.71458],[-9.1334,38.71395],[-9.13322,38.71335],[-9.13259,38.71362],[-9.13196,38.71336],[-9.13132,38.71336],[-9.13129,38.71332],[-9.13069,38.71304],[-9.13034,38.71332],[-9.13019,38.71395],[-9.13019,38.71458],[-9.13006,38.71481],[-9.12989,38.71458],[-9.12989,38.71395],[-9.12977,38.71332],[-9.12943,38.713],[-9.12903,38.71269],[-9.1288,38.71244],[-9.12861,38.71269],[-9.1288,38.71316],[-9.1289,38.71332],[-9.1293,38.71395],[-9.12926,38.71458],[-9.12888,38.71521],[-9.12943,38.71543],[-9.12962,38.71584],[-9.12943,38.7163],[-9.1288,38.71643],[-9.12817,38.71643],[-9.12816,38.71648],[-9.12783,38.71711],[-9.12817,38.71737],[-9.1288,38.71737],[-9.12913,38.71711],[-9.12943,38.71654],[-9.12996,38.71648],[-9.13006,38.71646],[-9.13009,38.71648],[-9.13006,38.71654],[-9.12995,38.71711],[-9.1295,38.71774],[-9.12943,38.71789],[-9.1288,38.71823],[-9.12817,38.71823],[-9.12784,38.71837],[-9.12754,38.71859],[-9.12726,38.71837],[-9.12754,38.7182],[-9.12779,38.71774],[-9.12754,38.71741],[-9.12693,38.71711],[-9.12693,38.71648],[-9.12737,38.71584],[-9.12754,38.71535],[-9.12801,38.71521],[-9.12789,38.71458],[-9.12784,38.71395],[-9.12754,38.71358],[-9.12693,38.71332],[-9.12691,38.71329],[-9.12628,38.71332],[-9.12612,38.71395],[-9.12565,38.71455],[-9.12502,38.71455],[-9.12439,38.71425],[-9.12376,38.71427],[-9.12334,38.71395],[-9.12313,38.71388],[-9.12249,38.71388],[-9.1224,38.71395],[-9.1224,38.71458],[-9.12186,38.71499],[-9.12123,38.71512],[-9.12108,38.71521],[-9.1211,38.71584],[-9.12123,38.71595],[-9.12138,38.71584],[-9.12186,38.71555],[-9.12223,38.71584],[-9.12249,38.7164],[-9.12313,38.7164],[-9.12323,38.71648],[-9.12313,38.71651],[-9.12249,38.71651],[-9.12231,38.71648],[-9.12186,38.71635],[-9.12178,38.71648],[-9.12186,38.7167],[-9.122,38.71711],[-9.12186,38.71724],[-9.12123,38.71719],[-9.1211,38.71711],[-9.1206,38.7169],[-9.12023,38.71711],[-9.11997,38.71738],[-9.11934,38.71738],[-9.11918,38.71774],[-9.11926,38.71837],[-9.11934,38.7188],[-9.11997,38.7188],[-9.1206,38.71857],[-9.12103,38.719],[-9.12075,38.71963],[-9.12123,38.71993],[-9.12161,38.72026],[-9.12186,38.72047],[-9.12229,38.72089],[-9.12186,38.72142],[-9.12123,38.72116],[-9.1206,38.72107],[-9.12011,38.72089],[-9.12013,38.72026],[-9.11997,38.71994],[-9.11934,38.71994],[-9.11914,38.71963],[-9.11871,38.71937],[-9.11845,38.71963],[-9.11808,38.72002],[-9.11789,38.72026],[-9.11787,38.72089],[-9.11808,38.72135],[-9.11871,38.72115],[-9.11926,38.72152],[-9.11871,38.7218],[-9.11835,38.72215],[-9.11871,38.72254],[-9.1193,38.72215],[-9.11934,38.72192],[-9.11997,38.72192],[-9.12001,38.72215],[-9.1206,38.72245],[-9.12123,38.72241],[-9.12186,38.72247],[-9.12249,38.72237],[-9.12313,38.72237],[-9.12367,38.72278],[-9.12376,38.72298],[-9.12439,38.72307],[-9.12502,38.72313],[-9.12565,38.72313],[-9.12599,38.72341],[-9.12604,38.72404],[-9.12628,38.72426],[-9.12659,38.72404],[-9.1268,38.72341],[-9.12691,38.72333],[-9.12754,38.72314],[-9.12817,38.7229],[-9.1288,38.7229],[-9.12889,38.72278],[-9.12895,38.72215],[-9.1288,38.7219],[-9.12817,38.7219],[-9.12791,38.72152],[-9.12776,38.72089],[-9.12786,38.72026],[-9.12784,38.71963],[-9.12801,38.719],[-9.12817,38.71878],[-9.1288,38.71878],[-9.12943,38.71845],[-9.12959,38.71837],[-9.13006,38.71805],[-9.13018,38.71774],[-9.13069,38.71712],[-9.13132,38.71726],[-9.13196,38.71726],[-9.13247,38.71711],[-9.13196,38.71673],[-9.13132,38.71673],[-9.13114,38.71648],[-9.13132,38.71607],[-9.13196,38.71607]],[[-9.12186,38.72361],[-9.12249,38.72358],[-9.12313,38.72358],[-9.12351,38.72341],[-9.12313,38.72321],[-9.12249,38.72321],[-9.12186,38.72307],[-9.12158,38.72341],[-9.12186,38.72361]],[[-9.15452,38.7108],[-9.15466,38.71114],[-9.15529,38.71114],[-9.15587,38.7108],[-9.15592,38.71078],[-9.15595,38.7108],[-9.15655,38.71112],[-9.15707,38.7108],[-9.15655,38.71042],[-9.15634,38.71017],[-9.15616,38.70954],[-9.15595,38.70891],[-9.15592,38.70884],[-9.1559,38.70891],[-9.15529,38.70914],[-9.15466,38.70914],[-9.15439,38.70891],[-9.15403,38.70863],[-9.1534,38.70864],[-9.15304,38.70891],[-9.15277,38.70929],[-9.15214,38.70922],[-9.15151,38.70922],[-9.15142,38.70954],[-9.15151,38.70974],[-9.15214,38.70974],[-9.15277,38.71013],[-9.15333,38.70954],[-9.1534,38.7095],[-9.15343,38.70954],[-9.15403,38.71005],[-9.15466,38.70988],[-9.15529,38.70988],[-9.15562,38.71017],[-9.15529,38.71063],[-9.15466,38.71063],[-9.15452,38.7108]],[[-9.15529,38.71227],[-9.15558,38.71206],[-9.15529,38.71182],[-9.15466,38.71182],[-9.15439,38.71206],[-9.15466,38.71227],[-9.15529,38.71227]],[[-9.15403,38.71128],[-9.15399,38.71143],[-9.15403,38.71148],[-9.15407,38.71143],[-9.15403,38.71128]],[[-9.15151,38.7138],[-9.15103,38.71395],[-9.15088,38.71435],[-9.15076,38.71458],[-9.15088,38.71463],[-9.15136,38.71521],[-9.15151,38.71546],[-9.15181,38.71521],[-9.15214,38.71493],[-9.15243,38.71458],[-9.15214,38.71427],[-9.15182,38.71395],[-9.15151,38.7138]],[[-9.15025,38.72282],[-9.15027,38.72278],[-9.15042,38.72215],[-9.15025,38.72196],[-9.14966,38.72215],[-9.15004,38.72278],[-9.15025,38.72282]],[[-9.14835,38.72565],[-9.14898,38.72565],[-9.14962,38.72538],[-9.14963,38.72531],[-9.14962,38.72529],[-9.14898,38.72508],[-9.14835,38.72496],[-9.14817,38.72531],[-9.14835,38.72565]],[[-9.14772,38.72172],[-9.14791,38.72152],[-9.14772,38.72127],[-9.14709,38.72134],[-9.147,38.72152],[-9.14709,38.72156],[-9.14772,38.72172]],[[-9.14709,38.72397],[-9.147,38.72404],[-9.14709,38.72412],[-9.14712,38.72404],[-9.14709,38.72397]],[[-9.1452,38.72238],[-9.14573,38.72215],[-9.1452,38.72206],[-9.14457,38.7219],[-9.14443,38.72215],[-9.14457,38.72229],[-9.1452,38.72238]],[[-9.14268,38.72207],[-9.14263,38.72215],[-9.14268,38.72219],[-9.14331,38.72219],[-9.14384,38.72278],[-9.14394,38.7229],[-9.14457,38.72282],[-9.14461,38.72278],[-9.14457,38.72276],[-9.14395,38.72215],[-9.14394,38.72213],[-9.14331,38.72207],[-9.14268,38.72207]],[[-9.14646,38.73244],[-9.14617,38.73287],[-9.14646,38.73298],[-9.14665,38.73287],[-9.14646,38.73244]],[[-9.14402,38.73287],[-9.14394,38.73286],[-9.14346,38.73224],[-9.14331,38.73199],[-9.14268,38.73199],[-9.14234,38.73224],[-9.14205,38.73234],[-9.14154,38.73287],[-9.14205,38.73345],[-9.14268,38.7333],[-9.14331,38.7333],[-9.14386,38.73351],[-9.14394,38.73353],[-9.14402,38.73351],[-9.14402,38.73287]],[[-9.14015,38.72289],[-9.1402,38.72278],[-9.14015,38.72275],[-9.13952,38.72275],[-9.13949,38.72278],[-9.13952,38.72289],[-9.14015,38.72289]],[[-9.13915,38.73161],[-9.13952,38.73195],[-9.14015,38.73195],[-9.14045,38.73161],[-9.14022,38.73098],[-9.14015,38.73093],[-9.13952,38.73093],[-9.13945,38.73098],[-9.13915,38.73161]],[[-9.13889,38.72545],[-9.13909,38.72531],[-9.13918,38.72468],[-9.13889,38.72438],[-9.13871,38.72468],[-9.13877,38.72531],[-9.13889,38.72545]],[[-9.13763,38.72381],[-9.13808,38.72341],[-9.13826,38.72305],[-9.13833,38.72278],[-9.13826,38.72265],[-9.13772,38.72278],[-9.13763,38.72281],[-9.137,38.72281],[-9.13678,38.72341],[-9.137,38.72381],[-9.13763,38.72381]],[[-9.13637,38.72138],[-9.13604,38.72152],[-9.13637,38.72206],[-9.13651,38.72152],[-9.13637,38.72138]],[[-9.13574,38.71966],[-9.13575,38.71963],[-9.13605,38.719],[-9.13574,38.71889],[-9.13573,38.719],[-9.13569,38.71963],[-9.13574,38.71966]],[[-9.13511,38.71893],[-9.13508,38.719],[-9.13511,38.71905],[-9.13514,38.719],[-9.13511,38.71893]],[[-9.13448,38.71916],[-9.13457,38.719],[-9.13448,38.71853],[-9.13385,38.71853],[-9.13349,38.719],[-9.13385,38.71916],[-9.13448,38.71916]],[[-9.13006,38.72373],[-9.13027,38.72341],[-9.1301,38.72278],[-9.13006,38.72269],[-9.13002,38.72278],[-9.12997,38.72341],[-9.13006,38.72373]],[[-9.13259,38.71011],[-9.13257,38.71017],[-9.13259,38.71018],[-9.13261,38.71017],[-9.13259,38.71011]],[[-9.13196,38.71048],[-9.13199,38.71017],[-9.13196,38.71005],[-9.13132,38.71005],[-9.13127,38.71017],[-9.13132,38.71048],[-9.13196,38.71048]],[[-9.13069,38.71057],[-9.13051,38.7108],[-9.13069,38.71107],[-9.13081,38.7108],[-9.13069,38.71057]],[[-9.1288,38.71189],[-9.1293,38.71143],[-9.1288,38.71115],[-9.12817,38.71142],[-9.12814,38.71143],[-9.12817,38.71147],[-9.1288,38.71189]],[[-9.1288,38.71783],[-9.12892,38.71774],[-9.1288,38.71767],[-9.12817,38.71767],[-9.1281,38.71774],[-9.12817,38.71783],[-9.1288,38.71783]],[[-9.1206,38.71627],[-9.12049,38.71648],[-9.1206,38.71653],[-9.12104,38.71648],[-9.1206,38.71627]],[[-9.1206,38.71893],[-9.1205,38.719],[-9.1206,38.71911],[-9.12067,38.719],[-9.1206,38.71893]],[[-9.11808,38.71882],[-9.11798,38.719],[-9.11808,38.71919],[-9.11827,38.719],[-9.11808,38.71882]],[[-9.15088,38.71277],[-9.15099,38.71269],[-9.151,38.71206],[-9.15088,38.71184],[-9.15053,38.71206],[-9.15079,38.71269],[-9.15088,38.71277]],[[-9.15025,38.71888],[-9.14968,38.719],[-9.15025,38.71926],[-9.15053,38.719],[-9.15025,38.71888]],[[-9.14962,38.72459],[-9.14953,38.72468],[-9.14962,38.72474],[-9.14969,38.72468],[-9.14962,38.72459]],[[-9.14796,38.719],[-9.14772,38.71868],[-9.14709,38.71875],[-9.14646,38.71893],[-9.14583,38.71893],[-9.14537,38.719],[-9.14523,38.71963],[-9.14529,38.72026],[-9.14569,38.72089],[-9.14583,38.72116],[-9.14646,38.72116],[-9.14687,38.72089],[-9.14709,38.72074],[-9.1473,38.72026],[-9.14772,38.71981],[-9.14835,38.71983],[-9.14898,38.71983],[-9.14926,38.71963],[-9.14898,38.71939],[-9.14835,38.71939],[-9.14796,38.719]],[[-9.1452,38.71808],[-9.14505,38.71837],[-9.1452,38.71884],[-9.14528,38.71837],[-9.1452,38.71808]],[[-9.1452,38.7321],[-9.14583,38.7321],[-9.14646,38.73183],[-9.14669,38.73161],[-9.14646,38.73136],[-9.14583,38.73136],[-9.1452,38.73145],[-9.14504,38.73161],[-9.1452,38.7321]],[[-9.14394,38.73117],[-9.14354,38.73161],[-9.14394,38.7319],[-9.14417,38.73161],[-9.14394,38.73117]],[[-9.14331,38.72713],[-9.14268,38.72713],[-9.14248,38.7272],[-9.14205,38.7274],[-9.14142,38.72761],[-9.14079,38.72763],[-9.1406,38.72783],[-9.14079,38.72789],[-9.14129,38.72846],[-9.14142,38.72871],[-9.14189,38.72846],[-9.14205,38.72831],[-9.14213,38.72846],[-9.14268,38.72888],[-9.14331,38.72888],[-9.14388,38.72846],[-9.14331,38.72789],[-9.14268,38.72789],[-9.14256,38.72783],[-9.14268,38.72751],[-9.14331,38.72751],[-9.14341,38.7272],[-9.14331,38.72713]],[[-9.14205,38.72964],[-9.14203,38.72972],[-9.14205,38.72975],[-9.14211,38.72972],[-9.14205,38.72964]],[[-9.13826,38.72074],[-9.13816,38.72089],[-9.13826,38.721],[-9.13841,38.72089],[-9.13826,38.72074]],[[-9.13763,38.72273],[-9.13782,38.72215],[-9.13763,38.72206],[-9.137,38.72206],[-9.13652,38.72215],[-9.137,38.72273],[-9.13763,38.72273]],[[-9.13889,38.71961],[-9.13826,38.71935],[-9.13773,38.719],[-9.138,38.71837],[-9.13763,38.71828],[-9.137,38.71828],[-9.13637,38.71811],[-9.13606,38.71837],[-9.13637,38.71889],[-9.13645,38.719],[-9.13683,38.71963],[-9.13637,38.72017],[-9.13619,38.72026],[-9.13624,38.72089],[-9.13637,38.72097],[-9.13678,38.72089],[-9.137,38.72072],[-9.13763,38.72072],[-9.13787,38.72026],[-9.13826,38.72],[-9.13889,38.71966],[-9.13893,38.71963],[-9.13889,38.71961]],[[-9.13574,38.71287],[-9.13545,38.71332],[-9.13574,38.71361],[-9.13597,38.71332],[-9.13637,38.71296],[-9.13665,38.71269],[-9.13637,38.71228],[-9.13588,38.71269],[-9.13574,38.71287]],[[-9.13508,38.71648],[-9.13448,38.7168],[-9.13385,38.71686],[-9.13368,38.71711],[-9.13374,38.71774],[-9.13385,38.71785],[-9.13448,38.71809],[-9.13496,38.71774],[-9.13511,38.71745],[-9.13571,38.71711],[-9.13513,38.71648],[-9.13511,38.71646],[-9.13508,38.71648]],[[-9.15025,38.70946],[-9.14987,38.70954],[-9.15025,38.70961],[-9.15032,38.70954],[-9.15025,38.70946]],[[-9.14962,38.71896],[-9.1498,38.71837],[-9.15009,38.71774],[-9.14962,38.71764],[-9.14953,38.71774],[-9.14898,38.71834],[-9.14835,38.71834],[-9.14831,38.71837],[-9.14835,38.7184],[-9.14898,38.7184],[-9.14962,38.71896]],[[-9.14835,38.71681],[-9.14802,38.71648],[-9.14772,38.71632],[-9.14748,38.71648],[-9.14769,38.71711],[-9.14769,38.71774],[-9.14772,38.71786],[-9.14781,38.71774],[-9.14835,38.71736],[-9.14898,38.71736],[-9.14926,38.71711],[-9.14898,38.71681],[-9.14835,38.71681]],[[-9.14709,38.71811],[-9.14717,38.71774],[-9.14717,38.71711],[-9.14709,38.71698],[-9.14702,38.71711],[-9.147,38.71774],[-9.14709,38.71811]],[[-9.14646,38.7185],[-9.14694,38.71837],[-9.14646,38.71819],[-9.14583,38.71819],[-9.1457,38.71837],[-9.14583,38.7185],[-9.14646,38.7185]],[[-9.1452,38.73057],[-9.14484,38.73098],[-9.1452,38.7311],[-9.14554,38.73098],[-9.1452,38.73057]],[[-9.14394,38.73015],[-9.14381,38.73035],[-9.14394,38.73049],[-9.14414,38.73035],[-9.14394,38.73015]],[[-9.14205,38.72579],[-9.14193,38.72594],[-9.14205,38.72613],[-9.14211,38.72594],[-9.14205,38.72579]],[[-9.14142,38.72389],[-9.14117,38.72404],[-9.14142,38.72425],[-9.14159,38.72404],[-9.14142,38.72389]],[[-9.14079,38.72596],[-9.14081,38.72594],[-9.14118,38.72531],[-9.14079,38.72496],[-9.14027,38.72531],[-9.14072,38.72594],[-9.14079,38.72596]],[[-9.13763,38.7216],[-9.13804,38.72152],[-9.13763,38.72112],[-9.137,38.72112],[-9.13693,38.72152],[-9.137,38.7216],[-9.13763,38.7216]],[[-9.13889,38.71519],[-9.13879,38.71521],[-9.13889,38.71523],[-9.13896,38.71521],[-9.13889,38.71519]],[[-9.13826,38.7149],[-9.13838,38.71458],[-9.13838,38.71395],[-9.13826,38.71378],[-9.13812,38.71395],[-9.13812,38.71458],[-9.13826,38.7149]],[[-9.13637,38.71625],[-9.13694,38.71584],[-9.137,38.71575],[-9.13763,38.71575],[-9.1378,38.71521],[-9.13763,38.715],[-9.137,38.715],[-9.13641,38.71521],[-9.13637,38.71524],[-9.13613,38.71584],[-9.13637,38.71625]],[[-9.13637,38.71959],[-9.13634,38.71963],[-9.13637,38.71966],[-9.1364,38.71963],[-9.13637,38.71959]],[[-9.13574,38.70801],[-9.13571,38.70828],[-9.13574,38.70837],[-9.13593,38.70828],[-9.13574,38.70801]],[[-9.13385,38.71506],[-9.13369,38.71521],[-9.13322,38.71569],[-9.13282,38.71584],[-9.13322,38.71614],[-9.13385,38.71601],[-9.13448,38.71595],[-9.13474,38.71584],[-9.13511,38.71529],[-9.13512,38.71521],[-9.13511,38.71517],[-9.13448,38.71506],[-9.13385,38.71506]],[[-9.14962,38.71514],[-9.14957,38.71521],[-9.14962,38.71553],[-9.14977,38.71521],[-9.14962,38.71514]],[[-9.14898,38.71543],[-9.14915,38.71521],[-9.14898,38.71486],[-9.14835,38.71486],[-9.14776,38.71521],[-9.14835,38.71543],[-9.14898,38.71543]],[[-9.14709,38.7147],[-9.14732,38.71458],[-9.14716,38.71395],[-9.14709,38.71392],[-9.14705,38.71395],[-9.14697,38.71458],[-9.14709,38.7147]],[[-9.14457,38.71615],[-9.14394,38.71603],[-9.14347,38.71584],[-9.14331,38.71581],[-9.14268,38.71582],[-9.14205,38.71578],[-9.14192,38.71584],[-9.14205,38.71591],[-9.14243,38.71648],[-9.14254,38.71711],[-9.14268,38.71726],[-9.1431,38.71711],[-9.14331,38.71701],[-9.14394,38.71703],[-9.14397,38.71711],[-9.14457,38.7177],[-9.1452,38.71749],[-9.14583,38.71724],[-9.14646,38.71724],[-9.14649,38.71711],[-9.14646,38.71703],[-9.14583,38.71703],[-9.1452,38.71681],[-9.14491,38.71648],[-9.14457,38.71615]],[[-9.14253,38.72026],[-9.14268,38.7197],[-9.14331,38.71964],[-9.14334,38.71963],[-9.14331,38.71962],[-9.14268,38.71962],[-9.14264,38.71963],[-9.14205,38.71984],[-9.14142,38.7199],[-9.14123,38.72026],[-9.14142,38.72075],[-9.14148,38.72089],[-9.14205,38.72125],[-9.14235,38.72089],[-9.14253,38.72026]],[[-9.14142,38.7225],[-9.14093,38.72278],[-9.14142,38.72303],[-9.1418,38.72278],[-9.14142,38.7225]],[[-9.13952,38.71935],[-9.14015,38.71935],[-9.14079,38.71916],[-9.14085,38.719],[-9.14079,38.71898],[-9.14015,38.71871],[-9.13952,38.71871],[-9.13903,38.719],[-9.13952,38.71935]],[[-9.13511,38.71214],[-9.135,38.71269],[-9.13511,38.71282],[-9.13538,38.71269],[-9.13511,38.71214]],[[-9.14962,38.71421],[-9.14987,38.71395],[-9.14987,38.71332],[-9.14962,38.71309],[-9.1493,38.71332],[-9.1493,38.71395],[-9.14962,38.71421]],[[-9.14583,38.71376],[-9.14646,38.71376],[-9.14709,38.71338],[-9.14732,38.71332],[-9.14709,38.7128],[-9.14646,38.71289],[-9.14583,38.71289],[-9.14534,38.71332],[-9.14583,38.71376]],[[-9.14909,38.71269],[-9.14927,38.71206],[-9.14912,38.71143],[-9.14898,38.71123],[-9.14835,38.71117],[-9.1481,38.7108],[-9.14835,38.71059],[-9.14898,38.71053],[-9.14945,38.71017],[-9.14954,38.70954],[-9.14898,38.70919],[-9.14835,38.70919],[-9.1478,38.70954],[-9.14772,38.70969],[-9.14709,38.7096],[-9.14678,38.70954],[-9.14646,38.70947],[-9.14583,38.70947],[-9.1458,38.70954],[-9.1452,38.71009],[-9.1446,38.70954],[-9.1452,38.70906],[-9.14548,38.70891],[-9.14583,38.70869],[-9.14646,38.70866],[-9.14675,38.70828],[-9.14646,38.70789],[-9.14583,38.70786],[-9.14538,38.70828],[-9.1452,38.70859],[-9.14457,38.70883],[-9.14394,38.70864],[-9.14331,38.70844],[-9.14268,38.70844],[-9.14205,38.70857],[-9.14157,38.70828],[-9.14173,38.70765],[-9.14142,38.70744],[-9.1409,38.70765],[-9.14094,38.70828],[-9.14079,38.70834],[-9.14015,38.70834],[-9.13952,38.70872],[-9.13911,38.70828],[-9.13889,38.70785],[-9.13852,38.70828],[-9.13826,38.70879],[-9.13818,38.70891],[-9.13826,38.70897],[-9.1386,38.70954],[-9.13889,38.70998],[-9.13939,38.71017],[-9.13952,38.71023],[-9.14015,38.71048],[-9.14079,38.71067],[-9.1409,38.7108],[-9.14123,38.71143],[-9.14079,38.71161],[-9.14034,38.71143],[-9.14015,38.71128],[-9.13952,38.71128],[-9.13916,38.7108],[-9.13889,38.71039],[-9.13826,38.71063],[-9.13774,38.71017],[-9.13795,38.70954],[-9.13763,38.70916],[-9.137,38.70922],[-9.13637,38.70918],[-9.13617,38.70954],[-9.13589,38.71017],[-9.1358,38.7108],[-9.13637,38.71098],[-9.137,38.71108],[-9.13763,38.71108],[-9.138,38.71143],[-9.13807,38.71206],[-9.13826,38.71244],[-9.13875,38.71206],[-9.13883,38.71143],[-9.13889,38.71138],[-9.13901,38.71143],[-9.13896,38.71206],[-9.13935,38.71269],[-9.13939,38.71332],[-9.13952,38.71359],[-9.14015,38.71359],[-9.14079,38.71368],[-9.141,38.71332],[-9.14142,38.71276],[-9.14192,38.71332],[-9.14205,38.71391],[-9.14207,38.71395],[-9.14268,38.71431],[-9.14331,38.71431],[-9.14367,38.71395],[-9.14364,38.71332],[-9.1437,38.71269],[-9.14331,38.71248],[-9.14268,38.71248],[-9.14227,38.71206],[-9.14268,38.71161],[-9.14331,38.71161],[-9.14378,38.71206],[-9.14394,38.7124],[-9.14457,38.7123],[-9.1452,38.71255],[-9.14583,38.71249],[-9.14646,38.71249],[-9.14704,38.71206],[-9.14646,38.71163],[-9.14583,38.71163],[-9.14572,38.71143],[-9.14583,38.7112],[-9.14646,38.7112],[-9.14662,38.7108],[-9.14709,38.71033],[-9.14746,38.7108],[-9.14724,38.71143],[-9.14717,38.71206],[-9.14772,38.71226],[-9.14825,38.71269],[-9.14835,38.71285],[-9.14898,38.71285],[-9.14909,38.71269]],[[-9.14331,38.71926],[-9.14364,38.719],[-9.14331,38.71866],[-9.14268,38.71896],[-9.14265,38.719],[-9.14268,38.71902],[-9.14331,38.71926]],[[-9.14142,38.71329],[-9.14139,38.71332],[-9.14142,38.71338],[-9.14144,38.71332],[-9.14142,38.71329]],[[-9.14079,38.71621],[-9.14067,38.71648],[-9.14079,38.71674],[-9.14101,38.71648],[-9.14079,38.71621]],[[-9.14015,38.7184],[-9.14027,38.71837],[-9.14015,38.71829],[-9.13952,38.71829],[-9.1394,38.71837],[-9.13952,38.7184],[-9.14015,38.7184]],[[-9.13511,38.71203],[-9.13542,38.71143],[-9.13511,38.71115],[-9.13448,38.7113],[-9.13385,38.7113],[-9.13322,38.71129],[-9.13306,38.71143],[-9.13322,38.71163],[-9.13385,38.71175],[-9.13448,38.71198],[-9.13511,38.71203]],[[-9.14962,38.7078],[-9.14968,38.70765],[-9.14968,38.70701],[-9.14962,38.70694],[-9.14944,38.70701],[-9.14944,38.70765],[-9.14962,38.7078]],[[-9.14015,38.71629],[-9.14043,38.71584],[-9.14015,38.71536],[-9.13952,38.71536],[-9.13923,38.71584],[-9.13952,38.71629],[-9.14015,38.71629]],[[-9.13385,38.70996],[-9.13448,38.70996],[-9.13511,38.70997],[-9.13554,38.70954],[-9.13511,38.70898],[-9.13448,38.70915],[-9.13385,38.70915],[-9.13344,38.70954],[-9.13385,38.70996]],[[-9.13511,38.70843],[-9.13525,38.70828],[-9.13526,38.70765],[-9.13511,38.70733],[-9.13493,38.70765],[-9.13492,38.70828],[-9.13511,38.70843]]],[[[-9.15971,38.72602],[-9.15939,38.72594],[-9.15971,38.72592],[-9.15979,38.72594],[-9.15971,38.72602]]],[[[-9.15318,38.72594],[-9.1534,38.72579],[-9.15375,38.72594],[-9.15384,38.72657],[-9.1534,38.72704],[-9.15293,38.72657],[-9.15318,38.72594]]],[[[-9.15151,38.72897],[-9.15214,38.72897],[-9.15275,38.72846],[-9.15277,38.72844],[-9.1534,38.72829],[-9.15346,38.72846],[-9.1534,38.72853],[-9.15285,38.72909],[-9.15277,38.72918],[-9.15214,38.72935],[-9.15151,38.72935],[-9.15131,38.72909],[-9.15151,38.72897]]],[[[-9.1534,38.73033],[-9.15319,38.72972],[-9.1534,38.72951],[-9.15386,38.72972],[-9.1534,38.73033]]],[[[-9.15151,38.73068],[-9.15121,38.73035],[-9.15151,38.72995],[-9.15214,38.72995],[-9.15245,38.73035],[-9.15214,38.73068],[-9.15151,38.73068]]],[[[-9.15592,38.73194],[-9.1565,38.73161],[-9.15644,38.73098],[-9.15655,38.73094],[-9.15718,38.73092],[-9.15782,38.73092],[-9.15845,38.73096],[-9.15848,38.73098],[-9.15845,38.731],[-9.15782,38.731],[-9.15718,38.731],[-9.1566,38.73161],[-9.15692,38.73224],[-9.15718,38.73266],[-9.15782,38.73266],[-9.15801,38.73287],[-9.15782,38.73328],[-9.15718,38.73328],[-9.15681,38.73287],[-9.15655,38.73275],[-9.15592,38.73247],[-9.15553,38.73224],[-9.15592,38.73194]]],[[[-9.15845,38.73234],[-9.15834,38.73224],[-9.15845,38.73215],[-9.15864,38.73224],[-9.15845,38.73234]]],[[[-9.15466,38.73347],[-9.15471,38.73351],[-9.15466,38.73352],[-9.15403,38.73352],[-9.15401,38.73351],[-9.15403,38.73347],[-9.15466,38.73347]]],[[[-9.15928,38.73414],[-9.15945,38.73477],[-9.15908,38.73521],[-9.15877,38.73477],[-9.15896,38.73414],[-9.15908,38.73399],[-9.15928,38.73414]]],[[[-9.15782,38.73472],[-9.15784,38.73477],[-9.15782,38.73487],[-9.15718,38.73487],[-9.15687,38.73477],[-9.15718,38.73472],[-9.15782,38.73472]]],[[[-9.16412,38.73996],[-9.16349,38.74007],[-9.16286,38.74007],[-9.16271,38.73981],[-9.16271,38.73918],[-9.16286,38.73887],[-9.16349,38.73887],[-9.16363,38.73855],[-9.16412,38.7382],[-9.1646,38.73855],[-9.16475,38.73873],[-9.16515,38.73918],[-9.16475,38.73972],[-9.16457,38.73981],[-9.16412,38.73996]]],[[[-9.15293,38.74044],[-9.1534,38.74038],[-9.15347,38.74044],[-9.1534,38.74048],[-9.15293,38.74044]]],[[[-9.15657,38.74549],[-9.15718,38.74508],[-9.15782,38.74508],[-9.15817,38.74486],[-9.15845,38.74459],[-9.15861,38.74486],[-9.15861,38.74549],[-9.15889,38.74612],[-9.15845,38.74657],[-9.15782,38.74637],[-9.15718,38.74637],[-9.15659,38.74612],[-9.15657,38.74549]],[[-9.15851,38.74612],[-9.15845,38.746],[-9.15832,38.74612],[-9.15845,38.74619],[-9.15851,38.74612]]],[[[-9.16239,38.74864],[-9.16229,38.74927],[-9.16223,38.74929],[-9.16221,38.74927],[-9.16221,38.74864],[-9.16223,38.74863],[-9.16239,38.74864]]],[[[-9.15214,38.75013],[-9.15257,38.75054],[-9.15214,38.75075],[-9.15185,38.75054],[-9.15151,38.75018],[-9.15088,38.75018],[-9.15046,38.7499],[-9.15088,38.74964],[-9.15151,38.74965],[-9.1519,38.7499],[-9.15214,38.75013]]],[[[-9.16349,38.75022],[-9.16384,38.75054],[-9.16349,38.75077],[-9.16286,38.75077],[-9.16273,38.75054],[-9.16286,38.75022],[-9.16349,38.75022]]],[[[-9.15466,38.75075],[-9.15403,38.75075],[-9.15386,38.75054],[-9.15403,38.75025],[-9.15466,38.75025],[-9.155,38.75054],[-9.15529,38.7507],[-9.15549,38.75054],[-9.15584,38.7499],[-9.15592,38.74979],[-9.15653,38.74927],[-9.15655,38.74923],[-9.15687,38.74927],[-9.1566,38.7499],[-9.15655,38.74996],[-9.1564,38.75054],[-9.15655,38.75111],[-9.15659,38.75117],[-9.15718,38.7514],[-9.15782,38.7514],[-9.158,38.75117],[-9.15845,38.75082],[-9.15906,38.75054],[-9.15849,38.7499],[-9.15845,38.74967],[-9.15792,38.74927],[-9.15845,38.74905],[-9.15885,38.74864],[-9.15908,38.74854],[-9.15961,38.74801],[-9.15971,38.74792],[-9.16034,38.74792],[-9.16097,38.74764],[-9.16126,38.74801],[-9.16097,38.74837],[-9.16036,38.74864],[-9.16097,38.74896],[-9.16122,38.74927],[-9.16097,38.7495],[-9.16055,38.7499],[-9.16034,38.75031],[-9.15971,38.75031],[-9.15912,38.75054],[-9.15921,38.75117],[-9.15908,38.7513],[-9.15845,38.75161],[-9.15821,38.7518],[-9.15828,38.75243],[-9.15845,38.75282],[-9.15855,38.75306],[-9.15845,38.75334],[-9.15787,38.75369],[-9.15782,38.7537],[-9.15718,38.7537],[-9.15716,38.75369],[-9.15676,38.75306],[-9.15655,38.75251],[-9.15652,38.75243],[-9.15647,38.7518],[-9.15592,38.75157],[-9.15538,38.7518],[-9.15529,38.75183],[-9.15472,38.75243],[-9.1548,38.75306],[-9.15466,38.75337],[-9.15403,38.75337],[-9.15395,38.75306],[-9.1534,38.7526],[-9.15328,38.75243],[-9.1534,38.75211],[-9.15355,38.7518],[-9.1534,38.75154],[-9.15277,38.75137],[-9.15253,38.75117],[-9.15277,38.75072],[-9.1534,38.75098],[-9.15363,38.75117],[-9.15403,38.75145],[-9.15466,38.75145],[-9.15494,38.75117],[-9.15466,38.75075]]],[[[-9.15025,38.75131],[-9.15017,38.75117],[-9.15025,38.75089],[-9.15033,38.75117],[-9.15025,38.75131]]],[[[-9.1496,38.75243],[-9.14949,38.7518],[-9.14962,38.75167],[-9.14984,38.7518],[-9.14966,38.75243],[-9.14962,38.75245],[-9.1496,38.75243]]],[[[-9.14681,38.75243],[-9.14709,38.75228],[-9.14718,38.75243],[-9.14754,38.75306],[-9.14709,38.75328],[-9.14646,38.75326],[-9.146,38.75306],[-9.14646,38.75266],[-9.14681,38.75243]]],[[[-9.14772,38.75384],[-9.14764,38.75369],[-9.14772,38.75343],[-9.14808,38.75369],[-9.14772,38.75384]]],[[[-9.15592,38.75404],[-9.15551,38.75369],[-9.15592,38.75341],[-9.15628,38.75369],[-9.15592,38.75404]]],[[[-9.15845,38.75442],[-9.15838,38.75432],[-9.15845,38.75407],[-9.15851,38.75432],[-9.15845,38.75442]]],[[[-9.14737,38.75432],[-9.14726,38.75495],[-9.14709,38.75519],[-9.14651,38.75495],[-9.14682,38.75432],[-9.14709,38.75414],[-9.14737,38.75432]]],[[[-9.15845,38.75599],[-9.15834,38.75558],[-9.15845,38.75546],[-9.1585,38.75558],[-9.15845,38.75599]]],[[[-9.14709,38.75613],[-9.14721,38.75621],[-9.14709,38.75624],[-9.14703,38.75621],[-9.14709,38.75613]]],[[[-9.16223,38.75732],[-9.16194,38.75684],[-9.16223,38.75648],[-9.16251,38.75684],[-9.16223,38.75732]]],[[[-9.14918,38.75873],[-9.14898,38.75888],[-9.14835,38.75888],[-9.14785,38.75937],[-9.14772,38.75964],[-9.14725,38.75937],[-9.14709,38.75884],[-9.14706,38.75873],[-9.14708,38.7581],[-9.14709,38.75806],[-9.14712,38.7581],[-9.14772,38.75847],[-9.14809,38.7581],[-9.14835,38.75791],[-9.14898,38.75791],[-9.14918,38.7581],[-9.14918,38.75873]]],[[[-9.14709,38.75968],[-9.14722,38.76],[-9.14709,38.76022],[-9.14704,38.76],[-9.14709,38.75968]]],[[[-9.14962,38.76283],[-9.14898,38.76274],[-9.14835,38.76274],[-9.14817,38.76252],[-9.14812,38.76189],[-9.14778,38.76126],[-9.14772,38.76106],[-9.14738,38.76063],[-9.14772,38.7604],[-9.14835,38.7605],[-9.14898,38.7605],[-9.14962,38.76027],[-9.14992,38.76],[-9.14984,38.75937],[-9.15025,38.75902],[-9.15059,38.75873],[-9.15041,38.7581],[-9.15066,38.75747],[-9.15028,38.75684],[-9.15025,38.75653],[-9.14962,38.75626],[-9.14898,38.75661],[-9.14835,38.75661],[-9.14784,38.75621],[-9.14805,38.75558],[-9.14835,38.75539],[-9.14898,38.75539],[-9.14958,38.75558],[-9.14962,38.7559],[-9.15025,38.7559],[-9.15088,38.75598],[-9.1514,38.75558],[-9.15088,38.75534],[-9.15036,38.75495],[-9.15069,38.75432],[-9.15088,38.7541],[-9.15151,38.7541],[-9.15198,38.75369],[-9.15214,38.75357],[-9.15277,38.75359],[-9.15308,38.75369],[-9.15277,38.75387],[-9.15247,38.75432],[-9.15277,38.75454],[-9.1534,38.75455],[-9.15403,38.75467],[-9.15466,38.75467],[-9.15511,38.75495],[-9.15529,38.75519],[-9.15558,38.75558],[-9.15592,38.75595],[-9.15645,38.75621],[-9.15655,38.75632],[-9.15718,38.75672],[-9.15782,38.75672],[-9.15801,38.75684],[-9.15845,38.75716],[-9.15869,38.75684],[-9.15908,38.75654],[-9.15967,38.75684],[-9.15971,38.7569],[-9.16034,38.7569],[-9.16059,38.75747],[-9.16097,38.75781],[-9.1616,38.75806],[-9.16162,38.7581],[-9.16161,38.75873],[-9.16182,38.75937],[-9.16223,38.75958],[-9.16276,38.75937],[-9.16286,38.75917],[-9.16349,38.75917],[-9.16389,38.75937],[-9.16407,38.76],[-9.16412,38.76007],[-9.16416,38.76],[-9.1642,38.75937],[-9.16475,38.75881],[-9.16538,38.75879],[-9.16601,38.75879],[-9.16649,38.75873],[-9.16633,38.7581],[-9.16665,38.75797],[-9.16688,38.7581],[-9.16728,38.75863],[-9.16738,38.75873],[-9.16728,38.75877],[-9.16668,38.75937],[-9.16728,38.75976],[-9.16791,38.75965],[-9.1681,38.75937],[-9.1683,38.75873],[-9.1683,38.7581],[-9.16854,38.75803],[-9.16917,38.75803],[-9.16926,38.7581],[-9.1698,38.75864],[-9.16988,38.75873],[-9.17043,38.75902],[-9.17106,38.75902],[-9.17129,38.75873],[-9.17106,38.7584],[-9.17076,38.7581],[-9.17106,38.75784],[-9.17169,38.75778],[-9.17232,38.75778],[-9.17293,38.7581],[-9.17293,38.75873],[-9.17295,38.75875],[-9.17303,38.75873],[-9.17358,38.75818],[-9.17402,38.75873],[-9.17361,38.75937],[-9.17421,38.75997],[-9.17484,38.75997],[-9.17548,38.75957],[-9.17572,38.75937],[-9.17611,38.75909],[-9.17645,38.75937],[-9.17639,38.76],[-9.17611,38.76019],[-9.17548,38.76052],[-9.17491,38.76063],[-9.17512,38.76126],[-9.17484,38.76142],[-9.17421,38.76142],[-9.17367,38.76126],[-9.17358,38.76102],[-9.17336,38.76063],[-9.17352,38.76],[-9.17295,38.75985],[-9.17279,38.76],[-9.17232,38.76056],[-9.17169,38.76056],[-9.17106,38.76057],[-9.17082,38.76063],[-9.17084,38.76126],[-9.17106,38.76143],[-9.17135,38.76189],[-9.17132,38.76252],[-9.17106,38.76294],[-9.17086,38.76315],[-9.17082,38.76378],[-9.17043,38.7641],[-9.1698,38.76407],[-9.16946,38.76378],[-9.16917,38.76339],[-9.16854,38.76339],[-9.16791,38.76334],[-9.16764,38.76378],[-9.16791,38.76412],[-9.16854,38.76429],[-9.16917,38.76429],[-9.16926,38.76441],[-9.16926,38.76504],[-9.16945,38.76567],[-9.16917,38.76593],[-9.16854,38.76593],[-9.16791,38.76596],[-9.16777,38.76567],[-9.16728,38.76519],[-9.16676,38.76504],[-9.16703,38.76441],[-9.16691,38.76378],[-9.16665,38.76358],[-9.16604,38.76315],[-9.16601,38.76312],[-9.16538,38.76312],[-9.16496,38.76252],[-9.16475,38.76229],[-9.16424,38.76189],[-9.16412,38.76168],[-9.16389,38.76189],[-9.16407,38.76252],[-9.16412,38.76263],[-9.16455,38.76315],[-9.16475,38.7633],[-9.16518,38.76378],[-9.16475,38.76424],[-9.16412,38.76388],[-9.16398,38.76378],[-9.1636,38.76315],[-9.16349,38.7631],[-9.16286,38.7631],[-9.16237,38.76252],[-9.16223,38.7623],[-9.16182,38.76252],[-9.1619,38.76315],[-9.16176,38.76378],[-9.1616,38.76393],[-9.1614,38.76378],[-9.16128,38.76315],[-9.1614,38.76252],[-9.16108,38.76189],[-9.1616,38.76131],[-9.1617,38.76126],[-9.16176,38.76063],[-9.1616,38.7604],[-9.16149,38.76063],[-9.16097,38.76087],[-9.16034,38.76084],[-9.15971,38.76084],[-9.15916,38.76063],[-9.15908,38.76054],[-9.15899,38.76063],[-9.15845,38.76085],[-9.15802,38.76063],[-9.15826,38.76],[-9.15845,38.75993],[-9.15892,38.75937],[-9.15845,38.75888],[-9.15827,38.75873],[-9.15827,38.7581],[-9.15782,38.75785],[-9.15718,38.75785],[-9.15679,38.7581],[-9.15679,38.75873],[-9.15655,38.75909],[-9.15641,38.75937],[-9.15655,38.75962],[-9.15698,38.76],[-9.15655,38.76059],[-9.15596,38.76],[-9.15592,38.75998],[-9.15561,38.76],[-9.1558,38.76063],[-9.15551,38.76126],[-9.15529,38.76181],[-9.15526,38.76189],[-9.15529,38.76195],[-9.15543,38.76252],[-9.1555,38.76315],[-9.15529,38.76341],[-9.15498,38.76378],[-9.15529,38.76408],[-9.15592,38.76433],[-9.15655,38.76391],[-9.15695,38.76441],[-9.15693,38.76504],[-9.15655,38.76547],[-9.15592,38.76522],[-9.15534,38.76567],[-9.15537,38.7663],[-9.15592,38.76663],[-9.15645,38.76693],[-9.15592,38.76748],[-9.15529,38.76729],[-9.15501,38.76693],[-9.15466,38.76665],[-9.15403,38.76665],[-9.1534,38.76675],[-9.15277,38.76643],[-9.15251,38.7663],[-9.15277,38.76623],[-9.15322,38.76567],[-9.1534,38.76511],[-9.15403,38.76528],[-9.15466,38.76528],[-9.15472,38.76504],[-9.15466,38.76497],[-9.15403,38.76497],[-9.1534,38.76457],[-9.15334,38.76504],[-9.15277,38.76523],[-9.15214,38.76517],[-9.15189,38.76504],[-9.15184,38.76441],[-9.15151,38.76416],[-9.15088,38.76416],[-9.15035,38.76378],[-9.15042,38.76315],[-9.15025,38.76269],[-9.14962,38.76283]],[[-9.1534,38.76634],[-9.15352,38.7663],[-9.1534,38.7662],[-9.15333,38.7663],[-9.1534,38.76634]],[[-9.15466,38.76269],[-9.15498,38.76252],[-9.15466,38.76232],[-9.15403,38.76232],[-9.1534,38.76242],[-9.15277,38.76214],[-9.1523,38.76252],[-9.15253,38.76315],[-9.15277,38.76375],[-9.15303,38.76315],[-9.1534,38.76267],[-9.15403,38.76269],[-9.15466,38.76269]],[[-9.15056,38.76],[-9.15088,38.76033],[-9.15151,38.76033],[-9.15178,38.76],[-9.15151,38.75963],[-9.15088,38.75963],[-9.15056,38.76]],[[-9.1483,38.76126],[-9.14835,38.76133],[-9.14898,38.76133],[-9.14906,38.76126],[-9.14898,38.76119],[-9.14835,38.76119],[-9.1483,38.76126]],[[-9.14831,38.75621],[-9.14835,38.75625],[-9.14898,38.75625],[-9.14904,38.75621],[-9.14898,38.75612],[-9.14835,38.75612],[-9.14831,38.75621]],[[-9.16917,38.76286],[-9.1698,38.76277],[-9.17043,38.76277],[-9.17069,38.76252],[-9.17043,38.76222],[-9.1698,38.76191],[-9.16917,38.76205],[-9.16854,38.76205],[-9.16833,38.76252],[-9.16854,38.76286],[-9.16917,38.76286]],[[-9.16728,38.76329],[-9.16757,38.76315],[-9.16728,38.76272],[-9.16718,38.76315],[-9.16728,38.76329]],[[-9.16665,38.76324],[-9.16676,38.76315],[-9.16665,38.76301],[-9.16652,38.76315],[-9.16665,38.76324]],[[-9.16529,38.76252],[-9.16538,38.76266],[-9.16601,38.76266],[-9.16617,38.76252],[-9.16633,38.76189],[-9.16601,38.76184],[-9.16538,38.76184],[-9.16475,38.76179],[-9.16471,38.76189],[-9.16475,38.76192],[-9.16529,38.76252]],[[-9.16278,38.76252],[-9.16286,38.76262],[-9.16349,38.76262],[-9.16359,38.76252],[-9.16349,38.76235],[-9.16286,38.76235],[-9.16278,38.76252]],[[-9.16086,38.75937],[-9.16083,38.76],[-9.16097,38.76004],[-9.16108,38.76],[-9.16109,38.75937],[-9.16097,38.75925],[-9.16086,38.75937]],[[-9.15523,38.75747],[-9.15529,38.7575],[-9.15592,38.75755],[-9.156,38.75747],[-9.15592,38.75716],[-9.15529,38.75739],[-9.15523,38.75747]],[[-9.15529,38.75993],[-9.15543,38.75937],[-9.15529,38.75929],[-9.15513,38.75937],[-9.15529,38.75993]],[[-9.15397,38.76126],[-9.15403,38.76129],[-9.15466,38.76129],[-9.15474,38.76126],[-9.15478,38.76063],[-9.15524,38.76],[-9.15466,38.7598],[-9.15403,38.7598],[-9.15365,38.76],[-9.15395,38.76063],[-9.15397,38.76126]],[[-9.15277,38.7595],[-9.15293,38.75937],[-9.15282,38.75873],[-9.15277,38.75865],[-9.15227,38.7581],[-9.15277,38.75764],[-9.15291,38.75747],[-9.15277,38.7573],[-9.15214,38.75712],[-9.15182,38.75747],[-9.15205,38.7581],[-9.15191,38.75873],[-9.15214,38.75888],[-9.15267,38.75937],[-9.15277,38.7595]],[[-9.16707,38.76126],[-9.16672,38.76189],[-9.16728,38.76218],[-9.1677,38.76189],[-9.16765,38.76126],[-9.16728,38.76108],[-9.16707,38.76126]],[[-9.16538,38.76106],[-9.16527,38.76126],[-9.16538,38.76131],[-9.16601,38.76131],[-9.16665,38.76132],[-9.16668,38.76126],[-9.16665,38.76106],[-9.16601,38.76106],[-9.16538,38.76106]],[[-9.15529,38.75631],[-9.15545,38.75621],[-9.15529,38.75607],[-9.1552,38.75621],[-9.15529,38.75631]],[[-9.15468,38.7581],[-9.15512,38.75873],[-9.15529,38.75889],[-9.15581,38.75873],[-9.15575,38.7581],[-9.15529,38.75786],[-9.15468,38.7581]],[[-9.15401,38.75873],[-9.15403,38.75876],[-9.15466,38.75876],[-9.15467,38.75873],[-9.15466,38.75872],[-9.15403,38.75872],[-9.15401,38.75873]],[[-9.15194,38.75621],[-9.15214,38.75644],[-9.15277,38.75651],[-9.15305,38.75621],[-9.15277,38.75588],[-9.15214,38.75571],[-9.15194,38.75621]],[[-9.16728,38.76075],[-9.16746,38.76063],[-9.16728,38.76023],[-9.16688,38.76063],[-9.16728,38.76075]],[[-9.1537,38.75558],[-9.15403,38.7558],[-9.15466,38.7558],[-9.15495,38.75558],[-9.15466,38.75536],[-9.15403,38.75536],[-9.1537,38.75558]]],[[[-9.15655,38.76066],[-9.15718,38.7611],[-9.15782,38.7611],[-9.15786,38.76126],[-9.15782,38.76145],[-9.15718,38.76145],[-9.15655,38.76152],[-9.15616,38.76126],[-9.15655,38.76066]]],[[[-9.15908,38.7611],[-9.15909,38.76126],[-9.15908,38.76136],[-9.15906,38.76126],[-9.15908,38.7611]]],[[[-9.15971,38.76175],[-9.16034,38.76175],[-9.16077,38.76189],[-9.16034,38.76232],[-9.15971,38.76232],[-9.15927,38.76189],[-9.15971,38.76175]]],[[[-9.15908,38.76349],[-9.15878,38.76315],[-9.15908,38.76269],[-9.15932,38.76315],[-9.15908,38.76349]]],[[[-9.15655,38.76309],[-9.15718,38.76304],[-9.15782,38.76304],[-9.15802,38.76315],[-9.15782,38.76352],[-9.15718,38.76352],[-9.15655,38.76339],[-9.1565,38.76315],[-9.15655,38.76309]]],[[[-9.16099,38.76441],[-9.16099,38.76504],[-9.16097,38.76506],[-9.16096,38.76504],[-9.16095,38.76441],[-9.16097,38.76438],[-9.16099,38.76441]]],[[[-9.1616,38.766],[-9.16132,38.76567],[-9.1616,38.76537],[-9.16203,38.76567],[-9.1616,38.766]]],[[[-9.15782,38.76555],[-9.1579,38.76567],[-9.15782,38.76583],[-9.15718,38.76583],[-9.15703,38.76567],[-9.15718,38.76555],[-9.15782,38.76555]]],[[[-9.15908,38.76563],[-9.15911,38.76567],[-9.15908,38.76583],[-9.15899,38.76567],[-9.15908,38.76563]]],[[[-9.15082,38.76567],[-9.15088,38.76558],[-9.15151,38.76558],[-9.15155,38.76567],[-9.15155,38.7663],[-9.15151,38.76632],[-9.15088,38.76632],[-9.15085,38.7663],[-9.15082,38.76567]]],[[[-9.15655,38.76646],[-9.15652,38.7663],[-9.15655,38.76615],[-9.15671,38.7663],[-9.15655,38.76646]]],[[[-9.16215,38.7663],[-9.16223,38.76617],[-9.16286,38.76626],[-9.16349,38.76626],[-9.16399,38.76567],[-9.16412,38.76553],[-9.16431,38.76567],[-9.16433,38.7663],[-9.16434,38.76693],[-9.16427,38.76756],[-9.16412,38.76769],[-9.16349,38.76793],[-9.16286,38.76793],[-9.16223,38.76797],[-9.1616,38.76773],[-9.16127,38.76756],[-9.1616,38.76732],[-9.16204,38.76693],[-9.16215,38.7663]],[[-9.16286,38.76754],[-9.16281,38.76756],[-9.16286,38.76759],[-9.16349,38.76759],[-9.16354,38.76756],[-9.16349,38.76754],[-9.16286,38.76754]],[[-9.16286,38.76635],[-9.16243,38.76693],[-9.16286,38.76721],[-9.16349,38.76721],[-9.16403,38.76693],[-9.16349,38.76635],[-9.16286,38.76635]]],[[[-9.1534,38.76774],[-9.15322,38.76756],[-9.1534,38.76726],[-9.15362,38.76756],[-9.1534,38.76774]]],[[[-9.14898,38.76741],[-9.14928,38.76756],[-9.14898,38.76769],[-9.14835,38.76769],[-9.14819,38.76756],[-9.14835,38.76741],[-9.14898,38.76741]]],[[[-9.15845,38.76713],[-9.15908,38.76712],[-9.15971,38.76722],[-9.16034,38.76722],[-9.16053,38.76756],[-9.16034,38.76776],[-9.15971,38.76776],[-9.15908,38.76801],[-9.15845,38.76783],[-9.15783,38.7682],[-9.15782,38.76826],[-9.15718,38.76847],[-9.15655,38.76847],[-9.15637,38.7682],[-9.15655,38.76788],[-9.15718,38.76788],[-9.15729,38.76756],[-9.15782,38.76704],[-9.15845,38.76713]]],[[[-9.15908,38.76911],[-9.15878,38.76883],[-9.15908,38.76839],[-9.15968,38.76883],[-9.15908,38.76911]]],[[[-9.16229,38.76946],[-9.16223,38.7695],[-9.16219,38.76946],[-9.16223,38.76941],[-9.16229,38.76946]]],[[[-9.15917,38.77135],[-9.15962,38.77072],[-9.15971,38.77063],[-9.16034,38.77063],[-9.16071,38.77072],[-9.1609,38.77135],[-9.16097,38.77141],[-9.16129,38.77198],[-9.16097,38.7723],[-9.16052,38.77198],[-9.16034,38.77179],[-9.15971,38.77179],[-9.15917,38.77135]]],[[[-9.15151,38.77264],[-9.15088,38.77264],[-9.15085,38.77261],[-9.15063,38.77198],[-9.15078,38.77135],[-9.15088,38.77094],[-9.15151,38.77094],[-9.15214,38.77125],[-9.15277,38.77114],[-9.15308,38.77135],[-9.15277,38.77168],[-9.15248,38.77198],[-9.15214,38.77254],[-9.15182,38.77261],[-9.15151,38.77264]]],[[[-9.15347,38.77198],[-9.15353,38.77261],[-9.1534,38.77278],[-9.15293,38.77261],[-9.15332,38.77198],[-9.1534,38.77191],[-9.15347,38.77198]]],[[[-9.15782,38.77265],[-9.15779,38.77261],[-9.15782,38.77252],[-9.15786,38.77261],[-9.15782,38.77265]]],[[[-9.15592,38.77236],[-9.15602,38.77261],[-9.15592,38.77287],[-9.15573,38.77261],[-9.15592,38.77236]]],[[[-9.15214,38.77326],[-9.15213,38.77324],[-9.15214,38.77308],[-9.15216,38.77324],[-9.15214,38.77326]]],[[[-9.1503,38.77324],[-9.15025,38.77329],[-9.1501,38.77324],[-9.15025,38.77318],[-9.1503,38.77324]]],[[[-9.15592,38.77433],[-9.15611,38.7745],[-9.15592,38.77475],[-9.15571,38.7745],[-9.15592,38.77433]]],[[[-9.15277,38.77522],[-9.1526,38.77513],[-9.15277,38.77508],[-9.15289,38.77513],[-9.15277,38.77522]]],[[[-9.15923,38.77576],[-9.15908,38.77577],[-9.15905,38.77576],[-9.15908,38.77573],[-9.15923,38.77576]]],[[[-9.16412,38.7814],[-9.16416,38.78144],[-9.16412,38.78151],[-9.16403,38.78144],[-9.16412,38.7814]]],[[[-9.14331,38.7062],[-9.1434,38.70638],[-9.14331,38.70647],[-9.14268,38.70647],[-9.14231,38.70638],[-9.14268,38.7062],[-9.14331,38.7062]]],[[[-9.12817,38.70962],[-9.12754,38.70976],[-9.12728,38.70954],[-9.12691,38.7092],[-9.12659,38.70891],[-9.12691,38.70891],[-9.12754,38.70828],[-9.12817,38.70828],[-9.1288,38.70828],[-9.12908,38.70828],[-9.12943,38.70891],[-9.12884,38.70954],[-9.1288,38.70962],[-9.12817,38.70962]]],[[[-9.14142,38.70875],[-9.14147,38.70891],[-9.14152,38.70954],[-9.14169,38.71017],[-9.14142,38.71041],[-9.14114,38.71017],[-9.1414,38.70954],[-9.14135,38.70891],[-9.14142,38.70875]]],[[[-9.14331,38.70987],[-9.1437,38.71017],[-9.14331,38.71041],[-9.14268,38.71041],[-9.14253,38.71017],[-9.14268,38.70987],[-9.14331,38.70987]]],[[[-9.12565,38.71024],[-9.12502,38.71024],[-9.12495,38.71024],[-9.12502,38.71017],[-9.12511,38.71007],[-9.12565,38.71007],[-9.12628,38.71012],[-9.12629,38.71017],[-9.12628,38.71018],[-9.12565,38.71024]]],[[[-9.12565,38.71191],[-9.12592,38.71206],[-9.12565,38.71259],[-9.12502,38.71259],[-9.1246,38.71206],[-9.12502,38.71191],[-9.12565,38.71191]]],[[[-9.12687,38.71395],[-9.12691,38.71364],[-9.12692,38.71395],[-9.12692,38.71458],[-9.12691,38.71474],[-9.12687,38.71458],[-9.12687,38.71395]]],[[[-9.12376,38.71539],[-9.12349,38.71521],[-9.12376,38.715],[-9.12439,38.71474],[-9.12502,38.71462],[-9.12565,38.71462],[-9.12605,38.71521],[-9.12595,38.71584],[-9.12565,38.71641],[-9.12502,38.71641],[-9.12466,38.71584],[-9.12439,38.71565],[-9.12376,38.71539]]],[[[-9.12565,38.71659],[-9.12628,38.71665],[-9.12686,38.71711],[-9.12628,38.71729],[-9.12565,38.7174],[-9.12502,38.7174],[-9.12439,38.71756],[-9.12408,38.71711],[-9.12439,38.71676],[-9.12502,38.71659],[-9.12565,38.71659]]],[[[-9.12628,38.71872],[-9.12604,38.71837],[-9.12628,38.71823],[-9.12648,38.71837],[-9.12628,38.71872]]],[[[-9.12707,38.719],[-9.12694,38.71963],[-9.12691,38.71967],[-9.12689,38.71963],[-9.12655,38.719],[-9.12691,38.7188],[-9.12707,38.719]]],[[[-9.12502,38.72146],[-9.12565,38.72146],[-9.12628,38.72125],[-9.12658,38.72152],[-9.12628,38.72183],[-9.12565,38.72162],[-9.12502,38.72162],[-9.12494,38.72152],[-9.12502,38.72146]]],[[[-9.13574,38.72478],[-9.13573,38.72468],[-9.13574,38.72466],[-9.13576,38.72468],[-9.13574,38.72478]]],[[[-9.12489,38.72594],[-9.12502,38.72554],[-9.12565,38.72554],[-9.12579,38.72594],[-9.12565,38.72599],[-9.12502,38.72599],[-9.12489,38.72594]]],[[[-9.12654,38.74044],[-9.12628,38.74078],[-9.12599,38.74044],[-9.12628,38.74016],[-9.12654,38.74044]]],[[[-9.12565,38.74082],[-9.12594,38.74107],[-9.12565,38.74122],[-9.12502,38.74122],[-9.1247,38.74107],[-9.12502,38.74082],[-9.12565,38.74082]]],[[[-9.12754,38.74092],[-9.12775,38.74107],[-9.12754,38.74139],[-9.12704,38.7417],[-9.12691,38.74197],[-9.12687,38.7417],[-9.12689,38.74107],[-9.12691,38.74106],[-9.12754,38.74092]]],[[[-9.12943,38.74313],[-9.12924,38.74297],[-9.12943,38.74279],[-9.12961,38.74297],[-9.12943,38.74313]]],[[[-9.13322,38.74307],[-9.13352,38.7436],[-9.13322,38.7441],[-9.13259,38.74372],[-9.13246,38.7436],[-9.13259,38.74328],[-9.13322,38.74307]]],[[[-9.13448,38.74463],[-9.13458,38.74486],[-9.13448,38.74508],[-9.13385,38.74508],[-9.13367,38.74486],[-9.13385,38.74463],[-9.13448,38.74463]]],[[[-9.13048,38.74486],[-9.13069,38.74467],[-9.13132,38.74467],[-9.13164,38.74486],[-9.13132,38.74505],[-9.13069,38.74505],[-9.13048,38.74486]]],[[[-9.1329,38.74486],[-9.13259,38.7452],[-9.13221,38.74486],[-9.13259,38.74466],[-9.1329,38.74486]]],[[[-9.12943,38.74511],[-9.1293,38.74486],[-9.12943,38.74476],[-9.12971,38.74486],[-9.12943,38.74511]]],[[[-9.13448,38.74584],[-9.13468,38.74549],[-9.13511,38.74522],[-9.13557,38.74549],[-9.13557,38.74612],[-9.13574,38.74632],[-9.13598,38.74675],[-9.13632,38.74738],[-9.13621,38.74801],[-9.1362,38.74864],[-9.13574,38.74892],[-9.13511,38.74917],[-9.13448,38.74908],[-9.13385,38.74908],[-9.13322,38.74883],[-9.13297,38.74864],[-9.13322,38.74805],[-9.13323,38.74801],[-9.13322,38.74797],[-9.1329,38.74801],[-9.13259,38.74804],[-9.13196,38.74823],[-9.1317,38.74801],[-9.13196,38.74778],[-9.13229,38.74738],[-9.13214,38.74675],[-9.13259,38.7462],[-9.13301,38.74675],[-9.13322,38.74722],[-9.13385,38.74717],[-9.13448,38.74717],[-9.13483,38.74675],[-9.13448,38.74622],[-9.13385,38.74622],[-9.1336,38.74612],[-9.13385,38.74584],[-9.13448,38.74584]],[[-9.1351,38.74801],[-9.13511,38.74805],[-9.13527,38.74801],[-9.13511,38.74797],[-9.1351,38.74801]],[[-9.13244,38.74675],[-9.13259,38.747],[-9.13273,38.74675],[-9.13259,38.74657],[-9.13244,38.74675]]],[[[-9.12313,38.74798],[-9.12376,38.74755],[-9.12409,38.74801],[-9.12376,38.74844],[-9.12315,38.74864],[-9.12313,38.7487],[-9.12309,38.74864],[-9.1231,38.74801],[-9.12313,38.74798]]],[[[-9.13783,38.74864],[-9.13763,38.74879],[-9.13728,38.74864],[-9.13763,38.74817],[-9.13783,38.74864]]],[[[-9.13259,38.7492],[-9.13264,38.74927],[-9.13259,38.74932],[-9.13252,38.74927],[-9.13259,38.7492]]],[[[-9.13006,38.75024],[-9.12954,38.7499],[-9.13006,38.74931],[-9.13035,38.7499],[-9.13006,38.75024]]],[[[-9.14496,38.7499],[-9.1452,38.7496],[-9.14583,38.7496],[-9.14646,38.74973],[-9.14658,38.7499],[-9.14646,38.74998],[-9.14583,38.75036],[-9.1452,38.75036],[-9.14496,38.7499]]],[[[-9.13172,38.75054],[-9.13196,38.75037],[-9.13225,38.75054],[-9.13259,38.7509],[-9.13314,38.75054],[-9.13322,38.75043],[-9.13326,38.75054],[-9.13341,38.75117],[-9.13322,38.75133],[-9.13259,38.75156],[-9.13196,38.75143],[-9.13164,38.75117],[-9.13172,38.75054]]],[[[-9.14477,38.75243],[-9.14465,38.75306],[-9.14457,38.75308],[-9.14451,38.75306],[-9.1442,38.75243],[-9.14457,38.7523],[-9.14477,38.75243]]],[[[-9.13259,38.75362],[-9.13293,38.75369],[-9.13259,38.75381],[-9.13196,38.75391],[-9.13176,38.75369],[-9.13187,38.75306],[-9.13181,38.75243],[-9.13196,38.75202],[-9.13218,38.75243],[-9.13201,38.75306],[-9.13259,38.75362]]],[[[-9.12439,38.75308],[-9.12436,38.75306],[-9.12439,38.75302],[-9.12442,38.75306],[-9.12439,38.75308]]],[[[-9.14205,38.75207],[-9.14246,38.75243],[-9.14244,38.75306],[-9.14253,38.75369],[-9.14205,38.75412],[-9.14179,38.75369],[-9.14142,38.75335],[-9.14099,38.75306],[-9.14142,38.75271],[-9.14181,38.75243],[-9.14205,38.75207]]],[[[-9.13353,38.75306],[-9.13322,38.75322],[-9.1332,38.75306],[-9.13322,38.75299],[-9.13353,38.75306]]],[[[-9.14068,38.75369],[-9.14016,38.75432],[-9.14015,38.75434],[-9.13952,38.75434],[-9.13951,38.75432],[-9.13889,38.7539],[-9.13839,38.75369],[-9.13889,38.75349],[-9.13952,38.75341],[-9.14015,38.75341],[-9.14068,38.75369]]],[[[-9.13006,38.7544],[-9.12997,38.75432],[-9.13006,38.75408],[-9.13033,38.75432],[-9.13006,38.7544]]],[[[-9.14457,38.754],[-9.1452,38.754],[-9.14583,38.754],[-9.14595,38.75432],[-9.14583,38.75463],[-9.1452,38.75463],[-9.14457,38.7546],[-9.14405,38.75432],[-9.14457,38.754]]],[[[-9.13746,38.75369],[-9.13762,38.75306],[-9.13753,38.75243],[-9.13753,38.7518],[-9.13763,38.75153],[-9.13774,38.7518],[-9.13771,38.75243],[-9.13795,38.75306],[-9.13804,38.75369],[-9.13826,38.75395],[-9.13836,38.75432],[-9.13826,38.75452],[-9.13774,38.75495],[-9.13826,38.75521],[-9.13863,38.75558],[-9.13826,38.75586],[-9.13763,38.75595],[-9.1371,38.75621],[-9.13712,38.75684],[-9.137,38.75724],[-9.13637,38.75724],[-9.13616,38.75747],[-9.13637,38.75765],[-9.13651,38.7581],[-9.13637,38.75866],[-9.13574,38.7584],[-9.13532,38.7581],[-9.13545,38.75747],[-9.1354,38.75684],[-9.13574,38.75658],[-9.13629,38.75621],[-9.13623,38.75558],[-9.13574,38.75507],[-9.13536,38.75558],[-9.13511,38.75611],[-9.13458,38.75558],[-9.1346,38.75495],[-9.13448,38.75466],[-9.13385,38.75466],[-9.13371,38.75432],[-9.13385,38.75395],[-9.13448,38.75395],[-9.13458,38.75369],[-9.13457,38.75306],[-9.13511,38.75261],[-9.1356,38.75306],[-9.13568,38.75369],[-9.13574,38.75374],[-9.13621,38.75432],[-9.13637,38.75463],[-9.137,38.75463],[-9.13754,38.75432],[-9.13746,38.75369]],[[-9.13575,38.75432],[-9.13574,38.75431],[-9.13573,38.75432],[-9.13574,38.75434],[-9.13575,38.75432]],[[-9.13529,38.75432],[-9.13511,38.75412],[-9.13472,38.75432],[-9.13511,38.75452],[-9.13529,38.75432]]],[[[-9.14081,38.75495],[-9.1408,38.75558],[-9.14079,38.75559],[-9.14077,38.75558],[-9.14074,38.75495],[-9.14079,38.75492],[-9.14081,38.75495]]],[[[-9.1378,38.75747],[-9.1381,38.75684],[-9.13826,38.75671],[-9.13842,38.75684],[-9.13873,38.75747],[-9.13826,38.75783],[-9.1378,38.75747]]],[[[-9.14646,38.75724],[-9.14658,38.75747],[-9.14646,38.75752],[-9.14583,38.75756],[-9.1452,38.75756],[-9.14457,38.75756],[-9.14445,38.75747],[-9.14457,38.75741],[-9.1452,38.75728],[-9.14583,38.75728],[-9.14646,38.75724]]],[[[-9.13448,38.75795],[-9.13465,38.7581],[-9.13448,38.75819],[-9.13385,38.75815],[-9.13378,38.7581],[-9.13385,38.75803],[-9.13448,38.75795]]],[[[-9.14077,38.7581],[-9.14079,38.7581],[-9.14079,38.75873],[-9.14079,38.75874],[-9.14077,38.75873],[-9.14077,38.7581]]],[[[-9.1452,38.75934],[-9.14583,38.75934],[-9.14646,38.75905],[-9.14696,38.75937],[-9.14646,38.75952],[-9.14583,38.75939],[-9.1452,38.75939],[-9.14515,38.75937],[-9.1452,38.75934]]],[[[-9.13511,38.75942],[-9.13508,38.75937],[-9.13511,38.75929],[-9.13518,38.75937],[-9.13511,38.75942]]],[[[-9.14015,38.7612],[-9.14019,38.76126],[-9.14015,38.76133],[-9.13952,38.76133],[-9.1394,38.76126],[-9.13952,38.7612],[-9.14015,38.7612]]],[[[-9.12698,38.76504],[-9.12754,38.76462],[-9.12817,38.76462],[-9.12843,38.76504],[-9.12843,38.76567],[-9.12817,38.76624],[-9.12754,38.76624],[-9.12691,38.76569],[-9.1269,38.76567],[-9.12691,38.76557],[-9.12698,38.76504]]],[[[-9.12754,38.76683],[-9.12817,38.76683],[-9.1288,38.76641],[-9.12891,38.76693],[-9.1288,38.76711],[-9.12817,38.76704],[-9.12754,38.76704],[-9.12753,38.76693],[-9.12754,38.76683]]],[[[-9.137,38.76814],[-9.13718,38.7682],[-9.137,38.76859],[-9.13637,38.76859],[-9.13625,38.7682],[-9.13637,38.76814],[-9.137,38.76814]]],[[[-9.12249,38.76805],[-9.12313,38.76767],[-9.12365,38.7682],[-9.12333,38.76883],[-9.12376,38.76925],[-9.12406,38.76883],[-9.12439,38.76841],[-9.125,38.76883],[-9.12439,38.7693],[-9.12412,38.76946],[-9.12376,38.76979],[-9.12313,38.76954],[-9.12303,38.76946],[-9.12286,38.76883],[-9.12249,38.76835],[-9.12186,38.76835],[-9.12142,38.7682],[-9.12186,38.76805],[-9.12249,38.76805]]],[[[-9.13278,38.76693],[-9.13259,38.76675],[-9.13217,38.7663],[-9.13196,38.76588],[-9.13132,38.76594],[-9.13069,38.76594],[-9.13027,38.76567],[-9.13069,38.76509],[-9.13132,38.76509],[-9.13196,38.76548],[-9.13239,38.76504],[-9.13196,38.76484],[-9.13145,38.76441],[-9.13196,38.76384],[-9.13259,38.76385],[-9.13308,38.76441],[-9.13322,38.76469],[-9.13385,38.76504],[-9.13448,38.76504],[-9.13511,38.76455],[-9.13524,38.76441],[-9.13532,38.76378],[-9.13574,38.76357],[-9.13619,38.76315],[-9.13637,38.76292],[-9.137,38.76292],[-9.13738,38.76315],[-9.13763,38.76345],[-9.13791,38.76315],[-9.13814,38.76252],[-9.13826,38.76243],[-9.13889,38.76236],[-9.13903,38.76252],[-9.13952,38.76299],[-9.14015,38.76299],[-9.14044,38.76315],[-9.14022,38.76378],[-9.14015,38.76414],[-9.13952,38.76414],[-9.13929,38.76441],[-9.13952,38.76453],[-9.14015,38.76449],[-9.14079,38.76477],[-9.14109,38.76441],[-9.14142,38.76424],[-9.14179,38.76441],[-9.14142,38.76478],[-9.1411,38.76504],[-9.14142,38.76518],[-9.14168,38.76567],[-9.14142,38.76602],[-9.14113,38.7663],[-9.14142,38.76664],[-9.14205,38.76679],[-9.14268,38.76679],[-9.14304,38.76693],[-9.14268,38.76705],[-9.14205,38.76705],[-9.14142,38.7672],[-9.1411,38.76693],[-9.14079,38.76667],[-9.14031,38.7663],[-9.14015,38.766],[-9.13952,38.76599],[-9.13934,38.7663],[-9.13926,38.76693],[-9.13909,38.76756],[-9.13932,38.7682],[-9.13916,38.76883],[-9.13914,38.76946],[-9.13889,38.76976],[-9.13877,38.77009],[-9.13826,38.77048],[-9.13763,38.77069],[-9.13761,38.77072],[-9.13763,38.77095],[-9.13826,38.77112],[-9.13839,38.77135],[-9.13827,38.77198],[-9.13833,38.77261],[-9.13826,38.77267],[-9.13819,38.77261],[-9.13763,38.77203],[-9.13743,38.77198],[-9.137,38.77175],[-9.13637,38.77175],[-9.13624,38.77198],[-9.13602,38.77261],[-9.13574,38.77302],[-9.13511,38.7732],[-9.13448,38.77286],[-9.13385,38.77286],[-9.1334,38.77324],[-9.13385,38.77373],[-9.13448,38.77373],[-9.13457,38.77387],[-9.13448,38.77396],[-9.13385,38.77396],[-9.13358,38.7745],[-9.13385,38.77479],[-9.13448,38.77479],[-9.13501,38.77513],[-9.13454,38.77576],[-9.13448,38.77586],[-9.13385,38.77586],[-9.13344,38.77576],[-9.13356,38.77513],[-9.13322,38.77481],[-9.13274,38.7745],[-9.13312,38.77387],[-9.13313,38.77324],[-9.13259,38.77278],[-9.13242,38.77261],[-9.13259,38.77244],[-9.13294,38.77198],[-9.13294,38.77135],[-9.13289,38.77072],[-9.13259,38.77017],[-9.13249,38.77009],[-9.13259,38.76998],[-9.13299,38.76946],[-9.13284,38.76883],[-9.13259,38.76827],[-9.13248,38.7682],[-9.13255,38.76756],[-9.13259,38.76748],[-9.13263,38.76756],[-9.13322,38.76786],[-9.13356,38.76756],[-9.13322,38.76727],[-9.13278,38.76693]],[[-9.13196,38.76445],[-9.13248,38.76441],[-9.13196,38.76436],[-9.13191,38.76441],[-9.13196,38.76445]],[[-9.14079,38.76573],[-9.14084,38.76567],[-9.14079,38.76551],[-9.14066,38.76567],[-9.14079,38.76573]],[[-9.13889,38.76828],[-9.13892,38.7682],[-9.13889,38.76811],[-9.13876,38.7682],[-9.13889,38.76828]],[[-9.13749,38.7663],[-9.13763,38.76612],[-9.13826,38.76603],[-9.1385,38.76567],[-9.13826,38.76529],[-9.13795,38.76504],[-9.13763,38.76473],[-9.13716,38.76504],[-9.137,38.76533],[-9.13637,38.76533],[-9.13574,38.76538],[-9.13519,38.76567],[-9.13511,38.76571],[-9.13462,38.7663],[-9.13476,38.76693],[-9.13511,38.76749],[-9.13515,38.76756],[-9.13511,38.7676],[-9.13464,38.7682],[-9.13448,38.76836],[-9.13385,38.76836],[-9.13322,38.76867],[-9.1332,38.76883],[-9.13322,38.76888],[-9.13351,38.76946],[-9.13322,38.7699],[-9.13307,38.77009],[-9.13322,38.77067],[-9.13323,38.77072],[-9.13385,38.77121],[-9.13448,38.77121],[-9.13462,38.77135],[-9.13464,38.77198],[-9.1349,38.77261],[-9.13511,38.77277],[-9.13531,38.77261],[-9.13564,38.77198],[-9.13565,38.77135],[-9.13574,38.77118],[-9.13637,38.77108],[-9.137,38.77108],[-9.13728,38.77072],[-9.137,38.77024],[-9.13637,38.77024],[-9.13574,38.77034],[-9.1356,38.77009],[-9.13574,38.76968],[-9.13629,38.76946],[-9.13637,38.7693],[-9.137,38.7693],[-9.13702,38.76946],[-9.13733,38.77009],[-9.13763,38.77021],[-9.13814,38.77009],[-9.13799,38.76946],[-9.13778,38.76883],[-9.13797,38.7682],[-9.13785,38.76756],[-9.13826,38.7672],[-9.13867,38.76693],[-9.13826,38.76667],[-9.13763,38.76654],[-9.13749,38.7663]],[[-9.13889,38.76593],[-9.13929,38.76567],[-9.13889,38.76548],[-9.13879,38.76567],[-9.13889,38.76593]]],[[[-9.13511,38.77099],[-9.13483,38.77072],[-9.13511,38.77044],[-9.13552,38.77072],[-9.13511,38.77099]]],[[[-9.12439,38.77236],[-9.12461,38.77261],[-9.12439,38.77282],[-9.12399,38.77261],[-9.12439,38.77236]]],[[[-9.14394,38.77328],[-9.14383,38.77324],[-9.14394,38.77316],[-9.14399,38.77324],[-9.14394,38.77328]]],[[[-9.13196,38.77353],[-9.13235,38.77387],[-9.13213,38.7745],[-9.13196,38.77462],[-9.13182,38.7745],[-9.13173,38.77387],[-9.13196,38.77353]]],[[[-9.13006,38.77538],[-9.12984,38.77513],[-9.13006,38.77488],[-9.13043,38.77513],[-9.13006,38.77538]]],[[[-9.13015,38.77639],[-9.13069,38.77689],[-9.13132,38.77689],[-9.13179,38.77639],[-9.13146,38.77576],[-9.13196,38.77556],[-9.13215,38.77576],[-9.13227,38.77639],[-9.13259,38.77676],[-9.13264,38.77703],[-9.13259,38.77725],[-9.13196,38.77759],[-9.13132,38.77716],[-9.13069,38.77716],[-9.13015,38.77766],[-9.13015,38.77829],[-9.13006,38.77839],[-9.12997,38.77829],[-9.13003,38.77766],[-9.12995,38.77703],[-9.13001,38.77639],[-9.13006,38.77635],[-9.13015,38.77639]]],[[[-9.12943,38.7792],[-9.12931,38.77892],[-9.12943,38.7788],[-9.12956,38.77892],[-9.12943,38.7792]]],[[[-9.13196,38.7791],[-9.13144,38.77955],[-9.13132,38.7796],[-9.13069,38.7796],[-9.13048,38.77955],[-9.13047,38.77892],[-9.13069,38.77872],[-9.13132,38.77872],[-9.13196,38.7788],[-9.13211,38.77892],[-9.13196,38.7791]]],[[[-9.12817,38.78063],[-9.12754,38.78059],[-9.12713,38.78018],[-9.12754,38.77995],[-9.12817,38.77991],[-9.12866,38.77955],[-9.1288,38.77924],[-9.12927,38.77955],[-9.12943,38.77977],[-9.12955,38.78018],[-9.12943,38.78028],[-9.1288,38.78031],[-9.12817,38.78063]]],[[[-9.13132,38.78128],[-9.13152,38.78144],[-9.13132,38.78159],[-9.13069,38.78159],[-9.13057,38.78144],[-9.13069,38.78128],[-9.13132,38.78128]]],[[[-9.12421,38.71206],[-9.12376,38.71224],[-9.1234,38.71269],[-9.12313,38.71293],[-9.12249,38.71295],[-9.12214,38.71269],[-9.12249,38.71269],[-9.12313,38.71206],[-9.12339,38.7118],[-9.12376,38.7118],[-9.12421,38.71206]]],[[[-9.12313,38.71957],[-9.12318,38.71963],[-9.12313,38.71977],[-9.12249,38.71977],[-9.12242,38.71963],[-9.12249,38.71957],[-9.12313,38.71957]]],[[[-9.11493,38.72645],[-9.11556,38.72653],[-9.1156,38.72657],[-9.1156,38.7272],[-9.11556,38.72729],[-9.11493,38.7273],[-9.11482,38.7272],[-9.11473,38.72657],[-9.11493,38.72645]]],[[[-9.11366,38.72782],[-9.11429,38.72782],[-9.11431,38.72783],[-9.11431,38.72846],[-9.11429,38.72852],[-9.11366,38.72852],[-9.11362,38.72846],[-9.11365,38.72783],[-9.11366,38.72782]]],[[[-9.11493,38.73012],[-9.11453,38.72972],[-9.11493,38.7295],[-9.11501,38.72972],[-9.11493,38.73012]]],[[[-9.11269,38.72972],[-9.11303,38.72942],[-9.11361,38.72972],[-9.11341,38.73035],[-9.11303,38.73067],[-9.11259,38.73035],[-9.11269,38.72972]]],[[[-9.11556,38.73087],[-9.11619,38.7307],[-9.11682,38.7307],[-9.11722,38.73098],[-9.11682,38.73143],[-9.11619,38.73143],[-9.11556,38.73113],[-9.11546,38.73098],[-9.11556,38.73087]]],[[[-9.1127,38.73161],[-9.1124,38.73211],[-9.11193,38.73161],[-9.1124,38.73108],[-9.1127,38.73161]]],[[[-9.11564,38.73287],[-9.11564,38.73351],[-9.11556,38.73354],[-9.11545,38.73351],[-9.11545,38.73287],[-9.11556,38.73278],[-9.11564,38.73287]]],[[[-9.11808,38.73399],[-9.11801,38.73414],[-9.11745,38.73461],[-9.11686,38.73414],[-9.11745,38.73357],[-9.11759,38.73351],[-9.11759,38.73287],[-9.11808,38.73269],[-9.11821,38.73287],[-9.11815,38.73351],[-9.11808,38.73399]]],[[[-9.11493,38.73425],[-9.11479,38.73414],[-9.11493,38.73382],[-9.11506,38.73414],[-9.11493,38.73425]]],[[[-9.11934,38.73445],[-9.11972,38.73477],[-9.11934,38.73522],[-9.11871,38.73523],[-9.11834,38.73477],[-9.11871,38.73449],[-9.11934,38.73445]]],[[[-9.12186,38.74024],[-9.12146,38.73981],[-9.12186,38.73942],[-9.12249,38.73942],[-9.12313,38.73942],[-9.12353,38.73981],[-9.12313,38.74026],[-9.12249,38.74024],[-9.12186,38.74024]]],[[[-9.10825,38.74864],[-9.10799,38.74824],[-9.10736,38.74824],[-9.10725,38.74801],[-9.1071,38.74738],[-9.10736,38.74694],[-9.10799,38.74694],[-9.10813,38.74675],[-9.1083,38.74612],[-9.10799,38.74565],[-9.10736,38.74565],[-9.10673,38.74577],[-9.1061,38.74567],[-9.10597,38.74549],[-9.1061,38.74536],[-9.10673,38.74532],[-9.1071,38.74486],[-9.10736,38.74461],[-9.10799,38.74461],[-9.10862,38.74464],[-9.10925,38.74432],[-9.10939,38.74423],[-9.10925,38.74413],[-9.10899,38.7436],[-9.10925,38.74308],[-9.10932,38.74297],[-9.1096,38.74234],[-9.10926,38.7417],[-9.10925,38.74169],[-9.10862,38.74165],[-9.10832,38.74107],[-9.10799,38.74078],[-9.10736,38.74078],[-9.10696,38.74044],[-9.10736,38.74005],[-9.10799,38.74005],[-9.10815,38.73981],[-9.10862,38.73935],[-9.10925,38.73955],[-9.10988,38.73957],[-9.11025,38.73918],[-9.10988,38.73866],[-9.10925,38.73896],[-9.10862,38.73864],[-9.10858,38.73855],[-9.10862,38.7385],[-9.10925,38.73807],[-9.10988,38.73838],[-9.11004,38.73792],[-9.10988,38.73781],[-9.10939,38.73729],[-9.10988,38.73696],[-9.11051,38.73711],[-9.11114,38.73711],[-9.11177,38.73695],[-9.11219,38.73729],[-9.1124,38.73742],[-9.11303,38.73791],[-9.11305,38.73792],[-9.11311,38.73855],[-9.11351,38.73918],[-9.11366,38.73928],[-9.11429,38.73928],[-9.11446,38.73918],[-9.11493,38.73908],[-9.11507,38.73918],[-9.11527,38.73981],[-9.11543,38.74044],[-9.11556,38.74085],[-9.11585,38.74107],[-9.11556,38.74163],[-9.11553,38.7417],[-9.11522,38.74234],[-9.11556,38.74268],[-9.11619,38.74252],[-9.11682,38.74252],[-9.11702,38.74234],[-9.11682,38.7417],[-9.11722,38.74107],[-9.11745,38.741],[-9.1178,38.74044],[-9.11808,38.74012],[-9.11869,38.73981],[-9.11869,38.73918],[-9.11871,38.73917],[-9.11934,38.7391],[-9.11973,38.73918],[-9.11984,38.73981],[-9.11934,38.73991],[-9.11874,38.74044],[-9.11917,38.74107],[-9.11934,38.7414],[-9.11997,38.7414],[-9.12026,38.7417],[-9.12055,38.74234],[-9.1206,38.74265],[-9.12073,38.74234],[-9.12123,38.74217],[-9.12145,38.74234],[-9.12123,38.74273],[-9.12079,38.74297],[-9.1206,38.7432],[-9.12049,38.7436],[-9.12017,38.74423],[-9.1206,38.74459],[-9.12123,38.74472],[-9.12127,38.74486],[-9.12148,38.74549],[-9.12166,38.74612],[-9.12186,38.74621],[-9.12249,38.74621],[-9.12263,38.74612],[-9.12287,38.74549],[-9.12313,38.74532],[-9.12342,38.74549],[-9.1235,38.74612],[-9.12356,38.74675],[-9.12313,38.74718],[-9.12253,38.74738],[-9.12249,38.74741],[-9.12186,38.74741],[-9.12178,38.74738],[-9.12123,38.74718],[-9.12095,38.74675],[-9.1206,38.74638],[-9.12023,38.74675],[-9.11997,38.74686],[-9.11934,38.74686],[-9.11916,38.74675],[-9.11871,38.74633],[-9.11808,38.74653],[-9.11745,38.74661],[-9.11718,38.74675],[-9.11723,38.74738],[-9.11745,38.74754],[-9.11808,38.7477],[-9.11818,38.74801],[-9.11827,38.74864],[-9.11808,38.74918],[-9.11794,38.74927],[-9.11745,38.74948],[-9.11682,38.74989],[-9.11619,38.74989],[-9.11587,38.7499],[-9.11556,38.74993],[-9.11527,38.75054],[-9.1155,38.75117],[-9.11556,38.75164],[-9.1156,38.7518],[-9.11576,38.75243],[-9.11556,38.7526],[-9.11541,38.75243],[-9.11493,38.75212],[-9.11443,38.7518],[-9.11446,38.75117],[-9.11431,38.75054],[-9.11429,38.75048],[-9.11366,38.75048],[-9.11309,38.7499],[-9.11303,38.74988],[-9.11301,38.7499],[-9.11301,38.75054],[-9.11303,38.75069],[-9.11317,38.75117],[-9.11357,38.7518],[-9.11303,38.75212],[-9.11258,38.75243],[-9.11261,38.75306],[-9.11284,38.75369],[-9.11303,38.75413],[-9.11311,38.75432],[-9.11303,38.75447],[-9.11289,38.75432],[-9.1124,38.75407],[-9.11177,38.75398],[-9.11146,38.75369],[-9.11114,38.75328],[-9.11051,38.75328],[-9.10988,38.75307],[-9.10986,38.75306],[-9.10988,38.75301],[-9.11051,38.75266],[-9.11114,38.75266],[-9.11131,38.75243],[-9.1112,38.7518],[-9.11117,38.75117],[-9.11114,38.75111],[-9.11051,38.75111],[-9.11045,38.75117],[-9.11041,38.7518],[-9.10988,38.7522],[-9.10969,38.7518],[-9.10925,38.75144],[-9.10888,38.75117],[-9.10888,38.75054],[-9.10925,38.75001],[-9.10938,38.7499],[-9.10958,38.74927],[-9.10925,38.7488],[-9.10862,38.7489],[-9.10825,38.74864]],[[-9.1124,38.75109],[-9.11209,38.75117],[-9.1124,38.75121],[-9.11244,38.75117],[-9.1124,38.75109]],[[-9.10988,38.75042],[-9.10978,38.75054],[-9.10988,38.7507],[-9.11003,38.75054],[-9.10988,38.75042]],[[-9.10862,38.74546],[-9.1083,38.74549],[-9.10862,38.74565],[-9.10864,38.74549],[-9.10862,38.74546]],[[-9.10925,38.74101],[-9.10914,38.74107],[-9.10925,38.74114],[-9.10934,38.74107],[-9.10925,38.74101]],[[-9.10862,38.7398],[-9.10861,38.73981],[-9.10862,38.73984],[-9.10864,38.73981],[-9.10862,38.7398]],[[-9.10925,38.73854],[-9.10924,38.73855],[-9.10925,38.73856],[-9.10926,38.73855],[-9.10925,38.73854]],[[-9.11871,38.74516],[-9.11843,38.74549],[-9.11871,38.74586],[-9.11905,38.74549],[-9.11871,38.74516]],[[-9.11808,38.74501],[-9.11828,38.74486],[-9.11871,38.74451],[-9.1192,38.74423],[-9.11871,38.74394],[-9.11808,38.7441],[-9.11745,38.74421],[-9.11741,38.74423],[-9.11745,38.74424],[-9.11798,38.74486],[-9.11808,38.74501]],[[-9.11745,38.74483],[-9.1172,38.74486],[-9.11745,38.74489],[-9.11747,38.74486],[-9.11745,38.74483]],[[-9.11682,38.74625],[-9.11688,38.74612],[-9.11682,38.74606],[-9.11619,38.74606],[-9.11614,38.74612],[-9.11619,38.74625],[-9.11682,38.74625]],[[-9.11556,38.74899],[-9.11529,38.74927],[-9.11556,38.74986],[-9.11572,38.74927],[-9.11556,38.74899]],[[-9.11429,38.74868],[-9.11435,38.74864],[-9.11429,38.74801],[-9.11366,38.74801],[-9.11354,38.74864],[-9.11366,38.74868],[-9.11429,38.74868]],[[-9.11303,38.75178],[-9.11302,38.7518],[-9.11303,38.7518],[-9.11304,38.7518],[-9.11303,38.75178]],[[-9.11154,38.74612],[-9.1113,38.74675],[-9.1116,38.74738],[-9.11114,38.74754],[-9.11051,38.74754],[-9.10996,38.74801],[-9.10988,38.7483],[-9.10964,38.74864],[-9.10988,38.74876],[-9.10999,38.74864],[-9.11051,38.74835],[-9.11114,38.74835],[-9.11177,38.74821],[-9.1124,38.74816],[-9.11255,38.74801],[-9.11288,38.74738],[-9.11285,38.74675],[-9.11303,38.74662],[-9.11366,38.74644],[-9.11429,38.74644],[-9.1147,38.74675],[-9.11483,38.74738],[-9.11493,38.74752],[-9.11512,38.74738],[-9.11506,38.74675],[-9.11493,38.74625],[-9.11485,38.74612],[-9.11429,38.74602],[-9.11366,38.74602],[-9.11303,38.74575],[-9.11261,38.74549],[-9.1124,38.74534],[-9.11221,38.74549],[-9.1124,38.74603],[-9.11244,38.74612],[-9.1124,38.74617],[-9.11225,38.74612],[-9.11177,38.74601],[-9.11154,38.74612]],[[-9.11871,38.74307],[-9.11886,38.74297],[-9.11871,38.74274],[-9.11808,38.74277],[-9.11788,38.74297],[-9.11808,38.74314],[-9.11871,38.74307]],[[-9.11556,38.74328],[-9.11528,38.7436],[-9.11556,38.74394],[-9.11611,38.7436],[-9.11556,38.74328]],[[-9.11493,38.74469],[-9.11483,38.74486],[-9.11493,38.74502],[-9.11511,38.74486],[-9.11493,38.74469]],[[-9.11429,38.74514],[-9.11449,38.74486],[-9.11429,38.7445],[-9.11366,38.7445],[-9.11303,38.74486],[-9.11366,38.74514],[-9.11429,38.74514]],[[-9.11303,38.74421],[-9.113,38.74423],[-9.11303,38.74424],[-9.11306,38.74423],[-9.11303,38.74421]],[[-9.1124,38.74279],[-9.11219,38.74297],[-9.1124,38.74312],[-9.11265,38.74297],[-9.1124,38.74279]],[[-9.11051,38.74065],[-9.11114,38.74076],[-9.11177,38.7407],[-9.11194,38.74044],[-9.11177,38.74022],[-9.11114,38.74014],[-9.11051,38.74026],[-9.11029,38.74044],[-9.11051,38.74065]],[[-9.10988,38.7467],[-9.10977,38.74675],[-9.10988,38.74682],[-9.10995,38.74675],[-9.10988,38.7467]],[[-9.11493,38.74276],[-9.11465,38.74297],[-9.11493,38.74315],[-9.11514,38.74297],[-9.11493,38.74276]],[[-9.11429,38.74375],[-9.11455,38.7436],[-9.11429,38.74346],[-9.11366,38.74346],[-9.11355,38.7436],[-9.11366,38.74375],[-9.11429,38.74375]],[[-9.11303,38.74161],[-9.11291,38.7417],[-9.11303,38.74187],[-9.11312,38.7417],[-9.11303,38.74161]],[[-9.10988,38.74619],[-9.11014,38.74612],[-9.10988,38.746],[-9.10925,38.74601],[-9.10881,38.74612],[-9.10925,38.74625],[-9.10988,38.74619]],[[-9.11493,38.74073],[-9.115,38.74044],[-9.11498,38.73981],[-9.11493,38.73969],[-9.11477,38.73981],[-9.11475,38.74044],[-9.11493,38.74073]],[[-9.11429,38.74256],[-9.11459,38.74234],[-9.11429,38.74219],[-9.11366,38.74219],[-9.11341,38.74234],[-9.11366,38.74256],[-9.11429,38.74256]],[[-9.10988,38.74472],[-9.10979,38.74486],[-9.10988,38.74495],[-9.10994,38.74486],[-9.10988,38.74472]],[[-9.11429,38.74175],[-9.1144,38.7417],[-9.11429,38.74166],[-9.11366,38.74166],[-9.11361,38.7417],[-9.11366,38.74175],[-9.11429,38.74175]],[[-9.11303,38.74046],[-9.11306,38.74044],[-9.11306,38.73981],[-9.11303,38.7398],[-9.11296,38.73981],[-9.11302,38.74044],[-9.11303,38.74046]],[[-9.11429,38.74118],[-9.11461,38.74107],[-9.11429,38.74087],[-9.11366,38.74087],[-9.11355,38.74107],[-9.11366,38.74118],[-9.11429,38.74118]]],[[[-9.12123,38.74872],[-9.12104,38.74864],[-9.12123,38.74849],[-9.12147,38.74864],[-9.12123,38.74872]]],[[[-9.1206,38.74886],[-9.12083,38.74927],[-9.1206,38.74971],[-9.12002,38.74927],[-9.1206,38.74886]]],[[[-9.12152,38.75054],[-9.12123,38.75072],[-9.1209,38.75054],[-9.12123,38.75026],[-9.12152,38.75054]]],[[[-9.11745,38.75074],[-9.11713,38.75054],[-9.11745,38.75027],[-9.11759,38.75054],[-9.11745,38.75074]]],[[[-9.12182,38.75117],[-9.12186,38.75108],[-9.12249,38.75108],[-9.12305,38.75117],[-9.12249,38.75125],[-9.12186,38.75125],[-9.12182,38.75117]]],[[[-9.11868,38.75369],[-9.11808,38.75386],[-9.11787,38.75369],[-9.11808,38.75344],[-9.11868,38.75369]]],[[[-9.11366,38.75348],[-9.11429,38.75348],[-9.11493,38.75349],[-9.11538,38.75369],[-9.11493,38.75384],[-9.11429,38.75379],[-9.11366,38.75379],[-9.11342,38.75369],[-9.11366,38.75348]]],[[[-9.11682,38.75346],[-9.11695,38.75369],[-9.11682,38.75407],[-9.11619,38.75407],[-9.11575,38.75369],[-9.11619,38.75346],[-9.11682,38.75346]]],[[[-9.12313,38.75497],[-9.12309,38.75495],[-9.12313,38.75494],[-9.12313,38.75495],[-9.12313,38.75497]]],[[[-9.1206,38.75608],[-9.11997,38.75571],[-9.11934,38.75571],[-9.11912,38.75558],[-9.11871,38.75519],[-9.11828,38.75495],[-9.1187,38.75432],[-9.11871,38.754],[-9.11934,38.75421],[-9.11997,38.75421],[-9.12002,38.75432],[-9.12022,38.75495],[-9.1206,38.75527],[-9.12085,38.75558],[-9.1206,38.75608]]],[[[-9.11556,38.75576],[-9.11508,38.75558],[-9.11556,38.75539],[-9.11583,38.75558],[-9.11556,38.75576]]],[[[-9.12185,38.75621],[-9.12183,38.75558],[-9.12186,38.75555],[-9.12249,38.75555],[-9.12251,38.75558],[-9.1226,38.75621],[-9.12249,38.75629],[-9.12186,38.75629],[-9.12185,38.75621]]],[[[-9.11792,38.75621],[-9.11745,38.75644],[-9.11722,38.75621],[-9.11745,38.75599],[-9.11792,38.75621]]],[[[-9.11177,38.7563],[-9.11161,38.75621],[-9.11177,38.75615],[-9.11197,38.75621],[-9.11177,38.7563]]],[[[-9.12123,38.7566],[-9.12174,38.75684],[-9.12123,38.75717],[-9.1206,38.75697],[-9.1205,38.75684],[-9.1206,38.75645],[-9.12123,38.7566]]],[[[-9.11871,38.75772],[-9.1183,38.75747],[-9.11871,38.75701],[-9.11907,38.75747],[-9.11871,38.75772]]],[[[-9.11808,38.75779],[-9.11824,38.7581],[-9.11808,38.75823],[-9.11745,38.75831],[-9.1173,38.7581],[-9.11745,38.75794],[-9.11808,38.75779]]],[[[-9.12123,38.75818],[-9.12117,38.7581],[-9.12123,38.75804],[-9.12126,38.7581],[-9.12123,38.75818]]],[[[-9.1192,38.7581],[-9.11934,38.75787],[-9.11997,38.75787],[-9.12015,38.7581],[-9.11997,38.75868],[-9.11934,38.75868],[-9.1192,38.7581]]],[[[-9.11871,38.75878],[-9.11867,38.75873],[-9.11871,38.75869],[-9.11918,38.75873],[-9.11871,38.75878]]],[[[-9.12081,38.75873],[-9.1206,38.75898],[-9.12002,38.75873],[-9.1206,38.75855],[-9.12081,38.75873]]],[[[-9.12376,38.76038],[-9.12386,38.76063],[-9.12376,38.76086],[-9.12313,38.76065],[-9.12249,38.76078],[-9.12186,38.76078],[-9.12182,38.76063],[-9.12186,38.76057],[-9.12249,38.76057],[-9.12313,38.76061],[-9.12376,38.76038]]],[[[-9.12063,38.76126],[-9.12078,38.76189],[-9.1206,38.76216],[-9.12026,38.76189],[-9.12029,38.76126],[-9.1206,38.76123],[-9.12063,38.76126]]],[[[-9.12313,38.76199],[-9.12306,38.76189],[-9.12313,38.76187],[-9.12314,38.76189],[-9.12313,38.76199]]],[[[-9.11366,38.76358],[-9.11382,38.76378],[-9.11366,38.76396],[-9.11303,38.76396],[-9.11284,38.76378],[-9.11303,38.76358],[-9.11366,38.76358]]],[[[-9.11429,38.76406],[-9.11465,38.76441],[-9.11429,38.76479],[-9.11392,38.76441],[-9.11429,38.76406]]],[[[-9.11934,38.7642],[-9.11997,38.7642],[-9.1206,38.76417],[-9.12105,38.76441],[-9.1206,38.76473],[-9.11997,38.765],[-9.11934,38.765],[-9.11912,38.76441],[-9.11934,38.7642]]],[[[-9.12186,38.76515],[-9.12182,38.76504],[-9.12149,38.76441],[-9.12186,38.7642],[-9.12249,38.7642],[-9.12272,38.76441],[-9.12313,38.76491],[-9.12344,38.76504],[-9.12344,38.76567],[-9.12313,38.76588],[-9.12289,38.76567],[-9.12249,38.76515],[-9.12186,38.76515]]],[[[-9.1124,38.76553],[-9.11253,38.76567],[-9.1124,38.7659],[-9.11197,38.76567],[-9.1124,38.76553]]],[[[-9.11871,38.76656],[-9.11842,38.7663],[-9.11871,38.76598],[-9.11919,38.7663],[-9.11871,38.76656]]],[[[-9.11573,38.76693],[-9.11556,38.76745],[-9.11518,38.76693],[-9.11556,38.76635],[-9.11573,38.76693]]],[[[-9.113,38.76693],[-9.11303,38.76692],[-9.11366,38.76692],[-9.11369,38.76693],[-9.11366,38.76699],[-9.11303,38.76699],[-9.113,38.76693]]],[[[-9.11199,38.76693],[-9.11206,38.76756],[-9.11177,38.7678],[-9.11149,38.76756],[-9.11142,38.76693],[-9.11177,38.7667],[-9.11199,38.76693]]],[[[-9.1124,38.7683],[-9.11224,38.7682],[-9.1124,38.768],[-9.11253,38.7682],[-9.1124,38.7683]]],[[[-9.11882,38.7682],[-9.11871,38.76826],[-9.11865,38.7682],[-9.11871,38.76808],[-9.11882,38.7682]]],[[[-9.12249,38.76995],[-9.12262,38.77009],[-9.12249,38.77022],[-9.12186,38.77022],[-9.12177,38.77009],[-9.12186,38.76995],[-9.12249,38.76995]]],[[[-9.11366,38.77162],[-9.11396,38.77198],[-9.11366,38.77258],[-9.11303,38.77258],[-9.11265,38.77198],[-9.11303,38.77162],[-9.11366,38.77162]]],[[[-9.11493,38.77353],[-9.11463,38.77324],[-9.11493,38.77283],[-9.11538,38.77324],[-9.11493,38.77353]]],[[[-9.11745,38.77554],[-9.11805,38.77576],[-9.11745,38.77601],[-9.11719,38.77576],[-9.11745,38.77554]]],[[[-9.12066,38.77639],[-9.1206,38.77646],[-9.12044,38.77639],[-9.1206,38.77634],[-9.12066,38.77639]]],[[[-9.11871,38.77701],[-9.11934,38.77671],[-9.11997,38.77671],[-9.12013,38.77703],[-9.11997,38.77714],[-9.11934,38.77714],[-9.11871,38.77707],[-9.11869,38.77703],[-9.11871,38.77701]]],[[[-9.11619,38.77764],[-9.11682,38.77764],[-9.11685,38.77766],[-9.11685,38.77829],[-9.11682,38.7783],[-9.11619,38.7783],[-9.11617,38.77829],[-9.11617,38.77766],[-9.11619,38.77764]]],[[[-9.11745,38.77851],[-9.11782,38.77829],[-9.11782,38.77766],[-9.11808,38.77744],[-9.11839,38.77766],[-9.11834,38.77829],[-9.11871,38.77889],[-9.11879,38.77892],[-9.11871,38.77893],[-9.11808,38.7791],[-9.11745,38.77941],[-9.11715,38.77892],[-9.11745,38.77851]]],[[[-9.11177,38.77911],[-9.11156,38.77911],[-9.1112,38.77889],[-9.11099,38.77869],[-9.11093,38.77859],[-9.11114,38.77859],[-9.11177,38.77858],[-9.11197,38.77892],[-9.11177,38.77911]]],[[[-9.12123,38.78031],[-9.121,38.78018],[-9.12123,38.77999],[-9.12137,38.78018],[-9.12123,38.78031]]],[[[-9.11871,38.77986],[-9.11909,38.78018],[-9.11871,38.78045],[-9.11817,38.78018],[-9.11871,38.77986]]],[[[-9.11678,38.7812],[-9.11682,38.78116],[-9.11745,38.78108],[-9.11768,38.78144],[-9.11768,38.78147],[-9.11678,38.7812]]],[[[-9.11997,38.78187],[-9.12013,38.78207],[-9.12013,38.78244],[-9.11958,38.78204],[-9.11917,38.78192],[-9.11934,38.78176],[-9.11997,38.78187]]],[[[-9.11114,38.72552],[-9.1116,38.72594],[-9.11114,38.72622],[-9.11051,38.72622],[-9.11,38.72594],[-9.11051,38.72552],[-9.11114,38.72552]]],[[[-9.10988,38.73042],[-9.1097,38.73035],[-9.10988,38.7301],[-9.11007,38.73035],[-9.10988,38.73042]]],[[[-9.11114,38.73219],[-9.11122,38.73224],[-9.11114,38.73226],[-9.11051,38.73226],[-9.11046,38.73224],[-9.10988,38.73209],[-9.10949,38.73161],[-9.10988,38.73144],[-9.11036,38.73161],[-9.11051,38.73219],[-9.11114,38.73219]]],[[[-9.10357,38.73489],[-9.10321,38.73477],[-9.10357,38.73463],[-9.10368,38.73477],[-9.10357,38.73489]]],[[[-9.10168,38.73477],[-9.10197,38.73448],[-9.10231,38.73448],[-9.10263,38.73477],[-9.10231,38.73535],[-9.10168,38.73535],[-9.10168,38.73477]]],[[[-9.10294,38.73797],[-9.10284,38.73792],[-9.10294,38.73775],[-9.10298,38.73792],[-9.10294,38.73797]]],[[[-9.10168,38.73852],[-9.10231,38.73839],[-9.10239,38.73855],[-9.10231,38.73869],[-9.10168,38.73858],[-9.10166,38.73855],[-9.10168,38.73852]]],[[[-9.10267,38.73918],[-9.10294,38.739],[-9.10357,38.73908],[-9.10375,38.73918],[-9.10357,38.73925],[-9.10294,38.73933],[-9.10267,38.73918]]],[[[-9.10546,38.74156],[-9.10577,38.7417],[-9.10546,38.74188],[-9.10483,38.74188],[-9.1042,38.74178],[-9.10413,38.7417],[-9.1042,38.74107],[-9.1042,38.74106],[-9.10422,38.74107],[-9.10483,38.74156],[-9.10546,38.74156]]],[[[-9.10682,38.7417],[-9.10673,38.74173],[-9.10663,38.7417],[-9.10673,38.74168],[-9.10682,38.7417]]],[[[-9.09797,38.74234],[-9.0979,38.74237],[-9.09727,38.74237],[-9.09727,38.74234],[-9.0979,38.7417],[-9.09791,38.74169],[-9.09853,38.74169],[-9.09854,38.7417],[-9.09853,38.74178],[-9.09797,38.74234]]],[[[-9.10673,38.74303],[-9.10665,38.74297],[-9.10673,38.7429],[-9.10685,38.74297],[-9.10673,38.74303]]],[[[-9.10412,38.74423],[-9.1042,38.74419],[-9.10483,38.74385],[-9.10546,38.74385],[-9.10592,38.74423],[-9.10546,38.74477],[-9.10483,38.74477],[-9.1042,38.74439],[-9.10412,38.74423]]],[[[-9.10357,38.74895],[-9.1032,38.74864],[-9.10357,38.74836],[-9.10375,38.74864],[-9.10357,38.74895]]],[[[-9.1061,38.74859],[-9.10673,38.7486],[-9.10683,38.74864],[-9.10675,38.74927],[-9.10673,38.74928],[-9.10671,38.74927],[-9.1061,38.74867],[-9.10605,38.74864],[-9.1061,38.74859]]],[[[-9.09916,38.74875],[-9.09979,38.74875],[-9.10042,38.74886],[-9.10057,38.74927],[-9.10042,38.74958],[-9.09979,38.74936],[-9.09916,38.74936],[-9.09906,38.74927],[-9.09916,38.74875]]],[[[-9.10042,38.75078],[-9.10023,38.75054],[-9.10042,38.75021],[-9.10101,38.75054],[-9.10042,38.75078]]],[[[-9.10925,38.75342],[-9.10949,38.75369],[-9.10925,38.754],[-9.10911,38.75369],[-9.10925,38.75342]]],[[[-9.10988,38.75436],[-9.10977,38.75432],[-9.10988,38.75425],[-9.11,38.75432],[-9.10988,38.75436]]],[[[-9.09432,38.75495],[-9.09411,38.75514],[-9.0937,38.75495],[-9.09348,38.75473],[-9.09285,38.75473],[-9.09253,38.75495],[-9.09265,38.75558],[-9.09222,38.7561],[-9.09159,38.7561],[-9.09159,38.75558],[-9.09159,38.75495],[-9.09222,38.75432],[-9.09222,38.75419],[-9.09285,38.75419],[-9.09348,38.75419],[-9.09411,38.75425],[-9.09416,38.75432],[-9.09432,38.75495]]],[[[-9.1061,38.75654],[-9.106,38.75621],[-9.1061,38.75571],[-9.10668,38.75621],[-9.1061,38.75654]]],[[[-9.1061,38.7576],[-9.10597,38.75747],[-9.1061,38.75723],[-9.10621,38.75747],[-9.1061,38.7576]]],[[[-9.10105,38.75767],[-9.1014,38.75747],[-9.10168,38.75709],[-9.10231,38.75709],[-9.10294,38.75745],[-9.10297,38.75747],[-9.10294,38.75749],[-9.10253,38.7581],[-9.10231,38.75831],[-9.10168,38.75837],[-9.10105,38.75864],[-9.10051,38.7581],[-9.10105,38.75767]],[[-9.10136,38.7581],[-9.10105,38.75798],[-9.1009,38.7581],[-9.10105,38.75825],[-9.10136,38.7581]]],[[[-9.09537,38.75786],[-9.09568,38.7581],[-9.09537,38.75841],[-9.09474,38.75841],[-9.09443,38.7581],[-9.09474,38.75768],[-9.09537,38.75786]]],[[[-9.1061,38.75877],[-9.10636,38.75937],[-9.1061,38.75969],[-9.10596,38.75937],[-9.1061,38.75877]]],[[[-9.10444,38.76],[-9.1042,38.76022],[-9.10391,38.76],[-9.1042,38.75981],[-9.10444,38.76]]],[[[-9.09218,38.76063],[-9.09201,38.76126],[-9.09222,38.76169],[-9.0924,38.76189],[-9.09224,38.76252],[-9.09237,38.76315],[-9.09237,38.76363],[-9.09222,38.76378],[-9.09159,38.76315],[-9.09096,38.76252],[-9.09096,38.76189],[-9.09033,38.76126],[-9.09033,38.76063],[-9.09033,38.76],[-9.09033,38.75937],[-9.09033,38.75873],[-9.09096,38.7581],[-9.09096,38.75747],[-9.09096,38.75684],[-9.09136,38.75644],[-9.09159,38.75644],[-9.09172,38.75684],[-9.09222,38.75713],[-9.09277,38.75684],[-9.09285,38.75672],[-9.09348,38.75674],[-9.09357,38.75684],[-9.09348,38.75708],[-9.09336,38.75747],[-9.09285,38.75809],[-9.09277,38.7581],[-9.09224,38.75873],[-9.09224,38.75937],[-9.09222,38.7594],[-9.09207,38.76],[-9.09218,38.76063]],[[-9.09173,38.76063],[-9.09159,38.76003],[-9.09113,38.76063],[-9.09159,38.761],[-9.09173,38.76063]]],[[[-9.09348,38.75989],[-9.09371,38.76],[-9.09348,38.76035],[-9.09285,38.76035],[-9.09269,38.76],[-9.09285,38.75989],[-9.09348,38.75989]]],[[[-9.10546,38.76053],[-9.10556,38.76063],[-9.10546,38.76071],[-9.10483,38.76071],[-9.10474,38.76063],[-9.10483,38.76053],[-9.10546,38.76053]]],[[[-9.10988,38.76148],[-9.1097,38.76126],[-9.10988,38.76069],[-9.11014,38.76126],[-9.10988,38.76148]]],[[[-9.09537,38.76137],[-9.09528,38.76126],[-9.09537,38.76101],[-9.09551,38.76126],[-9.09537,38.76137]]],[[[-9.10259,38.76126],[-9.10294,38.76113],[-9.10357,38.76122],[-9.10361,38.76126],[-9.10357,38.76129],[-9.10294,38.76156],[-9.10259,38.76126]]],[[[-9.10413,38.76189],[-9.1042,38.7618],[-9.10483,38.76162],[-9.10546,38.76162],[-9.10577,38.76189],[-9.10546,38.76236],[-9.10483,38.76236],[-9.1042,38.76207],[-9.10413,38.76189]]],[[[-9.09534,38.77639],[-9.09537,38.77627],[-9.09593,38.77576],[-9.096,38.77555],[-9.09663,38.77555],[-9.09666,38.77513],[-9.09663,38.7751],[-9.096,38.7751],[-9.09574,38.7745],[-9.09568,38.77387],[-9.09581,38.77324],[-9.09537,38.77285],[-9.09474,38.77261],[-9.09444,38.77324],[-9.09411,38.77351],[-9.09383,38.77324],[-9.09375,38.77261],[-9.09348,38.77239],[-9.09285,38.77239],[-9.0925,38.77261],[-9.09222,38.77299],[-9.09165,38.77324],[-9.09159,38.77326],[-9.09098,38.77326],[-9.09096,38.77324],[-9.09159,38.77261],[-9.09159,38.77198],[-9.09159,38.77135],[-9.09159,38.771],[-9.09222,38.771],[-9.09246,38.77072],[-9.09285,38.77026],[-9.09348,38.77026],[-9.09411,38.77028],[-9.09428,38.77072],[-9.09474,38.77118],[-9.09499,38.77072],[-9.09474,38.7702],[-9.09436,38.77009],[-9.09411,38.76994],[-9.0939,38.76946],[-9.09356,38.76883],[-9.09348,38.76875],[-9.09285,38.76875],[-9.09276,38.76883],[-9.09229,38.76946],[-9.09222,38.76964],[-9.09159,38.76964],[-9.09159,38.76946],[-9.09159,38.76883],[-9.09159,38.7682],[-9.09159,38.76756],[-9.09222,38.76693],[-9.09285,38.76693],[-9.09348,38.76693],[-9.09411,38.76693],[-9.09441,38.76664],[-9.09474,38.76664],[-9.09537,38.76656],[-9.09577,38.7663],[-9.096,38.76587],[-9.09663,38.76581],[-9.09693,38.76567],[-9.09667,38.76504],[-9.09673,38.76441],[-9.09663,38.7641],[-9.096,38.7641],[-9.09592,38.76378],[-9.09585,38.76315],[-9.096,38.76264],[-9.09663,38.76264],[-9.09674,38.76252],[-9.09727,38.76229],[-9.0979,38.76203],[-9.09807,38.76189],[-9.09794,38.76126],[-9.09823,38.76063],[-9.0979,38.76035],[-9.0974,38.76063],[-9.09727,38.76073],[-9.09716,38.76063],[-9.09727,38.76036],[-9.09741,38.76],[-9.09727,38.75981],[-9.09692,38.75937],[-9.09692,38.75873],[-9.09705,38.7581],[-9.09704,38.75747],[-9.09663,38.75708],[-9.096,38.75708],[-9.09537,38.75711],[-9.09484,38.75684],[-9.09537,38.75652],[-9.0958,38.75621],[-9.096,38.75604],[-9.09663,38.75604],[-9.09691,38.75558],[-9.09695,38.75495],[-9.09727,38.75475],[-9.09762,38.75495],[-9.0979,38.75506],[-9.09853,38.75495],[-9.09806,38.75432],[-9.09853,38.75377],[-9.09916,38.75378],[-9.09942,38.75369],[-9.09916,38.75358],[-9.09853,38.75358],[-9.09806,38.75306],[-9.09796,38.75243],[-9.0979,38.75236],[-9.09742,38.75243],[-9.09727,38.75264],[-9.09724,38.75243],[-9.09663,38.75215],[-9.096,38.75215],[-9.09537,38.75211],[-9.09474,38.75211],[-9.09474,38.7518],[-9.09474,38.75117],[-9.09508,38.75082],[-9.09537,38.75082],[-9.096,38.7508],[-9.09663,38.7508],[-9.09679,38.75054],[-9.09682,38.7499],[-9.09663,38.7497],[-9.096,38.7497],[-9.09537,38.7497],[-9.09537,38.74927],[-9.096,38.74864],[-9.096,38.74801],[-9.096,38.74738],[-9.096,38.74675],[-9.096,38.74612],[-9.096,38.74549],[-9.0964,38.74509],[-9.09663,38.74509],[-9.09727,38.74506],[-9.09745,38.74486],[-9.0979,38.74458],[-9.09853,38.74424],[-9.09868,38.74423],[-9.09853,38.74391],[-9.0979,38.74362],[-9.09727,38.7437],[-9.09716,38.7437],[-9.09727,38.7436],[-9.09727,38.74357],[-9.0979,38.74357],[-9.09853,38.74357],[-9.09913,38.74297],[-9.09916,38.74286],[-9.09979,38.74286],[-9.09983,38.74297],[-9.09991,38.7436],[-9.10042,38.74383],[-9.10105,38.74398],[-9.10135,38.74423],[-9.10168,38.74452],[-9.10231,38.74452],[-9.10294,38.74427],[-9.10357,38.74475],[-9.10377,38.74486],[-9.10382,38.74549],[-9.1042,38.74577],[-9.1045,38.74612],[-9.1045,38.74675],[-9.1042,38.74714],[-9.10357,38.74706],[-9.1033,38.74675],[-9.10309,38.74612],[-9.10294,38.74601],[-9.10263,38.74612],[-9.1024,38.74675],[-9.10294,38.7473],[-9.10305,38.74738],[-9.10294,38.74757],[-9.10239,38.74801],[-9.10231,38.74806],[-9.10168,38.74806],[-9.10166,38.74801],[-9.10105,38.7474],[-9.10042,38.7475],[-9.10008,38.74801],[-9.09979,38.74862],[-9.09916,38.74862],[-9.09913,38.74864],[-9.09853,38.74891],[-9.0979,38.7492],[-9.09782,38.74927],[-9.0979,38.74946],[-9.09853,38.74988],[-9.09855,38.7499],[-9.09853,38.74993],[-9.0979,38.7501],[-9.0977,38.75054],[-9.0979,38.75076],[-9.09832,38.75117],[-9.09853,38.75139],[-9.09916,38.75146],[-9.09979,38.75129],[-9.10035,38.7518],[-9.10042,38.75185],[-9.10105,38.75202],[-9.1014,38.75243],[-9.10168,38.75285],[-9.10231,38.75285],[-9.10275,38.75306],[-9.10231,38.75321],[-9.10168,38.75321],[-9.10118,38.75369],[-9.1014,38.75432],[-9.10168,38.75457],[-9.10209,38.75432],[-9.10231,38.75421],[-9.10289,38.75369],[-9.10294,38.75344],[-9.10302,38.75369],[-9.10357,38.754],[-9.10375,38.75432],[-9.10357,38.75456],[-9.10305,38.75495],[-9.10294,38.75505],[-9.10267,38.75558],[-9.10294,38.75584],[-9.10343,38.75621],[-9.10294,38.75658],[-9.10231,38.75671],[-9.10168,38.75671],[-9.10109,38.75684],[-9.10105,38.75686],[-9.10042,38.75741],[-9.10026,38.75747],[-9.09999,38.7581],[-9.10027,38.75873],[-9.10009,38.75937],[-9.10042,38.75971],[-9.10088,38.76],[-9.10057,38.76063],[-9.10105,38.7609],[-9.10148,38.76126],[-9.10168,38.76165],[-9.10231,38.76165],[-9.10251,38.76189],[-9.10231,38.76228],[-9.10168,38.76228],[-9.10105,38.76231],[-9.10046,38.76189],[-9.10042,38.76177],[-9.10034,38.76189],[-9.09998,38.76252],[-9.10042,38.763],[-9.10105,38.76288],[-9.10119,38.76315],[-9.10168,38.76349],[-9.10231,38.76346],[-9.10277,38.76378],[-9.10294,38.76424],[-9.10331,38.76378],[-9.10319,38.76315],[-9.10294,38.76265],[-9.10252,38.76252],[-9.10294,38.7623],[-9.10319,38.76252],[-9.10357,38.76265],[-9.10419,38.76315],[-9.1042,38.7632],[-9.10483,38.76349],[-9.10546,38.76349],[-9.10583,38.76315],[-9.1061,38.76271],[-9.10673,38.76262],[-9.10736,38.76252],[-9.10673,38.76231],[-9.1066,38.76189],[-9.10673,38.76177],[-9.10733,38.76126],[-9.10714,38.76063],[-9.10736,38.76035],[-9.10799,38.76035],[-9.10862,38.7605],[-9.10925,38.76028],[-9.10947,38.76],[-9.10925,38.75982],[-9.10869,38.75937],[-9.10862,38.75931],[-9.10822,38.75873],[-9.10862,38.75849],[-9.10925,38.75819],[-9.1094,38.7581],[-9.10925,38.75797],[-9.10898,38.75747],[-9.10862,38.75709],[-9.10815,38.75747],[-9.10807,38.7581],[-9.10799,38.75829],[-9.10736,38.75829],[-9.10723,38.7581],[-9.10719,38.75747],[-9.10683,38.75684],[-9.10736,38.75645],[-9.10799,38.75645],[-9.10818,38.75621],[-9.10862,38.75582],[-9.10875,38.75621],[-9.10925,38.75682],[-9.1093,38.75684],[-9.10951,38.75747],[-9.10988,38.75785],[-9.11044,38.7581],[-9.11051,38.75824],[-9.11114,38.75824],[-9.11128,38.7581],[-9.11114,38.75795],[-9.11051,38.75795],[-9.11038,38.75747],[-9.11051,38.75722],[-9.11114,38.75722],[-9.11177,38.75713],[-9.11214,38.75684],[-9.1124,38.75643],[-9.11259,38.75684],[-9.1124,38.75739],[-9.11235,38.75747],[-9.1124,38.7575],[-9.11247,38.75747],[-9.11303,38.75725],[-9.11366,38.75729],[-9.11429,38.75729],[-9.11445,38.75747],[-9.11493,38.75797],[-9.11513,38.7581],[-9.11493,38.7582],[-9.11429,38.75832],[-9.11405,38.75873],[-9.11377,38.75937],[-9.11429,38.7597],[-9.11493,38.75997],[-9.11544,38.75937],[-9.11556,38.75925],[-9.11619,38.75909],[-9.11682,38.75909],[-9.11712,38.75937],[-9.11682,38.75972],[-9.11619,38.75972],[-9.11558,38.76],[-9.11619,38.76022],[-9.11682,38.76022],[-9.11738,38.76],[-9.11745,38.75995],[-9.11792,38.76],[-9.11808,38.76015],[-9.11813,38.76],[-9.11871,38.75985],[-9.11934,38.75942],[-9.11997,38.75942],[-9.1206,38.75972],[-9.12077,38.76],[-9.1206,38.76025],[-9.12014,38.76063],[-9.11997,38.76118],[-9.11934,38.76118],[-9.11871,38.76113],[-9.11808,38.76082],[-9.11745,38.76082],[-9.11682,38.76124],[-9.11619,38.76124],[-9.11608,38.76126],[-9.11619,38.76141],[-9.11682,38.76141],[-9.11691,38.76189],[-9.11729,38.76252],[-9.11745,38.76268],[-9.11768,38.76252],[-9.11808,38.76241],[-9.11835,38.76189],[-9.11871,38.76142],[-9.11918,38.76189],[-9.11911,38.76252],[-9.11934,38.76266],[-9.11997,38.76266],[-9.12055,38.76315],[-9.11997,38.7635],[-9.11934,38.7635],[-9.11873,38.76315],[-9.11871,38.76312],[-9.11868,38.76315],[-9.11846,38.76378],[-9.11808,38.76396],[-9.11749,38.76441],[-9.11761,38.76504],[-9.11747,38.76567],[-9.11745,38.7657],[-9.11742,38.76567],[-9.11682,38.76528],[-9.11619,38.76528],[-9.11582,38.76504],[-9.11556,38.76488],[-9.11498,38.76504],[-9.11498,38.76567],[-9.11493,38.76569],[-9.11489,38.76567],[-9.11488,38.76504],[-9.11493,38.765],[-9.11513,38.76441],[-9.11519,38.76378],[-9.11556,38.76342],[-9.11597,38.76315],[-9.11556,38.76283],[-9.11514,38.76315],[-9.11493,38.76337],[-9.11429,38.76331],[-9.1141,38.76315],[-9.11366,38.76297],[-9.11303,38.76297],[-9.11274,38.76315],[-9.1124,38.76349],[-9.11206,38.76315],[-9.1124,38.76283],[-9.11261,38.76252],[-9.11296,38.76189],[-9.11303,38.7617],[-9.11366,38.7617],[-9.11385,38.76189],[-9.11429,38.76197],[-9.11466,38.76189],[-9.11446,38.76126],[-9.11493,38.76082],[-9.11556,38.76106],[-9.11568,38.76063],[-9.11556,38.76005],[-9.11493,38.76005],[-9.11429,38.76061],[-9.11374,38.76],[-9.11366,38.75977],[-9.11303,38.75977],[-9.11251,38.76],[-9.11288,38.76063],[-9.1124,38.76116],[-9.1122,38.76126],[-9.11177,38.76148],[-9.11143,38.76126],[-9.11148,38.76063],[-9.11114,38.76033],[-9.11051,38.76033],[-9.10988,38.76059],[-9.10983,38.76063],[-9.10925,38.76083],[-9.10895,38.76126],[-9.10891,38.76189],[-9.10925,38.76219],[-9.1097,38.76252],[-9.10925,38.76279],[-9.1091,38.76315],[-9.10925,38.7636],[-9.10947,38.76378],[-9.10988,38.76419],[-9.11001,38.76441],[-9.10988,38.76469],[-9.10964,38.76504],[-9.10925,38.76528],[-9.10895,38.76567],[-9.10925,38.7659],[-9.10986,38.76567],[-9.10988,38.76561],[-9.10999,38.76567],[-9.10988,38.76575],[-9.10979,38.7663],[-9.10988,38.76652],[-9.11029,38.76693],[-9.10988,38.76721],[-9.10925,38.76706],[-9.10897,38.76756],[-9.10925,38.76793],[-9.10985,38.7682],[-9.10988,38.76823],[-9.11031,38.76883],[-9.11051,38.7693],[-9.11114,38.7693],[-9.11143,38.76883],[-9.11177,38.76856],[-9.11196,38.76883],[-9.11204,38.76946],[-9.1124,38.76981],[-9.11272,38.77009],[-9.1124,38.77048],[-9.11217,38.77072],[-9.11177,38.77116],[-9.11114,38.77131],[-9.11051,38.77131],[-9.10992,38.77072],[-9.10988,38.77061],[-9.1098,38.77072],[-9.10925,38.77081],[-9.10909,38.77072],[-9.10864,38.77009],[-9.10925,38.76975],[-9.10982,38.76946],[-9.10938,38.76883],[-9.10925,38.76869],[-9.10916,38.76883],[-9.10862,38.7694],[-9.10836,38.76883],[-9.10862,38.76834],[-9.10882,38.7682],[-9.10862,38.76806],[-9.10833,38.76756],[-9.10799,38.76701],[-9.10736,38.76707],[-9.10713,38.76693],[-9.10673,38.76642],[-9.10668,38.7663],[-9.1061,38.76575],[-9.10594,38.76567],[-9.10546,38.7652],[-9.10483,38.7652],[-9.10447,38.76567],[-9.10483,38.76594],[-9.10546,38.76594],[-9.1057,38.7663],[-9.10546,38.76672],[-9.10483,38.76672],[-9.10443,38.7663],[-9.1042,38.76599],[-9.10407,38.7663],[-9.10385,38.76693],[-9.1042,38.76705],[-9.10483,38.76716],[-9.10546,38.76716],[-9.1057,38.76693],[-9.1061,38.76673],[-9.10647,38.76693],[-9.10644,38.76756],[-9.1061,38.76791],[-9.10546,38.76797],[-9.10483,38.76774],[-9.1042,38.76784],[-9.10357,38.76791],[-9.10302,38.7682],[-9.10357,38.76857],[-9.10385,38.76883],[-9.1042,38.76924],[-9.10445,38.76946],[-9.1042,38.76968],[-9.10392,38.77009],[-9.10357,38.7705],[-9.10294,38.77045],[-9.10259,38.77072],[-9.10231,38.77095],[-9.10168,38.77095],[-9.10105,38.77103],[-9.10091,38.77135],[-9.10095,38.77198],[-9.10105,38.77218],[-9.1013,38.77261],[-9.10145,38.77324],[-9.10168,38.77385],[-9.10231,38.77385],[-9.10235,38.77387],[-9.10294,38.77407],[-9.10328,38.77387],[-9.10294,38.77351],[-9.10274,38.77324],[-9.10294,38.77302],[-9.1031,38.77261],[-9.10294,38.77206],[-9.10284,38.77198],[-9.10284,38.77135],[-9.10294,38.77121],[-9.10301,38.77135],[-9.10301,38.77198],[-9.10357,38.77216],[-9.10399,38.77198],[-9.1042,38.77161],[-9.10444,38.77198],[-9.10483,38.7723],[-9.10546,38.7723],[-9.10585,38.77261],[-9.1061,38.77285],[-9.10637,38.77261],[-9.1061,38.77216],[-9.10597,38.77198],[-9.1061,38.77145],[-9.10641,38.77198],[-9.10673,38.77212],[-9.10714,38.77261],[-9.10696,38.77324],[-9.10736,38.77347],[-9.10799,38.77347],[-9.10862,38.77369],[-9.10921,38.77387],[-9.10862,38.77421],[-9.10799,38.77407],[-9.10736,38.77407],[-9.10676,38.7745],[-9.10736,38.77474],[-9.10799,38.77474],[-9.10848,38.77513],[-9.10862,38.7757],[-9.1089,38.77513],[-9.10925,38.77482],[-9.10988,38.77486],[-9.11035,38.7745],[-9.10988,38.77428],[-9.10928,38.77387],[-9.10988,38.77369],[-9.11051,38.77356],[-9.11114,38.77356],[-9.11116,38.77324],[-9.11171,38.77261],[-9.11177,38.77241],[-9.11188,38.77261],[-9.11234,38.77324],[-9.1124,38.77335],[-9.11283,38.77387],[-9.11256,38.7745],[-9.11261,38.77513],[-9.11303,38.77558],[-9.11366,38.77558],[-9.11386,38.77576],[-9.11429,38.77623],[-9.11451,38.77639],[-9.11429,38.77668],[-9.11366,38.7765],[-9.11303,38.77652],[-9.1124,38.77673],[-9.11206,38.77639],[-9.11222,38.77576],[-9.11177,38.77532],[-9.11114,38.77552],[-9.11051,38.77552],[-9.11037,38.77576],[-9.11051,38.77632],[-9.11114,38.77632],[-9.11117,38.77639],[-9.11114,38.77641],[-9.11051,38.77641],[-9.11041,38.77639],[-9.10988,38.77629],[-9.10925,38.77624],[-9.10862,38.77582],[-9.10854,38.77576],[-9.10799,38.77565],[-9.10773,38.77565],[-9.10749,38.77546],[-9.10648,38.77482],[-9.10576,38.77486],[-9.10576,38.7745],[-9.10546,38.77416],[-9.10483,38.77416],[-9.10439,38.77387],[-9.10483,38.77333],[-9.10546,38.77333],[-9.10559,38.77324],[-9.10546,38.77312],[-9.10483,38.77312],[-9.1042,38.773],[-9.10396,38.77324],[-9.10389,38.77387],[-9.10391,38.7745],[-9.10391,38.77496],[-9.10145,38.77509],[-9.10105,38.77454],[-9.10082,38.77513],[-9.09989,38.77518],[-9.09989,38.77513],[-9.09979,38.77457],[-9.09954,38.77513],[-9.09948,38.7752],[-9.09913,38.77522],[-9.09918,38.77555],[-9.09916,38.77558],[-9.09853,38.77558],[-9.09842,38.77576],[-9.09853,38.77611],[-9.09916,38.77611],[-9.09926,38.77612],[-9.09938,38.77692],[-9.09916,38.77692],[-9.09853,38.77692],[-9.09845,38.77703],[-9.0979,38.77747],[-9.09783,38.77766],[-9.09766,38.77829],[-9.09727,38.77889],[-9.09663,38.77879],[-9.096,38.77879],[-9.09585,38.77892],[-9.09591,38.77955],[-9.09585,38.78018],[-9.09537,38.78072],[-9.09525,38.78081],[-9.0951,38.78144],[-9.09499,38.78207],[-9.09474,38.78224],[-9.09411,38.78262],[-9.09348,38.7821],[-9.09285,38.7821],[-9.09284,38.78207],[-9.09285,38.78199],[-9.09348,38.78199],[-9.09411,38.78161],[-9.09424,38.78144],[-9.09411,38.78135],[-9.09348,38.78129],[-9.09285,38.78129],[-9.0924,38.78081],[-9.09227,38.78018],[-9.09222,38.7801],[-9.09162,38.77955],[-9.09159,38.77949],[-9.09096,38.77949],[-9.09096,38.77892],[-9.09096,38.77829],[-9.09096,38.77802],[-9.09159,38.77802],[-9.09222,38.77785],[-9.0923,38.77766],[-9.09285,38.77742],[-9.09348,38.77742],[-9.09402,38.77703],[-9.09411,38.7769],[-9.09474,38.77671],[-9.09534,38.77639]],[[-9.10882,38.76252],[-9.10862,38.76228],[-9.10799,38.76252],[-9.10862,38.76258],[-9.10882,38.76252]],[[-9.09348,38.78026],[-9.09411,38.78068],[-9.09474,38.78046],[-9.09508,38.78018],[-9.09474,38.77995],[-9.09411,38.77979],[-9.09374,38.77955],[-9.09411,38.77899],[-9.09417,38.77892],[-9.09411,38.77829],[-9.09348,38.7786],[-9.09285,38.7786],[-9.09251,38.77892],[-9.09256,38.77955],[-9.09282,38.78018],[-9.09285,38.78024],[-9.09348,38.78026]],[[-9.09474,38.77844],[-9.09491,38.77829],[-9.09474,38.77814],[-9.09411,38.77829],[-9.09474,38.77844]],[[-9.09537,38.77045],[-9.09529,38.77072],[-9.09537,38.77086],[-9.09553,38.77072],[-9.09537,38.77045]],[[-9.09251,38.77198],[-9.09285,38.77209],[-9.09348,38.77209],[-9.09367,38.77198],[-9.09372,38.77135],[-9.09348,38.77105],[-9.09285,38.77105],[-9.09251,38.77135],[-9.09251,38.77198]],[[-9.09474,38.76805],[-9.09456,38.7682],[-9.09474,38.76839],[-9.09495,38.7682],[-9.09474,38.76805]],[[-9.0979,38.75733],[-9.0978,38.75747],[-9.0979,38.75759],[-9.09798,38.75747],[-9.0979,38.75733]],[[-9.09727,38.75605],[-9.09692,38.75621],[-9.09727,38.75635],[-9.09759,38.75621],[-9.09727,38.75605]],[[-9.09727,38.75176],[-9.09722,38.7518],[-9.09727,38.75227],[-9.09733,38.7518],[-9.09727,38.75176]],[[-9.10168,38.74604],[-9.10231,38.74597],[-9.10257,38.74549],[-9.10231,38.74521],[-9.10168,38.7451],[-9.10134,38.74486],[-9.10105,38.74453],[-9.10042,38.74478],[-9.09979,38.7447],[-9.09916,38.7447],[-9.09914,38.74486],[-9.09916,38.74489],[-9.09979,38.74489],[-9.10015,38.74549],[-9.09988,38.74612],[-9.09979,38.74637],[-9.09916,38.74637],[-9.09853,38.74657],[-9.09824,38.74675],[-9.09853,38.74704],[-9.09916,38.74714],[-9.09979,38.74714],[-9.10042,38.74701],[-9.10094,38.74675],[-9.10103,38.74612],[-9.10105,38.74609],[-9.10168,38.74604]],[[-9.10231,38.75629],[-9.10263,38.75621],[-9.10231,38.75596],[-9.10168,38.75596],[-9.10156,38.75621],[-9.10168,38.75629],[-9.10231,38.75629]],[[-9.10105,38.75579],[-9.10113,38.75558],[-9.10105,38.75548],[-9.10042,38.7554],[-9.10018,38.75558],[-9.10042,38.75576],[-9.10105,38.75579]],[[-9.11493,38.76248],[-9.11469,38.76252],[-9.11493,38.76256],[-9.11498,38.76252],[-9.11493,38.76248]],[[-9.11366,38.75826],[-9.11398,38.7581],[-9.11366,38.75781],[-9.11303,38.75792],[-9.11294,38.7581],[-9.11303,38.75826],[-9.11366,38.75826]],[[-9.1124,38.75798],[-9.11225,38.7581],[-9.1124,38.75824],[-9.11251,38.7581],[-9.1124,38.75798]],[[-9.11146,38.75937],[-9.11155,38.76],[-9.11177,38.76025],[-9.11234,38.76],[-9.11209,38.75937],[-9.11209,38.75873],[-9.11177,38.75868],[-9.11172,38.75873],[-9.11146,38.75937]],[[-9.10988,38.7592],[-9.10967,38.75937],[-9.10988,38.75954],[-9.11001,38.75937],[-9.10988,38.7592]],[[-9.10862,38.76377],[-9.10853,38.76378],[-9.10862,38.7638],[-9.1087,38.76378],[-9.10862,38.76377]],[[-9.10799,38.76599],[-9.10826,38.76567],[-9.10799,38.7653],[-9.10772,38.76504],[-9.10736,38.7646],[-9.10673,38.76456],[-9.10639,38.76504],[-9.10673,38.7653],[-9.10698,38.76567],[-9.10736,38.76599],[-9.10799,38.76599]],[[-9.10357,38.76547],[-9.10345,38.76567],[-9.10357,38.76578],[-9.10385,38.76567],[-9.10357,38.76547]],[[-9.10231,38.77036],[-9.10251,38.77009],[-9.10231,38.76996],[-9.10168,38.76996],[-9.10156,38.77009],[-9.10168,38.77036],[-9.10231,38.77036]],[[-9.10105,38.76722],[-9.10093,38.76756],[-9.10105,38.76768],[-9.10125,38.76756],[-9.10105,38.76722]],[[-9.11177,38.77371],[-9.11118,38.77387],[-9.11177,38.77413],[-9.11202,38.77387],[-9.11177,38.77371]],[[-9.10357,38.77253],[-9.10349,38.77261],[-9.10357,38.77275],[-9.10371,38.77261],[-9.10357,38.77253]],[[-9.10042,38.77245],[-9.10014,38.77261],[-9.10042,38.77291],[-9.10071,38.77261],[-9.10042,38.77245]],[[-9.0979,38.77634],[-9.09782,38.77639],[-9.0979,38.77658],[-9.09813,38.77639],[-9.0979,38.77634]],[[-9.09727,38.77005],[-9.09722,38.77009],[-9.09727,38.77072],[-9.09733,38.77009],[-9.09727,38.77005]],[[-9.09474,38.7674],[-9.09462,38.76756],[-9.09474,38.76763],[-9.09486,38.76756],[-9.09474,38.7674]],[[-9.09727,38.75108],[-9.09711,38.75117],[-9.09727,38.75122],[-9.09736,38.75117],[-9.09727,38.75108]],[[-9.09853,38.74528],[-9.09823,38.74549],[-9.09853,38.74577],[-9.09888,38.74549],[-9.09853,38.74528]],[[-9.10862,38.76308],[-9.10854,38.76315],[-9.10862,38.76323],[-9.10868,38.76315],[-9.10862,38.76308]],[[-9.10736,38.76328],[-9.10709,38.76378],[-9.10736,38.76417],[-9.10781,38.76378],[-9.10736,38.76328]],[[-9.10042,38.76663],[-9.10105,38.76659],[-9.10168,38.76647],[-9.10192,38.7663],[-9.10231,38.76571],[-9.10233,38.76567],[-9.10233,38.76504],[-9.10278,38.76441],[-9.10231,38.76423],[-9.10168,38.76411],[-9.10117,38.76441],[-9.10166,38.76504],[-9.10166,38.76567],[-9.10105,38.76594],[-9.10059,38.76567],[-9.10058,38.76504],[-9.10042,38.76495],[-9.09979,38.76478],[-9.09953,38.76441],[-9.09916,38.76394],[-9.09853,38.76394],[-9.0979,38.7641],[-9.09771,38.76441],[-9.09769,38.76504],[-9.0979,38.76553],[-9.09828,38.76504],[-9.09853,38.76484],[-9.09916,38.76484],[-9.09947,38.76504],[-9.09968,38.76567],[-9.09979,38.76581],[-9.10009,38.7663],[-9.10042,38.76663]],[[-9.10042,38.76813],[-9.10034,38.7682],[-9.10042,38.7683],[-9.10049,38.7682],[-9.10042,38.76813]],[[-9.09979,38.77314],[-9.09968,38.77324],[-9.09979,38.77337],[-9.0999,38.77324],[-9.09979,38.77314]],[[-9.09916,38.77396],[-9.09926,38.77387],[-9.09916,38.77377],[-9.09853,38.77377],[-9.09821,38.77387],[-9.09853,38.77396],[-9.09916,38.77396]],[[-9.0979,38.77316],[-9.09778,38.77324],[-9.0979,38.77347],[-9.09796,38.77324],[-9.0979,38.77316]],[[-9.09622,38.76693],[-9.096,38.76707],[-9.09567,38.76756],[-9.096,38.76792],[-9.09663,38.76792],[-9.0971,38.7682],[-9.09727,38.76833],[-9.09738,38.7682],[-9.09727,38.76795],[-9.09708,38.76756],[-9.09694,38.76693],[-9.09663,38.76662],[-9.09622,38.76693]],[[-9.09727,38.74814],[-9.09742,38.74801],[-9.09755,38.74738],[-9.09727,38.74681],[-9.09701,38.74738],[-9.09704,38.74801],[-9.09727,38.74814]],[[-9.10042,38.76434],[-9.10034,38.76441],[-9.10042,38.76446],[-9.10048,38.76441],[-9.10042,38.76434]],[[-9.09979,38.75991],[-9.09969,38.76],[-9.09979,38.76003],[-9.09989,38.76],[-9.09979,38.75991]],[[-9.09916,38.76359],[-9.0995,38.76315],[-9.09916,38.76278],[-9.09853,38.76278],[-9.09804,38.76252],[-9.0979,38.76248],[-9.09783,38.76252],[-9.09781,38.76315],[-9.0979,38.76331],[-9.09853,38.76359],[-9.09916,38.76359]],[[-9.09916,38.77019],[-9.09944,38.77009],[-9.09916,38.77002],[-9.09853,38.77002],[-9.09844,38.77009],[-9.09853,38.77019],[-9.09916,38.77019]],[[-9.0979,38.76937],[-9.09768,38.76946],[-9.0979,38.76959],[-9.09801,38.76946],[-9.0979,38.76937]],[[-9.09727,38.76375],[-9.09725,38.76378],[-9.09727,38.76381],[-9.09733,38.76378],[-9.09727,38.76375]],[[-9.09979,38.7559],[-9.09958,38.75621],[-9.09979,38.75684],[-9.10003,38.75621],[-9.09979,38.7559]],[[-9.09916,38.75826],[-9.09955,38.7581],[-9.09916,38.75797],[-9.09853,38.75797],[-9.09835,38.7581],[-9.09853,38.75826],[-9.09916,38.75826]],[[-9.09916,38.76824],[-9.09939,38.7682],[-9.09916,38.7681],[-9.09853,38.7681],[-9.09849,38.7682],[-9.09853,38.76824],[-9.09916,38.76824]],[[-9.0979,38.7682],[-9.09773,38.76883],[-9.0979,38.76887],[-9.09806,38.76883],[-9.0979,38.7682]],[[-9.09916,38.75641],[-9.09923,38.75621],[-9.09916,38.756],[-9.09853,38.756],[-9.09823,38.75621],[-9.09853,38.75641],[-9.09916,38.75641]],[[-9.09916,38.7657],[-9.09918,38.76567],[-9.09916,38.76564],[-9.09853,38.76564],[-9.0985,38.76567],[-9.09853,38.7657],[-9.09916,38.7657]]],[[[-9.11051,38.76245],[-9.11114,38.76245],[-9.11119,38.76252],[-9.11128,38.76315],[-9.11114,38.76321],[-9.11051,38.76321],[-9.10988,38.76327],[-9.10979,38.76315],[-9.10988,38.76291],[-9.11027,38.76252],[-9.11051,38.76245]]],[[[-9.09537,38.76436],[-9.09561,38.76441],[-9.09537,38.76448],[-9.09474,38.76448],[-9.09474,38.76441],[-9.09474,38.76436],[-9.09537,38.76436]]],[[[-9.11051,38.76502],[-9.11114,38.76502],[-9.11177,38.76502],[-9.11179,38.76504],[-9.11177,38.76515],[-9.11114,38.76515],[-9.11051,38.76515],[-9.11045,38.76504],[-9.11051,38.76502]]],[[[-9.10465,38.77009],[-9.10483,38.76988],[-9.10546,38.76988],[-9.10575,38.77009],[-9.10546,38.77025],[-9.10483,38.77025],[-9.10465,38.77009]]],[[[-9.10422,38.77072],[-9.1042,38.77078],[-9.10417,38.77072],[-9.1042,38.7707],[-9.10422,38.77072]]],[[[-9.10799,38.77059],[-9.10823,38.77072],[-9.10799,38.77092],[-9.10736,38.77092],[-9.10684,38.77072],[-9.10736,38.77059],[-9.10799,38.77059]]],[[[-9.10988,38.77268],[-9.1097,38.77261],[-9.10988,38.77255],[-9.10994,38.77261],[-9.10988,38.77268]]],[[[-9.09474,38.77478],[-9.09462,38.7745],[-9.09474,38.77438],[-9.09481,38.7745],[-9.09474,38.77478]]],[[[-9.09096,38.77606],[-9.09159,38.77606],[-9.09178,38.77639],[-9.09196,38.77703],[-9.09159,38.77732],[-9.09096,38.77732],[-9.09096,38.77703],[-9.09096,38.77639],[-9.09096,38.77606]]],[[[-9.11051,38.77728],[-9.11114,38.77725],[-9.11175,38.77766],[-9.11114,38.77815],[-9.11063,38.77813],[-9.11035,38.77768],[-9.11051,38.77768],[-9.11114,38.77777],[-9.11128,38.77766],[-9.11114,38.77756],[-9.11051,38.77764],[-9.11031,38.77763],[-9.11005,38.77723],[-9.10979,38.77706],[-9.10988,38.77706],[-9.11051,38.77728]]],[[[-9.09874,38.78144],[-9.09916,38.78142],[-9.09922,38.78144],[-9.09916,38.78148],[-9.09874,38.78144]]],[[[-9.09663,38.78187],[-9.0968,38.78207],[-9.09663,38.78233],[-9.096,38.78233],[-9.09564,38.78207],[-9.096,38.78187],[-9.09663,38.78187]]],[[[-9.09474,38.78338],[-9.09427,38.78333],[-9.09474,38.78325],[-9.0949,38.78333],[-9.09474,38.78338]]],[[[-9.09285,38.78386],[-9.09348,38.78386],[-9.09411,38.78339],[-9.09425,38.78396],[-9.09411,38.78416],[-9.09348,38.784],[-9.09285,38.784],[-9.09283,38.78396],[-9.09285,38.78386]]],[[[-9.09663,38.78381],[-9.09678,38.78396],[-9.09663,38.78412],[-9.096,38.78412],[-9.09589,38.78396],[-9.096,38.78381],[-9.09663,38.78381]]],[[[-9.09979,38.78324],[-9.10031,38.78319],[-9.10077,38.78631],[-9.10042,38.78631],[-9.10013,38.78649],[-9.10042,38.7867],[-9.10083,38.7867],[-9.10088,38.78705],[-9.10091,38.78757],[-9.10042,38.78757],[-9.10011,38.78712],[-9.09979,38.78672],[-9.09916,38.78651],[-9.09853,38.78651],[-9.0979,38.78659],[-9.09727,38.78663],[-9.09674,38.78649],[-9.09727,38.78638],[-9.0979,38.7864],[-9.09853,38.78646],[-9.09916,38.78646],[-9.09946,38.78586],[-9.09916,38.78525],[-9.09853,38.78525],[-9.0979,38.78555],[-9.09755,38.78523],[-9.09757,38.78459],[-9.09756,38.78396],[-9.09727,38.78355],[-9.09704,38.78333],[-9.09727,38.78309],[-9.0979,38.78309],[-9.09828,38.78333],[-9.09853,38.7839],[-9.09916,38.7839],[-9.09972,38.78333],[-9.09979,38.78324]]],[[[-9.09556,38.78523],[-9.09548,38.78586],[-9.09537,38.78633],[-9.09474,38.78594],[-9.09455,38.78586],[-9.09448,38.78523],[-9.09464,38.78459],[-9.09474,38.78453],[-9.09537,38.78446],[-9.09556,38.78459],[-9.09556,38.78523]]],[[[-9.10094,38.78801],[-9.10098,38.78863],[-9.10042,38.78863],[-9.10023,38.78838],[-9.10042,38.78801],[-9.10094,38.78801]]],[[[-9.09916,38.78942],[-9.09949,38.78964],[-9.09916,38.78988],[-9.09853,38.78987],[-9.09826,38.78964],[-9.09853,38.78942],[-9.09916,38.78942]]],[[[-9.09979,38.79328],[-9.09954,38.79279],[-9.09979,38.7925],[-9.10029,38.79279],[-9.09979,38.79328]]],[[[-9.0979,38.79342],[-9.09783,38.79279],[-9.0979,38.79273],[-9.09795,38.79279],[-9.0979,38.79342]]],[[[-9.09727,38.79346],[-9.09724,38.79342],[-9.09727,38.7934],[-9.0979,38.79342],[-9.09727,38.79346]]],[[[-9.09916,38.79383],[-9.09937,38.79406],[-9.09916,38.79438],[-9.09853,38.79438],[-9.09807,38.79406],[-9.09853,38.79383],[-9.09916,38.79383]]],[[[-9.09716,38.79595],[-9.09727,38.79584],[-9.09765,38.79595],[-9.09765,38.79626],[-9.09716,38.79646],[-9.09716,38.79595]]]]},"properties":{"class":6,"label":"20,5 a 21","fill":"#c20425"}},{"type":"Feature","geometry":{"type":"MultiPolygon","coordinates":[[[[-9.20948,38.69566],[-9.20953,38.6956],[-9.20963,38.69566],[-9.20953,38.69574],[-9.20948,38.69566]]],[[[-9.22825,38.6972],[-9.22825,38.69692],[-9.22846,38.69679],[-9.22894,38.69629],[-9.22909,38.69613],[-9.22937,38.69615],[-9.22874,38.69727],[-9.22865,38.69736],[-9.22825,38.6972]]],[[[-9.20496,38.69692],[-9.20512,38.69654],[-9.20523,38.69692],[-9.20512,38.6971],[-9.20496,38.69692]]],[[[-9.1788,38.69882],[-9.1788,38.69818],[-9.17926,38.69818],[-9.17935,38.69818],[-9.17937,38.69882],[-9.17926,38.69889],[-9.1788,38.69882]]],[[[-9.16665,38.69945],[-9.16728,38.69945],[-9.16791,38.69882],[-9.16854,38.69882],[-9.16917,38.69882],[-9.1698,38.69882],[-9.17043,38.69882],[-9.17106,38.69818],[-9.17169,38.69818],[-9.17232,38.69818],[-9.17295,38.69818],[-9.17358,38.69818],[-9.17415,38.69818],[-9.17421,38.69838],[-9.17484,38.69846],[-9.17513,38.69818],[-9.17513,38.69783],[-9.17548,38.69818],[-9.17574,38.69845],[-9.17574,38.69882],[-9.17589,38.69945],[-9.17548,38.69977],[-9.17484,38.69977],[-9.17468,38.70008],[-9.17421,38.70061],[-9.17414,38.70071],[-9.17379,38.70134],[-9.17358,38.70154],[-9.17318,38.70197],[-9.17321,38.7026],[-9.17358,38.70303],[-9.17367,38.70323],[-9.17358,38.70335],[-9.17322,38.70386],[-9.17295,38.7041],[-9.17232,38.70405],[-9.17169,38.70405],[-9.17106,38.70404],[-9.17043,38.70418],[-9.16989,38.70449],[-9.1698,38.70452],[-9.16917,38.70452],[-9.16914,38.70449],[-9.16854,38.70399],[-9.16791,38.70442],[-9.16754,38.70386],[-9.16728,38.70364],[-9.16665,38.70371],[-9.16601,38.70371],[-9.16538,38.70323],[-9.16601,38.7027],[-9.16665,38.7027],[-9.1668,38.7026],[-9.16665,38.7023],[-9.16601,38.7023],[-9.16561,38.70197],[-9.16538,38.70189],[-9.16475,38.7019],[-9.16412,38.7019],[-9.16349,38.7019],[-9.16336,38.70197],[-9.16339,38.7026],[-9.16349,38.70298],[-9.16412,38.70298],[-9.16425,38.70323],[-9.16412,38.70346],[-9.16349,38.70346],[-9.16286,38.70346],[-9.16243,38.70386],[-9.16223,38.70411],[-9.16181,38.70449],[-9.1616,38.70466],[-9.16127,38.70449],[-9.16097,38.70431],[-9.16034,38.70431],[-9.16017,38.70449],[-9.15971,38.70487],[-9.15936,38.70449],[-9.15908,38.70418],[-9.15855,38.70449],[-9.15849,38.70512],[-9.15845,38.70515],[-9.15839,38.70512],[-9.15782,38.70467],[-9.15718,38.70467],[-9.15655,38.7047],[-9.15627,38.70449],[-9.15655,38.70449],[-9.15665,38.70439],[-9.15718,38.70439],[-9.15782,38.70439],[-9.15815,38.70386],[-9.15815,38.70323],[-9.15845,38.70323],[-9.15908,38.70323],[-9.15971,38.7026],[-9.16034,38.7026],[-9.16097,38.7026],[-9.1616,38.70197],[-9.1616,38.70134],[-9.16223,38.70071],[-9.16286,38.70071],[-9.16349,38.70008],[-9.16412,38.69945],[-9.16475,38.69945],[-9.16538,38.69945],[-9.16601,38.69945],[-9.16665,38.69945]],[[-9.17169,38.70296],[-9.1714,38.70323],[-9.17169,38.70358],[-9.17232,38.70358],[-9.17251,38.70323],[-9.17232,38.70296],[-9.17169,38.70296]],[[-9.17093,38.7026],[-9.17106,38.70273],[-9.17117,38.7026],[-9.17106,38.70255],[-9.17093,38.7026]],[[-9.1698,38.70265],[-9.16995,38.7026],[-9.1698,38.70254],[-9.16917,38.70254],[-9.16854,38.70245],[-9.16812,38.7026],[-9.16791,38.70265],[-9.1676,38.70323],[-9.16791,38.70359],[-9.16854,38.70361],[-9.16861,38.70323],[-9.16917,38.70265],[-9.1698,38.70265]],[[-9.15959,38.70386],[-9.15971,38.70397],[-9.15982,38.70386],[-9.15971,38.70377],[-9.15959,38.70386]],[[-9.17106,38.70041],[-9.17065,38.70071],[-9.17068,38.70134],[-9.17106,38.70153],[-9.17144,38.70134],[-9.17135,38.70071],[-9.17106,38.70041]],[[-9.1678,38.70134],[-9.16791,38.7014],[-9.16798,38.70134],[-9.16791,38.70132],[-9.1678,38.70134]]],[[[-9.16349,38.70401],[-9.16412,38.70401],[-9.16475,38.70421],[-9.16538,38.7043],[-9.16548,38.70449],[-9.16538,38.70462],[-9.16475,38.70462],[-9.16412,38.70492],[-9.16349,38.70492],[-9.16311,38.70449],[-9.16349,38.70401]]],[[[-9.17358,38.70484],[-9.17344,38.70449],[-9.17358,38.70433],[-9.17421,38.70441],[-9.1744,38.70449],[-9.17421,38.70452],[-9.17358,38.70484]]],[[[-9.20509,38.70512],[-9.20512,38.70506],[-9.20516,38.70512],[-9.20512,38.70514],[-9.20509,38.70512]]],[[[-9.17594,38.70575],[-9.17611,38.70532],[-9.17626,38.70575],[-9.17611,38.70589],[-9.17594,38.70575]]],[[[-9.20386,38.70576],[-9.20381,38.70575],[-9.20386,38.70574],[-9.20449,38.70574],[-9.2045,38.70575],[-9.20449,38.70576],[-9.20386,38.70576]]],[[[-9.16601,38.70716],[-9.16586,38.70701],[-9.16601,38.70686],[-9.16665,38.70686],[-9.16679,38.70701],[-9.16665,38.70716],[-9.16601,38.70716]]],[[[-9.20386,38.70828],[-9.20385,38.70828],[-9.20386,38.70827],[-9.20449,38.70827],[-9.2045,38.70828],[-9.20449,38.70828],[-9.20386,38.70828]]],[[[-9.16763,38.70828],[-9.16791,38.70817],[-9.16808,38.70828],[-9.16791,38.70839],[-9.16763,38.70828]]],[[[-9.16718,38.71017],[-9.16728,38.70988],[-9.16745,38.70954],[-9.16791,38.70923],[-9.1684,38.70954],[-9.16791,38.71005],[-9.16765,38.71017],[-9.16728,38.71025],[-9.16718,38.71017]]],[[[-9.16456,38.7108],[-9.16475,38.71055],[-9.16526,38.7108],[-9.16475,38.71101],[-9.16456,38.7108]]],[[[-9.16601,38.71158],[-9.1659,38.71143],[-9.16576,38.7108],[-9.16601,38.71077],[-9.1661,38.7108],[-9.16665,38.71128],[-9.1667,38.71143],[-9.16665,38.71152],[-9.16601,38.71158]]],[[[-9.17043,38.71321],[-9.16991,38.71269],[-9.1698,38.71206],[-9.17043,38.71156],[-9.17048,38.71143],[-9.17043,38.71096],[-9.17032,38.7108],[-9.17032,38.71017],[-9.17043,38.71007],[-9.17047,38.71017],[-9.17051,38.7108],[-9.17106,38.71091],[-9.17169,38.71092],[-9.17232,38.71092],[-9.17274,38.71143],[-9.17232,38.71193],[-9.17169,38.71193],[-9.17158,38.71206],[-9.17135,38.71269],[-9.17106,38.71311],[-9.17043,38.71321]]],[[[-9.16601,38.71274],[-9.16595,38.71269],[-9.16601,38.71257],[-9.16665,38.71262],[-9.1667,38.71269],[-9.16665,38.71274],[-9.16601,38.71274]]],[[[-9.16829,38.71395],[-9.16829,38.71332],[-9.16854,38.71271],[-9.16881,38.71332],[-9.16881,38.71395],[-9.16854,38.71427],[-9.16829,38.71395]]],[[[-9.17013,38.71458],[-9.17023,38.71395],[-9.17043,38.71351],[-9.17073,38.71395],[-9.17065,38.71458],[-9.17043,38.71501],[-9.17013,38.71458]]],[[[-9.16917,38.71524],[-9.16885,38.71521],[-9.16917,38.71514],[-9.1698,38.71514],[-9.16996,38.71521],[-9.1698,38.71524],[-9.16917,38.71524]]],[[[-9.16469,38.71648],[-9.16475,38.71635],[-9.16482,38.71648],[-9.16475,38.71651],[-9.16469,38.71648]]],[[[-9.17484,38.72285],[-9.17463,38.72278],[-9.17484,38.72274],[-9.17548,38.72274],[-9.17559,38.72278],[-9.17548,38.72285],[-9.17484,38.72285]]],[[[-9.1739,38.72341],[-9.17421,38.72301],[-9.17439,38.72341],[-9.17421,38.72352],[-9.1739,38.72341]]],[[[-9.17347,38.72404],[-9.17358,38.72378],[-9.17366,38.72404],[-9.17358,38.72413],[-9.17347,38.72404]]],[[[-9.17285,38.72783],[-9.17295,38.72776],[-9.17302,38.72783],[-9.17295,38.72799],[-9.17285,38.72783]]],[[[-9.17169,38.73858],[-9.17165,38.73855],[-9.17169,38.73853],[-9.17232,38.73853],[-9.17235,38.73855],[-9.17232,38.73858],[-9.17169,38.73858]]],[[[-9.17027,38.73981],[-9.17033,38.73918],[-9.17043,38.739],[-9.17069,38.73918],[-9.17069,38.73981],[-9.17043,38.73991],[-9.17027,38.73981]]],[[[-9.17294,38.74044],[-9.17295,38.74043],[-9.17299,38.74044],[-9.17295,38.74045],[-9.17294,38.74044]]],[[[-9.17596,38.74107],[-9.176,38.74044],[-9.17611,38.74038],[-9.17665,38.74044],[-9.17628,38.74107],[-9.17611,38.74121],[-9.17596,38.74107]]],[[[-9.17421,38.74243],[-9.17408,38.74234],[-9.17421,38.74213],[-9.17484,38.74211],[-9.17508,38.74234],[-9.17484,38.74243],[-9.17421,38.74243]]],[[[-9.178,38.74242],[-9.17737,38.74242],[-9.17726,38.74234],[-9.17737,38.74226],[-9.178,38.74226],[-9.17863,38.74233],[-9.17864,38.74234],[-9.17863,38.74235],[-9.178,38.74242]]],[[[-9.16676,38.74297],[-9.16728,38.74277],[-9.16738,38.74297],[-9.16728,38.74348],[-9.16676,38.74297]]],[[[-9.18127,38.74423],[-9.18178,38.74384],[-9.18219,38.74423],[-9.18178,38.74452],[-9.18127,38.74423]]],[[[-9.17358,38.74675],[-9.17358,38.74673],[-9.17359,38.74675],[-9.17358,38.74676],[-9.17358,38.74675]]],[[[-9.16463,38.74927],[-9.16475,38.74912],[-9.16498,38.74927],[-9.16475,38.74939],[-9.16463,38.74927]]],[[[-9.16528,38.7499],[-9.16538,38.7497],[-9.16553,38.7499],[-9.16538,38.75001],[-9.16528,38.7499]]],[[[-9.16789,38.75054],[-9.16791,38.75047],[-9.16792,38.75054],[-9.16791,38.75056],[-9.16789,38.75054]]],[[[-9.16785,38.75243],[-9.16791,38.75236],[-9.16794,38.75243],[-9.16791,38.75249],[-9.16785,38.75243]]],[[[-9.17737,38.75445],[-9.17729,38.75432],[-9.17737,38.75425],[-9.178,38.75425],[-9.1781,38.75432],[-9.178,38.75445],[-9.17737,38.75445]]],[[[-9.16672,38.76189],[-9.16707,38.76126],[-9.16728,38.76108],[-9.16765,38.76126],[-9.1677,38.76189],[-9.16728,38.76218],[-9.16672,38.76189]]],[[[-9.16475,38.76179],[-9.16538,38.76184],[-9.16601,38.76184],[-9.16633,38.76189],[-9.16617,38.76252],[-9.16601,38.76266],[-9.16538,38.76266],[-9.16529,38.76252],[-9.16475,38.76192],[-9.16471,38.76189],[-9.16475,38.76179]]],[[[-9.16652,38.76315],[-9.16665,38.76301],[-9.16676,38.76315],[-9.16665,38.76324],[-9.16652,38.76315]]],[[[-9.15466,38.70697],[-9.15461,38.70701],[-9.15462,38.70765],[-9.15403,38.7081],[-9.1534,38.70776],[-9.15337,38.70765],[-9.15313,38.70701],[-9.1534,38.70663],[-9.15403,38.70656],[-9.15421,38.70638],[-9.15403,38.70601],[-9.1534,38.70607],[-9.15277,38.70626],[-9.15245,38.70575],[-9.15245,38.70512],[-9.15277,38.70512],[-9.1534,38.70512],[-9.15403,38.70449],[-9.15466,38.70449],[-9.15529,38.70386],[-9.15553,38.7041],[-9.15553,38.70449],[-9.15566,38.70512],[-9.15592,38.70533],[-9.15627,38.70575],[-9.15615,38.70638],[-9.15592,38.70655],[-9.15529,38.70697],[-9.15466,38.70697]]],[[[-9.15838,38.70828],[-9.15845,38.70786],[-9.15857,38.70828],[-9.15845,38.70838],[-9.15838,38.70828]]],[[[-9.15887,38.7108],[-9.15908,38.71063],[-9.15954,38.7108],[-9.15908,38.71119],[-9.15887,38.7108]]],[[[-9.15399,38.71143],[-9.15403,38.71128],[-9.15407,38.71143],[-9.15403,38.71148],[-9.15399,38.71143]]],[[[-9.15718,38.71152],[-9.15709,38.71143],[-9.15718,38.71137],[-9.15782,38.71137],[-9.15813,38.71143],[-9.15782,38.71152],[-9.15718,38.71152]]],[[[-9.15575,38.71143],[-9.15592,38.71128],[-9.15614,38.71143],[-9.15592,38.71164],[-9.15575,38.71143]]],[[[-9.16286,38.71233],[-9.1626,38.71206],[-9.16223,38.71152],[-9.16206,38.71143],[-9.16223,38.71129],[-9.16286,38.71105],[-9.16349,38.71105],[-9.16412,38.71126],[-9.16431,38.71143],[-9.16412,38.71192],[-9.16404,38.71206],[-9.16349,38.71233],[-9.16286,38.71233]]],[[[-9.15466,38.71227],[-9.15439,38.71206],[-9.15466,38.71182],[-9.15529,38.71182],[-9.15558,38.71206],[-9.15529,38.71227],[-9.15466,38.71227]]],[[[-9.1533,38.71206],[-9.1534,38.71195],[-9.15353,38.71206],[-9.1534,38.71269],[-9.1533,38.71206]]],[[[-9.16097,38.71297],[-9.16034,38.71297],[-9.15971,38.7129],[-9.15956,38.71269],[-9.15971,38.71242],[-9.16034,38.71244],[-9.16097,38.71255],[-9.1615,38.71206],[-9.1616,38.7118],[-9.16175,38.71206],[-9.16163,38.71269],[-9.1616,38.71272],[-9.16097,38.71297]]],[[[-9.1534,38.71269],[-9.15403,38.71261],[-9.15409,38.71269],[-9.15403,38.71278],[-9.1534,38.71269]]],[[[-9.16395,38.71395],[-9.16395,38.71332],[-9.16412,38.71297],[-9.16419,38.71332],[-9.16419,38.71395],[-9.16412,38.71406],[-9.16395,38.71395]]],[[[-9.162,38.71395],[-9.16193,38.71332],[-9.16223,38.71304],[-9.16249,38.71332],[-9.16243,38.71395],[-9.16223,38.71439],[-9.162,38.71395]]],[[[-9.15466,38.71447],[-9.15529,38.71447],[-9.15592,38.71427],[-9.15655,38.71414],[-9.15702,38.71458],[-9.15655,38.71481],[-9.15592,38.7147],[-9.15529,38.71469],[-9.15466,38.71469],[-9.15461,38.71458],[-9.15466,38.71447]]],[[[-9.15801,38.71458],[-9.15845,38.71437],[-9.15872,38.71458],[-9.15845,38.71482],[-9.15801,38.71458]]],[[[-9.15878,38.71521],[-9.15908,38.71487],[-9.15961,38.71521],[-9.15908,38.71569],[-9.15878,38.71521]]],[[[-9.15295,38.71584],[-9.1534,38.71568],[-9.15345,38.71584],[-9.1534,38.71594],[-9.15295,38.71584]]],[[[-9.15837,38.71711],[-9.15845,38.71689],[-9.15889,38.71711],[-9.15845,38.71721],[-9.15837,38.71711]]],[[[-9.15277,38.71726],[-9.15337,38.71774],[-9.15277,38.71788],[-9.1526,38.71774],[-9.15277,38.71726]]],[[[-9.1536,38.719],[-9.15403,38.71888],[-9.15466,38.71879],[-9.15477,38.719],[-9.15466,38.71919],[-9.15403,38.7191],[-9.1536,38.719]]],[[[-9.15782,38.72045],[-9.15718,38.72045],[-9.157,38.72026],[-9.15718,38.72015],[-9.15782,38.72015],[-9.15845,38.72025],[-9.15846,38.72026],[-9.15845,38.72034],[-9.15782,38.72045]]],[[[-9.15529,38.72263],[-9.15527,38.72215],[-9.15529,38.72208],[-9.1559,38.72152],[-9.15529,38.72096],[-9.15513,38.72089],[-9.15529,38.72085],[-9.15592,38.72087],[-9.15616,38.72089],[-9.15603,38.72152],[-9.15615,38.72215],[-9.15592,38.72255],[-9.15529,38.72263]]],[[[-9.15718,38.72294],[-9.15712,38.72278],[-9.15718,38.72268],[-9.15782,38.72268],[-9.15795,38.72278],[-9.15782,38.72294],[-9.15718,38.72294]]],[[[-9.15336,38.72278],[-9.1534,38.72276],[-9.15352,38.72278],[-9.1534,38.72286],[-9.15336,38.72278]]],[[[-9.15524,38.72404],[-9.15517,38.72341],[-9.15529,38.72285],[-9.15543,38.72341],[-9.15535,38.72404],[-9.15529,38.7241],[-9.15524,38.72404]]],[[[-9.16034,38.72411],[-9.16027,38.72404],[-9.16034,38.72397],[-9.16097,38.72397],[-9.16103,38.72404],[-9.16097,38.72411],[-9.16034,38.72411]]],[[[-9.15718,38.72455],[-9.15782,38.72455],[-9.15845,38.72464],[-9.15852,38.72468],[-9.15846,38.72531],[-9.15845,38.72532],[-9.15844,38.72531],[-9.15782,38.72475],[-9.15718,38.72475],[-9.15683,38.72468],[-9.15718,38.72455]]],[[[-9.16034,38.73615],[-9.16026,38.73603],[-9.16034,38.73592],[-9.16097,38.73592],[-9.16104,38.73603],[-9.16097,38.73615],[-9.16034,38.73615]]],[[[-9.15578,38.73666],[-9.15592,38.7365],[-9.15614,38.73666],[-9.15592,38.73679],[-9.15578,38.73666]]],[[[-9.15403,38.73873],[-9.1539,38.73855],[-9.15403,38.73835],[-9.15466,38.73835],[-9.1549,38.73855],[-9.15466,38.73873],[-9.15403,38.73873]]],[[[-9.15584,38.73918],[-9.15592,38.73889],[-9.15642,38.73918],[-9.15592,38.73953],[-9.15584,38.73918]]],[[[-9.15845,38.73994],[-9.15834,38.73981],[-9.15832,38.73918],[-9.15845,38.73884],[-9.15872,38.73918],[-9.15908,38.73972],[-9.15911,38.73981],[-9.15908,38.73986],[-9.15845,38.73994]]],[[[-9.15525,38.74107],[-9.15529,38.74098],[-9.15535,38.74107],[-9.15529,38.74112],[-9.15525,38.74107]]],[[[-9.15718,38.7418],[-9.15715,38.7417],[-9.15715,38.74107],[-9.15718,38.74101],[-9.15782,38.74101],[-9.15784,38.74107],[-9.15786,38.7417],[-9.15782,38.7418],[-9.15718,38.7418]]],[[[-9.15621,38.74297],[-9.15626,38.74234],[-9.15655,38.74202],[-9.15703,38.74234],[-9.15677,38.74297],[-9.15655,38.74307],[-9.15621,38.74297]]],[[[-9.16223,38.7428],[-9.16268,38.74297],[-9.16286,38.74328],[-9.16349,38.74328],[-9.16371,38.7436],[-9.16412,38.74394],[-9.16475,38.74366],[-9.16488,38.74423],[-9.16475,38.74435],[-9.16412,38.74444],[-9.16382,38.74486],[-9.16349,38.74534],[-9.16286,38.74534],[-9.16241,38.74486],[-9.16273,38.74423],[-9.16255,38.7436],[-9.16223,38.74341],[-9.16178,38.74297],[-9.16223,38.7428]]],[[[-9.1609,38.74423],[-9.16097,38.74418],[-9.16103,38.74423],[-9.16097,38.74431],[-9.1609,38.74423]]],[[[-9.15832,38.74612],[-9.15845,38.746],[-9.15851,38.74612],[-9.15845,38.74619],[-9.15832,38.74612]]],[[[-9.15403,38.74933],[-9.15397,38.74927],[-9.15403,38.74916],[-9.15466,38.74916],[-9.15503,38.74927],[-9.15466,38.74933],[-9.15403,38.74933]]],[[[-9.15512,38.75873],[-9.15468,38.7581],[-9.15529,38.75786],[-9.15575,38.7581],[-9.15581,38.75873],[-9.15529,38.75889],[-9.15512,38.75873]]],[[[-9.16286,38.76262],[-9.16278,38.76252],[-9.16286,38.76235],[-9.16349,38.76235],[-9.16359,38.76252],[-9.16349,38.76262],[-9.16286,38.76262]]],[[[-9.15333,38.7663],[-9.1534,38.7662],[-9.15352,38.7663],[-9.1534,38.76634],[-9.15333,38.7663]]],[[[-9.16286,38.76759],[-9.16281,38.76756],[-9.16286,38.76754],[-9.16349,38.76754],[-9.16354,38.76756],[-9.16349,38.76759],[-9.16286,38.76759]]],[[[-9.14944,38.70765],[-9.14944,38.70701],[-9.14962,38.70694],[-9.14968,38.70701],[-9.14968,38.70765],[-9.14962,38.7078],[-9.14944,38.70765]]],[[[-9.1526,38.71143],[-9.15277,38.71122],[-9.15292,38.71143],[-9.15277,38.71157],[-9.1526,38.71143]]],[[[-9.14697,38.71458],[-9.14705,38.71395],[-9.14709,38.71392],[-9.14716,38.71395],[-9.14732,38.71458],[-9.14709,38.7147],[-9.14697,38.71458]]],[[[-9.14957,38.71521],[-9.14962,38.71514],[-9.14977,38.71521],[-9.14962,38.71553],[-9.14957,38.71521]]],[[[-9.14583,38.71724],[-9.1452,38.71749],[-9.14457,38.7177],[-9.14397,38.71711],[-9.14394,38.71703],[-9.14331,38.71701],[-9.1431,38.71711],[-9.14268,38.71726],[-9.14254,38.71711],[-9.14243,38.71648],[-9.14205,38.71591],[-9.14192,38.71584],[-9.14205,38.71578],[-9.14268,38.71582],[-9.14331,38.71581],[-9.14347,38.71584],[-9.14394,38.71603],[-9.14457,38.71615],[-9.14491,38.71648],[-9.1452,38.71681],[-9.14583,38.71703],[-9.14646,38.71703],[-9.14649,38.71711],[-9.14646,38.71724],[-9.14583,38.71724]]],[[[-9.14769,38.71774],[-9.14769,38.71711],[-9.14748,38.71648],[-9.14772,38.71632],[-9.14802,38.71648],[-9.14835,38.71681],[-9.14898,38.71681],[-9.14926,38.71711],[-9.14898,38.71736],[-9.14835,38.71736],[-9.14781,38.71774],[-9.14772,38.71786],[-9.14769,38.71774]]],[[[-9.14898,38.71834],[-9.14953,38.71774],[-9.14962,38.71764],[-9.15009,38.71774],[-9.1498,38.71837],[-9.14962,38.71896],[-9.14898,38.7184],[-9.14835,38.7184],[-9.14831,38.71837],[-9.14835,38.71834],[-9.14898,38.71834]]],[[[-9.14505,38.71837],[-9.1452,38.71808],[-9.14528,38.71837],[-9.1452,38.71884],[-9.14505,38.71837]]],[[[-9.15025,38.71888],[-9.15053,38.719],[-9.15025,38.71926],[-9.14968,38.719],[-9.15025,38.71888]]],[[[-9.14583,38.71893],[-9.14646,38.71893],[-9.14709,38.71875],[-9.14772,38.71868],[-9.14796,38.719],[-9.14835,38.71939],[-9.14898,38.71939],[-9.14926,38.71963],[-9.14898,38.71983],[-9.14835,38.71983],[-9.14772,38.71981],[-9.1473,38.72026],[-9.14709,38.72074],[-9.14687,38.72089],[-9.14646,38.72116],[-9.14583,38.72116],[-9.14569,38.72089],[-9.14529,38.72026],[-9.14523,38.71963],[-9.14537,38.719],[-9.14583,38.71893]]],[[[-9.14268,38.7197],[-9.14253,38.72026],[-9.14235,38.72089],[-9.14205,38.72125],[-9.14148,38.72089],[-9.14142,38.72075],[-9.14123,38.72026],[-9.14142,38.7199],[-9.14205,38.71984],[-9.14264,38.71963],[-9.14268,38.71962],[-9.14331,38.71962],[-9.14334,38.71963],[-9.14331,38.71964],[-9.14268,38.7197]]],[[[-9.15151,38.72227],[-9.15136,38.72215],[-9.15088,38.7216],[-9.15078,38.72152],[-9.15088,38.72144],[-9.15151,38.72114],[-9.15214,38.72107],[-9.15277,38.72089],[-9.15223,38.72026],[-9.15214,38.72013],[-9.15151,38.72012],[-9.15142,38.71963],[-9.15151,38.71957],[-9.15214,38.71957],[-9.15277,38.71941],[-9.15301,38.71963],[-9.15305,38.72026],[-9.1534,38.72064],[-9.15373,38.72089],[-9.15349,38.72152],[-9.1534,38.72159],[-9.15277,38.72187],[-9.15245,38.72215],[-9.15214,38.72227],[-9.15151,38.72227]]],[[[-9.14709,38.72156],[-9.147,38.72152],[-9.14709,38.72134],[-9.14772,38.72127],[-9.14791,38.72152],[-9.14772,38.72172],[-9.14709,38.72156]]],[[[-9.14457,38.72229],[-9.14443,38.72215],[-9.14457,38.7219],[-9.1452,38.72206],[-9.14573,38.72215],[-9.1452,38.72238],[-9.14457,38.72229]]],[[[-9.15004,38.72278],[-9.14966,38.72215],[-9.15025,38.72196],[-9.15042,38.72215],[-9.15027,38.72278],[-9.15025,38.72282],[-9.15004,38.72278]]],[[[-9.147,38.72404],[-9.14709,38.72397],[-9.14712,38.72404],[-9.14709,38.72412],[-9.147,38.72404]]],[[[-9.15151,38.72557],[-9.1511,38.72531],[-9.15151,38.72485],[-9.15214,38.72488],[-9.15228,38.72531],[-9.15214,38.72546],[-9.15151,38.72557]]],[[[-9.14898,38.72565],[-9.14835,38.72565],[-9.14817,38.72531],[-9.14835,38.72496],[-9.14898,38.72508],[-9.14962,38.72529],[-9.14963,38.72531],[-9.14962,38.72538],[-9.14898,38.72565]]],[[[-9.14646,38.7254],[-9.14652,38.72531],[-9.14646,38.72513],[-9.1459,38.72468],[-9.14646,38.72431],[-9.1468,38.72468],[-9.14709,38.7248],[-9.14751,38.72531],[-9.14772,38.72568],[-9.14814,38.72594],[-9.14835,38.7262],[-9.14898,38.7262],[-9.14962,38.72615],[-9.15025,38.72601],[-9.15048,38.72657],[-9.15037,38.7272],[-9.15025,38.72743],[-9.15,38.72783],[-9.15001,38.72846],[-9.14962,38.72876],[-9.14909,38.72846],[-9.14908,38.72783],[-9.14898,38.72743],[-9.14835,38.72754],[-9.14772,38.72775],[-9.14709,38.7273],[-9.14706,38.7272],[-9.14709,38.72717],[-9.14732,38.72657],[-9.14709,38.72615],[-9.1467,38.72657],[-9.14646,38.72685],[-9.14583,38.72685],[-9.14552,38.72657],[-9.1452,38.72611],[-9.14481,38.72657],[-9.14457,38.72681],[-9.14441,38.72657],[-9.14394,38.72601],[-9.1437,38.72594],[-9.14394,38.72588],[-9.14457,38.7257],[-9.1452,38.72576],[-9.14583,38.7254],[-9.14646,38.7254]]],[[[-9.14709,38.7306],[-9.14663,38.73035],[-9.14657,38.72972],[-9.14665,38.72909],[-9.14646,38.7289],[-9.14583,38.7289],[-9.14564,38.72909],[-9.14561,38.72972],[-9.1452,38.73004],[-9.14504,38.72972],[-9.14495,38.72909],[-9.1452,38.72865],[-9.14539,38.72846],[-9.14583,38.72814],[-9.14646,38.72814],[-9.14709,38.72794],[-9.14765,38.72846],[-9.14772,38.72865],[-9.14781,38.72909],[-9.14772,38.72921],[-9.14737,38.72972],[-9.14772,38.73033],[-9.14783,38.73035],[-9.14772,38.73037],[-9.14709,38.7306]]],[[[-9.14835,38.73009],[-9.14824,38.72972],[-9.14835,38.72964],[-9.14898,38.72964],[-9.14917,38.72972],[-9.14898,38.73009],[-9.14835,38.73009]]],[[[-9.14381,38.73035],[-9.14394,38.73015],[-9.14414,38.73035],[-9.14394,38.73049],[-9.14381,38.73035]]],[[[-9.14484,38.73098],[-9.1452,38.73057],[-9.14554,38.73098],[-9.1452,38.7311],[-9.14484,38.73098]]],[[[-9.14447,38.73161],[-9.14457,38.73126],[-9.14469,38.73161],[-9.14457,38.73206],[-9.14447,38.73161]]],[[[-9.14133,38.73224],[-9.14142,38.73211],[-9.14152,38.73224],[-9.14142,38.73235],[-9.14133,38.73224]]],[[[-9.14617,38.73287],[-9.14646,38.73244],[-9.14665,38.73287],[-9.14646,38.73298],[-9.14617,38.73287]]],[[[-9.14704,38.73351],[-9.14709,38.7334],[-9.14721,38.73351],[-9.14709,38.73363],[-9.14704,38.73351]]],[[[-9.14702,38.73792],[-9.14709,38.73784],[-9.14732,38.73792],[-9.14709,38.73804],[-9.14702,38.73792]]],[[[-9.15151,38.73868],[-9.15141,38.73855],[-9.15151,38.73844],[-9.15214,38.73844],[-9.15229,38.73855],[-9.15214,38.73868],[-9.15151,38.73868]]],[[[-9.14585,38.74107],[-9.14583,38.74131],[-9.1452,38.74131],[-9.14457,38.74166],[-9.14404,38.74107],[-9.14394,38.74072],[-9.14331,38.7406],[-9.14268,38.7406],[-9.14205,38.74097],[-9.1419,38.74107],[-9.14159,38.7417],[-9.14142,38.74179],[-9.14115,38.7417],[-9.14099,38.74107],[-9.14142,38.74062],[-9.14155,38.74044],[-9.14203,38.73981],[-9.14143,38.73918],[-9.14142,38.73916],[-9.14097,38.73855],[-9.14079,38.73836],[-9.14056,38.73792],[-9.14079,38.7375],[-9.14142,38.73765],[-9.14169,38.73792],[-9.1417,38.73855],[-9.14205,38.73878],[-9.14268,38.73906],[-9.14331,38.73906],[-9.14366,38.73918],[-9.14366,38.73981],[-9.14394,38.74017],[-9.14457,38.74007],[-9.14483,38.74044],[-9.1452,38.74104],[-9.14583,38.74104],[-9.14585,38.74107]]],[[[-9.14771,38.74044],[-9.14772,38.74043],[-9.14774,38.74044],[-9.14772,38.74047],[-9.14771,38.74044]]],[[[-9.14835,38.74194],[-9.14828,38.7417],[-9.14835,38.74113],[-9.14898,38.74113],[-9.1491,38.7417],[-9.14898,38.74194],[-9.14835,38.74194]]],[[[-9.14678,38.74297],[-9.14646,38.74264],[-9.14608,38.74234],[-9.14646,38.74218],[-9.14709,38.74229],[-9.14737,38.74234],[-9.14723,38.74297],[-9.14709,38.74353],[-9.14678,38.74297]]],[[[-9.14444,38.74297],[-9.14457,38.74267],[-9.14477,38.74297],[-9.14457,38.74311],[-9.14444,38.74297]]],[[[-9.15151,38.74391],[-9.15125,38.7436],[-9.15151,38.74327],[-9.15214,38.74327],[-9.15275,38.7436],[-9.15214,38.74391],[-9.15151,38.74391]]],[[[-9.14757,38.7436],[-9.14772,38.74359],[-9.14774,38.7436],[-9.14772,38.74362],[-9.14757,38.7436]]],[[[-9.14835,38.74514],[-9.14774,38.74486],[-9.14821,38.74423],[-9.14835,38.74414],[-9.14898,38.74414],[-9.14906,38.74423],[-9.14944,38.74486],[-9.14898,38.74514],[-9.14835,38.74514]]],[[[-9.14427,38.74486],[-9.14457,38.74474],[-9.14478,38.74486],[-9.14457,38.74517],[-9.14427,38.74486]]],[[[-9.14184,38.74549],[-9.14205,38.74538],[-9.14214,38.74549],[-9.14205,38.74562],[-9.14184,38.74549]]],[[[-9.14635,38.74612],[-9.14617,38.74549],[-9.14646,38.74518],[-9.14697,38.74549],[-9.14664,38.74612],[-9.14646,38.74621],[-9.14635,38.74612]]],[[[-9.14696,38.74738],[-9.14709,38.74681],[-9.14711,38.74675],[-9.14772,38.74648],[-9.14824,38.74675],[-9.14794,38.74738],[-9.14772,38.74753],[-9.14709,38.74747],[-9.14696,38.74738]]],[[[-9.14898,38.75612],[-9.14904,38.75621],[-9.14898,38.75625],[-9.14835,38.75625],[-9.14831,38.75621],[-9.14835,38.75612],[-9.14898,38.75612]]],[[[-9.14835,38.76119],[-9.14898,38.76119],[-9.14906,38.76126],[-9.14898,38.76133],[-9.14835,38.76133],[-9.1483,38.76126],[-9.14835,38.76119]]],[[[-9.13571,38.70828],[-9.13574,38.70801],[-9.13593,38.70828],[-9.13574,38.70837],[-9.13571,38.70828]]],[[[-9.13448,38.70996],[-9.13385,38.70996],[-9.13344,38.70954],[-9.13385,38.70915],[-9.13448,38.70915],[-9.13511,38.70898],[-9.13554,38.70954],[-9.13511,38.70997],[-9.13448,38.70996]]],[[[-9.13322,38.71129],[-9.13385,38.7113],[-9.13448,38.7113],[-9.13511,38.71115],[-9.13542,38.71143],[-9.13511,38.71203],[-9.13448,38.71198],[-9.13385,38.71175],[-9.13322,38.71163],[-9.13306,38.71143],[-9.13322,38.71129]]],[[[-9.135,38.71269],[-9.13511,38.71214],[-9.13538,38.71269],[-9.13511,38.71282],[-9.135,38.71269]]],[[[-9.13545,38.71332],[-9.13574,38.71287],[-9.13588,38.71269],[-9.13637,38.71228],[-9.13665,38.71269],[-9.13637,38.71296],[-9.13597,38.71332],[-9.13574,38.71361],[-9.13545,38.71332]]],[[[-9.14139,38.71332],[-9.14142,38.71329],[-9.14144,38.71332],[-9.14142,38.71338],[-9.14139,38.71332]]],[[[-9.13763,38.715],[-9.1378,38.71521],[-9.13763,38.71575],[-9.137,38.71575],[-9.13694,38.71584],[-9.13637,38.71625],[-9.13613,38.71584],[-9.13637,38.71524],[-9.13641,38.71521],[-9.137,38.715],[-9.13763,38.715]]],[[[-9.14067,38.71648],[-9.14079,38.71621],[-9.14101,38.71648],[-9.14079,38.71674],[-9.14067,38.71648]]],[[[-9.13385,38.71785],[-9.13374,38.71774],[-9.13368,38.71711],[-9.13385,38.71686],[-9.13448,38.7168],[-9.13508,38.71648],[-9.13511,38.71646],[-9.13513,38.71648],[-9.13571,38.71711],[-9.13511,38.71745],[-9.13496,38.71774],[-9.13448,38.71809],[-9.13385,38.71785]]],[[[-9.13508,38.719],[-9.13511,38.71893],[-9.13514,38.719],[-9.13511,38.71905],[-9.13508,38.719]]],[[[-9.14015,38.71935],[-9.13952,38.71935],[-9.13903,38.719],[-9.13952,38.71871],[-9.14015,38.71871],[-9.14079,38.71898],[-9.14085,38.719],[-9.14079,38.71916],[-9.14015,38.71935]]],[[[-9.13634,38.71963],[-9.13637,38.71959],[-9.1364,38.71963],[-9.13637,38.71966],[-9.13634,38.71963]]],[[[-9.13816,38.72089],[-9.13826,38.72074],[-9.13841,38.72089],[-9.13826,38.721],[-9.13816,38.72089]]],[[[-9.13604,38.72152],[-9.13637,38.72138],[-9.13651,38.72152],[-9.13637,38.72206],[-9.13604,38.72152]]],[[[-9.137,38.72273],[-9.13652,38.72215],[-9.137,38.72206],[-9.13763,38.72206],[-9.13782,38.72215],[-9.13763,38.72273],[-9.137,38.72273]]],[[[-9.13952,38.72289],[-9.13949,38.72278],[-9.13952,38.72275],[-9.14015,38.72275],[-9.1402,38.72278],[-9.14015,38.72289],[-9.13952,38.72289]]],[[[-9.13772,38.72278],[-9.13826,38.72265],[-9.13833,38.72278],[-9.13826,38.72305],[-9.13808,38.72341],[-9.13763,38.72381],[-9.137,38.72381],[-9.13678,38.72341],[-9.137,38.72281],[-9.13763,38.72281],[-9.13772,38.72278]]],[[[-9.13385,38.72126],[-9.13448,38.72126],[-9.13497,38.72152],[-9.13464,38.72215],[-9.13511,38.72219],[-9.13574,38.72278],[-9.13554,38.72341],[-9.13574,38.72351],[-9.13637,38.72381],[-9.13677,38.72404],[-9.137,38.72435],[-9.13763,38.72435],[-9.13809,38.72468],[-9.13826,38.72478],[-9.13843,38.72531],[-9.13826,38.72566],[-9.13791,38.72594],[-9.13826,38.72622],[-9.13862,38.72594],[-9.13889,38.72582],[-9.13929,38.72594],[-9.13935,38.72657],[-9.13931,38.7272],[-9.13889,38.72752],[-9.13826,38.7278],[-9.13763,38.72763],[-9.137,38.72763],[-9.13676,38.72783],[-9.137,38.72797],[-9.13763,38.72797],[-9.13794,38.72846],[-9.13763,38.72895],[-9.137,38.72895],[-9.13637,38.72868],[-9.13606,38.72846],[-9.13602,38.72783],[-9.13637,38.72756],[-9.13669,38.7272],[-9.13669,38.72657],[-9.13637,38.72614],[-9.13574,38.72649],[-9.13552,38.72594],[-9.13563,38.72531],[-9.13511,38.7251],[-9.13448,38.72471],[-9.13385,38.72471],[-9.13381,38.72468],[-9.13385,38.72465],[-9.13448,38.72465],[-9.13471,38.72404],[-9.13452,38.72341],[-9.13475,38.72278],[-9.13448,38.72217],[-9.13385,38.72217],[-9.13381,38.72215],[-9.1333,38.72152],[-9.13385,38.72126]],[[-9.13574,38.72466],[-9.13573,38.72468],[-9.13574,38.72478],[-9.13576,38.72468],[-9.13574,38.72466]]],[[[-9.13265,38.72531],[-9.13322,38.7249],[-9.1336,38.72531],[-9.13322,38.72562],[-9.13265,38.72531]]],[[[-9.14072,38.72594],[-9.14027,38.72531],[-9.14079,38.72496],[-9.14118,38.72531],[-9.14081,38.72594],[-9.14079,38.72596],[-9.14072,38.72594]]],[[[-9.13385,38.72745],[-9.13322,38.72729],[-9.13259,38.72765],[-9.1322,38.7272],[-9.13244,38.72657],[-9.13259,38.72636],[-9.13278,38.72657],[-9.13322,38.72708],[-9.13385,38.72694],[-9.13448,38.72694],[-9.13498,38.7272],[-9.13448,38.72745],[-9.13385,38.72745]]],[[[-9.13489,38.72783],[-9.13511,38.72736],[-9.1355,38.72783],[-9.13511,38.7283],[-9.13489,38.72783]]],[[[-9.14015,38.72849],[-9.13952,38.72849],[-9.13949,38.72846],[-9.13952,38.72844],[-9.14015,38.72844],[-9.14079,38.72822],[-9.14099,38.72846],[-9.14079,38.72878],[-9.14015,38.72849]]],[[[-9.13511,38.72899],[-9.13574,38.72903],[-9.13577,38.72909],[-9.13598,38.72972],[-9.13603,38.73035],[-9.13574,38.73071],[-9.13553,38.73035],[-9.1353,38.72972],[-9.13511,38.72925],[-9.13509,38.72909],[-9.13511,38.72899]]],[[[-9.1369,38.73161],[-9.137,38.73157],[-9.13708,38.73161],[-9.137,38.73166],[-9.1369,38.73161]]],[[[-9.13952,38.73352],[-9.13951,38.73351],[-9.13952,38.73347],[-9.14015,38.73347],[-9.14017,38.73351],[-9.14015,38.73352],[-9.13952,38.73352]]],[[[-9.14054,38.73477],[-9.14079,38.73462],[-9.1409,38.73477],[-9.14079,38.73487],[-9.14054,38.73477]]],[[[-9.13876,38.73477],[-9.13889,38.73483],[-9.13921,38.7354],[-9.13896,38.73603],[-9.13952,38.73637],[-9.14015,38.73637],[-9.14057,38.73666],[-9.14015,38.73706],[-9.13952,38.73706],[-9.13889,38.73683],[-9.13869,38.73666],[-9.13826,38.73647],[-9.13763,38.73638],[-9.137,38.73638],[-9.13663,38.73603],[-9.13637,38.73582],[-9.13584,38.73603],[-9.13574,38.73642],[-9.13511,38.73641],[-9.13472,38.73603],[-9.13498,38.7354],[-9.13511,38.73531],[-9.13542,38.73477],[-9.13574,38.73426],[-9.13637,38.73426],[-9.13691,38.73477],[-9.13689,38.7354],[-9.137,38.73555],[-9.13763,38.73555],[-9.13773,38.7354],[-9.13782,38.73477],[-9.13826,38.73451],[-9.13876,38.73477]]],[[[-9.13763,38.73761],[-9.137,38.73761],[-9.13674,38.73729],[-9.137,38.73697],[-9.13763,38.73697],[-9.13826,38.73725],[-9.13829,38.73729],[-9.13826,38.73731],[-9.13763,38.73761]]],[[[-9.13839,38.73855],[-9.13889,38.73827],[-9.1392,38.73855],[-9.13889,38.73888],[-9.13839,38.73855]]],[[[-9.13322,38.73914],[-9.13324,38.73918],[-9.13322,38.73921],[-9.13319,38.73918],[-9.13322,38.73914]]],[[[-9.13511,38.73896],[-9.13542,38.73918],[-9.13511,38.7394],[-9.13505,38.73918],[-9.13511,38.73896]]],[[[-9.13952,38.74033],[-9.13929,38.73981],[-9.13952,38.73943],[-9.14015,38.73943],[-9.14037,38.73981],[-9.14015,38.74033],[-9.13952,38.74033]]],[[[-9.13555,38.74044],[-9.13574,38.74011],[-9.1359,38.73981],[-9.13637,38.73933],[-9.137,38.73975],[-9.13763,38.73975],[-9.13774,38.73981],[-9.13763,38.73997],[-9.137,38.73997],[-9.13637,38.74014],[-9.13593,38.74044],[-9.13574,38.7409],[-9.13555,38.74044]]],[[[-9.13863,38.74107],[-9.13889,38.7409],[-9.13909,38.74107],[-9.13889,38.74122],[-9.13863,38.74107]]],[[[-9.13385,38.74115],[-9.13372,38.74107],[-9.13385,38.741],[-9.13448,38.741],[-9.13487,38.74107],[-9.13448,38.74115],[-9.13385,38.74115]]],[[[-9.14073,38.74234],[-9.14079,38.74223],[-9.14081,38.74234],[-9.14079,38.74237],[-9.14073,38.74234]]],[[[-9.13952,38.74741],[-9.13946,38.74738],[-9.13952,38.74736],[-9.14015,38.74736],[-9.14018,38.74738],[-9.14015,38.74741],[-9.13952,38.74741]]],[[[-9.14093,38.7499],[-9.14142,38.74956],[-9.14178,38.7499],[-9.14142,38.75023],[-9.14093,38.7499]]],[[[-9.13557,38.7499],[-9.13574,38.74978],[-9.13586,38.7499],[-9.13574,38.75008],[-9.13557,38.7499]]],[[[-9.13573,38.75432],[-9.13574,38.75431],[-9.13575,38.75432],[-9.13574,38.75434],[-9.13573,38.75432]]],[[[-9.13876,38.7682],[-9.13889,38.76811],[-9.13892,38.7682],[-9.13889,38.76828],[-9.13876,38.7682]]],[[[-9.13637,38.76533],[-9.137,38.76533],[-9.13716,38.76504],[-9.13763,38.76473],[-9.13795,38.76504],[-9.13826,38.76529],[-9.1385,38.76567],[-9.13826,38.76603],[-9.13763,38.76612],[-9.13749,38.7663],[-9.13763,38.76654],[-9.13826,38.76667],[-9.13867,38.76693],[-9.13826,38.7672],[-9.13785,38.76756],[-9.13797,38.7682],[-9.13778,38.76883],[-9.13799,38.76946],[-9.13814,38.77009],[-9.13763,38.77021],[-9.13733,38.77009],[-9.13702,38.76946],[-9.137,38.7693],[-9.13637,38.7693],[-9.13629,38.76946],[-9.13574,38.76968],[-9.1356,38.77009],[-9.13574,38.77034],[-9.13637,38.77024],[-9.137,38.77024],[-9.13728,38.77072],[-9.137,38.77108],[-9.13637,38.77108],[-9.13574,38.77118],[-9.13565,38.77135],[-9.13564,38.77198],[-9.13531,38.77261],[-9.13511,38.77277],[-9.1349,38.77261],[-9.13464,38.77198],[-9.13462,38.77135],[-9.13448,38.77121],[-9.13385,38.77121],[-9.13323,38.77072],[-9.13322,38.77067],[-9.13307,38.77009],[-9.13322,38.7699],[-9.13351,38.76946],[-9.13322,38.76888],[-9.1332,38.76883],[-9.13322,38.76867],[-9.13385,38.76836],[-9.13448,38.76836],[-9.13464,38.7682],[-9.13511,38.7676],[-9.13515,38.76756],[-9.13511,38.76749],[-9.13476,38.76693],[-9.13462,38.7663],[-9.13511,38.76571],[-9.13519,38.76567],[-9.13574,38.76538],[-9.13637,38.76533]],[[-9.13511,38.77044],[-9.13483,38.77072],[-9.13511,38.77099],[-9.13552,38.77072],[-9.13511,38.77044]],[[-9.137,38.76814],[-9.13637,38.76814],[-9.13625,38.7682],[-9.13637,38.76859],[-9.137,38.76859],[-9.13718,38.7682],[-9.137,38.76814]]],[[[-9.13132,38.71048],[-9.13127,38.71017],[-9.13132,38.71005],[-9.13196,38.71005],[-9.13199,38.71017],[-9.13196,38.71048],[-9.13132,38.71048]]],[[[-9.12511,38.71007],[-9.12565,38.70954],[-9.12628,38.70891],[-9.12659,38.70891],[-9.12691,38.7092],[-9.12728,38.70954],[-9.12754,38.70976],[-9.12817,38.70962],[-9.1288,38.70962],[-9.12884,38.70954],[-9.12943,38.70891],[-9.12908,38.70828],[-9.12943,38.70828],[-9.13006,38.70765],[-9.13069,38.70765],[-9.13132,38.70701],[-9.13153,38.70701],[-9.13196,38.70744],[-9.13217,38.70765],[-9.13219,38.70828],[-9.13196,38.70857],[-9.13132,38.70857],[-9.13105,38.70891],[-9.13069,38.70914],[-9.13035,38.70954],[-9.13017,38.71017],[-9.13006,38.7103],[-9.12943,38.7104],[-9.1288,38.71074],[-9.12817,38.71074],[-9.12809,38.7108],[-9.12754,38.71099],[-9.12691,38.71121],[-9.12658,38.71143],[-9.12679,38.71206],[-9.12643,38.71269],[-9.12628,38.7128],[-9.12565,38.71272],[-9.12502,38.71272],[-9.12439,38.71311],[-9.12434,38.71332],[-9.12376,38.7137],[-9.12313,38.71357],[-9.12249,38.71355],[-9.12194,38.71395],[-9.12194,38.71458],[-9.12186,38.71465],[-9.12123,38.7148],[-9.1206,38.71511],[-9.11997,38.71511],[-9.11997,38.71458],[-9.1206,38.71395],[-9.12123,38.71332],[-9.12186,38.71269],[-9.12214,38.71269],[-9.12249,38.71295],[-9.12313,38.71293],[-9.1234,38.71269],[-9.12376,38.71224],[-9.12421,38.71206],[-9.12376,38.7118],[-9.12339,38.7118],[-9.12376,38.71143],[-9.12439,38.7108],[-9.12495,38.71024],[-9.12502,38.71024],[-9.12565,38.71024],[-9.12628,38.71018],[-9.12629,38.71017],[-9.12628,38.71012],[-9.12565,38.71007],[-9.12511,38.71007]],[[-9.12565,38.71191],[-9.12502,38.71191],[-9.1246,38.71206],[-9.12502,38.71259],[-9.12565,38.71259],[-9.12592,38.71206],[-9.12565,38.71191]]],[[[-9.12049,38.71648],[-9.1206,38.71627],[-9.12104,38.71648],[-9.1206,38.71653],[-9.12049,38.71648]]],[[[-9.12817,38.71783],[-9.1281,38.71774],[-9.12817,38.71767],[-9.1288,38.71767],[-9.12892,38.71774],[-9.1288,38.71783],[-9.12817,38.71783]]],[[[-9.11619,38.71837],[-9.11682,38.71774],[-9.11745,38.71711],[-9.11754,38.71702],[-9.11808,38.71702],[-9.11871,38.71692],[-9.1189,38.71711],[-9.11885,38.71774],[-9.11887,38.71837],[-9.11871,38.71863],[-9.11843,38.71837],[-9.11808,38.71807],[-9.11745,38.71801],[-9.11691,38.71837],[-9.11682,38.71854],[-9.11619,38.71854],[-9.11601,38.71854],[-9.11619,38.71837]]],[[[-9.11743,38.719],[-9.11745,38.71899],[-9.11746,38.719],[-9.11745,38.71902],[-9.11743,38.719]]],[[[-9.1205,38.719],[-9.1206,38.71893],[-9.12067,38.719],[-9.1206,38.71911],[-9.1205,38.719]]],[[[-9.13006,38.71957],[-9.13012,38.71963],[-9.13069,38.72003],[-9.13115,38.72026],[-9.13093,38.72089],[-9.13069,38.72104],[-9.13006,38.72091],[-9.13004,38.72089],[-9.12983,38.72026],[-9.13,38.71963],[-9.13006,38.71957]]],[[[-9.11619,38.72157],[-9.11613,38.72152],[-9.11619,38.72145],[-9.11682,38.72145],[-9.11685,38.72152],[-9.11682,38.72157],[-9.11619,38.72157]]],[[[-9.13237,38.72215],[-9.13248,38.72152],[-9.13259,38.72149],[-9.13269,38.72152],[-9.13277,38.72215],[-9.13259,38.72224],[-9.13237,38.72215]]],[[[-9.12931,38.72341],[-9.12943,38.72313],[-9.12948,38.72341],[-9.12943,38.72357],[-9.12931,38.72341]]],[[[-9.11934,38.72416],[-9.11926,38.72404],[-9.11934,38.72387],[-9.11997,38.72387],[-9.12008,38.72404],[-9.11997,38.72416],[-9.11934,38.72416]]],[[[-9.11737,38.72404],[-9.11745,38.724],[-9.11763,38.72404],[-9.11745,38.72407],[-9.11737,38.72404]]],[[[-9.12817,38.72489],[-9.12788,38.72468],[-9.12817,38.72407],[-9.1288,38.72407],[-9.12935,38.72468],[-9.1288,38.72489],[-9.12817,38.72489]]],[[[-9.12119,38.72531],[-9.12123,38.72512],[-9.12128,38.72531],[-9.12123,38.72535],[-9.12119,38.72531]]],[[[-9.12249,38.72555],[-9.12313,38.72555],[-9.12335,38.72531],[-9.12315,38.72468],[-9.12313,38.72463],[-9.12249,38.72463],[-9.12186,38.72406],[-9.12178,38.72404],[-9.12186,38.72404],[-9.12249,38.72395],[-9.12313,38.72395],[-9.12376,38.72399],[-9.12407,38.72404],[-9.12439,38.72409],[-9.12462,38.72404],[-9.12502,38.72393],[-9.12565,38.72393],[-9.12568,38.72404],[-9.12628,38.72458],[-9.12691,38.72428],[-9.12725,38.72468],[-9.12754,38.725],[-9.12776,38.72531],[-9.12817,38.72582],[-9.1288,38.72582],[-9.12927,38.72594],[-9.12943,38.72625],[-9.12947,38.72657],[-9.12963,38.7272],[-9.13006,38.72782],[-9.13008,38.72783],[-9.13027,38.72846],[-9.13006,38.7289],[-9.12943,38.72868],[-9.12915,38.72846],[-9.1288,38.72804],[-9.12817,38.72804],[-9.12773,38.72783],[-9.12817,38.72764],[-9.1288,38.72764],[-9.1292,38.7272],[-9.1288,38.7266],[-9.12817,38.7266],[-9.12754,38.7267],[-9.12693,38.7272],[-9.12691,38.72726],[-9.1265,38.72783],[-9.12691,38.72794],[-9.12716,38.72846],[-9.12754,38.72885],[-9.1279,38.72909],[-9.12754,38.72947],[-9.12691,38.72913],[-9.12628,38.72937],[-9.12581,38.72909],[-9.12628,38.72864],[-9.12639,38.72846],[-9.12628,38.72805],[-9.12565,38.72818],[-9.12502,38.72818],[-9.12467,38.72783],[-9.12439,38.72758],[-9.12394,38.72783],[-9.12376,38.72799],[-9.12362,38.72783],[-9.1234,38.7272],[-9.12376,38.7269],[-9.12397,38.72657],[-9.12389,38.72594],[-9.12376,38.72582],[-9.12363,38.72594],[-9.12334,38.72657],[-9.12313,38.72684],[-9.12249,38.72684],[-9.12201,38.72657],[-9.12219,38.72594],[-9.12249,38.72555]],[[-9.12565,38.72554],[-9.12502,38.72554],[-9.12489,38.72594],[-9.12502,38.72599],[-9.12565,38.72599],[-9.12579,38.72594],[-9.12565,38.72554]]],[[[-9.12103,38.72783],[-9.12123,38.72775],[-9.12172,38.72783],[-9.12123,38.72806],[-9.12103,38.72783]]],[[[-9.12186,38.72804],[-9.12195,38.72846],[-9.12249,38.72875],[-9.12313,38.72875],[-9.12367,38.72909],[-9.12313,38.72948],[-9.12249,38.72948],[-9.12195,38.72909],[-9.12186,38.72875],[-9.1217,38.72846],[-9.12186,38.72804]]],[[[-9.12439,38.72899],[-9.1246,38.72909],[-9.12439,38.72932],[-9.12416,38.72909],[-9.12439,38.72899]]],[[[-9.12803,38.72972],[-9.12817,38.7296],[-9.1288,38.7296],[-9.1289,38.72972],[-9.1288,38.72981],[-9.12817,38.72981],[-9.12803,38.72972]]],[[[-9.12688,38.73035],[-9.12691,38.73026],[-9.127,38.73035],[-9.12691,38.73038],[-9.12688,38.73035]]],[[[-9.1291,38.73035],[-9.12943,38.73001],[-9.12974,38.73035],[-9.12943,38.73065],[-9.1291,38.73035]]],[[[-9.12374,38.73035],[-9.12376,38.73033],[-9.12377,38.73035],[-9.12376,38.73037],[-9.12374,38.73035]]],[[[-9.1275,38.73098],[-9.12754,38.73086],[-9.12758,38.73098],[-9.12754,38.73104],[-9.1275,38.73098]]],[[[-9.12995,38.73098],[-9.13006,38.73087],[-9.13018,38.73098],[-9.13006,38.7312],[-9.12995,38.73098]]],[[[-9.12817,38.73169],[-9.12804,38.73161],[-9.12817,38.7315],[-9.1288,38.7315],[-9.12892,38.73161],[-9.1288,38.73169],[-9.12817,38.73169]]],[[[-9.12992,38.72972],[-9.13006,38.72943],[-9.13065,38.72909],[-9.13069,38.72908],[-9.13132,38.72908],[-9.13135,38.72909],[-9.13196,38.72966],[-9.13259,38.72968],[-9.13264,38.72972],[-9.13316,38.73035],[-9.13322,38.73038],[-9.13385,38.73049],[-9.13448,38.73049],[-9.13506,38.73098],[-9.13511,38.73104],[-9.13546,38.73161],[-9.13548,38.73224],[-9.13574,38.73273],[-9.13578,38.73287],[-9.13608,38.73351],[-9.13574,38.73397],[-9.13511,38.734],[-9.13494,38.73414],[-9.13448,38.73457],[-9.13385,38.73457],[-9.13322,38.73436],[-9.13304,38.73414],[-9.13322,38.73379],[-9.13385,38.73384],[-9.13448,38.73384],[-9.13477,38.73351],[-9.13475,38.73287],[-9.13448,38.73253],[-9.13385,38.73253],[-9.1336,38.73224],[-9.13385,38.73166],[-9.13448,38.73173],[-9.13467,38.73161],[-9.13448,38.73146],[-9.13385,38.73155],[-9.13322,38.73142],[-9.13259,38.73137],[-9.13244,38.73098],[-9.1323,38.73035],[-9.13196,38.72984],[-9.13132,38.73011],[-9.13069,38.73011],[-9.13006,38.72984],[-9.12992,38.72972]]],[[[-9.13069,38.7324],[-9.13053,38.73224],[-9.13045,38.73161],[-9.13069,38.73148],[-9.13132,38.73148],[-9.13143,38.73161],[-9.13168,38.73224],[-9.13132,38.7324],[-9.13069,38.7324]]],[[[-9.12049,38.73287],[-9.12055,38.73224],[-9.1206,38.73223],[-9.12062,38.73224],[-9.12075,38.73287],[-9.1206,38.73299],[-9.12049,38.73287]]],[[[-9.12817,38.73289],[-9.12808,38.73287],[-9.12817,38.73287],[-9.1288,38.73287],[-9.12884,38.73287],[-9.1288,38.73289],[-9.12817,38.73289]]],[[[-9.12167,38.73414],[-9.12186,38.73396],[-9.12214,38.73414],[-9.12186,38.73449],[-9.12167,38.73414]]],[[[-9.12655,38.73477],[-9.12691,38.73456],[-9.12709,38.73477],[-9.12691,38.73498],[-9.12655,38.73477]]],[[[-9.12418,38.7354],[-9.12439,38.73506],[-9.1246,38.7354],[-9.12439,38.73564],[-9.12418,38.7354]]],[[[-9.12419,38.73729],[-9.12439,38.73702],[-9.1247,38.73729],[-9.12439,38.7375],[-9.12419,38.73729]]],[[[-9.1212,38.73855],[-9.12123,38.73844],[-9.12126,38.73855],[-9.12123,38.73859],[-9.1212,38.73855]]],[[[-9.11475,38.74044],[-9.11477,38.73981],[-9.11493,38.73969],[-9.11498,38.73981],[-9.115,38.74044],[-9.11493,38.74073],[-9.11475,38.74044]]],[[[-9.11366,38.74118],[-9.11355,38.74107],[-9.11366,38.74087],[-9.11429,38.74087],[-9.11461,38.74107],[-9.11429,38.74118],[-9.11366,38.74118]]],[[[-9.11808,38.74314],[-9.11788,38.74297],[-9.11808,38.74277],[-9.11871,38.74274],[-9.11886,38.74297],[-9.11871,38.74307],[-9.11808,38.74314]]],[[[-9.11483,38.74486],[-9.11493,38.74469],[-9.11511,38.74486],[-9.11493,38.74502],[-9.11483,38.74486]]],[[[-9.1172,38.74486],[-9.11745,38.74483],[-9.11747,38.74486],[-9.11745,38.74489],[-9.1172,38.74486]]],[[[-9.13244,38.74675],[-9.13259,38.74657],[-9.13273,38.74675],[-9.13259,38.747],[-9.13244,38.74675]]],[[[-9.11469,38.76252],[-9.11493,38.76248],[-9.11498,38.76252],[-9.11493,38.76256],[-9.11469,38.76252]]],[[[-9.13191,38.76441],[-9.13196,38.76436],[-9.13248,38.76441],[-9.13196,38.76445],[-9.13191,38.76441]]],[[[-9.11493,38.71963],[-9.11498,38.71957],[-9.11556,38.71957],[-9.11561,38.71963],[-9.11594,38.72026],[-9.11591,38.72089],[-9.11556,38.7212],[-9.11493,38.7215],[-9.11429,38.7213],[-9.11366,38.7213],[-9.11329,38.72152],[-9.11303,38.72174],[-9.1124,38.72172],[-9.1122,38.72172],[-9.1124,38.72152],[-9.11303,38.72089],[-9.11366,38.72026],[-9.11429,38.72026],[-9.11493,38.71963]]],[[[-9.11266,38.72278],[-9.11303,38.72234],[-9.11331,38.72278],[-9.11303,38.72311],[-9.11266,38.72278]]],[[[-9.11177,38.72292],[-9.11195,38.72341],[-9.11177,38.72351],[-9.11114,38.72373],[-9.11051,38.72373],[-9.11019,38.72373],[-9.11051,38.72341],[-9.11067,38.72326],[-9.11114,38.72326],[-9.11177,38.72292]]],[[[-9.10962,38.72468],[-9.10988,38.72415],[-9.10995,38.72468],[-9.10988,38.72472],[-9.10962,38.72468]]],[[[-9.10483,38.72783],[-9.10546,38.7272],[-9.1061,38.72657],[-9.10673,38.72594],[-9.10736,38.72531],[-9.10796,38.7247],[-9.10799,38.7247],[-9.10862,38.7247],[-9.1089,38.72531],[-9.10878,38.72594],[-9.10862,38.72609],[-9.10799,38.72609],[-9.10765,38.72657],[-9.10765,38.7272],[-9.10768,38.72783],[-9.10736,38.72808],[-9.10673,38.72807],[-9.1061,38.72826],[-9.10593,38.72846],[-9.10546,38.72873],[-9.10483,38.72873],[-9.10483,38.72846],[-9.10483,38.72783]]],[[[-9.10585,38.72972],[-9.1061,38.7292],[-9.10631,38.72972],[-9.1061,38.72982],[-9.10585,38.72972]]],[[[-9.10924,38.73855],[-9.10925,38.73854],[-9.10926,38.73855],[-9.10925,38.73856],[-9.10924,38.73855]]],[[[-9.10861,38.73981],[-9.10862,38.7398],[-9.10864,38.73981],[-9.10862,38.73984],[-9.10861,38.73981]]],[[[-9.11296,38.73981],[-9.11303,38.7398],[-9.11306,38.73981],[-9.11306,38.74044],[-9.11303,38.74046],[-9.11302,38.74044],[-9.11296,38.73981]]],[[[-9.11051,38.74065],[-9.11029,38.74044],[-9.11051,38.74026],[-9.11114,38.74014],[-9.11177,38.74022],[-9.11194,38.74044],[-9.11177,38.7407],[-9.11114,38.74076],[-9.11051,38.74065]]],[[[-9.10914,38.74107],[-9.10925,38.74101],[-9.10934,38.74107],[-9.10925,38.74114],[-9.10914,38.74107]]],[[[-9.11291,38.7417],[-9.11303,38.74161],[-9.11312,38.7417],[-9.11303,38.74187],[-9.11291,38.7417]]],[[[-9.11366,38.74256],[-9.11341,38.74234],[-9.11366,38.74219],[-9.11429,38.74219],[-9.11459,38.74234],[-9.11429,38.74256],[-9.11366,38.74256]]],[[[-9.11219,38.74297],[-9.1124,38.74279],[-9.11265,38.74297],[-9.1124,38.74312],[-9.11219,38.74297]]],[[[-9.11366,38.74375],[-9.11355,38.7436],[-9.11366,38.74346],[-9.11429,38.74346],[-9.11455,38.7436],[-9.11429,38.74375],[-9.11366,38.74375]]],[[[-9.113,38.74423],[-9.11303,38.74421],[-9.11306,38.74423],[-9.11303,38.74424],[-9.113,38.74423]]],[[[-9.10977,38.74675],[-9.10988,38.7467],[-9.10995,38.74675],[-9.10988,38.74682],[-9.10977,38.74675]]],[[[-9.11209,38.75117],[-9.1124,38.75109],[-9.11244,38.75117],[-9.1124,38.75121],[-9.11209,38.75117]]],[[[-9.11302,38.7518],[-9.11303,38.75178],[-9.11304,38.7518],[-9.11303,38.7518],[-9.11302,38.7518]]],[[[-9.09722,38.7518],[-9.09727,38.75176],[-9.09733,38.7518],[-9.09727,38.75227],[-9.09722,38.7518]]],[[[-9.10168,38.75629],[-9.10156,38.75621],[-9.10168,38.75596],[-9.10231,38.75596],[-9.10263,38.75621],[-9.10231,38.75629],[-9.10168,38.75629]]],[[[-9.09692,38.75621],[-9.09727,38.75605],[-9.09759,38.75621],[-9.09727,38.75635],[-9.09692,38.75621]]],[[[-9.09853,38.75641],[-9.09823,38.75621],[-9.09853,38.756],[-9.09916,38.756],[-9.09923,38.75621],[-9.09916,38.75641],[-9.09853,38.75641]]],[[[-9.11225,38.7581],[-9.1124,38.75798],[-9.11251,38.7581],[-9.1124,38.75824],[-9.11225,38.7581]]],[[[-9.1009,38.7581],[-9.10105,38.75798],[-9.10136,38.7581],[-9.10105,38.75825],[-9.1009,38.7581]]],[[[-9.10967,38.75937],[-9.10988,38.7592],[-9.11001,38.75937],[-9.10988,38.75954],[-9.10967,38.75937]]],[[[-9.09224,38.75873],[-9.09277,38.7581],[-9.09285,38.75809],[-9.09336,38.75747],[-9.09348,38.75708],[-9.09357,38.75684],[-9.09348,38.75674],[-9.09285,38.75672],[-9.09277,38.75684],[-9.09222,38.75713],[-9.09172,38.75684],[-9.09159,38.75644],[-9.09136,38.75644],[-9.09159,38.75621],[-9.09159,38.7561],[-9.09222,38.7561],[-9.09265,38.75558],[-9.09253,38.75495],[-9.09285,38.75473],[-9.09348,38.75473],[-9.0937,38.75495],[-9.09411,38.75514],[-9.09432,38.75495],[-9.09416,38.75432],[-9.09411,38.75425],[-9.09348,38.75419],[-9.09285,38.75419],[-9.09222,38.75419],[-9.09222,38.75369],[-9.09285,38.75306],[-9.09348,38.75306],[-9.09411,38.75306],[-9.09474,38.75243],[-9.09474,38.75211],[-9.09537,38.75211],[-9.096,38.75215],[-9.09663,38.75215],[-9.09724,38.75243],[-9.09727,38.75264],[-9.09742,38.75243],[-9.0979,38.75236],[-9.09796,38.75243],[-9.09806,38.75306],[-9.09853,38.75358],[-9.09916,38.75358],[-9.09942,38.75369],[-9.09916,38.75378],[-9.09853,38.75377],[-9.09806,38.75432],[-9.09853,38.75495],[-9.0979,38.75506],[-9.09762,38.75495],[-9.09727,38.75475],[-9.09695,38.75495],[-9.09691,38.75558],[-9.09663,38.75604],[-9.096,38.75604],[-9.0958,38.75621],[-9.09537,38.75652],[-9.09484,38.75684],[-9.09537,38.75711],[-9.096,38.75708],[-9.09663,38.75708],[-9.09704,38.75747],[-9.09705,38.7581],[-9.09692,38.75873],[-9.09692,38.75937],[-9.09727,38.75981],[-9.09741,38.76],[-9.09727,38.76036],[-9.09716,38.76063],[-9.09727,38.76073],[-9.0974,38.76063],[-9.0979,38.76035],[-9.09823,38.76063],[-9.09794,38.76126],[-9.09807,38.76189],[-9.0979,38.76203],[-9.09727,38.76229],[-9.09674,38.76252],[-9.09663,38.76264],[-9.096,38.76264],[-9.09585,38.76315],[-9.09592,38.76378],[-9.096,38.7641],[-9.09663,38.7641],[-9.09673,38.76441],[-9.09667,38.76504],[-9.09693,38.76567],[-9.09663,38.76581],[-9.096,38.76587],[-9.09577,38.7663],[-9.09537,38.76656],[-9.09474,38.76664],[-9.09441,38.76664],[-9.09474,38.7663],[-9.09474,38.76567],[-9.09474,38.76504],[-9.09474,38.76448],[-9.09537,38.76448],[-9.09561,38.76441],[-9.09537,38.76436],[-9.09474,38.76436],[-9.09474,38.76378],[-9.09411,38.76315],[-9.09348,38.76315],[-9.09285,38.76315],[-9.09237,38.76363],[-9.09237,38.76315],[-9.09224,38.76252],[-9.0924,38.76189],[-9.09222,38.76169],[-9.09201,38.76126],[-9.09218,38.76063],[-9.09207,38.76],[-9.09222,38.7594],[-9.09224,38.75937],[-9.09224,38.75873]],[[-9.09537,38.76101],[-9.09528,38.76126],[-9.09537,38.76137],[-9.09551,38.76126],[-9.09537,38.76101]],[[-9.09348,38.75989],[-9.09285,38.75989],[-9.09269,38.76],[-9.09285,38.76035],[-9.09348,38.76035],[-9.09371,38.76],[-9.09348,38.75989]],[[-9.09537,38.75786],[-9.09474,38.75768],[-9.09443,38.7581],[-9.09474,38.75841],[-9.09537,38.75841],[-9.09568,38.7581],[-9.09537,38.75786]]],[[[-9.10854,38.76315],[-9.10862,38.76308],[-9.10868,38.76315],[-9.10862,38.76323],[-9.10854,38.76315]]],[[[-9.10034,38.76441],[-9.10042,38.76434],[-9.10048,38.76441],[-9.10042,38.76446],[-9.10034,38.76441]]],[[[-9.09853,38.7657],[-9.0985,38.76567],[-9.09853,38.76564],[-9.09916,38.76564],[-9.09918,38.76567],[-9.09916,38.7657],[-9.09853,38.7657]]],[[[-9.10093,38.76756],[-9.10105,38.76722],[-9.10125,38.76756],[-9.10105,38.76768],[-9.10093,38.76756]]],[[[-9.10034,38.7682],[-9.10042,38.76813],[-9.10049,38.7682],[-9.10042,38.7683],[-9.10034,38.7682]]],[[[-9.09456,38.7682],[-9.09474,38.76805],[-9.09495,38.7682],[-9.09474,38.76839],[-9.09456,38.7682]]],[[[-9.09773,38.76883],[-9.0979,38.7682],[-9.09806,38.76883],[-9.0979,38.76887],[-9.09773,38.76883]]],[[[-9.09722,38.77009],[-9.09727,38.77005],[-9.09733,38.77009],[-9.09727,38.77072],[-9.09722,38.77009]]],[[[-9.09529,38.77072],[-9.09537,38.77045],[-9.09553,38.77072],[-9.09537,38.77086],[-9.09529,38.77072]]],[[[-9.10349,38.77261],[-9.10357,38.77253],[-9.10371,38.77261],[-9.10357,38.77275],[-9.10349,38.77261]]],[[[-9.09778,38.77324],[-9.0979,38.77316],[-9.09796,38.77324],[-9.0979,38.77347],[-9.09778,38.77324]]],[[[-9.09853,38.77396],[-9.09821,38.77387],[-9.09853,38.77377],[-9.09916,38.77377],[-9.09926,38.77387],[-9.09916,38.77396],[-9.09853,38.77396]]],[[[-9.09474,38.77261],[-9.09537,38.77285],[-9.09581,38.77324],[-9.09568,38.77387],[-9.09574,38.7745],[-9.096,38.7751],[-9.09663,38.7751],[-9.09666,38.77513],[-9.09663,38.77555],[-9.096,38.77555],[-9.09593,38.77576],[-9.09537,38.77627],[-9.09534,38.77639],[-9.09474,38.77671],[-9.09411,38.7769],[-9.09402,38.77703],[-9.09348,38.77742],[-9.09285,38.77742],[-9.0923,38.77766],[-9.09222,38.77785],[-9.09159,38.77802],[-9.09096,38.77802],[-9.09096,38.77766],[-9.09096,38.77732],[-9.09159,38.77732],[-9.09196,38.77703],[-9.09178,38.77639],[-9.09159,38.77606],[-9.09096,38.77606],[-9.09096,38.77576],[-9.09096,38.77513],[-9.09096,38.7745],[-9.09159,38.77387],[-9.09098,38.77326],[-9.09159,38.77326],[-9.09165,38.77324],[-9.09222,38.77299],[-9.0925,38.77261],[-9.09285,38.77239],[-9.09348,38.77239],[-9.09375,38.77261],[-9.09383,38.77324],[-9.09411,38.77351],[-9.09444,38.77324],[-9.09474,38.77261]],[[-9.09474,38.77438],[-9.09462,38.7745],[-9.09474,38.77478],[-9.09481,38.7745],[-9.09474,38.77438]]],[[[-9.11035,38.77768],[-9.11031,38.77763],[-9.11051,38.77764],[-9.11114,38.77756],[-9.11128,38.77766],[-9.11114,38.77777],[-9.11051,38.77768],[-9.11035,38.77768]]],[[[-9.09474,38.77844],[-9.09411,38.77829],[-9.09474,38.77814],[-9.09491,38.77829],[-9.09474,38.77844]]],[[[-9.09374,38.77955],[-9.09411,38.77979],[-9.09474,38.77995],[-9.09508,38.78018],[-9.09474,38.78046],[-9.09411,38.78068],[-9.09348,38.78026],[-9.09285,38.78024],[-9.09282,38.78018],[-9.09256,38.77955],[-9.09251,38.77892],[-9.09285,38.7786],[-9.09348,38.7786],[-9.09411,38.77829],[-9.09417,38.77892],[-9.09411,38.77899],[-9.09374,38.77955]]]]},"properties":{"class":7,"label":"> 21","fill":"#800026"}}]}