{"type":"FeatureCollection","features":[{"type":"Feature","geometry":{"type":"MultiPolygon","coordinates":[[[[-9.20827,38.69345],[-9.20764,38.69345],[-9.20733,38.69314],[-9.20764,38.69314],[-9.20827,38.69251],[-9.20859,38.69251],[-9.20859,38.69314],[-9.20827,38.69345]]],[[[-9.2294,38.69566],[-9.2294,38.69503],[-9.2294,38.6944],[-9.22972,38.6944],[-9.23004,38.69473],[-9.23003,38.69475],[-9.22961,38.6952],[-9.22984,38.69533],[-9.22956,38.69582],[-9.2294,38.69566]]],[[[-9.19724,38.69566],[-9.19692,38.69598],[-9.19629,38.69598],[-9.19597,38.69566],[-9.19597,38.69503],[-9.19629,38.69503],[-9.19692,38.69503],[-9.19724,38.69503],[-9.19724,38.69566]]],[[[-9.2067,38.69692],[-9.20638,38.69724],[-9.20607,38.69692],[-9.20638,38.69661],[-9.2067,38.69692]]],[[[-9.19818,38.69724],[-9.19787,38.69692],[-9.19818,38.69661],[-9.19881,38.69661],[-9.19913,38.69692],[-9.19881,38.69724],[-9.19818,38.69724]]],[[[-9.21017,38.69787],[-9.20985,38.69755],[-9.21017,38.69724],[-9.2108,38.69724],[-9.21111,38.69755],[-9.2108,38.69787],[-9.21017,38.69787]]],[[[-9.20007,38.69724],[-9.20039,38.69692],[-9.2007,38.69661],[-9.20102,38.69692],[-9.2007,38.69724],[-9.20039,38.69755],[-9.20039,38.69818],[-9.2007,38.6985],[-9.20134,38.6985],[-9.20197,38.6985],[-9.20228,38.69882],[-9.20197,38.69913],[-9.20134,38.69913],[-9.2007,38.69913],[-9.20039,38.69945],[-9.20007,38.69976],[-9.19976,38.69945],[-9.19976,38.69882],[-9.19944,38.6985],[-9.19913,38.69818],[-9.19944,38.69787],[-9.19976,38.69755],[-9.20007,38.69724]]],[[[-9.18021,38.70008],[-9.18052,38.69976],[-9.18115,38.69976],[-9.18147,38.70008],[-9.18115,38.70039],[-9.18052,38.70039],[-9.18021,38.70008]]],[[[-9.20449,38.69913],[-9.2048,38.69945],[-9.20449,38.69976],[-9.20386,38.69976],[-9.20354,38.70008],[-9.20354,38.70071],[-9.20323,38.70102],[-9.20291,38.70134],[-9.2026,38.70165],[-9.20228,38.70134],[-9.2026,38.70102],[-9.20291,38.70071],[-9.20291,38.70008],[-9.20291,38.69945],[-9.20323,38.69913],[-9.20386,38.69913],[-9.20449,38.69913]]],[[[-9.20102,38.70134],[-9.2007,38.70165],[-9.20039,38.70134],[-9.2007,38.70102],[-9.20102,38.70134]]],[[[-9.21237,38.70134],[-9.21269,38.70102],[-9.21332,38.70102],[-9.21395,38.70102],[-9.21458,38.70102],[-9.2149,38.70134],[-9.2149,38.70197],[-9.21521,38.70228],[-9.21553,38.7026],[-9.21521,38.70292],[-9.2149,38.7026],[-9.21458,38.70228],[-9.21395,38.70228],[-9.21363,38.70197],[-9.21332,38.70165],[-9.21269,38.70165],[-9.21237,38.70134]]],[[[-9.178,38.70733],[-9.17768,38.70701],[-9.178,38.7067],[-9.17863,38.7067],[-9.17894,38.70701],[-9.17863,38.70733],[-9.178,38.70733]]],[[[-9.17579,38.70765],[-9.17579,38.70701],[-9.17611,38.7067],[-9.17642,38.70701],[-9.17642,38.70765],[-9.17611,38.70796],[-9.17579,38.70765]]],[[[-9.21174,38.70828],[-9.21143,38.70859],[-9.21111,38.70828],[-9.21143,38.70796],[-9.21174,38.70828]]],[[[-9.22246,38.70891],[-9.22215,38.70922],[-9.22152,38.70922],[-9.2212,38.70891],[-9.2212,38.70828],[-9.22152,38.70796],[-9.22215,38.70796],[-9.22246,38.70828],[-9.22246,38.70891]]],[[[-9.22246,38.71269],[-9.22246,38.71206],[-9.22246,38.71143],[-9.22278,38.71111],[-9.22315,38.71111],[-9.22271,38.71293],[-9.22246,38.71269]]],[[[-9.17358,38.71931],[-9.17327,38.719],[-9.17358,38.71868],[-9.1739,38.719],[-9.17358,38.71931]]],[[[-9.17169,38.72058],[-9.17138,38.72026],[-9.17138,38.71963],[-9.17169,38.71931],[-9.17232,38.71931],[-9.17264,38.71963],[-9.17232,38.71994],[-9.17201,38.72026],[-9.17169,38.72058]]],[[[-9.17169,38.72499],[-9.17138,38.72468],[-9.17169,38.72436],[-9.17232,38.72436],[-9.17264,38.72468],[-9.17232,38.72499],[-9.17169,38.72499]]],[[[-9.17705,38.74234],[-9.17674,38.74265],[-9.17642,38.74234],[-9.17674,38.74202],[-9.17705,38.74234]]],[[[-9.17705,38.7436],[-9.17674,38.74391],[-9.17642,38.7436],[-9.17674,38.74328],[-9.17705,38.7436]]],[[[-9.17579,38.7436],[-9.17548,38.74391],[-9.17516,38.7436],[-9.17548,38.74328],[-9.17579,38.7436]]],[[[-9.17737,38.74517],[-9.17705,38.74486],[-9.17737,38.74454],[-9.178,38.74454],[-9.17831,38.74486],[-9.178,38.74517],[-9.17737,38.74517]]],[[[-9.1739,38.74423],[-9.17358,38.74454],[-9.17327,38.74486],[-9.17327,38.74549],[-9.17327,38.74612],[-9.17295,38.74644],[-9.17264,38.74612],[-9.17264,38.74549],[-9.17264,38.74486],[-9.17264,38.74423],[-9.17295,38.74391],[-9.17358,38.74391],[-9.1739,38.74423]]],[[[-9.16948,38.74612],[-9.16948,38.74549],[-9.1698,38.74517],[-9.17011,38.74549],[-9.17011,38.74612],[-9.1698,38.74644],[-9.16948,38.74612]]],[[[-9.20607,38.74612],[-9.20638,38.7458],[-9.20701,38.7458],[-9.20733,38.74612],[-9.20701,38.74644],[-9.20638,38.74644],[-9.20607,38.74612]]],[[[-9.17737,38.74644],[-9.17705,38.74675],[-9.17674,38.74707],[-9.17642,38.74675],[-9.17674,38.74644],[-9.17705,38.74612],[-9.17737,38.7458],[-9.178,38.7458],[-9.17831,38.74612],[-9.178,38.74644],[-9.17737,38.74644]]],[[[-9.17421,38.7477],[-9.1739,38.74738],[-9.17421,38.74707],[-9.17484,38.74707],[-9.17516,38.74738],[-9.17484,38.7477],[-9.17421,38.7477]]],[[[-9.17075,38.74801],[-9.17043,38.74833],[-9.17011,38.74801],[-9.17043,38.7477],[-9.17075,38.74801]]],[[[-9.18052,38.74896],[-9.18021,38.74864],[-9.18052,38.74833],[-9.18115,38.74833],[-9.18147,38.74864],[-9.18115,38.74896],[-9.18052,38.74896]]],[[[-9.18273,38.75369],[-9.18241,38.75337],[-9.18178,38.75337],[-9.18147,38.75306],[-9.18147,38.75243],[-9.18147,38.7518],[-9.18115,38.75148],[-9.18052,38.75148],[-9.18021,38.75117],[-9.17989,38.75085],[-9.17926,38.75085],[-9.17894,38.75117],[-9.17894,38.7518],[-9.17894,38.75243],[-9.17863,38.75274],[-9.178,38.75274],[-9.17737,38.75274],[-9.17674,38.75274],[-9.17642,38.75306],[-9.17611,38.75337],[-9.17548,38.75337],[-9.17484,38.75337],[-9.17421,38.75337],[-9.1739,38.75306],[-9.1739,38.75243],[-9.1739,38.7518],[-9.17358,38.75148],[-9.17295,38.75148],[-9.17264,38.75117],[-9.17264,38.75054],[-9.17295,38.75022],[-9.17358,38.75022],[-9.1739,38.7499],[-9.17421,38.74959],[-9.17484,38.74959],[-9.17516,38.7499],[-9.17548,38.75022],[-9.17579,38.7499],[-9.17611,38.74959],[-9.17674,38.74959],[-9.17705,38.7499],[-9.17737,38.75022],[-9.178,38.75022],[-9.17831,38.7499],[-9.17863,38.74959],[-9.17894,38.7499],[-9.17926,38.75022],[-9.17989,38.75022],[-9.18021,38.75054],[-9.18052,38.75085],[-9.18115,38.75085],[-9.18147,38.75054],[-9.18178,38.75022],[-9.1821,38.7499],[-9.1821,38.74927],[-9.1821,38.74864],[-9.1821,38.74801],[-9.1821,38.74738],[-9.18178,38.74707],[-9.18147,38.74675],[-9.18178,38.74644],[-9.1821,38.74675],[-9.18241,38.74707],[-9.18273,38.74675],[-9.18304,38.74644],[-9.18368,38.74644],[-9.18399,38.74675],[-9.18368,38.74707],[-9.18304,38.74707],[-9.18273,38.74738],[-9.18273,38.74801],[-9.18304,38.74833],[-9.18368,38.74833],[-9.18399,38.74801],[-9.18431,38.7477],[-9.18462,38.74801],[-9.18462,38.74864],[-9.18494,38.74896],[-9.18557,38.74896],[-9.1862,38.74896],[-9.18683,38.74896],[-9.18714,38.74927],[-9.18746,38.74959],[-9.18777,38.7499],[-9.18746,38.75022],[-9.18714,38.75054],[-9.18746,38.75085],[-9.18777,38.75117],[-9.18746,38.75148],[-9.18714,38.7518],[-9.18714,38.75243],[-9.18714,38.75306],[-9.18683,38.75337],[-9.1862,38.75337],[-9.18588,38.75369],[-9.18557,38.754],[-9.18525,38.75369],[-9.18494,38.75337],[-9.18462,38.75369],[-9.18431,38.754],[-9.18368,38.754],[-9.18304,38.754],[-9.18273,38.75369]],[[-9.17674,38.75211],[-9.17705,38.7518],[-9.17674,38.75148],[-9.17642,38.7518],[-9.17674,38.75211]]],[[[-9.17958,38.75306],[-9.17958,38.75243],[-9.17989,38.75211],[-9.18021,38.75243],[-9.18021,38.75306],[-9.17989,38.75337],[-9.17958,38.75306]]],[[[-9.17579,38.7581],[-9.17548,38.75842],[-9.17516,38.7581],[-9.17548,38.75779],[-9.17579,38.7581]]],[[[-9.17705,38.7581],[-9.17705,38.75747],[-9.17705,38.75684],[-9.17705,38.75621],[-9.17737,38.7559],[-9.178,38.7559],[-9.17831,38.75621],[-9.17831,38.75684],[-9.17863,38.75716],[-9.17894,38.75747],[-9.17894,38.7581],[-9.17894,38.75873],[-9.17894,38.75937],[-9.17863,38.75968],[-9.17831,38.76],[-9.178,38.76031],[-9.17737,38.76031],[-9.17705,38.76],[-9.17674,38.75968],[-9.17642,38.75937],[-9.17642,38.75873],[-9.17674,38.75842],[-9.17705,38.7581]],[[-9.178,38.75905],[-9.17737,38.75905],[-9.17705,38.75937],[-9.17737,38.75968],[-9.178,38.75968],[-9.17831,38.75937],[-9.178,38.75905]]],[[[-9.19471,38.75873],[-9.19503,38.75842],[-9.19566,38.75842],[-9.19597,38.75873],[-9.19566,38.75905],[-9.19503,38.75905],[-9.19471,38.75873]]],[[[-9.17358,38.7622],[-9.17327,38.76189],[-9.17358,38.76157],[-9.1739,38.76189],[-9.17358,38.7622]]],[[[-9.14804,38.70828],[-9.14772,38.70859],[-9.14741,38.70828],[-9.14772,38.70796],[-9.14804,38.70828]]],[[[-9.15435,38.70891],[-9.15403,38.70922],[-9.15372,38.70891],[-9.15403,38.70859],[-9.15435,38.70891]]],[[[-9.15119,38.70891],[-9.15088,38.70922],[-9.15056,38.70891],[-9.15088,38.70859],[-9.15119,38.70891]]],[[[-9.15687,38.71017],[-9.15655,38.71048],[-9.15624,38.71017],[-9.15655,38.70985],[-9.15687,38.71017]]],[[[-9.16128,38.71206],[-9.16097,38.71238],[-9.16065,38.71206],[-9.16097,38.71175],[-9.16128,38.71143],[-9.1616,38.71111],[-9.16191,38.71143],[-9.1616,38.71175],[-9.16128,38.71206]]],[[[-9.15119,38.71206],[-9.15088,38.71238],[-9.15056,38.71206],[-9.15088,38.71175],[-9.15119,38.71206]]],[[[-9.14835,38.71238],[-9.14804,38.71206],[-9.14835,38.71175],[-9.14898,38.71175],[-9.1493,38.71206],[-9.14898,38.71238],[-9.14835,38.71238]]],[[[-9.15845,38.71301],[-9.15813,38.71269],[-9.15845,38.71238],[-9.15876,38.71269],[-9.15845,38.71301]]],[[[-9.16002,38.71395],[-9.16034,38.71364],[-9.16097,38.71364],[-9.16128,38.71395],[-9.16097,38.71427],[-9.16034,38.71427],[-9.16002,38.71395]]],[[[-9.16412,38.7149],[-9.16381,38.71458],[-9.16412,38.71427],[-9.16475,38.71427],[-9.16507,38.71458],[-9.16475,38.7149],[-9.16412,38.7149]]],[[[-9.15372,38.71458],[-9.1534,38.7149],[-9.15308,38.71458],[-9.1534,38.71427],[-9.15372,38.71458]]],[[[-9.1493,38.71521],[-9.14962,38.7149],[-9.14993,38.71458],[-9.14962,38.71427],[-9.1493,38.71395],[-9.1493,38.71332],[-9.14962,38.71301],[-9.15025,38.71301],[-9.15056,38.71332],[-9.15056,38.71395],[-9.15056,38.71458],[-9.15088,38.7149],[-9.15119,38.71458],[-9.15151,38.71427],[-9.15214,38.71427],[-9.15245,38.71458],[-9.15214,38.7149],[-9.15151,38.7149],[-9.15119,38.71521],[-9.15151,38.71553],[-9.15214,38.71553],[-9.15277,38.71553],[-9.15308,38.71584],[-9.15277,38.71616],[-9.15214,38.71616],[-9.15151,38.71616],[-9.15119,38.71584],[-9.15088,38.71553],[-9.15025,38.71553],[-9.14962,38.71553],[-9.1493,38.71521]]],[[[-9.15876,38.71521],[-9.15845,38.71553],[-9.15813,38.71521],[-9.15845,38.7149],[-9.15876,38.71521]]],[[[-9.16507,38.71584],[-9.16475,38.71616],[-9.16444,38.71584],[-9.16475,38.71553],[-9.16507,38.71584]]],[[[-9.15435,38.71711],[-9.15466,38.71742],[-9.15529,38.71742],[-9.15561,38.71711],[-9.15561,38.71648],[-9.15592,38.71616],[-9.15624,38.71584],[-9.15624,38.71521],[-9.15655,38.7149],[-9.15687,38.71521],[-9.15687,38.71584],[-9.15655,38.71616],[-9.15624,38.71648],[-9.15655,38.71679],[-9.15687,38.71711],[-9.15655,38.71742],[-9.15624,38.71774],[-9.15592,38.71805],[-9.15529,38.71805],[-9.15466,38.71805],[-9.15435,38.71774],[-9.15403,38.71742],[-9.15372,38.71711],[-9.15403,38.71679],[-9.15435,38.71711]]],[[[-9.15151,38.71742],[-9.15119,38.71711],[-9.15151,38.71679],[-9.15214,38.71679],[-9.15245,38.71711],[-9.15214,38.71742],[-9.15151,38.71742]]],[[[-9.16759,38.72215],[-9.16728,38.72247],[-9.16696,38.72215],[-9.16665,38.72184],[-9.16601,38.72184],[-9.16538,38.72184],[-9.16475,38.72184],[-9.16444,38.72215],[-9.16412,38.72247],[-9.16381,38.72278],[-9.16349,38.7231],[-9.16286,38.7231],[-9.16255,38.72278],[-9.16286,38.72247],[-9.16349,38.72247],[-9.16381,38.72215],[-9.16412,38.72184],[-9.16444,38.72152],[-9.16475,38.72121],[-9.16507,38.72089],[-9.16475,38.72058],[-9.16444,38.72026],[-9.16412,38.71994],[-9.16381,38.72026],[-9.16381,38.72089],[-9.16349,38.72121],[-9.16286,38.72121],[-9.16255,38.72152],[-9.16223,38.72184],[-9.16191,38.72152],[-9.16191,38.72089],[-9.1616,38.72058],[-9.16097,38.72058],[-9.16034,38.72058],[-9.15971,38.72058],[-9.15939,38.72026],[-9.15971,38.71994],[-9.16002,38.71963],[-9.16034,38.71931],[-9.16097,38.71931],[-9.16128,38.719],[-9.16097,38.71868],[-9.16034,38.71868],[-9.15971,38.71868],[-9.15939,38.719],[-9.15908,38.71931],[-9.15876,38.71963],[-9.15845,38.71994],[-9.15813,38.71963],[-9.15845,38.71931],[-9.15876,38.719],[-9.15845,38.71868],[-9.15782,38.71868],[-9.15718,38.71868],[-9.15687,38.71837],[-9.15718,38.71805],[-9.15782,38.71805],[-9.15813,38.71774],[-9.15845,38.71742],[-9.15876,38.71711],[-9.15908,38.71679],[-9.15971,38.71679],[-9.16002,38.71648],[-9.16034,38.71616],[-9.16097,38.71616],[-9.16128,38.71584],[-9.16128,38.71521],[-9.1616,38.7149],[-9.16191,38.71458],[-9.16223,38.71427],[-9.16255,38.71458],[-9.16255,38.71521],[-9.16255,38.71584],[-9.16255,38.71648],[-9.16286,38.71679],[-9.16349,38.71679],[-9.16381,38.71711],[-9.16381,38.71774],[-9.16412,38.71805],[-9.16444,38.71774],[-9.16475,38.71742],[-9.16507,38.71711],[-9.16538,38.71679],[-9.16601,38.71679],[-9.16665,38.71679],[-9.16696,38.71648],[-9.16665,38.71616],[-9.16601,38.71616],[-9.1657,38.71584],[-9.16601,38.71553],[-9.16665,38.71553],[-9.16696,38.71584],[-9.16728,38.71616],[-9.16759,38.71648],[-9.16759,38.71711],[-9.16791,38.71742],[-9.16854,38.71742],[-9.16885,38.71711],[-9.16854,38.71679],[-9.16822,38.71648],[-9.16854,38.71616],[-9.16917,38.71616],[-9.1698,38.71616],[-9.17011,38.71648],[-9.17043,38.71679],[-9.17106,38.71679],[-9.17169,38.71679],[-9.17232,38.71679],[-9.17295,38.71679],[-9.17327,38.71711],[-9.17295,38.71742],[-9.17232,38.71742],[-9.17169,38.71742],[-9.17138,38.71774],[-9.17138,38.71837],[-9.17106,38.71868],[-9.17075,38.71837],[-9.17043,38.71805],[-9.17011,38.71837],[-9.17011,38.719],[-9.17043,38.71931],[-9.17075,38.71963],[-9.17075,38.72026],[-9.17043,38.72058],[-9.17011,38.72089],[-9.17043,38.72121],[-9.17075,38.72152],[-9.17043,38.72184],[-9.17011,38.72215],[-9.17011,38.72278],[-9.1698,38.7231],[-9.16917,38.7231],[-9.16885,38.72278],[-9.16854,38.72247],[-9.16822,38.72215],[-9.16822,38.72152],[-9.16791,38.72121],[-9.16759,38.72152],[-9.16759,38.72215]],[[-9.16917,38.71994],[-9.1698,38.71994],[-9.17011,38.71963],[-9.1698,38.71931],[-9.16917,38.71931],[-9.16854,38.71931],[-9.16791,38.71931],[-9.16759,38.71963],[-9.16791,38.71994],[-9.16854,38.71994],[-9.16917,38.71994]],[[-9.16696,38.72026],[-9.16696,38.71963],[-9.16665,38.71931],[-9.16601,38.71931],[-9.1657,38.71963],[-9.1657,38.72026],[-9.16601,38.72058],[-9.16665,38.72058],[-9.16696,38.72026]],[[-9.1657,38.719],[-9.16538,38.71868],[-9.16507,38.719],[-9.16538,38.71931],[-9.1657,38.719]],[[-9.16444,38.719],[-9.16412,38.71868],[-9.16381,38.719],[-9.16412,38.71931],[-9.16444,38.719]],[[-9.16255,38.71837],[-9.16255,38.71774],[-9.16223,38.71742],[-9.1616,38.71742],[-9.16128,38.71774],[-9.1616,38.71805],[-9.16191,38.71837],[-9.16223,38.71868],[-9.16255,38.71837]],[[-9.16601,38.71742],[-9.1657,38.71774],[-9.16601,38.71805],[-9.16665,38.71805],[-9.16696,38.71774],[-9.16665,38.71742],[-9.16601,38.71742]]],[[[-9.15277,38.71805],[-9.15308,38.71837],[-9.15277,38.71868],[-9.15245,38.719],[-9.15214,38.71931],[-9.15151,38.71931],[-9.15088,38.71931],[-9.15056,38.719],[-9.15088,38.71868],[-9.15151,38.71868],[-9.15214,38.71868],[-9.15245,38.71837],[-9.15277,38.71805]]],[[[-9.16822,38.72404],[-9.16791,38.72436],[-9.16759,38.72404],[-9.16791,38.72373],[-9.16822,38.72404]]],[[[-9.16948,38.72531],[-9.16948,38.72468],[-9.1698,38.72436],[-9.17011,38.72468],[-9.17011,38.72531],[-9.1698,38.72562],[-9.16948,38.72531]]],[[[-9.16822,38.72531],[-9.16791,38.72562],[-9.16759,38.72531],[-9.16791,38.72499],[-9.16822,38.72531]]],[[[-9.16034,38.72562],[-9.16002,38.72531],[-9.16034,38.72499],[-9.16097,38.72499],[-9.16128,38.72531],[-9.16097,38.72562],[-9.16034,38.72562]]],[[[-9.15939,38.72531],[-9.15908,38.72562],[-9.15876,38.72531],[-9.15908,38.72499],[-9.15939,38.72531]]],[[[-9.15245,38.73161],[-9.15277,38.7313],[-9.15308,38.73098],[-9.15277,38.73067],[-9.15214,38.73067],[-9.15151,38.73067],[-9.15119,38.73035],[-9.15088,38.73004],[-9.15056,38.72972],[-9.15088,38.72941],[-9.15151,38.72941],[-9.15214,38.72941],[-9.15245,38.72909],[-9.15214,38.72877],[-9.15151,38.72877],[-9.15088,38.72877],[-9.15056,38.72846],[-9.15025,38.72814],[-9.14993,38.72783],[-9.15025,38.72751],[-9.15056,38.7272],[-9.15056,38.72657],[-9.15088,38.72625],[-9.15119,38.72594],[-9.15151,38.72562],[-9.15214,38.72562],[-9.15245,38.72594],[-9.15245,38.72657],[-9.15277,38.72688],[-9.15308,38.72657],[-9.1534,38.72625],[-9.15372,38.72594],[-9.15403,38.72562],[-9.15466,38.72562],[-9.15498,38.72594],[-9.15466,38.72625],[-9.15403,38.72625],[-9.15372,38.72657],[-9.15372,38.7272],[-9.15403,38.72751],[-9.15466,38.72751],[-9.15498,38.72783],[-9.15529,38.72814],[-9.15561,38.72783],[-9.15592,38.72751],[-9.15624,38.72783],[-9.15592,38.72814],[-9.15561,38.72846],[-9.15561,38.72909],[-9.15592,38.72941],[-9.15624,38.72909],[-9.15655,38.72877],[-9.15687,38.72846],[-9.15718,38.72814],[-9.15782,38.72814],[-9.15845,38.72814],[-9.15876,38.72783],[-9.15908,38.72751],[-9.15939,38.72783],[-9.15971,38.72814],[-9.16002,38.72846],[-9.16002,38.72909],[-9.16034,38.72941],[-9.16097,38.72941],[-9.1616,38.72941],[-9.16191,38.72909],[-9.1616,38.72877],[-9.16128,38.72846],[-9.16128,38.72783],[-9.16097,38.72751],[-9.16034,38.72751],[-9.16002,38.7272],[-9.16002,38.72657],[-9.16034,38.72625],[-9.16097,38.72625],[-9.1616,38.72625],[-9.16191,38.72594],[-9.16191,38.72531],[-9.16223,38.72499],[-9.16255,38.72531],[-9.16286,38.72562],[-9.16349,38.72562],[-9.16381,38.72531],[-9.16381,38.72468],[-9.16412,38.72436],[-9.16444,38.72468],[-9.16444,38.72531],[-9.16475,38.72562],[-9.16507,38.72531],[-9.16507,38.72468],[-9.16538,38.72436],[-9.16601,38.72436],[-9.16665,38.72436],[-9.16696,38.72468],[-9.16665,38.72499],[-9.16601,38.72499],[-9.1657,38.72531],[-9.16601,38.72562],[-9.16665,38.72562],[-9.16696,38.72594],[-9.16665,38.72625],[-9.16601,38.72625],[-9.16538,38.72625],[-9.16507,38.72657],[-9.16538,38.72688],[-9.1657,38.7272],[-9.1657,38.72783],[-9.16538,38.72814],[-9.16475,38.72814],[-9.16444,38.72846],[-9.16475,38.72877],[-9.16507,38.72909],[-9.16475,38.72941],[-9.16412,38.72941],[-9.16381,38.72972],[-9.16349,38.73004],[-9.16286,38.73004],[-9.16255,38.73035],[-9.16223,38.73067],[-9.1616,38.73067],[-9.16128,38.73035],[-9.16097,38.73004],[-9.16034,38.73004],[-9.16002,38.73035],[-9.16002,38.73098],[-9.15971,38.7313],[-9.15908,38.7313],[-9.15845,38.7313],[-9.15813,38.73161],[-9.15782,38.73193],[-9.15718,38.73193],[-9.15687,38.73161],[-9.15718,38.7313],[-9.15782,38.7313],[-9.15813,38.73098],[-9.15782,38.73067],[-9.15718,38.73067],[-9.15655,38.73067],[-9.15592,38.73067],[-9.15561,38.73098],[-9.15529,38.7313],[-9.15498,38.73161],[-9.15466,38.73193],[-9.15403,38.73193],[-9.15372,38.73224],[-9.1534,38.73256],[-9.15277,38.73256],[-9.15214,38.73256],[-9.15151,38.73256],[-9.15119,38.73224],[-9.15151,38.73193],[-9.15214,38.73193],[-9.15245,38.73161]],[[-9.1534,38.72877],[-9.15372,38.72846],[-9.1534,38.72814],[-9.15308,38.72846],[-9.1534,38.72877]],[[-9.15088,38.72814],[-9.15119,38.72783],[-9.15088,38.72751],[-9.15056,38.72783],[-9.15088,38.72814]],[[-9.16223,38.73004],[-9.16255,38.72972],[-9.16223,38.72941],[-9.16191,38.72972],[-9.16223,38.73004]],[[-9.15908,38.72877],[-9.15939,38.72846],[-9.15908,38.72814],[-9.15876,38.72846],[-9.15908,38.72877]],[[-9.15845,38.73067],[-9.15876,38.73035],[-9.15845,38.73004],[-9.15813,38.73035],[-9.15845,38.73067]],[[-9.15782,38.73004],[-9.15813,38.72972],[-9.15813,38.72909],[-9.15782,38.72877],[-9.15718,38.72877],[-9.15687,38.72909],[-9.15687,38.72972],[-9.15718,38.73004],[-9.15782,38.73004]],[[-9.16255,38.72783],[-9.16223,38.72751],[-9.16191,38.72783],[-9.16191,38.72846],[-9.16223,38.72877],[-9.16255,38.72846],[-9.16255,38.72783]]],[[[-9.14993,38.73477],[-9.14962,38.73508],[-9.1493,38.73477],[-9.14962,38.73445],[-9.14993,38.73477]]],[[[-9.1534,38.73697],[-9.15308,38.73666],[-9.1534,38.73634],[-9.15372,38.73666],[-9.1534,38.73697]]],[[[-9.14575,38.79161],[-9.14599,38.79163],[-9.146,38.79153],[-9.14552,38.78905],[-9.14509,38.78815],[-9.14278,38.78854],[-9.14252,38.78852],[-9.14169,38.7878],[-9.14174,38.78773],[-9.14115,38.7872],[-9.1378,38.78614],[-9.13642,38.78543],[-9.13565,38.78513],[-9.13378,38.78487],[-9.12978,38.784],[-9.12877,38.78397],[-9.12656,38.78329],[-9.12586,38.783],[-9.12486,38.78283],[-9.12395,38.78281],[-9.12214,38.78333],[-9.12202,38.78333],[-9.12161,38.78264],[-9.12095,38.78267],[-9.12123,38.78239],[-9.12155,38.78207],[-9.12155,38.78144],[-9.12123,38.78113],[-9.12092,38.78144],[-9.1206,38.78176],[-9.12029,38.78144],[-9.1206,38.78113],[-9.12092,38.78081],[-9.1206,38.78049],[-9.12029,38.78018],[-9.12029,38.77955],[-9.11997,38.77923],[-9.11934,38.77923],[-9.11903,38.77892],[-9.11934,38.7786],[-9.11997,38.7786],[-9.1206,38.7786],[-9.12092,38.77829],[-9.12092,38.77766],[-9.1206,38.77734],[-9.12029,38.77703],[-9.11997,38.77671],[-9.11934,38.77671],[-9.11871,38.77671],[-9.11839,38.77639],[-9.11839,38.77576],[-9.11808,38.77545],[-9.11745,38.77545],[-9.11713,38.77576],[-9.11682,38.77608],[-9.11619,38.77608],[-9.11556,38.77608],[-9.11493,38.77608],[-9.11461,38.77576],[-9.11493,38.77545],[-9.11524,38.77513],[-9.11556,38.77482],[-9.11587,38.7745],[-9.11587,38.77387],[-9.11587,38.77324],[-9.11556,38.77293],[-9.11493,38.77293],[-9.11461,38.77261],[-9.11493,38.7723],[-9.11524,38.77198],[-9.11524,38.77135],[-9.11493,38.77103],[-9.11429,38.77103],[-9.11398,38.77135],[-9.11366,38.77166],[-9.11303,38.77166],[-9.11272,38.77135],[-9.11272,38.77072],[-9.11303,38.7704],[-9.11366,38.7704],[-9.11429,38.7704],[-9.11461,38.77009],[-9.11461,38.76946],[-9.11429,38.76914],[-9.11398,38.76883],[-9.11429,38.76851],[-9.11461,38.7682],[-9.11429,38.76788],[-9.11398,38.76756],[-9.11429,38.76725],[-9.11493,38.76725],[-9.11524,38.76756],[-9.11556,38.76788],[-9.11587,38.76756],[-9.11587,38.76693],[-9.11619,38.76662],[-9.11682,38.76662],[-9.11745,38.76662],[-9.11776,38.7663],[-9.11776,38.76567],[-9.11808,38.76536],[-9.11839,38.76567],[-9.11839,38.7663],[-9.11871,38.76662],[-9.11903,38.76693],[-9.11934,38.76725],[-9.11997,38.76725],[-9.12029,38.76756],[-9.11997,38.76788],[-9.11934,38.76788],[-9.11903,38.76756],[-9.11871,38.76725],[-9.11839,38.76756],[-9.11839,38.7682],[-9.11871,38.76851],[-9.11934,38.76851],[-9.11997,38.76851],[-9.1206,38.76851],[-9.12092,38.76883],[-9.12123,38.76914],[-9.12186,38.76914],[-9.12249,38.76914],[-9.12313,38.76914],[-9.12344,38.76883],[-9.12313,38.76851],[-9.12281,38.7682],[-9.12281,38.76756],[-9.12313,38.76725],[-9.12344,38.76693],[-9.12376,38.76662],[-9.12407,38.7663],[-9.12407,38.76567],[-9.12407,38.76504],[-9.12376,38.76473],[-9.12313,38.76473],[-9.12249,38.76473],[-9.12186,38.76473],[-9.12123,38.76473],[-9.12092,38.76504],[-9.12092,38.76567],[-9.1206,38.76599],[-9.12029,38.76567],[-9.12029,38.76504],[-9.1206,38.76473],[-9.12092,38.76441],[-9.12123,38.7641],[-9.12186,38.7641],[-9.12249,38.7641],[-9.12281,38.76378],[-9.12313,38.76346],[-9.12344,38.76315],[-9.12344,38.76252],[-9.12344,38.76189],[-9.12344,38.76126],[-9.12376,38.76094],[-9.12407,38.76063],[-9.12407,38.76],[-9.12407,38.75937],[-9.12376,38.75905],[-9.12344,38.75873],[-9.12376,38.75842],[-9.12407,38.7581],[-9.12407,38.75747],[-9.12407,38.75684],[-9.12376,38.75653],[-9.12344,38.75621],[-9.12313,38.7559],[-9.12249,38.7559],[-9.12186,38.7559],[-9.12155,38.75558],[-9.12123,38.75527],[-9.1206,38.75527],[-9.11997,38.75527],[-9.11934,38.75527],[-9.11871,38.75527],[-9.11839,38.75495],[-9.11839,38.75432],[-9.11839,38.75369],[-9.11839,38.75306],[-9.11839,38.75243],[-9.11839,38.7518],[-9.11808,38.75148],[-9.11776,38.7518],[-9.11745,38.75211],[-9.11713,38.7518],[-9.11682,38.75148],[-9.11619,38.75148],[-9.11587,38.75117],[-9.11556,38.75085],[-9.11493,38.75085],[-9.11429,38.75085],[-9.11366,38.75085],[-9.11335,38.75054],[-9.11366,38.75022],[-9.11429,38.75022],[-9.11493,38.75022],[-9.11524,38.7499],[-9.11524,38.74927],[-9.11556,38.74896],[-9.11587,38.74927],[-9.11587,38.7499],[-9.11619,38.75022],[-9.11682,38.75022],[-9.11713,38.7499],[-9.11745,38.74959],[-9.11808,38.74959],[-9.11839,38.74927],[-9.11871,38.74896],[-9.11903,38.74927],[-9.11934,38.74959],[-9.11997,38.74959],[-9.1206,38.74959],[-9.12123,38.74959],[-9.12155,38.74927],[-9.12186,38.74896],[-9.12249,38.74896],[-9.12281,38.74927],[-9.12313,38.74959],[-9.12344,38.74927],[-9.12376,38.74896],[-9.12407,38.74864],[-9.12407,38.74801],[-9.12407,38.74738],[-9.12376,38.74707],[-9.12344,38.74675],[-9.12344,38.74612],[-9.12313,38.7458],[-9.12249,38.7458],[-9.12186,38.7458],[-9.12155,38.74549],[-9.12155,38.74486],[-9.12155,38.74423],[-9.12155,38.7436],[-9.12123,38.74328],[-9.12092,38.74297],[-9.12092,38.74234],[-9.1206,38.74202],[-9.12029,38.7417],[-9.11997,38.74139],[-9.11934,38.74139],[-9.11903,38.74107],[-9.11871,38.74076],[-9.11808,38.74076],[-9.11776,38.74107],[-9.11745,38.74139],[-9.11682,38.74139],[-9.11619,38.74139],[-9.11587,38.74107],[-9.11556,38.74076],[-9.11524,38.74044],[-9.11524,38.73981],[-9.11493,38.7395],[-9.11461,38.73918],[-9.11429,38.73887],[-9.11366,38.73887],[-9.11335,38.73855],[-9.11335,38.73792],[-9.11303,38.73761],[-9.1124,38.73761],[-9.11177,38.73761],[-9.11146,38.73792],[-9.11114,38.73824],[-9.11051,38.73824],[-9.10988,38.73824],[-9.10956,38.73792],[-9.10925,38.73761],[-9.10893,38.73792],[-9.10862,38.73824],[-9.1083,38.73855],[-9.1083,38.73918],[-9.10799,38.7395],[-9.10736,38.7395],[-9.10704,38.73981],[-9.10704,38.74044],[-9.10736,38.74076],[-9.10799,38.74076],[-9.1083,38.74107],[-9.10799,38.74139],[-9.10736,38.74139],[-9.10673,38.74139],[-9.10641,38.7417],[-9.10673,38.74202],[-9.10736,38.74202],[-9.10799,38.74202],[-9.1083,38.74234],[-9.10862,38.74265],[-9.10893,38.74297],[-9.10893,38.7436],[-9.10862,38.74391],[-9.1083,38.74423],[-9.1083,38.74486],[-9.1083,38.74549],[-9.1083,38.74612],[-9.10799,38.74644],[-9.10736,38.74644],[-9.10673,38.74644],[-9.10641,38.74612],[-9.1061,38.7458],[-9.10578,38.74612],[-9.10578,38.74675],[-9.10546,38.74707],[-9.10483,38.74707],[-9.10452,38.74675],[-9.10452,38.74612],[-9.10452,38.74549],[-9.10452,38.74486],[-9.1042,38.74454],[-9.10389,38.74423],[-9.10357,38.74391],[-9.10294,38.74391],[-9.10263,38.74423],[-9.10231,38.74454],[-9.10168,38.74454],[-9.10136,38.74423],[-9.10136,38.7436],[-9.10136,38.74297],[-9.10105,38.74265],[-9.10042,38.74265],[-9.1001,38.74234],[-9.09979,38.74202],[-9.09916,38.74202],[-9.09884,38.74234],[-9.09853,38.74265],[-9.09821,38.74234],[-9.09853,38.74202],[-9.09884,38.7417],[-9.09853,38.74139],[-9.09821,38.74139],[-9.09853,38.74107],[-9.09853,38.74076],[-9.09916,38.74076],[-9.09979,38.74076],[-9.1001,38.74044],[-9.1001,38.73981],[-9.09979,38.7395],[-9.09947,38.7395],[-9.09979,38.73918],[-9.09979,38.73887],[-9.10042,38.73887],[-9.10105,38.73887],[-9.10168,38.73887],[-9.10231,38.73887],[-9.10263,38.73918],[-9.10294,38.7395],[-9.10326,38.73918],[-9.10326,38.73855],[-9.10357,38.73824],[-9.10389,38.73792],[-9.10389,38.73729],[-9.10389,38.73666],[-9.1042,38.73634],[-9.10452,38.73603],[-9.1042,38.73571],[-9.10389,38.7354],[-9.1042,38.73508],[-9.10452,38.73477],[-9.10452,38.73414],[-9.10452,38.73351],[-9.1042,38.73319],[-9.10357,38.73319],[-9.10294,38.73319],[-9.10263,38.73319],[-9.10294,38.73287],[-9.10357,38.73224],[-9.10357,38.73161],[-9.1042,38.73098],[-9.10452,38.73067],[-9.10483,38.73067],[-9.10546,38.73067],[-9.10578,38.73098],[-9.1061,38.7313],[-9.10673,38.7313],[-9.10736,38.7313],[-9.10767,38.73098],[-9.10736,38.73067],[-9.10704,38.73035],[-9.10736,38.73004],[-9.10799,38.73004],[-9.10862,38.73004],[-9.10893,38.72972],[-9.10893,38.72909],[-9.10925,38.72877],[-9.10956,38.72909],[-9.10988,38.72941],[-9.1102,38.72909],[-9.1102,38.72846],[-9.11051,38.72814],[-9.11114,38.72814],[-9.11146,38.72783],[-9.11114,38.72751],[-9.11051,38.72751],[-9.1102,38.7272],[-9.11051,38.72688],[-9.11114,38.72688],[-9.11146,38.7272],[-9.11177,38.72751],[-9.11209,38.7272],[-9.11209,38.72657],[-9.1124,38.72625],[-9.11303,38.72625],[-9.11335,38.72594],[-9.11335,38.72531],[-9.11366,38.72499],[-9.11429,38.72499],[-9.11461,38.72468],[-9.11493,38.72436],[-9.11556,38.72436],[-9.11587,38.72468],[-9.11619,38.72499],[-9.11682,38.72499],[-9.11713,38.72531],[-9.11713,38.72594],[-9.11713,38.72657],[-9.11713,38.7272],[-9.11713,38.72783],[-9.11682,38.72814],[-9.11619,38.72814],[-9.11587,38.72846],[-9.11556,38.72877],[-9.11493,38.72877],[-9.11461,38.72909],[-9.11429,38.72941],[-9.11366,38.72941],[-9.11335,38.72972],[-9.11303,38.73004],[-9.11272,38.72972],[-9.11272,38.72909],[-9.1124,38.72877],[-9.11177,38.72877],[-9.11146,38.72909],[-9.11114,38.72941],[-9.11051,38.72941],[-9.1102,38.72972],[-9.11051,38.73004],[-9.11114,38.73004],[-9.11146,38.73035],[-9.11114,38.73067],[-9.11051,38.73067],[-9.1102,38.73098],[-9.11051,38.7313],[-9.11114,38.7313],[-9.11177,38.7313],[-9.1124,38.7313],[-9.11272,38.73098],[-9.11303,38.73067],[-9.11335,38.73098],[-9.11366,38.7313],[-9.11429,38.7313],[-9.11461,38.73161],[-9.11429,38.73193],[-9.11366,38.73193],[-9.11303,38.73193],[-9.1124,38.73193],[-9.11209,38.73224],[-9.11209,38.73287],[-9.1124,38.73319],[-9.11272,38.73351],[-9.11303,38.73382],[-9.11335,38.73351],[-9.11335,38.73287],[-9.11366,38.73256],[-9.11429,38.73256],[-9.11461,38.73287],[-9.11493,38.73319],[-9.11524,38.73351],[-9.11556,38.73382],[-9.11587,38.73351],[-9.11587,38.73287],[-9.11619,38.73256],[-9.11682,38.73256],[-9.11713,38.73224],[-9.11682,38.73193],[-9.11619,38.73193],[-9.11587,38.73161],[-9.11619,38.7313],[-9.11682,38.7313],[-9.11745,38.7313],[-9.11808,38.7313],[-9.11839,38.73161],[-9.11839,38.73224],[-9.11871,38.73256],[-9.11934,38.73256],[-9.11997,38.73256],[-9.12029,38.73287],[-9.1206,38.73319],[-9.12092,38.73351],[-9.12092,38.73414],[-9.12092,38.73477],[-9.12092,38.7354],[-9.12123,38.73571],[-9.12186,38.73571],[-9.12249,38.73571],[-9.12313,38.73571],[-9.12344,38.73603],[-9.12313,38.73634],[-9.12249,38.73634],[-9.12186,38.73634],[-9.12155,38.73666],[-9.12155,38.73729],[-9.12186,38.73761],[-9.12218,38.73792],[-9.12186,38.73824],[-9.12155,38.73855],[-9.12123,38.73887],[-9.12092,38.73918],[-9.12092,38.73981],[-9.12092,38.74044],[-9.12123,38.74076],[-9.12155,38.74044],[-9.12186,38.74013],[-9.12249,38.74013],[-9.12281,38.74044],[-9.12313,38.74076],[-9.12344,38.74107],[-9.12313,38.74139],[-9.12281,38.7417],[-9.12313,38.74202],[-9.12376,38.74202],[-9.12439,38.74202],[-9.12502,38.74202],[-9.12565,38.74202],[-9.12596,38.7417],[-9.12628,38.74139],[-9.12691,38.74139],[-9.12722,38.7417],[-9.12754,38.74202],[-9.12786,38.74234],[-9.12786,38.74297],[-9.12817,38.74328],[-9.1288,38.74328],[-9.12912,38.7436],[-9.12943,38.74391],[-9.12975,38.74423],[-9.13006,38.74454],[-9.13069,38.74454],[-9.13132,38.74454],[-9.13164,38.74486],[-9.13132,38.74517],[-9.13069,38.74517],[-9.13038,38.74549],[-9.13038,38.74612],[-9.13006,38.74644],[-9.12975,38.74675],[-9.12975,38.74738],[-9.12943,38.7477],[-9.12912,38.74801],[-9.12912,38.74864],[-9.12943,38.74896],[-9.12975,38.74927],[-9.12975,38.7499],[-9.13006,38.75022],[-9.13038,38.7499],[-9.13069,38.74959],[-9.13132,38.74959],[-9.13196,38.74959],[-9.13259,38.74959],[-9.1329,38.7499],[-9.13259,38.75022],[-9.13227,38.75054],[-9.13259,38.75085],[-9.13322,38.75085],[-9.13385,38.75085],[-9.13448,38.75085],[-9.13479,38.75117],[-9.13448,38.75148],[-9.13385,38.75148],[-9.13353,38.7518],[-9.13353,38.75243],[-9.13353,38.75306],[-9.13353,38.75369],[-9.13353,38.75432],[-9.13385,38.75463],[-9.13448,38.75463],[-9.13479,38.75495],[-9.13511,38.75527],[-9.13574,38.75527],[-9.13637,38.75527],[-9.137,38.75527],[-9.13763,38.75527],[-9.13826,38.75527],[-9.13858,38.75495],[-9.13889,38.75463],[-9.13921,38.75495],[-9.13952,38.75527],[-9.14015,38.75527],[-9.14047,38.75495],[-9.14047,38.75432],[-9.14079,38.754],[-9.14142,38.754],[-9.14173,38.75432],[-9.14205,38.75463],[-9.14236,38.75495],[-9.14236,38.75558],[-9.14236,38.75621],[-9.14268,38.75653],[-9.14331,38.75653],[-9.14362,38.75684],[-9.14394,38.75716],[-9.14457,38.75716],[-9.1452,38.75716],[-9.14583,38.75716],[-9.14615,38.75684],[-9.14646,38.75653],[-9.14678,38.75684],[-9.14709,38.75716],[-9.14772,38.75716],[-9.14804,38.75684],[-9.14835,38.75653],[-9.14898,38.75653],[-9.1493,38.75684],[-9.14898,38.75716],[-9.14835,38.75716],[-9.14804,38.75747],[-9.14772,38.75779],[-9.14741,38.7581],[-9.14741,38.75873],[-9.14709,38.75905],[-9.14678,38.75937],[-9.14709,38.75968],[-9.14772,38.75968],[-9.14804,38.75937],[-9.14835,38.75905],[-9.14898,38.75905],[-9.1493,38.75873],[-9.1493,38.7581],[-9.14962,38.75779],[-9.15025,38.75779],[-9.15056,38.7581],[-9.15088,38.75842],[-9.15151,38.75842],[-9.15182,38.75873],[-9.15151,38.75905],[-9.15088,38.75905],[-9.15056,38.75937],[-9.15025,38.75968],[-9.14962,38.75968],[-9.1493,38.76],[-9.14898,38.76031],[-9.14835,38.76031],[-9.14772,38.76031],[-9.14741,38.76063],[-9.14709,38.76094],[-9.14678,38.76126],[-9.14709,38.76157],[-9.14772,38.76157],[-9.14835,38.76157],[-9.14898,38.76157],[-9.1493,38.76189],[-9.1493,38.76252],[-9.14962,38.76283],[-9.15025,38.76283],[-9.15056,38.76315],[-9.15025,38.76346],[-9.14993,38.76378],[-9.15025,38.7641],[-9.15056,38.76441],[-9.15056,38.76504],[-9.15056,38.76567],[-9.15056,38.7663],[-9.15025,38.76662],[-9.14993,38.7663],[-9.14962,38.76599],[-9.1493,38.7663],[-9.1493,38.76693],[-9.14898,38.76725],[-9.14835,38.76725],[-9.14804,38.76693],[-9.14772,38.76662],[-9.14741,38.76693],[-9.14709,38.76725],[-9.14678,38.76756],[-9.14646,38.76788],[-9.14583,38.76788],[-9.1452,38.76788],[-9.14489,38.7682],[-9.1452,38.76851],[-9.14583,38.76851],[-9.14615,38.76883],[-9.14646,38.76914],[-9.14678,38.76883],[-9.14709,38.76851],[-9.14741,38.76883],[-9.14709,38.76914],[-9.14678,38.76946],[-9.14646,38.76977],[-9.14583,38.76977],[-9.1452,38.76977],[-9.14489,38.77009],[-9.1452,38.7704],[-9.14583,38.7704],[-9.14615,38.77072],[-9.14583,38.77103],[-9.1452,38.77103],[-9.14489,38.77135],[-9.14457,38.77166],[-9.14425,38.77198],[-9.14425,38.77261],[-9.14425,38.77324],[-9.14457,38.77356],[-9.14489,38.77324],[-9.1452,38.77293],[-9.14583,38.77293],[-9.14646,38.77293],[-9.14709,38.77293],[-9.14772,38.77293],[-9.14804,38.77261],[-9.14804,38.77198],[-9.14835,38.77166],[-9.14898,38.77166],[-9.1493,38.77198],[-9.14962,38.7723],[-9.14993,38.77261],[-9.14962,38.77293],[-9.1493,38.77324],[-9.1493,38.77387],[-9.14962,38.77419],[-9.14993,38.7745],[-9.15025,38.77482],[-9.15056,38.7745],[-9.15088,38.77419],[-9.15151,38.77419],[-9.15214,38.77419],[-9.15245,38.7745],[-9.15214,38.77482],[-9.15182,38.77513],[-9.15151,38.77545],[-9.15088,38.77545],[-9.15056,38.77576],[-9.15088,38.77608],[-9.15151,38.77608],[-9.15214,38.77608],[-9.15245,38.77576],[-9.15277,38.77545],[-9.1534,38.77545],[-9.15372,38.77513],[-9.15372,38.7745],[-9.1534,38.77419],[-9.15308,38.77387],[-9.1534,38.77356],[-9.15403,38.77356],[-9.15466,38.77356],[-9.15529,38.77356],[-9.15561,38.77387],[-9.15592,38.77419],[-9.15655,38.77419],[-9.15718,38.77419],[-9.1575,38.77387],[-9.15718,38.77356],[-9.15655,38.77356],[-9.15624,38.77324],[-9.15624,38.77261],[-9.15624,38.77198],[-9.15592,38.77166],[-9.15561,38.77198],[-9.15561,38.77261],[-9.15529,38.77293],[-9.15498,38.77261],[-9.15498,38.77198],[-9.15466,38.77166],[-9.15403,38.77166],[-9.1534,38.77166],[-9.15308,38.77135],[-9.1534,38.77103],[-9.15372,38.77072],[-9.1534,38.7704],[-9.15277,38.7704],[-9.15214,38.7704],[-9.15151,38.7704],[-9.15088,38.7704],[-9.15056,38.77072],[-9.15025,38.77103],[-9.14962,38.77103],[-9.1493,38.77072],[-9.1493,38.77009],[-9.14962,38.76977],[-9.14993,38.76946],[-9.14962,38.76914],[-9.14898,38.76914],[-9.14835,38.76914],[-9.14804,38.76883],[-9.14835,38.76851],[-9.14898,38.76851],[-9.1493,38.7682],[-9.14962,38.76788],[-9.15025,38.76788],[-9.15088,38.76788],[-9.15151,38.76788],[-9.15182,38.76756],[-9.15214,38.76725],[-9.15245,38.76756],[-9.15277,38.76788],[-9.1534,38.76788],[-9.15403,38.76788],[-9.15466,38.76788],[-9.15529,38.76788],[-9.15561,38.7682],[-9.15592,38.76851],[-9.15624,38.7682],[-9.15655,38.76788],[-9.15718,38.76788],[-9.15782,38.76788],[-9.15813,38.7682],[-9.15845,38.76851],[-9.15908,38.76851],[-9.15939,38.7682],[-9.15939,38.76756],[-9.15971,38.76725],[-9.16034,38.76725],[-9.16065,38.76693],[-9.16097,38.76662],[-9.1616,38.76662],[-9.16191,38.76693],[-9.16223,38.76725],[-9.16255,38.76756],[-9.16286,38.76788],[-9.16349,38.76788],[-9.16412,38.76788],[-9.16475,38.76788],[-9.16507,38.76756],[-9.16507,38.76693],[-9.16538,38.76662],[-9.16601,38.76662],[-9.16633,38.76693],[-9.16665,38.76725],[-9.16696,38.76693],[-9.16696,38.7663],[-9.16696,38.76567],[-9.16728,38.76536],[-9.16759,38.76504],[-9.16759,38.76441],[-9.16791,38.7641],[-9.16822,38.76378],[-9.16854,38.76346],[-9.16917,38.76346],[-9.16948,38.76378],[-9.16948,38.76441],[-9.1698,38.76473],[-9.17011,38.76441],[-9.17043,38.7641],[-9.17075,38.76441],[-9.17075,38.76504],[-9.17075,38.76567],[-9.17106,38.76599],[-9.17138,38.76567],[-9.17138,38.76504],[-9.17138,38.76441],[-9.17138,38.76378],[-9.17106,38.76346],[-9.17075,38.76315],[-9.17106,38.76283],[-9.17138,38.76315],[-9.17169,38.76346],[-9.17232,38.76346],[-9.17295,38.76346],[-9.17327,38.76315],[-9.17358,38.76283],[-9.17421,38.76283],[-9.17484,38.76283],[-9.17548,38.76283],[-9.17579,38.76252],[-9.17611,38.7622],[-9.17674,38.7622],[-9.17737,38.7622],[-9.178,38.7622],[-9.17863,38.7622],[-9.17926,38.7622],[-9.17958,38.76189],[-9.17926,38.76157],[-9.17894,38.76126],[-9.17926,38.76094],[-9.17958,38.76063],[-9.17989,38.76031],[-9.18052,38.76031],[-9.18115,38.76031],[-9.18147,38.76],[-9.18115,38.75968],[-9.18084,38.75937],[-9.18115,38.75905],[-9.18178,38.75905],[-9.1821,38.75873],[-9.1821,38.7581],[-9.18178,38.75779],[-9.18147,38.75747],[-9.18147,38.75684],[-9.18147,38.75621],[-9.18178,38.7559],[-9.1821,38.75621],[-9.18241,38.75653],[-9.18304,38.75653],[-9.18368,38.75653],[-9.18399,38.75684],[-9.18431,38.75716],[-9.18462,38.75684],[-9.18494,38.75653],[-9.18525,38.75684],[-9.18525,38.75747],[-9.18557,38.75779],[-9.1862,38.75779],[-9.18683,38.75779],[-9.18714,38.75747],[-9.18746,38.75716],[-9.18777,38.75684],[-9.18809,38.75653],[-9.18841,38.75684],[-9.18872,38.75716],[-9.18935,38.75716],[-9.18998,38.75716],[-9.1903,38.75747],[-9.19061,38.75779],[-9.19093,38.7581],[-9.19093,38.75873],[-9.19124,38.75905],[-9.19156,38.75937],[-9.19156,38.76],[-9.19187,38.76031],[-9.19251,38.76031],[-9.19314,38.76031],[-9.19345,38.76],[-9.19314,38.75968],[-9.19282,38.75937],[-9.19282,38.75873],[-9.19314,38.75842],[-9.19345,38.7581],[-9.19314,38.75779],[-9.19282,38.75747],[-9.19314,38.75716],[-9.19377,38.75716],[-9.19408,38.75684],[-9.19408,38.75621],[-9.19377,38.7559],[-9.19314,38.7559],[-9.19251,38.7559],[-9.19187,38.7559],[-9.19156,38.75558],[-9.19124,38.75527],[-9.19093,38.75558],[-9.19061,38.7559],[-9.18998,38.7559],[-9.18967,38.75558],[-9.18935,38.75527],[-9.18872,38.75527],[-9.18841,38.75558],[-9.18809,38.7559],[-9.18777,38.75558],[-9.18777,38.75495],[-9.18746,38.75463],[-9.18714,38.75432],[-9.18746,38.754],[-9.18777,38.75369],[-9.18809,38.75337],[-9.18841,38.75306],[-9.18809,38.75274],[-9.18777,38.75243],[-9.18809,38.75211],[-9.18872,38.75211],[-9.18935,38.75211],[-9.18967,38.7518],[-9.18998,38.75148],[-9.19061,38.75148],[-9.19093,38.75117],[-9.19061,38.75085],[-9.1903,38.75054],[-9.1903,38.7499],[-9.19061,38.74959],[-9.19124,38.74959],[-9.19156,38.74927],[-9.19187,38.74896],[-9.19251,38.74896],[-9.19282,38.74864],[-9.19282,38.74801],[-9.19251,38.7477],[-9.19187,38.7477],[-9.19156,38.74738],[-9.19187,38.74707],[-9.19251,38.74707],[-9.19282,38.74738],[-9.19314,38.7477],[-9.19345,38.74738],[-9.19345,38.74675],[-9.19345,38.74612],[-9.19377,38.7458],[-9.19408,38.74612],[-9.1944,38.74644],[-9.19471,38.74612],[-9.19503,38.7458],[-9.19566,38.7458],[-9.19597,38.74549],[-9.19597,38.74486],[-9.19566,38.74454],[-9.19503,38.74454],[-9.19471,38.74423],[-9.1944,38.74391],[-9.19377,38.74391],[-9.19345,38.7436],[-9.19314,38.74328],[-9.19282,38.74297],[-9.19251,38.74265],[-9.19187,38.74265],[-9.19124,38.74265],[-9.19061,38.74265],[-9.18998,38.74265],[-9.18935,38.74265],[-9.18904,38.74297],[-9.18872,38.74328],[-9.18809,38.74328],[-9.18777,38.74297],[-9.18746,38.74265],[-9.18714,38.74234],[-9.18683,38.74202],[-9.1862,38.74202],[-9.18588,38.74234],[-9.18557,38.74265],[-9.18525,38.74297],[-9.18494,38.74328],[-9.18431,38.74328],[-9.18399,38.74297],[-9.18399,38.74234],[-9.18368,38.74202],[-9.18304,38.74202],[-9.18273,38.7417],[-9.18304,38.74139],[-9.18368,38.74139],[-9.18399,38.74107],[-9.18399,38.74044],[-9.18368,38.74013],[-9.18304,38.74013],[-9.18241,38.74013],[-9.18178,38.74013],[-9.18115,38.74013],[-9.18052,38.74013],[-9.18021,38.73981],[-9.17989,38.7395],[-9.17958,38.73981],[-9.17926,38.74013],[-9.17863,38.74013],[-9.178,38.74013],[-9.17737,38.74013],[-9.17705,38.73981],[-9.17705,38.73918],[-9.17674,38.73887],[-9.17611,38.73887],[-9.17548,38.73887],[-9.17484,38.73887],[-9.17421,38.73887],[-9.1739,38.73855],[-9.17421,38.73824],[-9.17453,38.73792],[-9.17421,38.73761],[-9.17358,38.73761],[-9.17295,38.73761],[-9.17264,38.73729],[-9.17264,38.73666],[-9.17232,38.73634],[-9.17169,38.73634],[-9.17106,38.73634],[-9.17075,38.73603],[-9.17075,38.7354],[-9.17043,38.73508],[-9.17011,38.73477],[-9.1698,38.73445],[-9.16948,38.73477],[-9.16917,38.73508],[-9.16854,38.73508],[-9.16822,38.73477],[-9.16791,38.73445],[-9.16759,38.73477],[-9.16728,38.73508],[-9.16665,38.73508],[-9.16601,38.73508],[-9.1657,38.73477],[-9.16538,38.73445],[-9.16507,38.73477],[-9.16475,38.73508],[-9.16444,38.73477],[-9.16412,38.73445],[-9.16381,38.73414],[-9.16381,38.73351],[-9.16381,38.73287],[-9.16349,38.73256],[-9.16286,38.73256],[-9.16223,38.73256],[-9.1616,38.73256],[-9.16128,38.73287],[-9.16128,38.73351],[-9.16097,38.73382],[-9.16034,38.73382],[-9.16002,38.73351],[-9.15971,38.73319],[-9.15908,38.73319],[-9.15876,38.73287],[-9.15908,38.73256],[-9.15939,38.73224],[-9.15971,38.73193],[-9.16034,38.73193],[-9.16097,38.73193],[-9.1616,38.73193],[-9.16191,38.73161],[-9.16223,38.7313],[-9.16286,38.7313],[-9.16349,38.7313],[-9.16412,38.7313],[-9.16475,38.7313],[-9.16507,38.73098],[-9.16538,38.73067],[-9.1657,38.73098],[-9.16601,38.7313],[-9.16665,38.7313],[-9.16728,38.7313],[-9.16791,38.7313],[-9.16822,38.73161],[-9.16854,38.73193],[-9.16917,38.73193],[-9.16948,38.73161],[-9.16948,38.73098],[-9.1698,38.73067],[-9.17043,38.73067],[-9.17075,38.73035],[-9.17106,38.73004],[-9.17138,38.72972],[-9.17138,38.72909],[-9.17169,38.72877],[-9.17232,38.72877],[-9.17295,38.72877],[-9.17358,38.72877],[-9.1739,38.72846],[-9.17358,38.72814],[-9.17327,38.72783],[-9.17358,38.72751],[-9.1739,38.72783],[-9.17421,38.72814],[-9.17453,38.72783],[-9.17453,38.7272],[-9.17421,38.72688],[-9.1739,38.72657],[-9.1739,38.72594],[-9.17421,38.72562],[-9.17453,38.72531],[-9.17484,38.72499],[-9.17548,38.72499],[-9.17611,38.72499],[-9.17642,38.72531],[-9.17674,38.72562],[-9.17705,38.72531],[-9.17705,38.72468],[-9.17674,38.72436],[-9.17642,38.72404],[-9.17642,38.72341],[-9.17674,38.7231],[-9.17705,38.72341],[-9.17737,38.72373],[-9.178,38.72373],[-9.17831,38.72341],[-9.17831,38.72278],[-9.178,38.72247],[-9.17737,38.72247],[-9.17674,38.72247],[-9.17611,38.72247],[-9.17579,38.72215],[-9.17611,38.72184],[-9.17674,38.72184],[-9.17737,38.72184],[-9.178,38.72184],[-9.17831,38.72152],[-9.178,38.72121],[-9.17737,38.72121],[-9.17705,38.72089],[-9.17705,38.72026],[-9.17705,38.71963],[-9.17705,38.719],[-9.17674,38.71868],[-9.17611,38.71868],[-9.17579,38.71837],[-9.17611,38.71805],[-9.17674,38.71805],[-9.17737,38.71805],[-9.178,38.71805],[-9.17831,38.71774],[-9.178,38.71742],[-9.17737,38.71742],[-9.17674,38.71742],[-9.17642,38.71711],[-9.17611,38.71679],[-9.17579,38.71648],[-9.17611,38.71616],[-9.17674,38.71616],[-9.17705,38.71584],[-9.17674,38.71553],[-9.17642,38.71521],[-9.17674,38.7149],[-9.17705,38.71458],[-9.17674,38.71427],[-9.17611,38.71427],[-9.17548,38.71427],[-9.17484,38.71427],[-9.17453,38.71395],[-9.17484,38.71364],[-9.17548,38.71364],[-9.17611,38.71364],[-9.17642,38.71332],[-9.17674,38.71301],[-9.17705,38.71269],[-9.17674,38.71238],[-9.17642,38.71206],[-9.17674,38.71175],[-9.17705,38.71143],[-9.17705,38.7108],[-9.17737,38.71048],[-9.17768,38.71017],[-9.17737,38.70985],[-9.17674,38.70985],[-9.17611,38.70985],[-9.17579,38.70954],[-9.17611,38.70922],[-9.17642,38.70891],[-9.17674,38.70859],[-9.17737,38.70859],[-9.17768,38.70891],[-9.178,38.70922],[-9.17863,38.70922],[-9.17894,38.70891],[-9.17926,38.70859],[-9.17958,38.70828],[-9.17958,38.70765],[-9.17958,38.70701],[-9.17958,38.70638],[-9.17926,38.70607],[-9.17894,38.70575],[-9.17926,38.70544],[-9.17958,38.70512],[-9.17958,38.70449],[-9.17989,38.70418],[-9.18021,38.70449],[-9.18052,38.70481],[-9.18115,38.70481],[-9.18178,38.70481],[-9.1821,38.70449],[-9.18178,38.70418],[-9.18147,38.70386],[-9.18115,38.70355],[-9.18052,38.70355],[-9.18021,38.70323],[-9.18052,38.70292],[-9.18115,38.70292],[-9.18147,38.70323],[-9.18178,38.70355],[-9.1821,38.70323],[-9.1821,38.7026],[-9.18178,38.70228],[-9.18147,38.70197],[-9.18115,38.70165],[-9.18052,38.70165],[-9.18021,38.70134],[-9.18052,38.70102],[-9.18115,38.70102],[-9.18147,38.70134],[-9.18178,38.70165],[-9.1821,38.70197],[-9.18241,38.70228],[-9.18273,38.7026],[-9.18304,38.70292],[-9.18336,38.7026],[-9.18336,38.70197],[-9.18336,38.70134],[-9.18336,38.70071],[-9.18368,38.70039],[-9.18431,38.70039],[-9.18462,38.70008],[-9.18431,38.69976],[-9.18368,38.69976],[-9.18304,38.69976],[-9.18273,38.69945],[-9.18304,38.69913],[-9.18368,38.69913],[-9.18431,38.69913],[-9.18462,38.69945],[-9.18494,38.69976],[-9.18557,38.69976],[-9.1862,38.69976],[-9.18651,38.69945],[-9.1862,38.69913],[-9.18588,38.69882],[-9.18588,38.69818],[-9.1862,38.69787],[-9.18651,38.69755],[-9.18683,38.69724],[-9.18746,38.69724],[-9.18777,38.69755],[-9.18777,38.69818],[-9.18746,38.6985],[-9.18683,38.6985],[-9.18651,38.69882],[-9.18683,38.69913],[-9.18746,38.69913],[-9.18809,38.69913],[-9.18872,38.69913],[-9.18904,38.69882],[-9.18904,38.69818],[-9.18904,38.69755],[-9.18904,38.69692],[-9.18904,38.69629],[-9.18935,38.69629],[-9.18998,38.69629],[-9.1903,38.69629],[-9.19061,38.69661],[-9.19124,38.69661],[-9.19156,38.69629],[-9.19156,38.69566],[-9.19187,38.69566],[-9.19251,38.69566],[-9.19314,38.69566],[-9.19345,38.69566],[-9.19345,38.69629],[-9.19377,38.69661],[-9.19408,38.69629],[-9.1944,38.69598],[-9.19471,38.69629],[-9.19471,38.69692],[-9.1944,38.69724],[-9.19408,38.69755],[-9.1944,38.69787],[-9.19471,38.69818],[-9.1944,38.6985],[-9.19408,38.69882],[-9.19408,38.69945],[-9.19408,38.70008],[-9.1944,38.70039],[-9.19503,38.70039],[-9.19566,38.70039],[-9.19597,38.70071],[-9.19597,38.70134],[-9.19629,38.70165],[-9.1966,38.70134],[-9.1966,38.70071],[-9.19692,38.70039],[-9.19724,38.70071],[-9.19724,38.70134],[-9.19692,38.70165],[-9.1966,38.70197],[-9.19692,38.70228],[-9.19724,38.7026],[-9.19755,38.70292],[-9.19818,38.70292],[-9.19881,38.70292],[-9.19913,38.70323],[-9.19944,38.70355],[-9.20007,38.70355],[-9.2007,38.70355],[-9.20102,38.70323],[-9.20102,38.7026],[-9.20134,38.70228],[-9.20197,38.70228],[-9.20228,38.7026],[-9.2026,38.70292],[-9.20291,38.7026],[-9.20323,38.70228],[-9.20386,38.70228],[-9.20449,38.70228],[-9.2048,38.70197],[-9.2048,38.70134],[-9.20512,38.70102],[-9.20544,38.70071],[-9.20544,38.70008],[-9.20575,38.69976],[-9.20607,38.69945],[-9.20638,38.69913],[-9.2067,38.69945],[-9.20701,38.69976],[-9.20764,38.69976],[-9.20796,38.70008],[-9.20764,38.70039],[-9.20701,38.70039],[-9.2067,38.70008],[-9.20638,38.69976],[-9.20607,38.70008],[-9.20607,38.70071],[-9.20575,38.70102],[-9.20544,38.70134],[-9.20544,38.70197],[-9.20512,38.70228],[-9.2048,38.7026],[-9.20449,38.70292],[-9.20386,38.70292],[-9.20323,38.70292],[-9.20291,38.70323],[-9.2026,38.70355],[-9.20197,38.70355],[-9.20134,38.70355],[-9.20102,38.70386],[-9.20134,38.70418],[-9.20197,38.70418],[-9.20228,38.70449],[-9.20197,38.70481],[-9.20134,38.70481],[-9.2007,38.70481],[-9.20039,38.70512],[-9.20039,38.70575],[-9.2007,38.70607],[-9.20102,38.70575],[-9.20134,38.70544],[-9.20197,38.70544],[-9.2026,38.70544],[-9.20291,38.70575],[-9.20323,38.70607],[-9.20354,38.70638],[-9.20323,38.7067],[-9.20291,38.70701],[-9.20291,38.70765],[-9.20323,38.70796],[-9.20354,38.70828],[-9.20386,38.70859],[-9.20449,38.70859],[-9.2048,38.70891],[-9.20512,38.70922],[-9.20544,38.70891],[-9.20544,38.70828],[-9.20512,38.70796],[-9.2048,38.70765],[-9.20512,38.70733],[-9.20544,38.70765],[-9.20575,38.70796],[-9.20638,38.70796],[-9.20701,38.70796],[-9.20764,38.70796],[-9.20827,38.70796],[-9.2089,38.70796],[-9.20922,38.70765],[-9.20922,38.70701],[-9.20953,38.7067],[-9.21017,38.7067],[-9.21048,38.70701],[-9.21048,38.70765],[-9.21048,38.70828],[-9.21017,38.70859],[-9.20953,38.70859],[-9.20922,38.70891],[-9.20953,38.70922],[-9.21017,38.70922],[-9.2108,38.70922],[-9.21143,38.70922],[-9.21206,38.70922],[-9.21237,38.70891],[-9.21237,38.70828],[-9.21269,38.70796],[-9.21332,38.70796],[-9.21363,38.70765],[-9.21332,38.70733],[-9.21269,38.70733],[-9.21237,38.70701],[-9.21237,38.70638],[-9.21206,38.70607],[-9.21174,38.70575],[-9.21143,38.70544],[-9.21111,38.70512],[-9.21111,38.70449],[-9.21143,38.70418],[-9.21206,38.70418],[-9.21269,38.70418],[-9.21332,38.70418],[-9.21363,38.70386],[-9.21332,38.70355],[-9.21269,38.70355],[-9.21206,38.70355],[-9.21143,38.70355],[-9.2108,38.70355],[-9.21048,38.70386],[-9.21017,38.70418],[-9.20953,38.70418],[-9.2089,38.70418],[-9.20859,38.70449],[-9.20859,38.70512],[-9.20827,38.70544],[-9.20796,38.70512],[-9.20796,38.70449],[-9.20764,38.70418],[-9.20701,38.70418],[-9.2067,38.70386],[-9.20638,38.70355],[-9.20607,38.70323],[-9.20607,38.7026],[-9.20638,38.70228],[-9.20701,38.70228],[-9.20764,38.70228],[-9.20796,38.70197],[-9.20796,38.70134],[-9.20827,38.70102],[-9.20859,38.70134],[-9.2089,38.70165],[-9.20953,38.70165],[-9.20985,38.70134],[-9.21017,38.70102],[-9.2108,38.70102],[-9.21111,38.70071],[-9.2108,38.70039],[-9.21017,38.70039],[-9.20985,38.70008],[-9.21017,38.69976],[-9.2108,38.69976],[-9.21143,38.69976],[-9.21174,38.70008],[-9.21174,38.70071],[-9.21143,38.70102],[-9.21111,38.70134],[-9.21111,38.70197],[-9.2108,38.70228],[-9.21048,38.7026],[-9.2108,38.70292],[-9.21143,38.70292],[-9.21174,38.7026],[-9.21206,38.70228],[-9.21237,38.7026],[-9.21269,38.70292],[-9.21332,38.70292],[-9.21363,38.70323],[-9.21395,38.70355],[-9.21458,38.70355],[-9.21521,38.70355],[-9.21553,38.70386],[-9.21521,38.70418],[-9.2149,38.70449],[-9.21521,38.70481],[-9.21553,38.70512],[-9.21584,38.70544],[-9.21647,38.70544],[-9.21679,38.70512],[-9.21679,38.70449],[-9.21679,38.70386],[-9.21679,38.70323],[-9.2171,38.70292],[-9.21773,38.70292],[-9.21805,38.70323],[-9.21837,38.70355],[-9.219,38.70355],[-9.21931,38.70323],[-9.21931,38.7026],[-9.219,38.70228],[-9.21837,38.70228],[-9.21773,38.70228],[-9.21742,38.70197],[-9.2171,38.70165],[-9.21647,38.70165],[-9.21584,38.70165],[-9.21553,38.70134],[-9.21584,38.70102],[-9.21647,38.70102],[-9.2171,38.70102],[-9.21773,38.70102],[-9.21805,38.70071],[-9.21773,38.70039],[-9.2171,38.70039],[-9.21679,38.70008],[-9.2171,38.69976],[-9.21773,38.69976],[-9.21837,38.69976],[-9.219,38.69976],[-9.21931,38.69945],[-9.219,38.69913],[-9.21837,38.69913],[-9.21773,38.69913],[-9.2171,38.69913],[-9.21647,38.69913],[-9.21584,38.69913],[-9.21553,38.69945],[-9.21521,38.69976],[-9.21458,38.69976],[-9.21427,38.69945],[-9.21395,38.69913],[-9.21363,38.69945],[-9.21332,38.69976],[-9.21269,38.69976],[-9.21237,38.69945],[-9.21237,38.69882],[-9.21269,38.6985],[-9.21332,38.6985],[-9.21395,38.6985],[-9.21427,38.69818],[-9.21395,38.69787],[-9.21363,38.69755],[-9.21363,38.69692],[-9.21332,38.69661],[-9.21269,38.69661],[-9.21206,38.69661],[-9.21174,38.69629],[-9.21206,38.69598],[-9.21269,38.69598],[-9.21332,38.69598],[-9.21395,38.69598],[-9.21427,38.69629],[-9.21427,38.69692],[-9.21427,38.69755],[-9.21458,38.69787],[-9.2149,38.69755],[-9.21521,38.69724],[-9.21584,38.69724],[-9.21647,38.69724],[-9.21679,38.69692],[-9.21647,38.69661],[-9.21584,38.69661],[-9.21553,38.69629],[-9.21553,38.69566],[-9.21584,38.69535],[-9.21647,38.69535],[-9.2171,38.69535],[-9.21742,38.69503],[-9.2171,38.69472],[-9.21647,38.69472],[-9.21584,38.69472],[-9.21521,38.69472],[-9.21458,38.69472],[-9.21395,38.69472],[-9.21332,38.69472],[-9.21269,38.69472],[-9.21237,38.6944],[-9.21237,38.69377],[-9.21269,38.69345],[-9.21332,38.69345],[-9.21363,38.69314],[-9.21332,38.69282],[-9.21269,38.69282],[-9.21206,38.69282],[-9.21143,38.69282],[-9.21111,38.69251],[-9.21143,38.69251],[-9.21206,38.69188],[-9.21269,38.69188],[-9.21332,38.69188],[-9.21363,38.69188],[-9.21363,38.69251],[-9.21395,38.69282],[-9.21427,38.69251],[-9.21427,38.69188],[-9.21458,38.69188],[-9.21521,38.69125],[-9.21584,38.69125],[-9.21647,38.69125],[-9.2171,38.69188],[-9.21742,38.69188],[-9.21742,38.69251],[-9.21773,38.69282],[-9.21805,38.69251],[-9.21805,38.69219],[-9.21837,38.69251],[-9.21868,38.69282],[-9.21868,38.69314],[-9.21868,38.69377],[-9.219,38.69408],[-9.21963,38.69408],[-9.21994,38.6944],[-9.22026,38.69472],[-9.22057,38.6944],[-9.22057,38.69377],[-9.22026,38.69345],[-9.21963,38.69345],[-9.21931,38.69314],[-9.21963,38.69314],[-9.22026,38.69251],[-9.22089,38.69251],[-9.22152,38.69251],[-9.22215,38.69188],[-9.22278,38.69188],[-9.2231,38.69188],[-9.2231,38.69251],[-9.2231,38.69314],[-9.22278,38.69345],[-9.22246,38.69377],[-9.22246,38.6944],[-9.22246,38.69503],[-9.22278,38.69535],[-9.2231,38.69503],[-9.22341,38.69472],[-9.22373,38.6944],[-9.22373,38.69377],[-9.22373,38.69345],[-9.22404,38.69377],[-9.22467,38.6944],[-9.2253,38.6944],[-9.22562,38.69472],[-9.22562,38.69503],[-9.2253,38.69535],[-9.22467,38.69535],[-9.22436,38.69503],[-9.22404,38.69472],[-9.22373,38.69503],[-9.22341,38.69535],[-9.2231,38.69566],[-9.22278,38.69598],[-9.22246,38.69566],[-9.22215,38.69535],[-9.22152,38.69535],[-9.2212,38.69566],[-9.2212,38.69629],[-9.22152,38.69661],[-9.22215,38.69661],[-9.22246,38.69692],[-9.22215,38.69724],[-9.22152,38.69724],[-9.2212,38.69755],[-9.22152,38.69787],[-9.22215,38.69787],[-9.22278,38.69787],[-9.22341,38.69787],[-9.22373,38.69818],[-9.22373,38.69882],[-9.22341,38.69913],[-9.2231,38.69945],[-9.22341,38.69976],[-9.22404,38.69976],[-9.22436,38.69945],[-9.22467,38.69913],[-9.2253,38.69913],[-9.22562,38.69945],[-9.22593,38.69976],[-9.22625,38.70008],[-9.22625,38.70071],[-9.22625,38.70134],[-9.22593,38.70165],[-9.22562,38.70197],[-9.22593,38.70228],[-9.22643,38.70228],[-9.22631,38.70292],[-9.22593,38.70292],[-9.22562,38.70323],[-9.2253,38.70355],[-9.22467,38.70355],[-9.22436,38.70386],[-9.22404,38.70418],[-9.22373,38.70386],[-9.22341,38.70355],[-9.2231,38.70386],[-9.22278,38.70418],[-9.22246,38.70449],[-9.22215,38.70481],[-9.22152,38.70481],[-9.2212,38.70512],[-9.2212,38.70575],[-9.22152,38.70607],[-9.22215,38.70607],[-9.22246,38.70638],[-9.22239,38.70646],[-9.22224,38.70657],[-9.22221,38.70664],[-9.22215,38.7067],[-9.22152,38.7067],[-9.2212,38.70638],[-9.22089,38.70607],[-9.22057,38.70638],[-9.22057,38.70701],[-9.22026,38.70733],[-9.21994,38.70765],[-9.22026,38.70796],[-9.22057,38.70828],[-9.22057,38.70891],[-9.22057,38.70954],[-9.22089,38.70985],[-9.2212,38.71017],[-9.22089,38.71048],[-9.22026,38.71048],[-9.21963,38.71048],[-9.21931,38.7108],[-9.21963,38.71111],[-9.21994,38.71143],[-9.22026,38.71175],[-9.22057,38.71206],[-9.22089,38.71238],[-9.2212,38.71269],[-9.2212,38.71332],[-9.22152,38.71364],[-9.22215,38.71364],[-9.22246,38.71364],[-9.22228,38.71401],[-9.21876,38.71823],[-9.21742,38.71901],[-9.21742,38.719],[-9.2171,38.71868],[-9.21679,38.719],[-9.21679,38.71938],[-9.21616,38.71975],[-9.21616,38.71963],[-9.21616,38.719],[-9.21647,38.71868],[-9.21679,38.71837],[-9.2171,38.71805],[-9.21773,38.71805],[-9.21805,38.71774],[-9.21837,38.71742],[-9.219,38.71742],[-9.21931,38.71711],[-9.21963,38.71679],[-9.21994,38.71648],[-9.21963,38.71616],[-9.219,38.71616],[-9.21837,38.71616],[-9.21805,38.71648],[-9.21773,38.71679],[-9.2171,38.71679],[-9.21679,38.71648],[-9.21647,38.71616],[-9.21616,38.71648],[-9.21584,38.71679],[-9.21521,38.71679],[-9.2149,38.71711],[-9.21521,38.71742],[-9.21584,38.71742],[-9.21616,38.71774],[-9.21584,38.71805],[-9.21521,38.71805],[-9.21458,38.71805],[-9.21427,38.71837],[-9.21395,38.71868],[-9.21332,38.71868],[-9.21269,38.71868],[-9.21237,38.719],[-9.21237,38.71963],[-9.21206,38.71994],[-9.21143,38.71994],[-9.21111,38.72026],[-9.21111,38.72089],[-9.21143,38.72121],[-9.21206,38.72121],[-9.21237,38.72089],[-9.21269,38.72058],[-9.21332,38.72058],[-9.21395,38.72058],[-9.21422,38.72084],[-9.21121,38.72199],[-9.21048,38.72244],[-9.21048,38.72215],[-9.2108,38.72184],[-9.21111,38.72152],[-9.2108,38.72121],[-9.21017,38.72121],[-9.20953,38.72121],[-9.2089,38.72121],[-9.20859,38.72152],[-9.20859,38.72215],[-9.2089,38.72247],[-9.20922,38.72278],[-9.2089,38.7231],[-9.20859,38.72341],[-9.20859,38.72361],[-9.20817,38.72387],[-9.20796,38.72416],[-9.20796,38.72404],[-9.20796,38.72341],[-9.20764,38.7231],[-9.20701,38.7231],[-9.2067,38.72341],[-9.20638,38.72373],[-9.20575,38.72373],[-9.20544,38.72404],[-9.20575,38.72436],[-9.20607,38.72468],[-9.20638,38.72499],[-9.20701,38.72499],[-9.20764,38.72499],[-9.20796,38.72468],[-9.20796,38.72417],[-9.20906,38.72751],[-9.2089,38.72751],[-9.20859,38.72783],[-9.2089,38.72814],[-9.20927,38.72814],[-9.20991,38.73009],[-9.20857,38.73222],[-9.20827,38.73193],[-9.20764,38.73193],[-9.20733,38.73224],[-9.20733,38.73287],[-9.20701,38.73319],[-9.20638,38.73319],[-9.20607,38.73351],[-9.20607,38.73414],[-9.20607,38.73477],[-9.20575,38.73508],[-9.20544,38.7354],[-9.20575,38.73571],[-9.20607,38.73603],[-9.20612,38.73608],[-9.20509,38.73771],[-9.20541,38.74076],[-9.20512,38.74076],[-9.20449,38.74076],[-9.20386,38.74076],[-9.20354,38.74044],[-9.20323,38.74013],[-9.2026,38.74013],[-9.20228,38.74044],[-9.2026,38.74076],[-9.20291,38.74107],[-9.20323,38.74139],[-9.20354,38.7417],[-9.20386,38.74202],[-9.20449,38.74202],[-9.20512,38.74202],[-9.20554,38.74202],[-9.20562,38.74284],[-9.20667,38.74426],[-9.20638,38.74454],[-9.20575,38.74454],[-9.20544,38.74486],[-9.20512,38.74517],[-9.20449,38.74517],[-9.20386,38.74517],[-9.20354,38.74549],[-9.20386,38.7458],[-9.20449,38.7458],[-9.20512,38.7458],[-9.20544,38.74612],[-9.20512,38.74644],[-9.20449,38.74644],[-9.20386,38.74644],[-9.20354,38.74675],[-9.20386,38.74707],[-9.20449,38.74707],[-9.2048,38.74738],[-9.20449,38.7477],[-9.20386,38.7477],[-9.20354,38.74801],[-9.20386,38.74833],[-9.20449,38.74833],[-9.20512,38.74833],[-9.20544,38.74801],[-9.20575,38.7477],[-9.20638,38.7477],[-9.20701,38.7477],[-9.20733,38.74738],[-9.20764,38.74707],[-9.20796,38.74675],[-9.20796,38.74612],[-9.20796,38.74599],[-9.20985,38.74845],[-9.20985,38.74864],[-9.20953,38.74896],[-9.20922,38.74864],[-9.20922,38.74801],[-9.2089,38.7477],[-9.20859,38.74801],[-9.20859,38.74864],[-9.20859,38.74927],[-9.2089,38.74959],[-9.20922,38.7499],[-9.20922,38.75054],[-9.20922,38.75117],[-9.20922,38.7518],[-9.20922,38.75243],[-9.20922,38.75257],[-9.20869,38.75334],[-9.2089,38.75382],[-9.2089,38.7541],[-9.20875,38.75425],[-9.20907,38.75488],[-9.20793,38.75558],[-9.20808,38.75613],[-9.20794,38.75634],[-9.20742,38.75655],[-9.20696,38.75648],[-9.2066,38.75663],[-9.20619,38.75718],[-9.20417,38.75703],[-9.20417,38.75684],[-9.20449,38.75653],[-9.20512,38.75653],[-9.20544,38.75621],[-9.20512,38.7559],[-9.2048,38.75558],[-9.20449,38.75527],[-9.20417,38.75558],[-9.20386,38.7559],[-9.20323,38.7559],[-9.20291,38.75621],[-9.20291,38.75684],[-9.2026,38.75716],[-9.20228,38.75747],[-9.20228,38.75791],[-9.20039,38.75854],[-9.20039,38.7581],[-9.20007,38.75779],[-9.19976,38.7581],[-9.19976,38.75873],[-9.19976,38.75882],[-9.19805,38.75906],[-9.19799,38.75949],[-9.19787,38.75937],[-9.19755,38.75905],[-9.19724,38.75873],[-9.19724,38.7581],[-9.19755,38.75779],[-9.19818,38.75779],[-9.1985,38.75747],[-9.19818,38.75716],[-9.19755,38.75716],[-9.19692,38.75716],[-9.19629,38.75716],[-9.19597,38.75747],[-9.19566,38.75779],[-9.19503,38.75779],[-9.19471,38.75747],[-9.1944,38.75716],[-9.19408,38.75747],[-9.19408,38.7581],[-9.19377,38.75842],[-9.19345,38.75873],[-9.19345,38.75937],[-9.19377,38.75968],[-9.19408,38.76],[-9.19377,38.76031],[-9.19345,38.76063],[-9.19377,38.76094],[-9.19408,38.76126],[-9.1944,38.76157],[-9.19503,38.76157],[-9.19534,38.76126],[-9.19534,38.76063],[-9.19566,38.76031],[-9.19597,38.76063],[-9.19597,38.76126],[-9.19629,38.76157],[-9.19692,38.76157],[-9.19724,38.76189],[-9.19755,38.7622],[-9.19818,38.7622],[-9.19881,38.7622],[-9.19913,38.76189],[-9.19913,38.76151],[-9.19945,38.76146],[-9.19976,38.76158],[-9.19976,38.76189],[-9.20007,38.7622],[-9.20061,38.7622],[-9.20044,38.76261],[-9.20035,38.76267],[-9.1998,38.76281],[-9.19865,38.76338],[-9.19763,38.76338],[-9.19739,38.76421],[-9.19769,38.76437],[-9.1985,38.7656],[-9.19848,38.76575],[-9.19693,38.76785],[-9.19707,38.76812],[-9.19701,38.76829],[-9.19599,38.76928],[-9.19604,38.76954],[-9.19524,38.76995],[-9.19442,38.77087],[-9.19298,38.77172],[-9.1931,38.77202],[-9.19282,38.77229],[-9.19261,38.77231],[-9.1922,38.77202],[-9.19113,38.77264],[-9.19037,38.77297],[-9.19029,38.77312],[-9.18966,38.77337],[-9.18937,38.77403],[-9.18909,38.77437],[-9.18823,38.77449],[-9.18793,38.7751],[-9.18737,38.77568],[-9.18574,38.77594],[-9.18567,38.77623],[-9.18495,38.77664],[-9.18392,38.77755],[-9.18346,38.77803],[-9.18312,38.77855],[-9.18194,38.77874],[-9.18165,38.77899],[-9.18044,38.77917],[-9.17995,38.77931],[-9.17956,38.77945],[-9.17932,38.77986],[-9.17901,38.77984],[-9.17804,38.78023],[-9.17645,38.77986],[-9.17589,38.78036],[-9.17568,38.78041],[-9.17513,38.78023],[-9.17391,38.78057],[-9.17373,38.78119],[-9.1735,38.78128],[-9.17358,38.782],[-9.17325,38.78207],[-9.17323,38.78193],[-9.17281,38.78215],[-9.1722,38.78273],[-9.17119,38.78288],[-9.1711,38.78321],[-9.17086,38.7835],[-9.17047,38.78367],[-9.17023,38.78367],[-9.16958,38.785],[-9.16965,38.78527],[-9.16939,38.78553],[-9.16903,38.78577],[-9.16885,38.78577],[-9.16866,38.78594],[-9.16729,38.78604],[-9.1672,38.78634],[-9.16713,38.78637],[-9.16649,38.78623],[-9.16597,38.7863],[-9.16578,38.78608],[-9.16549,38.78619],[-9.16535,38.78661],[-9.16511,38.7866],[-9.16385,38.78748],[-9.16392,38.78787],[-9.16368,38.7881],[-9.16312,38.78809],[-9.1624,38.78864],[-9.16172,38.78876],[-9.16087,38.78958],[-9.16079,38.79004],[-9.16068,38.79003],[-9.16012,38.79051],[-9.15966,38.79069],[-9.15926,38.79164],[-9.15841,38.79208],[-9.15847,38.79223],[-9.15814,38.79236],[-9.15798,38.79284],[-9.15723,38.79301],[-9.15649,38.79387],[-9.15638,38.7939],[-9.15573,38.79367],[-9.15516,38.7937],[-9.15482,38.79429],[-9.15444,38.79455],[-9.15385,38.79459],[-9.15373,38.79444],[-9.15291,38.79447],[-9.1528,38.7943],[-9.15243,38.79445],[-9.15233,38.79484],[-9.15145,38.7953],[-9.15144,38.79538],[-9.15113,38.79569],[-9.14989,38.79585],[-9.14934,38.79515],[-9.14862,38.79478],[-9.14832,38.7947],[-9.14796,38.79476],[-9.1461,38.79411],[-9.1457,38.79313],[-9.1455,38.79205],[-9.14544,38.79193],[-9.14575,38.79161]],[[-9.15056,38.77639],[-9.15025,38.77608],[-9.14993,38.77639],[-9.15025,38.77671],[-9.15056,38.77639]],[[-9.14993,38.77576],[-9.14962,38.77545],[-9.1493,38.77576],[-9.14962,38.77608],[-9.14993,38.77576]],[[-9.1493,38.77892],[-9.14898,38.7786],[-9.14835,38.7786],[-9.14772,38.7786],[-9.14741,38.77892],[-9.14772,38.77923],[-9.14835,38.77923],[-9.14898,38.77923],[-9.1493,38.77892]],[[-9.13606,38.77576],[-9.13574,38.77545],[-9.13542,38.77576],[-9.13574,38.77608],[-9.13606,38.77576]],[[-9.13416,38.7827],[-9.13416,38.78207],[-9.13385,38.78176],[-9.13353,38.78207],[-9.13322,38.78239],[-9.1329,38.7827],[-9.13322,38.78302],[-9.13385,38.78302],[-9.13416,38.7827]],[[-9.1329,38.78207],[-9.13259,38.78176],[-9.13227,38.78207],[-9.13259,38.78239],[-9.1329,38.78207]],[[-9.13385,38.77986],[-9.13448,38.77986],[-9.13479,38.77955],[-9.13479,38.77892],[-9.13479,38.77829],[-9.13479,38.77766],[-9.13479,38.77703],[-9.13479,38.77639],[-9.13479,38.77576],[-9.13479,38.77513],[-9.13511,38.77482],[-9.13574,38.77482],[-9.13637,38.77482],[-9.137,38.77482],[-9.13732,38.77513],[-9.13763,38.77545],[-9.13795,38.77513],[-9.13795,38.7745],[-9.13826,38.77419],[-9.13858,38.77387],[-9.13889,38.77356],[-9.13952,38.77356],[-9.14015,38.77356],[-9.14047,38.77324],[-9.14015,38.77293],[-9.13952,38.77293],[-9.13921,38.77261],[-9.13952,38.7723],[-9.14015,38.7723],[-9.14079,38.7723],[-9.1411,38.77198],[-9.14079,38.77166],[-9.14047,38.77135],[-9.14015,38.77103],[-9.13952,38.77103],[-9.13921,38.77072],[-9.13921,38.77009],[-9.13952,38.76977],[-9.14015,38.76977],[-9.14047,38.76946],[-9.14079,38.76914],[-9.1411,38.76883],[-9.1411,38.7682],[-9.14142,38.76788],[-9.14173,38.76756],[-9.14205,38.76725],[-9.14268,38.76725],[-9.14299,38.76693],[-9.14299,38.7663],[-9.14331,38.76599],[-9.14362,38.7663],[-9.14362,38.76693],[-9.14394,38.76725],[-9.14425,38.76693],[-9.14425,38.7663],[-9.14425,38.76567],[-9.14394,38.76536],[-9.14362,38.76504],[-9.14362,38.76441],[-9.14331,38.7641],[-9.14268,38.7641],[-9.14236,38.76378],[-9.14205,38.76346],[-9.14142,38.76346],[-9.1411,38.76315],[-9.14142,38.76283],[-9.14173,38.76252],[-9.14142,38.7622],[-9.14079,38.7622],[-9.14047,38.76252],[-9.14015,38.76283],[-9.13952,38.76283],[-9.13921,38.76252],[-9.13889,38.7622],[-9.13826,38.7622],[-9.13763,38.7622],[-9.13732,38.76252],[-9.137,38.76283],[-9.13637,38.76283],[-9.13574,38.76283],[-9.13511,38.76283],[-9.13448,38.76283],[-9.13385,38.76283],[-9.13322,38.76283],[-9.13259,38.76283],[-9.13227,38.76252],[-9.13196,38.7622],[-9.13164,38.76189],[-9.13132,38.76157],[-9.13069,38.76157],[-9.13006,38.76157],[-9.12975,38.76126],[-9.12943,38.76094],[-9.12912,38.76126],[-9.1288,38.76157],[-9.12849,38.76189],[-9.12817,38.7622],[-9.12754,38.7622],[-9.12691,38.7622],[-9.12659,38.76252],[-9.12659,38.76315],[-9.12691,38.76346],[-9.12722,38.76378],[-9.12722,38.76441],[-9.12691,38.76473],[-9.12659,38.76504],[-9.12659,38.76567],[-9.12691,38.76599],[-9.12722,38.7663],[-9.12722,38.76693],[-9.12722,38.76756],[-9.12754,38.76788],[-9.12817,38.76788],[-9.1288,38.76788],[-9.12912,38.76756],[-9.12943,38.76725],[-9.12975,38.76756],[-9.12975,38.7682],[-9.13006,38.76851],[-9.13038,38.76883],[-9.13069,38.76914],[-9.13132,38.76914],[-9.13164,38.76946],[-9.13164,38.77009],[-9.13132,38.7704],[-9.13069,38.7704],[-9.13038,38.77072],[-9.13069,38.77103],[-9.13132,38.77103],[-9.13164,38.77135],[-9.13196,38.77166],[-9.13227,38.77198],[-9.13196,38.7723],[-9.13164,38.77261],[-9.13164,38.77324],[-9.13164,38.77387],[-9.13196,38.77419],[-9.13227,38.7745],[-9.13227,38.77513],[-9.13196,38.77545],[-9.13164,38.77513],[-9.13164,38.7745],[-9.13132,38.77419],[-9.13069,38.77419],[-9.13038,38.7745],[-9.13006,38.77482],[-9.12975,38.77513],[-9.13006,38.77545],[-9.13038,38.77576],[-9.13006,38.77608],[-9.12975,38.77639],[-9.12943,38.77671],[-9.12912,38.77703],[-9.12912,38.77766],[-9.12912,38.77829],[-9.1288,38.7786],[-9.12817,38.7786],[-9.12754,38.7786],[-9.12691,38.7786],[-9.12628,38.7786],[-9.12565,38.7786],[-9.12502,38.7786],[-9.1247,38.77892],[-9.12502,38.77923],[-9.12565,38.77923],[-9.12628,38.77923],[-9.12691,38.77923],[-9.12754,38.77923],[-9.12817,38.77923],[-9.12849,38.77955],[-9.12817,38.77986],[-9.12754,38.77986],[-9.12722,38.78018],[-9.12754,38.78049],[-9.12817,38.78049],[-9.1288,38.78049],[-9.12912,38.78081],[-9.12943,38.78113],[-9.12975,38.78081],[-9.13006,38.78049],[-9.13069,38.78049],[-9.13132,38.78049],[-9.13164,38.78018],[-9.13196,38.77986],[-9.13259,38.77986],[-9.13322,38.77986],[-9.13385,38.77986]],[[-9.12912,38.78144],[-9.1288,38.78113],[-9.12849,38.78144],[-9.1288,38.78176],[-9.12912,38.78144]],[[-9.12722,38.78081],[-9.12691,38.78049],[-9.12659,38.78081],[-9.12691,38.78113],[-9.12722,38.78081]],[[-9.1247,38.77955],[-9.12439,38.77923],[-9.12407,38.77955],[-9.12439,38.77986],[-9.1247,38.77955]],[[-9.12407,38.78018],[-9.12376,38.77986],[-9.12344,38.78018],[-9.12376,38.78049],[-9.12407,38.78018]],[[-9.12344,38.78081],[-9.12313,38.78049],[-9.12281,38.78081],[-9.12313,38.78113],[-9.12344,38.78081]],[[-9.12281,38.77892],[-9.12249,38.7786],[-9.12186,38.7786],[-9.12123,38.7786],[-9.12092,38.77892],[-9.12123,38.77923],[-9.12186,38.77923],[-9.12249,38.77923],[-9.12281,38.77892]],[[-9.12155,38.78018],[-9.12123,38.77986],[-9.12092,38.78018],[-9.12123,38.78049],[-9.12155,38.78018]],[[-9.12092,38.76946],[-9.1206,38.76914],[-9.12029,38.76946],[-9.1206,38.76977],[-9.12092,38.76946]],[[-9.11619,38.76914],[-9.11682,38.76914],[-9.11745,38.76914],[-9.11808,38.76914],[-9.11839,38.76883],[-9.11808,38.76851],[-9.11776,38.7682],[-9.11745,38.76788],[-9.11682,38.76788],[-9.11619,38.76788],[-9.11587,38.7682],[-9.11587,38.76883],[-9.11619,38.76914]],[[-9.11619,38.77482],[-9.11587,38.77513],[-9.11619,38.77545],[-9.11682,38.77545],[-9.11713,38.77513],[-9.11682,38.77482],[-9.11619,38.77482]],[[-9.12186,38.75085],[-9.12155,38.75117],[-9.12186,38.75148],[-9.12249,38.75148],[-9.12281,38.75117],[-9.12249,38.75085],[-9.12186,38.75085]],[[-9.11776,38.75117],[-9.11745,38.75085],[-9.11713,38.75117],[-9.11745,38.75148],[-9.11776,38.75117]],[[-9.12281,38.7436],[-9.12249,38.74328],[-9.12218,38.7436],[-9.12249,38.74391],[-9.12281,38.7436]],[[-9.12092,38.73666],[-9.1206,38.73634],[-9.12029,38.73666],[-9.1206,38.73697],[-9.12092,38.73666]],[[-9.11619,38.74013],[-9.11587,38.74044],[-9.11619,38.74076],[-9.11682,38.74076],[-9.11713,38.74044],[-9.11682,38.74013],[-9.11619,38.74013]],[[-9.11051,38.73319],[-9.1102,38.73351],[-9.11051,38.73382],[-9.11114,38.73382],[-9.11146,38.73351],[-9.11114,38.73319],[-9.11051,38.73319]],[[-9.10925,38.73004],[-9.10893,38.73035],[-9.10893,38.73098],[-9.10925,38.7313],[-9.10956,38.73098],[-9.10956,38.73035],[-9.10925,38.73004]],[[-9.10704,38.74549],[-9.10673,38.74517],[-9.10641,38.74549],[-9.10673,38.7458],[-9.10704,38.74549]],[[-9.10641,38.73414],[-9.1061,38.73382],[-9.10578,38.73414],[-9.1061,38.73445],[-9.10641,38.73414]],[[-9.10136,38.74044],[-9.10105,38.74013],[-9.10073,38.74044],[-9.10105,38.74076],[-9.10136,38.74044]],[[-9.11587,38.72783],[-9.11556,38.72751],[-9.11524,38.72783],[-9.11556,38.72814],[-9.11587,38.72783]],[[-9.11366,38.72814],[-9.11335,38.72846],[-9.11366,38.72877],[-9.11429,38.72877],[-9.11461,38.72846],[-9.11429,38.72814],[-9.11366,38.72814]],[[-9.12155,38.73792],[-9.12123,38.73761],[-9.12092,38.73792],[-9.12123,38.73824],[-9.12155,38.73792]],[[-9.14678,38.76693],[-9.14646,38.76662],[-9.14583,38.76662],[-9.1452,38.76662],[-9.14489,38.76693],[-9.1452,38.76725],[-9.14583,38.76725],[-9.14646,38.76725],[-9.14678,38.76693]],[[-9.14489,38.77072],[-9.14457,38.7704],[-9.14425,38.77072],[-9.14457,38.77103],[-9.14489,38.77072]],[[-9.19314,38.74896],[-9.19282,38.74927],[-9.19314,38.74959],[-9.19377,38.74959],[-9.19408,38.74927],[-9.19377,38.74896],[-9.19314,38.74896]],[[-9.18872,38.754],[-9.18841,38.75432],[-9.18872,38.75463],[-9.18935,38.75463],[-9.18967,38.75432],[-9.18935,38.754],[-9.18872,38.754]],[[-9.19597,38.7436],[-9.19597,38.74297],[-9.19566,38.74265],[-9.19503,38.74265],[-9.19471,38.74297],[-9.19471,38.7436],[-9.19503,38.74391],[-9.19566,38.74391],[-9.19597,38.7436]],[[-9.19345,38.69692],[-9.19314,38.69661],[-9.19251,38.69661],[-9.19187,38.69661],[-9.19156,38.69692],[-9.19187,38.69724],[-9.19251,38.69724],[-9.19314,38.69724],[-9.19345,38.69692]],[[-9.19187,38.72373],[-9.19156,38.72404],[-9.19187,38.72436],[-9.19251,38.72436],[-9.19282,38.72404],[-9.19251,38.72373],[-9.19187,38.72373]],[[-9.19156,38.69755],[-9.19124,38.69724],[-9.19093,38.69755],[-9.19124,38.69787],[-9.19156,38.69755]],[[-9.18904,38.74234],[-9.18872,38.74202],[-9.18841,38.74234],[-9.18872,38.74265],[-9.18904,38.74234]],[[-9.18525,38.74234],[-9.18494,38.74202],[-9.18462,38.74234],[-9.18494,38.74265],[-9.18525,38.74234]],[[-9.18462,38.7417],[-9.18431,38.74139],[-9.18399,38.7417],[-9.18431,38.74202],[-9.18462,38.7417]],[[-9.18273,38.70386],[-9.18241,38.70355],[-9.1821,38.70386],[-9.18241,38.70418],[-9.18273,38.70386]],[[-9.1821,38.73666],[-9.18178,38.73634],[-9.18147,38.73666],[-9.18178,38.73697],[-9.1821,38.73666]],[[-9.18052,38.72436],[-9.18021,38.72468],[-9.18052,38.72499],[-9.18115,38.72499],[-9.18147,38.72468],[-9.18115,38.72436],[-9.18052,38.72436]],[[-9.18021,38.73729],[-9.17989,38.73697],[-9.17958,38.73729],[-9.17989,38.73761],[-9.18021,38.73729]],[[-9.17958,38.72468],[-9.17926,38.72436],[-9.17894,38.72468],[-9.17926,38.72499],[-9.17958,38.72468]],[[-9.17894,38.73161],[-9.17863,38.7313],[-9.17831,38.73161],[-9.17863,38.73193],[-9.17894,38.73161]],[[-9.17705,38.73035],[-9.17674,38.73004],[-9.17642,38.73035],[-9.17674,38.73067],[-9.17705,38.73035]],[[-9.17421,38.72941],[-9.17484,38.72941],[-9.17548,38.72941],[-9.17611,38.72941],[-9.17642,38.72909],[-9.17642,38.72846],[-9.17611,38.72814],[-9.17548,38.72814],[-9.17484,38.72814],[-9.17453,38.72846],[-9.17421,38.72877],[-9.1739,38.72909],[-9.17421,38.72941]],[[-9.17484,38.7313],[-9.17453,38.73161],[-9.17484,38.73193],[-9.17548,38.73193],[-9.17579,38.73161],[-9.17548,38.7313],[-9.17484,38.7313]],[[-9.17453,38.73098],[-9.17421,38.73067],[-9.1739,38.73098],[-9.17421,38.7313],[-9.17453,38.73098]],[[-9.17327,38.7354],[-9.17295,38.73508],[-9.17264,38.7354],[-9.17295,38.73571],[-9.17327,38.7354]],[[-9.16854,38.73382],[-9.16822,38.73414],[-9.16854,38.73445],[-9.16917,38.73445],[-9.16948,38.73414],[-9.16917,38.73382],[-9.16854,38.73382]],[[-9.16444,38.73351],[-9.16475,38.73382],[-9.16507,38.73351],[-9.16507,38.73287],[-9.16538,38.73256],[-9.1657,38.73224],[-9.16538,38.73193],[-9.16475,38.73193],[-9.16444,38.73224],[-9.16444,38.73287],[-9.16444,38.73351]],[[-9.17737,38.7149],[-9.17705,38.71521],[-9.17737,38.71553],[-9.178,38.71553],[-9.17831,38.71521],[-9.178,38.7149],[-9.17737,38.7149]],[[-9.21521,38.69787],[-9.2149,38.69818],[-9.2149,38.69882],[-9.21521,38.69913],[-9.21553,38.69882],[-9.21553,38.69818],[-9.21521,38.69787]],[[-9.21584,38.69345],[-9.21647,38.69345],[-9.21679,38.69314],[-9.21647,38.69282],[-9.21584,38.69282],[-9.21521,38.69282],[-9.21458,38.69282],[-9.21427,38.69314],[-9.21458,38.69345],[-9.21521,38.69345],[-9.21584,38.69345]],[[-9.22152,38.69282],[-9.2212,38.69314],[-9.22152,38.69345],[-9.22215,38.69345],[-9.22246,38.69314],[-9.22215,38.69282],[-9.22152,38.69282]],[[-9.22562,38.70071],[-9.22562,38.70008],[-9.2253,38.69976],[-9.22467,38.69976],[-9.22436,38.70008],[-9.22436,38.70071],[-9.22467,38.70102],[-9.2253,38.70102],[-9.22562,38.70071]],[[-9.2231,38.69882],[-9.22278,38.6985],[-9.22246,38.69882],[-9.22278,38.69913],[-9.2231,38.69882]],[[-9.22152,38.70355],[-9.2212,38.70386],[-9.22152,38.70418],[-9.22215,38.70418],[-9.22246,38.70386],[-9.22215,38.70355],[-9.22152,38.70355]],[[-9.22057,38.70071],[-9.22089,38.70102],[-9.2212,38.70071],[-9.22152,38.70039],[-9.22215,38.70039],[-9.22246,38.70008],[-9.22215,38.69976],[-9.22152,38.69976],[-9.22089,38.69976],[-9.22057,38.70008],[-9.22057,38.70071]],[[-9.22057,38.70449],[-9.22026,38.70418],[-9.21994,38.70449],[-9.22026,38.70481],[-9.22057,38.70449]],[[-9.21994,38.70954],[-9.21963,38.70922],[-9.21931,38.70954],[-9.21963,38.70985],[-9.21994,38.70954]],[[-9.2212,38.71395],[-9.22089,38.71364],[-9.22057,38.71395],[-9.22089,38.71427],[-9.2212,38.71395]],[[-9.22057,38.71521],[-9.22026,38.7149],[-9.21994,38.71521],[-9.22026,38.71553],[-9.22057,38.71521]],[[-9.21837,38.71427],[-9.21805,38.71458],[-9.21837,38.7149],[-9.219,38.7149],[-9.21931,38.71458],[-9.219,38.71427],[-9.21837,38.71427]],[[-9.21805,38.70765],[-9.21773,38.70733],[-9.21742,38.70765],[-9.21773,38.70796],[-9.21805,38.70765]],[[-9.21584,38.71111],[-9.21553,38.71143],[-9.21584,38.71175],[-9.21647,38.71175],[-9.21679,38.71143],[-9.21647,38.71111],[-9.21584,38.71111]],[[-9.21521,38.71616],[-9.21553,38.71584],[-9.21521,38.71553],[-9.21458,38.71553],[-9.21427,38.71521],[-9.21395,38.7149],[-9.21363,38.71521],[-9.21363,38.71584],[-9.21332,38.71616],[-9.21269,38.71616],[-9.21206,38.71616],[-9.21174,38.71584],[-9.21143,38.71553],[-9.2108,38.71553],[-9.21048,38.71584],[-9.21017,38.71616],[-9.20953,38.71616],[-9.20922,38.71648],[-9.20953,38.71679],[-9.21017,38.71679],[-9.21048,38.71711],[-9.2108,38.71742],[-9.21111,38.71774],[-9.21143,38.71805],[-9.21174,38.71837],[-9.21206,38.71868],[-9.21237,38.71837],[-9.21269,38.71805],[-9.21332,38.71805],[-9.21363,38.71774],[-9.21363,38.71711],[-9.21395,38.71679],[-9.21458,38.71679],[-9.2149,38.71648],[-9.21521,38.71616]],[[-9.21174,38.719],[-9.21143,38.71868],[-9.21111,38.719],[-9.21143,38.71931],[-9.21174,38.719]],[[-9.21048,38.72026],[-9.21048,38.71963],[-9.21017,38.71931],[-9.20953,38.71931],[-9.20922,38.71963],[-9.20922,38.72026],[-9.20953,38.72058],[-9.21017,38.72058],[-9.21048,38.72026]],[[-9.20859,38.72278],[-9.20827,38.72247],[-9.20796,38.72278],[-9.20827,38.7231],[-9.20859,38.72278]],[[-9.20922,38.73098],[-9.2089,38.73067],[-9.20859,38.73098],[-9.2089,38.7313],[-9.20922,38.73098]],[[-9.20764,38.72562],[-9.20733,38.72594],[-9.20733,38.72657],[-9.20764,38.72688],[-9.20796,38.72657],[-9.20796,38.72594],[-9.20764,38.72562]],[[-9.20386,38.73887],[-9.20354,38.73918],[-9.20386,38.7395],[-9.20449,38.7395],[-9.2048,38.73918],[-9.20449,38.73887],[-9.20386,38.73887]],[[-9.20323,38.71994],[-9.20291,38.72026],[-9.20291,38.72089],[-9.20323,38.72121],[-9.20354,38.72089],[-9.20354,38.72026],[-9.20323,38.71994]],[[-9.20291,38.71774],[-9.2026,38.71742],[-9.20228,38.71774],[-9.2026,38.71805],[-9.20291,38.71774]],[[-9.20544,38.74423],[-9.20512,38.74391],[-9.2048,38.74423],[-9.20512,38.74454],[-9.20544,38.74423]],[[-9.20796,38.74927],[-9.20764,38.74896],[-9.20733,38.74927],[-9.20764,38.74959],[-9.20796,38.74927]],[[-9.20638,38.75022],[-9.20607,38.75054],[-9.20638,38.75085],[-9.20701,38.75085],[-9.20733,38.75054],[-9.20701,38.75022],[-9.20638,38.75022]],[[-9.20575,38.754],[-9.20544,38.75432],[-9.20544,38.75495],[-9.20575,38.75527],[-9.20607,38.75495],[-9.20607,38.75432],[-9.20575,38.754]],[[-9.20512,38.75337],[-9.20449,38.75337],[-9.20417,38.75306],[-9.20386,38.75274],[-9.20323,38.75274],[-9.20291,38.75243],[-9.2026,38.75211],[-9.20228,38.75243],[-9.20228,38.75306],[-9.20228,38.75369],[-9.20228,38.75432],[-9.20228,38.75495],[-9.20228,38.75558],[-9.2026,38.7559],[-9.20291,38.75558],[-9.20291,38.75495],[-9.20323,38.75463],[-9.20386,38.75463],[-9.20417,38.75432],[-9.20449,38.754],[-9.20512,38.754],[-9.20544,38.75369],[-9.20512,38.75337]],[[-9.2007,38.7559],[-9.20007,38.7559],[-9.19976,38.75621],[-9.19944,38.75653],[-9.19881,38.75653],[-9.1985,38.75684],[-9.19881,38.75716],[-9.19944,38.75716],[-9.20007,38.75716],[-9.20039,38.75747],[-9.2007,38.75779],[-9.20134,38.75779],[-9.20165,38.75747],[-9.20197,38.75716],[-9.20228,38.75684],[-9.20228,38.75621],[-9.20197,38.7559],[-9.20165,38.75558],[-9.20134,38.75527],[-9.20102,38.75558],[-9.2007,38.7559]],[[-9.19471,38.75495],[-9.1944,38.75463],[-9.19408,38.75495],[-9.1944,38.75527],[-9.19471,38.75495]],[[-9.19597,38.76189],[-9.19566,38.76157],[-9.19534,38.76189],[-9.19566,38.7622],[-9.19597,38.76189]],[[-9.18841,38.75747],[-9.18809,38.75716],[-9.18777,38.75747],[-9.18809,38.75779],[-9.18841,38.75747]],[[-9.18147,38.76189],[-9.18115,38.76157],[-9.18084,38.76189],[-9.18115,38.7622],[-9.18147,38.76189]],[[-9.17958,38.76315],[-9.17926,38.76283],[-9.17894,38.76315],[-9.17926,38.76346],[-9.17958,38.76315]],[[-9.16444,38.77955],[-9.16412,38.77923],[-9.16381,38.77892],[-9.16349,38.7786],[-9.16286,38.7786],[-9.16255,38.77892],[-9.16255,38.77955],[-9.16223,38.77986],[-9.1616,38.77986],[-9.16128,38.78018],[-9.1616,38.78049],[-9.16223,38.78049],[-9.16255,38.78081],[-9.16255,38.78144],[-9.16286,38.78176],[-9.16349,38.78176],[-9.16381,38.78144],[-9.16381,38.78081],[-9.16412,38.78049],[-9.16444,38.78081],[-9.16475,38.78113],[-9.16507,38.78081],[-9.16507,38.78018],[-9.16475,38.77986],[-9.16444,38.77955]],[[-9.16191,38.7745],[-9.16223,38.77419],[-9.16255,38.77387],[-9.16223,38.77356],[-9.16191,38.77324],[-9.16223,38.77293],[-9.16286,38.77293],[-9.16349,38.77293],[-9.16381,38.77261],[-9.16349,38.7723],[-9.16286,38.7723],[-9.16223,38.7723],[-9.1616,38.7723],[-9.16128,38.77198],[-9.1616,38.77166],[-9.16223,38.77166],[-9.16255,38.77135],[-9.16255,38.77072],[-9.16223,38.7704],[-9.1616,38.7704],[-9.16128,38.77009],[-9.16097,38.76977],[-9.16065,38.77009],[-9.16034,38.7704],[-9.15971,38.7704],[-9.15908,38.7704],[-9.15845,38.7704],[-9.15782,38.7704],[-9.1575,38.77072],[-9.1575,38.77135],[-9.1575,38.77198],[-9.1575,38.77261],[-9.15782,38.77293],[-9.15845,38.77293],[-9.15876,38.77261],[-9.15908,38.7723],[-9.15939,38.77261],[-9.15971,38.77293],[-9.16034,38.77293],[-9.16065,38.77324],[-9.16034,38.77356],[-9.15971,38.77356],[-9.15939,38.77387],[-9.15971,38.77419],[-9.16034,38.77419],[-9.16097,38.77419],[-9.16128,38.7745],[-9.16097,38.77482],[-9.16034,38.77482],[-9.15971,38.77482],[-9.15939,38.77513],[-9.15908,38.77545],[-9.15845,38.77545],[-9.15813,38.77576],[-9.15813,38.77639],[-9.15845,38.77671],[-9.15876,38.77639],[-9.15908,38.77608],[-9.15971,38.77608],[-9.16034,38.77608],[-9.16097,38.77608],[-9.16128,38.77576],[-9.1616,38.77545],[-9.16191,38.77513],[-9.16191,38.7745]],[[-9.1575,38.77513],[-9.15718,38.77482],[-9.15655,38.77482],[-9.15592,38.77482],[-9.15561,38.77513],[-9.15592,38.77545],[-9.15655,38.77545],[-9.15718,38.77545],[-9.1575,38.77513]],[[-9.1411,38.77009],[-9.14079,38.76977],[-9.14047,38.77009],[-9.14079,38.7704],[-9.1411,38.77009]],[[-9.14268,38.75842],[-9.14236,38.75873],[-9.14268,38.75905],[-9.14331,38.75905],[-9.14362,38.75873],[-9.14331,38.75842],[-9.14268,38.75842]],[[-9.13921,38.75937],[-9.13889,38.75905],[-9.13858,38.75937],[-9.13889,38.75968],[-9.13921,38.75937]],[[-9.14015,38.75842],[-9.14047,38.7581],[-9.14015,38.75779],[-9.13952,38.75779],[-9.13889,38.75779],[-9.13858,38.75747],[-9.13826,38.75716],[-9.13795,38.75684],[-9.13795,38.75621],[-9.13763,38.7559],[-9.137,38.7559],[-9.13637,38.7559],[-9.13574,38.7559],[-9.13511,38.7559],[-9.13479,38.75621],[-9.13448,38.75653],[-9.13385,38.75653],[-9.13353,38.75684],[-9.13385,38.75716],[-9.13448,38.75716],[-9.13479,38.75747],[-9.13479,38.7581],[-9.13479,38.75873],[-9.13511,38.75905],[-9.13542,38.75937],[-9.13574,38.75968],[-9.13637,38.75968],[-9.137,38.75968],[-9.13732,38.75937],[-9.13732,38.75873],[-9.13763,38.75842],[-9.13795,38.75873],[-9.13826,38.75905],[-9.13858,38.75873],[-9.13889,38.75842],[-9.13952,38.75842],[-9.14015,38.75842]],[[-9.13069,38.76031],[-9.13038,38.76063],[-9.13069,38.76094],[-9.13132,38.76094],[-9.13164,38.76063],[-9.13132,38.76031],[-9.13069,38.76031]],[[-9.12817,38.74707],[-9.12786,38.74738],[-9.12817,38.7477],[-9.1288,38.7477],[-9.12912,38.74738],[-9.1288,38.74707],[-9.12817,38.74707]],[[-9.12659,38.76883],[-9.12691,38.76851],[-9.12722,38.7682],[-9.12691,38.76788],[-9.12628,38.76788],[-9.12596,38.7682],[-9.12596,38.76883],[-9.12628,38.76914],[-9.12659,38.76883]],[[-9.12596,38.77198],[-9.12596,38.77135],[-9.12565,38.77103],[-9.12502,38.77103],[-9.1247,38.77135],[-9.1247,38.77198],[-9.12502,38.7723],[-9.12565,38.7723],[-9.12596,38.77198]],[[-9.1247,38.77829],[-9.12439,38.77797],[-9.12407,38.77829],[-9.12439,38.7786],[-9.1247,38.77829]],[[-9.12407,38.77135],[-9.12376,38.77103],[-9.12344,38.77135],[-9.12376,38.77166],[-9.12407,38.77135]],[[-9.12186,38.76977],[-9.12155,38.77009],[-9.12186,38.7704],[-9.12249,38.7704],[-9.12281,38.77009],[-9.12249,38.76977],[-9.12186,38.76977]],[[-9.11619,38.76977],[-9.11587,38.77009],[-9.11619,38.7704],[-9.11682,38.7704],[-9.11713,38.77009],[-9.11682,38.76977],[-9.11619,38.76977]],[[-9.11587,38.72594],[-9.11556,38.72562],[-9.11524,38.72594],[-9.11556,38.72625],[-9.11587,38.72594]],[[-9.14646,38.75779],[-9.14615,38.7581],[-9.14615,38.75873],[-9.14646,38.75905],[-9.14678,38.75873],[-9.14678,38.7581],[-9.14646,38.75779]],[[-9.14489,38.76504],[-9.14457,38.76473],[-9.14425,38.76504],[-9.14457,38.76536],[-9.14489,38.76504]],[[-9.19408,38.74801],[-9.19377,38.7477],[-9.19345,38.74801],[-9.19377,38.74833],[-9.19408,38.74801]],[[-9.18525,38.70323],[-9.18494,38.70292],[-9.18462,38.70323],[-9.18494,38.70355],[-9.18525,38.70323]],[[-9.18021,38.70575],[-9.17989,38.70544],[-9.17958,38.70575],[-9.17989,38.70607],[-9.18021,38.70575]],[[-9.17958,38.71711],[-9.17926,38.71679],[-9.17894,38.71711],[-9.17926,38.71742],[-9.17958,38.71711]],[[-9.17894,38.71584],[-9.17863,38.71553],[-9.17831,38.71584],[-9.17863,38.71616],[-9.17894,38.71584]],[[-9.17579,38.72657],[-9.17579,38.72594],[-9.17548,38.72562],[-9.17484,38.72562],[-9.17453,38.72594],[-9.17453,38.72657],[-9.17484,38.72688],[-9.17548,38.72688],[-9.17579,38.72657]],[[-9.22057,38.69755],[-9.22026,38.69724],[-9.21994,38.69755],[-9.22026,38.69787],[-9.22057,38.69755]],[[-9.21994,38.70197],[-9.21963,38.70165],[-9.21931,38.70197],[-9.21963,38.70228],[-9.21994,38.70197]],[[-9.21521,38.71238],[-9.2149,38.71269],[-9.2149,38.71332],[-9.21521,38.71364],[-9.21553,38.71332],[-9.21553,38.71269],[-9.21521,38.71238]],[[-9.21332,38.71364],[-9.21269,38.71364],[-9.21237,38.71395],[-9.21206,38.71427],[-9.21143,38.71427],[-9.21111,38.71458],[-9.21143,38.7149],[-9.21206,38.7149],[-9.21269,38.7149],[-9.21332,38.7149],[-9.21363,38.71458],[-9.21395,38.71427],[-9.21427,38.71395],[-9.21427,38.71332],[-9.21427,38.71269],[-9.21395,38.71238],[-9.21363,38.71269],[-9.21363,38.71332],[-9.21332,38.71364]],[[-9.20859,38.71837],[-9.2089,38.71868],[-9.20953,38.71868],[-9.21017,38.71868],[-9.21048,38.71837],[-9.21048,38.71774],[-9.21017,38.71742],[-9.20953,38.71742],[-9.20922,38.71711],[-9.2089,38.71679],[-9.20859,38.71711],[-9.20859,38.71774],[-9.20859,38.71837]],[[-9.20859,38.72026],[-9.20827,38.71994],[-9.20764,38.71994],[-9.20701,38.71994],[-9.2067,38.72026],[-9.20701,38.72058],[-9.20764,38.72058],[-9.20827,38.72058],[-9.20859,38.72026]],[[-9.2048,38.72215],[-9.2048,38.72152],[-9.20449,38.72121],[-9.20386,38.72121],[-9.20354,38.72152],[-9.20354,38.72215],[-9.20386,38.72247],[-9.20449,38.72247],[-9.2048,38.72215]],[[-9.20607,38.75243],[-9.20575,38.75211],[-9.20544,38.75243],[-9.20575,38.75274],[-9.20607,38.75243]],[[-9.20417,38.7518],[-9.20417,38.75117],[-9.20386,38.75085],[-9.20323,38.75085],[-9.20291,38.75117],[-9.20291,38.7518],[-9.20323,38.75211],[-9.20386,38.75211],[-9.20417,38.7518]],[[-9.20228,38.75054],[-9.20197,38.75022],[-9.20165,38.75054],[-9.20197,38.75085],[-9.20228,38.75054]],[[-9.2007,38.754],[-9.20039,38.75432],[-9.2007,38.75463],[-9.20134,38.75463],[-9.20165,38.75432],[-9.20134,38.754],[-9.2007,38.754]],[[-9.19976,38.75243],[-9.19944,38.75211],[-9.19913,38.7518],[-9.19913,38.75117],[-9.19913,38.75054],[-9.19881,38.75022],[-9.1985,38.7499],[-9.19818,38.74959],[-9.19755,38.74959],[-9.19724,38.7499],[-9.19724,38.75054],[-9.19755,38.75085],[-9.19818,38.75085],[-9.1985,38.75117],[-9.19818,38.75148],[-9.19755,38.75148],[-9.19724,38.7518],[-9.19692,38.75211],[-9.19629,38.75211],[-9.19597,38.75243],[-9.19597,38.75306],[-9.19597,38.75369],[-9.19597,38.75432],[-9.19629,38.75463],[-9.1966,38.75432],[-9.19692,38.754],[-9.19755,38.754],[-9.19818,38.754],[-9.19881,38.754],[-9.19913,38.75432],[-9.19881,38.75463],[-9.19818,38.75463],[-9.19755,38.75463],[-9.19724,38.75495],[-9.19755,38.75527],[-9.19818,38.75527],[-9.1985,38.75558],[-9.19881,38.7559],[-9.19913,38.75558],[-9.19944,38.75527],[-9.19976,38.75495],[-9.19976,38.75432],[-9.19976,38.75369],[-9.19944,38.75337],[-9.19913,38.75306],[-9.19944,38.75274],[-9.19976,38.75243]],[[-9.16128,38.7682],[-9.1616,38.76788],[-9.16191,38.76756],[-9.1616,38.76725],[-9.16097,38.76725],[-9.16065,38.76756],[-9.16065,38.7682],[-9.16097,38.76851],[-9.16128,38.7682]],[[-9.15971,38.76914],[-9.15939,38.76946],[-9.15971,38.76977],[-9.16034,38.76977],[-9.16065,38.76946],[-9.16034,38.76914],[-9.15971,38.76914]],[[-9.15782,38.76914],[-9.1575,38.76946],[-9.15782,38.76977],[-9.15845,38.76977],[-9.15876,38.76946],[-9.15845,38.76914],[-9.15782,38.76914]],[[-9.15939,38.7745],[-9.15908,38.77419],[-9.15876,38.7745],[-9.15908,38.77482],[-9.15939,38.7745]],[[-9.12565,38.76725],[-9.12628,38.76725],[-9.12659,38.76693],[-9.12628,38.76662],[-9.12565,38.76662],[-9.12502,38.76662],[-9.12439,38.76662],[-9.12407,38.76693],[-9.12439,38.76725],[-9.12502,38.76725],[-9.12565,38.76725]],[[-9.1247,38.77261],[-9.12439,38.7723],[-9.12407,38.77261],[-9.12439,38.77293],[-9.1247,38.77261]],[[-9.21679,38.69818],[-9.2171,38.6985],[-9.21773,38.6985],[-9.21837,38.6985],[-9.219,38.6985],[-9.21963,38.6985],[-9.21994,38.69818],[-9.21963,38.69787],[-9.219,38.69787],[-9.21837,38.69787],[-9.21805,38.69755],[-9.21773,38.69724],[-9.21742,38.69755],[-9.2171,38.69787],[-9.21679,38.69818]],[[-9.21553,38.7108],[-9.21521,38.71048],[-9.2149,38.7108],[-9.21521,38.71111],[-9.21553,38.7108]],[[-9.21332,38.71175],[-9.21395,38.71175],[-9.21427,38.71143],[-9.21427,38.7108],[-9.21395,38.71048],[-9.21363,38.7108],[-9.21332,38.71111],[-9.21269,38.71111],[-9.21237,38.71143],[-9.21269,38.71175],[-9.21332,38.71175]],[[-9.21237,38.71017],[-9.21206,38.70985],[-9.21143,38.70985],[-9.2108,38.70985],[-9.21048,38.71017],[-9.21017,38.71048],[-9.20953,38.71048],[-9.20922,38.7108],[-9.20953,38.71111],[-9.21017,38.71111],[-9.21048,38.71143],[-9.2108,38.71175],[-9.21111,38.71206],[-9.2108,38.71238],[-9.21048,38.71269],[-9.2108,38.71301],[-9.21111,38.71332],[-9.21143,38.71364],[-9.21174,38.71332],[-9.21206,38.71301],[-9.21237,38.71269],[-9.21206,38.71238],[-9.21174,38.71206],[-9.21174,38.71143],[-9.21206,38.71111],[-9.21237,38.7108],[-9.21237,38.71017]],[[-9.20922,38.71584],[-9.2089,38.71553],[-9.20859,38.71584],[-9.2089,38.71616],[-9.20922,38.71584]],[[-9.20638,38.72184],[-9.20607,38.72215],[-9.20607,38.72278],[-9.20638,38.7231],[-9.2067,38.72278],[-9.20701,38.72247],[-9.20764,38.72247],[-9.20796,38.72215],[-9.20796,38.72152],[-9.20764,38.72121],[-9.20701,38.72121],[-9.2067,38.72152],[-9.20638,38.72184]],[[-9.2026,38.70985],[-9.20323,38.70985],[-9.20386,38.70985],[-9.20449,38.70985],[-9.2048,38.70954],[-9.20449,38.70922],[-9.20386,38.70922],[-9.20354,38.70891],[-9.20323,38.70859],[-9.20291,38.70891],[-9.2026,38.70922],[-9.20228,38.70954],[-9.2026,38.70985]],[[-9.2026,38.7458],[-9.20228,38.74612],[-9.2026,38.74644],[-9.20323,38.74644],[-9.20354,38.74612],[-9.20323,38.7458],[-9.2026,38.7458]],[[-9.19944,38.74959],[-9.19913,38.7499],[-9.19944,38.75022],[-9.20007,38.75022],[-9.2007,38.75022],[-9.20134,38.75022],[-9.20165,38.7499],[-9.20165,38.74927],[-9.20165,38.74864],[-9.20134,38.74833],[-9.2007,38.74833],[-9.20039,38.74864],[-9.20007,38.74896],[-9.19976,38.74927],[-9.19944,38.74959]],[[-9.19913,38.74927],[-9.19881,38.74896],[-9.1985,38.74927],[-9.19881,38.74959],[-9.19913,38.74927]],[[-9.19692,38.70985],[-9.1966,38.71017],[-9.19692,38.71048],[-9.19755,38.71048],[-9.19787,38.71017],[-9.19755,38.70985],[-9.19692,38.70985]],[[-9.19629,38.75085],[-9.19597,38.75117],[-9.19629,38.75148],[-9.19692,38.75148],[-9.19724,38.75117],[-9.19692,38.75085],[-9.19629,38.75085]],[[-9.12439,38.76346],[-9.12376,38.76346],[-9.12344,38.76378],[-9.12376,38.7641],[-9.12407,38.76441],[-9.12439,38.76473],[-9.1247,38.76441],[-9.12502,38.7641],[-9.12565,38.7641],[-9.12628,38.7641],[-9.12659,38.76378],[-9.12628,38.76346],[-9.12565,38.76346],[-9.12502,38.76346],[-9.12439,38.76346]],[[-9.12376,38.76914],[-9.12344,38.76946],[-9.12344,38.77009],[-9.12376,38.7704],[-9.12407,38.77072],[-9.12439,38.77103],[-9.1247,38.77072],[-9.1247,38.77009],[-9.1247,38.76946],[-9.1247,38.76883],[-9.1247,38.7682],[-9.12439,38.76788],[-9.12407,38.7682],[-9.12407,38.76883],[-9.12376,38.76914]],[[-9.21994,38.69692],[-9.21963,38.69661],[-9.21931,38.69692],[-9.21963,38.69724],[-9.21994,38.69692]],[[-9.21427,38.70765],[-9.21395,38.70796],[-9.21363,38.70828],[-9.21363,38.70891],[-9.21363,38.70954],[-9.21395,38.70985],[-9.21427,38.70954],[-9.21427,38.70891],[-9.21458,38.70859],[-9.21521,38.70859],[-9.21553,38.70828],[-9.21521,38.70796],[-9.2149,38.70765],[-9.21458,38.70733],[-9.21427,38.70765]],[[-9.20701,38.71805],[-9.20638,38.71805],[-9.20575,38.71805],[-9.20512,38.71805],[-9.2048,38.71837],[-9.2048,38.719],[-9.20512,38.71931],[-9.20544,38.719],[-9.20575,38.71868],[-9.20607,38.719],[-9.20607,38.71963],[-9.20638,38.71994],[-9.2067,38.71963],[-9.20701,38.71931],[-9.20764,38.71931],[-9.20827,38.71931],[-9.20859,38.719],[-9.20827,38.71868],[-9.20796,38.71837],[-9.20764,38.71805],[-9.20701,38.71805]],[[-9.20291,38.70828],[-9.2026,38.70796],[-9.20228,38.70828],[-9.2026,38.70859],[-9.20291,38.70828]],[[-9.20039,38.70954],[-9.20007,38.70922],[-9.19976,38.70954],[-9.20007,38.70985],[-9.20039,38.70954]],[[-9.19976,38.74423],[-9.19944,38.74391],[-9.19913,38.74423],[-9.19944,38.74454],[-9.19976,38.74423]],[[-9.19913,38.74107],[-9.19881,38.74076],[-9.1985,38.74107],[-9.19881,38.74139],[-9.19913,38.74107]],[[-9.19724,38.72468],[-9.19692,38.72436],[-9.1966,38.72468],[-9.19692,38.72499],[-9.19724,38.72468]],[[-9.1966,38.74864],[-9.19629,38.74833],[-9.19566,38.74833],[-9.19503,38.74833],[-9.19471,38.74864],[-9.19503,38.74896],[-9.19566,38.74896],[-9.19629,38.74896],[-9.1966,38.74864]],[[-9.12407,38.76756],[-9.12376,38.76725],[-9.12344,38.76756],[-9.12376,38.76788],[-9.12407,38.76756]],[[-9.21521,38.70607],[-9.2149,38.70638],[-9.2149,38.70701],[-9.21521,38.70733],[-9.21553,38.70701],[-9.21553,38.70638],[-9.21521,38.70607]],[[-9.2149,38.70512],[-9.21458,38.70481],[-9.21427,38.70512],[-9.21458,38.70544],[-9.2149,38.70512]],[[-9.21427,38.70575],[-9.21395,38.70544],[-9.21363,38.70575],[-9.21395,38.70607],[-9.21427,38.70575]],[[-9.2067,38.70954],[-9.20638,38.70922],[-9.20607,38.70954],[-9.20638,38.70985],[-9.2067,38.70954]],[[-9.20607,38.71711],[-9.20575,38.71679],[-9.20544,38.71711],[-9.20575,38.71742],[-9.20607,38.71711]],[[-9.20291,38.70638],[-9.2026,38.70607],[-9.20228,38.70638],[-9.2026,38.7067],[-9.20291,38.70638]],[[-9.20039,38.70638],[-9.20007,38.70607],[-9.19976,38.70638],[-9.20007,38.7067],[-9.20039,38.70638]],[[-9.19976,38.7417],[-9.19944,38.74139],[-9.19913,38.7417],[-9.19944,38.74202],[-9.19976,38.7417]],[[-9.1966,38.74738],[-9.19629,38.74707],[-9.19597,38.74738],[-9.19629,38.7477],[-9.1966,38.74738]],[[-9.21427,38.70449],[-9.21395,38.70418],[-9.21363,38.70449],[-9.21395,38.70481],[-9.21427,38.70449]],[[-9.20607,38.71017],[-9.20575,38.70985],[-9.20544,38.71017],[-9.20575,38.71048],[-9.20607,38.71017]],[[-9.19692,38.70796],[-9.1966,38.70828],[-9.1966,38.70891],[-9.19692,38.70922],[-9.19755,38.70922],[-9.19818,38.70922],[-9.19881,38.70922],[-9.19944,38.70922],[-9.19976,38.70891],[-9.19976,38.70828],[-9.19944,38.70796],[-9.19913,38.70828],[-9.19881,38.70859],[-9.19818,38.70859],[-9.19755,38.70859],[-9.19724,38.70828],[-9.19692,38.70796]],[[-9.19976,38.70701],[-9.19944,38.7067],[-9.19913,38.70701],[-9.19944,38.70733],[-9.19976,38.70701]]],[[[-9.15624,38.7499],[-9.15592,38.75022],[-9.15561,38.7499],[-9.15592,38.74959],[-9.15624,38.7499]]],[[[-9.15372,38.75117],[-9.1534,38.75148],[-9.15308,38.75117],[-9.1534,38.75085],[-9.15372,38.75117]]],[[[-9.15529,38.75211],[-9.15561,38.7518],[-9.15592,38.75148],[-9.15624,38.7518],[-9.15624,38.75243],[-9.15624,38.75306],[-9.15592,38.75337],[-9.15529,38.75337],[-9.15498,38.75369],[-9.15466,38.754],[-9.15403,38.754],[-9.15372,38.75369],[-9.15372,38.75306],[-9.15372,38.75243],[-9.15403,38.75211],[-9.15466,38.75211],[-9.15529,38.75211]]],[[[-9.16034,38.75716],[-9.15971,38.75716],[-9.15939,38.75684],[-9.15908,38.75653],[-9.15876,38.75684],[-9.15845,38.75716],[-9.15813,38.75684],[-9.15782,38.75653],[-9.15718,38.75653],[-9.15655,38.75653],[-9.15624,38.75621],[-9.15655,38.7559],[-9.15687,38.75558],[-9.15687,38.75495],[-9.15718,38.75463],[-9.15782,38.75463],[-9.15845,38.75463],[-9.15876,38.75432],[-9.15908,38.754],[-9.15939,38.75369],[-9.15939,38.75306],[-9.15939,38.75243],[-9.15939,38.7518],[-9.15971,38.75148],[-9.16034,38.75148],[-9.16065,38.75117],[-9.16097,38.75085],[-9.1616,38.75085],[-9.16191,38.75054],[-9.16223,38.75022],[-9.16286,38.75022],[-9.16349,38.75022],[-9.16412,38.75022],[-9.16444,38.75054],[-9.16444,38.75117],[-9.16475,38.75148],[-9.16507,38.7518],[-9.16507,38.75243],[-9.16538,38.75274],[-9.1657,38.75306],[-9.16601,38.75337],[-9.16633,38.75369],[-9.16633,38.75432],[-9.16665,38.75463],[-9.16728,38.75463],[-9.16759,38.75495],[-9.16759,38.75558],[-9.16759,38.75621],[-9.16759,38.75684],[-9.16728,38.75716],[-9.16696,38.75684],[-9.16665,38.75653],[-9.16601,38.75653],[-9.16538,38.75653],[-9.16507,38.75684],[-9.16475,38.75716],[-9.16444,38.75747],[-9.16412,38.75779],[-9.16381,38.75747],[-9.16349,38.75716],[-9.16286,38.75716],[-9.16223,38.75716],[-9.1616,38.75716],[-9.16097,38.75716],[-9.16034,38.75716]]],[[[-9.15687,38.76126],[-9.15718,38.76094],[-9.15782,38.76094],[-9.15845,38.76094],[-9.15908,38.76094],[-9.15939,38.76063],[-9.15971,38.76031],[-9.16034,38.76031],[-9.16065,38.76],[-9.16097,38.75968],[-9.16128,38.76],[-9.16097,38.76031],[-9.16065,38.76063],[-9.16065,38.76126],[-9.16034,38.76157],[-9.15971,38.76157],[-9.15939,38.76189],[-9.15908,38.7622],[-9.15876,38.76189],[-9.15845,38.76157],[-9.15813,38.76189],[-9.15782,38.7622],[-9.15718,38.7622],[-9.15687,38.76189],[-9.15687,38.76126]]],[[[-9.16128,38.76252],[-9.16097,38.76283],[-9.16065,38.76252],[-9.16097,38.7622],[-9.16128,38.76252]]],[[[-9.15939,38.76378],[-9.15908,38.7641],[-9.15845,38.7641],[-9.15813,38.76378],[-9.15813,38.76315],[-9.15845,38.76283],[-9.15908,38.76283],[-9.15939,38.76315],[-9.15939,38.76378]]],[[[-9.15277,38.76599],[-9.15245,38.76567],[-9.15277,38.76536],[-9.15308,38.76567],[-9.15277,38.76599]]],[[[-9.1534,38.76725],[-9.15308,38.76693],[-9.1534,38.76662],[-9.15372,38.76693],[-9.1534,38.76725]]],[[[-9.14268,38.70607],[-9.14331,38.70607],[-9.14362,38.70575],[-9.14394,38.70544],[-9.14425,38.70575],[-9.14457,38.70607],[-9.14489,38.70575],[-9.1452,38.70544],[-9.14552,38.70575],[-9.1452,38.70607],[-9.14489,38.70638],[-9.14457,38.7067],[-9.14425,38.70638],[-9.14394,38.70607],[-9.14362,38.70638],[-9.14331,38.7067],[-9.14268,38.7067],[-9.14236,38.70638],[-9.14268,38.70607]]],[[[-9.14552,38.70765],[-9.1452,38.70796],[-9.14489,38.70765],[-9.1452,38.70733],[-9.14552,38.70765]]],[[[-9.14331,38.71301],[-9.14268,38.71301],[-9.14236,38.71332],[-9.14236,38.71395],[-9.14236,38.71458],[-9.14205,38.7149],[-9.14173,38.71458],[-9.14173,38.71395],[-9.14173,38.71332],[-9.14142,38.71301],[-9.1411,38.71332],[-9.14079,38.71364],[-9.14047,38.71332],[-9.14079,38.71301],[-9.1411,38.71269],[-9.14079,38.71238],[-9.14047,38.71206],[-9.14015,38.71175],[-9.13952,38.71175],[-9.13921,38.71143],[-9.13889,38.71111],[-9.13858,38.7108],[-9.13858,38.71017],[-9.13889,38.70985],[-9.13921,38.70954],[-9.13889,38.70922],[-9.13858,38.70891],[-9.13889,38.70859],[-9.13921,38.70891],[-9.13952,38.70922],[-9.13984,38.70954],[-9.13984,38.71017],[-9.13952,38.71048],[-9.13921,38.7108],[-9.13952,38.71111],[-9.14015,38.71111],[-9.14047,38.7108],[-9.14079,38.71048],[-9.1411,38.71017],[-9.14142,38.70985],[-9.14173,38.70954],[-9.14205,38.70922],[-9.14236,38.70954],[-9.14268,38.70985],[-9.14331,38.70985],[-9.14362,38.70954],[-9.14394,38.70922],[-9.14457,38.70922],[-9.1452,38.70922],[-9.14552,38.70954],[-9.14583,38.70985],[-9.14646,38.70985],[-9.14709,38.70985],[-9.14741,38.71017],[-9.14772,38.71048],[-9.14804,38.71017],[-9.14835,38.70985],[-9.14898,38.70985],[-9.1493,38.71017],[-9.14898,38.71048],[-9.14835,38.71048],[-9.14804,38.7108],[-9.14772,38.71111],[-9.14741,38.7108],[-9.14709,38.71048],[-9.14678,38.7108],[-9.14678,38.71143],[-9.14709,38.71175],[-9.14741,38.71206],[-9.14709,38.71238],[-9.14678,38.71269],[-9.14709,38.71301],[-9.14772,38.71301],[-9.14804,38.71332],[-9.14772,38.71364],[-9.14709,38.71364],[-9.14646,38.71364],[-9.14583,38.71364],[-9.14552,38.71395],[-9.1452,38.71427],[-9.14489,38.71458],[-9.1452,38.7149],[-9.14552,38.71521],[-9.1452,38.71553],[-9.14489,38.71521],[-9.14457,38.7149],[-9.14425,38.71458],[-9.14425,38.71395],[-9.14394,38.71364],[-9.14362,38.71332],[-9.14331,38.71301]],[[-9.14236,38.71143],[-9.14268,38.71175],[-9.14331,38.71175],[-9.14394,38.71175],[-9.14457,38.71175],[-9.14489,38.71143],[-9.14489,38.7108],[-9.14457,38.71048],[-9.14394,38.71048],[-9.14362,38.7108],[-9.14331,38.71111],[-9.14268,38.71111],[-9.14236,38.71143]],[[-9.14205,38.71301],[-9.14236,38.71269],[-9.14205,38.71238],[-9.14173,38.71269],[-9.14205,38.71301]],[[-9.14047,38.71143],[-9.14079,38.71175],[-9.14142,38.71175],[-9.14173,38.71143],[-9.14205,38.71111],[-9.14236,38.7108],[-9.14205,38.71048],[-9.14142,38.71048],[-9.1411,38.7108],[-9.14079,38.71111],[-9.14047,38.71143]],[[-9.14646,38.71175],[-9.14583,38.71175],[-9.14552,38.71206],[-9.14583,38.71238],[-9.14646,38.71238],[-9.14678,38.71206],[-9.14646,38.71175]],[[-9.1452,38.71364],[-9.14552,38.71332],[-9.1452,38.71301],[-9.14489,38.71332],[-9.1452,38.71364]],[[-9.1452,38.71048],[-9.14552,38.71017],[-9.1452,38.70985],[-9.14489,38.71017],[-9.1452,38.71048]]],[[[-9.12975,38.71332],[-9.12943,38.71364],[-9.12912,38.71332],[-9.12943,38.71301],[-9.12975,38.71332]]],[[[-9.13227,38.71458],[-9.13227,38.71395],[-9.13259,38.71364],[-9.1329,38.71395],[-9.1329,38.71458],[-9.13259,38.7149],[-9.13227,38.71458]]],[[[-9.14236,38.71584],[-9.14205,38.71616],[-9.14173,38.71584],[-9.14205,38.71553],[-9.14236,38.71584]]],[[[-9.12218,38.71774],[-9.12186,38.71805],[-9.12155,38.71774],[-9.12186,38.71742],[-9.12218,38.71774]]],[[[-9.13448,38.71868],[-9.13385,38.71868],[-9.13322,38.71868],[-9.1329,38.71837],[-9.13322,38.71805],[-9.13385,38.71805],[-9.13448,38.71805],[-9.13479,38.71837],[-9.13448,38.71868]]],[[[-9.13196,38.71994],[-9.13132,38.71994],[-9.13069,38.71994],[-9.13038,38.71963],[-9.13069,38.71931],[-9.13132,38.71931],[-9.13196,38.71931],[-9.13227,38.71963],[-9.13196,38.71994]]],[[[-9.12344,38.72341],[-9.12313,38.7231],[-9.12249,38.7231],[-9.12218,38.72341],[-9.12186,38.72373],[-9.12123,38.72373],[-9.12092,38.72341],[-9.1206,38.7231],[-9.12029,38.72278],[-9.1206,38.72247],[-9.12092,38.72278],[-9.12123,38.7231],[-9.12186,38.7231],[-9.12218,38.72278],[-9.12186,38.72247],[-9.12155,38.72215],[-9.12123,38.72184],[-9.1206,38.72184],[-9.12029,38.72152],[-9.11997,38.72121],[-9.11934,38.72121],[-9.11903,38.72089],[-9.11903,38.72026],[-9.11903,38.71963],[-9.11903,38.719],[-9.11903,38.71837],[-9.11871,38.71805],[-9.11839,38.71837],[-9.11808,38.71868],[-9.11776,38.71837],[-9.11808,38.71805],[-9.11839,38.71774],[-9.11871,38.71742],[-9.11903,38.71774],[-9.11934,38.71805],[-9.11997,38.71805],[-9.1206,38.71805],[-9.12092,38.71837],[-9.12123,38.71868],[-9.12155,38.719],[-9.12186,38.71931],[-9.12218,38.719],[-9.12249,38.71868],[-9.12313,38.71868],[-9.12344,38.71837],[-9.12376,38.71805],[-9.12407,38.71774],[-9.12439,38.71742],[-9.1247,38.71774],[-9.1247,38.71837],[-9.12502,38.71868],[-9.12565,38.71868],[-9.12596,38.71837],[-9.12596,38.71774],[-9.12596,38.71711],[-9.12565,38.71679],[-9.12502,38.71679],[-9.12439,38.71679],[-9.12407,38.71648],[-9.12439,38.71616],[-9.1247,38.71584],[-9.12502,38.71553],[-9.12565,38.71553],[-9.12596,38.71584],[-9.12596,38.71648],[-9.12628,38.71679],[-9.12691,38.71679],[-9.12722,38.71648],[-9.12754,38.71616],[-9.12817,38.71616],[-9.1288,38.71616],[-9.12912,38.71648],[-9.12943,38.71679],[-9.12975,38.71711],[-9.12943,38.71742],[-9.1288,38.71742],[-9.12817,38.71742],[-9.12754,38.71742],[-9.12722,38.71774],[-9.12754,38.71805],[-9.12817,38.71805],[-9.1288,38.71805],[-9.12943,38.71805],[-9.12975,38.71837],[-9.12943,38.71868],[-9.1288,38.71868],[-9.12817,38.71868],[-9.12786,38.719],[-9.12817,38.71931],[-9.1288,38.71931],[-9.12912,38.71963],[-9.1288,38.71994],[-9.12817,38.71994],[-9.12786,38.72026],[-9.12754,38.72058],[-9.12722,38.72089],[-9.12722,38.72152],[-9.12722,38.72215],[-9.12722,38.72278],[-9.12691,38.7231],[-9.12659,38.72341],[-9.12659,38.72404],[-9.12659,38.72468],[-9.12628,38.72499],[-9.12596,38.72468],[-9.12565,38.72436],[-9.12502,38.72436],[-9.12439,38.72436],[-9.12407,38.72404],[-9.12376,38.72373],[-9.12344,38.72341]],[[-9.1206,38.71931],[-9.12092,38.719],[-9.1206,38.71868],[-9.12029,38.719],[-9.1206,38.71931]]],[[[-9.12817,38.72562],[-9.12786,38.72531],[-9.12817,38.72499],[-9.1288,38.72499],[-9.12912,38.72531],[-9.1288,38.72562],[-9.12817,38.72562]]],[[[-9.14173,38.72972],[-9.14142,38.73004],[-9.1411,38.72972],[-9.14142,38.72941],[-9.14173,38.72972]]],[[[-9.14236,38.73161],[-9.14205,38.73193],[-9.14173,38.73161],[-9.14205,38.7313],[-9.14236,38.73161]]],[[[-9.12943,38.73193],[-9.12912,38.73161],[-9.12943,38.7313],[-9.13006,38.7313],[-9.13038,38.73161],[-9.13006,38.73193],[-9.12943,38.73193]]],[[[-9.13921,38.73161],[-9.13889,38.73193],[-9.13858,38.73161],[-9.13889,38.7313],[-9.13921,38.73161]]],[[[-9.13795,38.73161],[-9.13763,38.73193],[-9.13732,38.73161],[-9.13763,38.7313],[-9.13795,38.73161]]],[[[-9.12502,38.73256],[-9.12565,38.73256],[-9.12628,38.73256],[-9.12691,38.73256],[-9.12722,38.73224],[-9.12722,38.73161],[-9.12754,38.7313],[-9.12786,38.73161],[-9.12786,38.73224],[-9.12786,38.73287],[-9.12754,38.73319],[-9.12722,38.73351],[-9.12691,38.73382],[-9.12659,38.73414],[-9.12628,38.73445],[-9.12565,38.73445],[-9.12502,38.73445],[-9.1247,38.73414],[-9.1247,38.73351],[-9.12439,38.73319],[-9.12407,38.73287],[-9.12439,38.73256],[-9.12502,38.73256]]],[[[-9.1288,38.73382],[-9.12943,38.73382],[-9.12975,38.73414],[-9.12943,38.73445],[-9.12912,38.73477],[-9.12912,38.7354],[-9.1288,38.73571],[-9.12817,38.73571],[-9.12786,38.7354],[-9.12754,38.73508],[-9.12722,38.73477],[-9.12754,38.73445],[-9.12786,38.73414],[-9.12817,38.73382],[-9.1288,38.73382]]],[[[-9.12817,38.73824],[-9.12786,38.73792],[-9.12817,38.73761],[-9.1288,38.73761],[-9.12912,38.73792],[-9.1288,38.73824],[-9.12817,38.73824]]],[[[-9.12502,38.74076],[-9.1247,38.74044],[-9.12502,38.74013],[-9.12565,38.74013],[-9.12596,38.74044],[-9.12565,38.74076],[-9.12502,38.74076]]],[[[-9.13542,38.74738],[-9.13511,38.7477],[-9.13479,38.74738],[-9.13511,38.74707],[-9.13542,38.74738]]],[[[-9.13227,38.74801],[-9.13196,38.74833],[-9.13164,38.74801],[-9.13196,38.7477],[-9.13227,38.74801]]],[[[-9.14489,38.7499],[-9.1452,38.75022],[-9.14583,38.75022],[-9.14646,38.75022],[-9.14678,38.75054],[-9.14646,38.75085],[-9.14583,38.75085],[-9.1452,38.75085],[-9.14489,38.75054],[-9.14457,38.75022],[-9.14425,38.7499],[-9.14457,38.74959],[-9.14489,38.7499]]],[[[-9.1411,38.75117],[-9.14079,38.75148],[-9.14047,38.75117],[-9.14079,38.75085],[-9.1411,38.75117]]],[[[-9.14804,38.75117],[-9.14772,38.75148],[-9.14741,38.75117],[-9.14772,38.75085],[-9.14804,38.75117]]],[[[-9.1452,38.75211],[-9.14583,38.75211],[-9.14615,38.7518],[-9.14646,38.75148],[-9.14678,38.7518],[-9.14709,38.75211],[-9.14741,38.75243],[-9.14741,38.75306],[-9.14709,38.75337],[-9.14678,38.75306],[-9.14678,38.75243],[-9.14646,38.75211],[-9.14615,38.75243],[-9.14583,38.75274],[-9.1452,38.75274],[-9.14489,38.75243],[-9.1452,38.75211]]],[[[-9.13542,38.75432],[-9.13542,38.75369],[-9.13542,38.75306],[-9.13511,38.75274],[-9.13479,38.75243],[-9.13511,38.75211],[-9.13542,38.75243],[-9.13574,38.75274],[-9.13606,38.75243],[-9.13606,38.7518],[-9.13637,38.75148],[-9.137,38.75148],[-9.13763,38.75148],[-9.13795,38.75117],[-9.13763,38.75085],[-9.13732,38.75054],[-9.13763,38.75022],[-9.13826,38.75022],[-9.13858,38.75054],[-9.13889,38.75085],[-9.13921,38.75117],[-9.13921,38.7518],[-9.13921,38.75243],[-9.13889,38.75274],[-9.13858,38.75306],[-9.13889,38.75337],[-9.13921,38.75369],[-9.13889,38.754],[-9.13826,38.754],[-9.13795,38.75432],[-9.13763,38.75463],[-9.13732,38.75432],[-9.13732,38.75369],[-9.137,38.75337],[-9.13637,38.75337],[-9.13606,38.75369],[-9.13606,38.75432],[-9.13574,38.75463],[-9.13542,38.75432]],[[-9.13826,38.75148],[-9.13795,38.7518],[-9.13795,38.75243],[-9.13826,38.75274],[-9.13858,38.75243],[-9.13858,38.7518],[-9.13826,38.75148]]],[[[-9.1411,38.75306],[-9.14079,38.75337],[-9.14047,38.75306],[-9.14079,38.75274],[-9.1411,38.75306]]],[[[-9.14268,38.754],[-9.14236,38.75369],[-9.14268,38.75337],[-9.14331,38.75337],[-9.14362,38.75369],[-9.14331,38.754],[-9.14268,38.754]]],[[[-9.14646,38.75527],[-9.14678,38.75495],[-9.14646,38.75463],[-9.14583,38.75463],[-9.1452,38.75463],[-9.14489,38.75432],[-9.1452,38.754],[-9.14583,38.754],[-9.14646,38.754],[-9.14678,38.75432],[-9.14709,38.75463],[-9.14741,38.75432],[-9.14772,38.754],[-9.14804,38.75432],[-9.14804,38.75495],[-9.14772,38.75527],[-9.14741,38.75558],[-9.14709,38.7559],[-9.14646,38.7559],[-9.14583,38.7559],[-9.1452,38.7559],[-9.14489,38.75558],[-9.1452,38.75527],[-9.14583,38.75527],[-9.14646,38.75527]]],[[[-9.14362,38.75558],[-9.14362,38.75495],[-9.14394,38.75463],[-9.14425,38.75495],[-9.14425,38.75558],[-9.14394,38.7559],[-9.14362,38.75558]]],[[[-9.12186,38.75716],[-9.12155,38.75684],[-9.12186,38.75653],[-9.12249,38.75653],[-9.12281,38.75684],[-9.12249,38.75716],[-9.12186,38.75716]]],[[[-9.12344,38.76],[-9.12313,38.76031],[-9.12281,38.76],[-9.12313,38.75968],[-9.12344,38.76]]],[[[-9.12186,38.76283],[-9.12155,38.76252],[-9.12186,38.7622],[-9.12249,38.7622],[-9.12281,38.76252],[-9.12249,38.76283],[-9.12186,38.76283]]],[[[-9.13921,38.76756],[-9.13952,38.76725],[-9.14015,38.76725],[-9.14047,38.76756],[-9.14015,38.76788],[-9.13952,38.76788],[-9.13921,38.76756]]],[[[-9.13353,38.77387],[-9.13385,38.77356],[-9.13448,38.77356],[-9.13479,38.77387],[-9.13448,38.77419],[-9.13385,38.77419],[-9.13353,38.77387]]],[[[-9.12092,38.71711],[-9.1206,38.71742],[-9.12029,38.71711],[-9.1206,38.71679],[-9.12092,38.71711]]],[[[-9.11903,38.72215],[-9.11871,38.72247],[-9.11839,38.72215],[-9.11871,38.72184],[-9.11903,38.72215]]],[[[-9.11776,38.72972],[-9.11745,38.73004],[-9.11713,38.72972],[-9.11745,38.72941],[-9.11776,38.72972]]],[[[-9.11366,38.74202],[-9.11335,38.7417],[-9.11366,38.74139],[-9.11429,38.74139],[-9.11461,38.7417],[-9.11429,38.74202],[-9.11366,38.74202]]],[[[-9.11619,38.74265],[-9.11587,38.74234],[-9.11619,38.74202],[-9.11682,38.74202],[-9.11713,38.74234],[-9.11682,38.74265],[-9.11619,38.74265]]],[[[-9.12155,38.74738],[-9.12123,38.7477],[-9.12092,38.74738],[-9.12123,38.74707],[-9.12155,38.74738]]],[[[-9.11934,38.7477],[-9.11903,38.74738],[-9.11934,38.74707],[-9.11997,38.74707],[-9.12029,38.74738],[-9.11997,38.7477],[-9.11934,38.7477]]],[[[-9.10736,38.74707],[-9.10799,38.74707],[-9.1083,38.74738],[-9.1083,38.74801],[-9.10799,38.74833],[-9.10736,38.74833],[-9.10673,38.74833],[-9.1061,38.74833],[-9.10578,38.74801],[-9.1061,38.7477],[-9.10641,38.74738],[-9.10673,38.74707],[-9.10736,38.74707]]],[[[-9.1102,38.74801],[-9.11051,38.7477],[-9.11114,38.7477],[-9.11146,38.74801],[-9.11114,38.74833],[-9.11051,38.74833],[-9.1102,38.74801]]],[[[-9.11524,38.74801],[-9.11493,38.74833],[-9.11461,38.74801],[-9.11493,38.7477],[-9.11524,38.74801]]],[[[-9.1124,38.74896],[-9.11209,38.74864],[-9.1124,38.74833],[-9.11303,38.74833],[-9.11335,38.74864],[-9.11303,38.74896],[-9.1124,38.74896]]],[[[-9.11146,38.74927],[-9.11114,38.74959],[-9.11083,38.74927],[-9.11114,38.74896],[-9.11146,38.74927]]],[[[-9.10641,38.75621],[-9.1061,38.7559],[-9.10578,38.75621],[-9.10546,38.75653],[-9.10483,38.75653],[-9.10452,38.75621],[-9.10452,38.75558],[-9.1042,38.75527],[-9.10389,38.75558],[-9.10357,38.7559],[-9.10326,38.75558],[-9.10326,38.75495],[-9.10357,38.75463],[-9.10389,38.75432],[-9.10357,38.754],[-9.10294,38.754],[-9.10263,38.75369],[-9.10231,38.75337],[-9.10168,38.75337],[-9.10105,38.75337],[-9.10073,38.75306],[-9.10073,38.75243],[-9.10042,38.75211],[-9.1001,38.7518],[-9.09979,38.75148],[-9.09947,38.7518],[-9.09916,38.75211],[-9.09853,38.75211],[-9.09821,38.7518],[-9.09821,38.75117],[-9.09821,38.75054],[-9.09821,38.7499],[-9.09853,38.74959],[-9.09884,38.74927],[-9.09884,38.74864],[-9.09916,38.74833],[-9.09979,38.74833],[-9.1001,38.74801],[-9.10042,38.7477],[-9.10073,38.74738],[-9.10042,38.74707],[-9.09979,38.74707],[-9.09916,38.74707],[-9.09884,38.74675],[-9.09916,38.74644],[-9.09979,38.74644],[-9.1001,38.74612],[-9.10042,38.7458],[-9.10105,38.7458],[-9.10136,38.74612],[-9.10136,38.74675],[-9.10136,38.74738],[-9.10136,38.74801],[-9.10105,38.74833],[-9.10073,38.74864],[-9.10105,38.74896],[-9.10168,38.74896],[-9.10231,38.74896],[-9.10263,38.74927],[-9.10294,38.74959],[-9.10326,38.74927],[-9.10357,38.74896],[-9.10389,38.74927],[-9.1042,38.74959],[-9.10452,38.74927],[-9.10483,38.74896],[-9.10546,38.74896],[-9.1061,38.74896],[-9.10641,38.74927],[-9.10673,38.74959],[-9.10704,38.74927],[-9.10736,38.74896],[-9.10799,38.74896],[-9.10862,38.74896],[-9.10893,38.74927],[-9.10862,38.74959],[-9.1083,38.7499],[-9.1083,38.75054],[-9.10862,38.75085],[-9.10893,38.75117],[-9.10862,38.75148],[-9.1083,38.7518],[-9.1083,38.75243],[-9.1083,38.75306],[-9.10862,38.75337],[-9.10893,38.75369],[-9.10925,38.754],[-9.10956,38.75432],[-9.10988,38.75463],[-9.11051,38.75463],[-9.11114,38.75463],[-9.11146,38.75495],[-9.11177,38.75527],[-9.11209,38.75558],[-9.11177,38.7559],[-9.11146,38.75621],[-9.11114,38.75653],[-9.11051,38.75653],[-9.1102,38.75684],[-9.10988,38.75716],[-9.10925,38.75716],[-9.10862,38.75716],[-9.1083,38.75684],[-9.10799,38.75653],[-9.10736,38.75653],[-9.10673,38.75653],[-9.10641,38.75621]],[[-9.10988,38.75653],[-9.1102,38.75621],[-9.10988,38.7559],[-9.10956,38.75621],[-9.10988,38.75653]],[[-9.10357,38.75022],[-9.10389,38.7499],[-9.10357,38.74959],[-9.10326,38.7499],[-9.10357,38.75022]],[[-9.10042,38.74959],[-9.10073,38.74927],[-9.10042,38.74896],[-9.1001,38.74927],[-9.10042,38.74959]],[[-9.09979,38.74959],[-9.09916,38.74959],[-9.09884,38.7499],[-9.09916,38.75022],[-9.09979,38.75022],[-9.1001,38.7499],[-9.09979,38.74959]]],[[[-9.11713,38.75306],[-9.11682,38.75337],[-9.11619,38.75337],[-9.11556,38.75337],[-9.11524,38.75306],[-9.11556,38.75274],[-9.11619,38.75274],[-9.11682,38.75274],[-9.11713,38.75306]]],[[[-9.11429,38.75653],[-9.11366,38.75653],[-9.11303,38.75653],[-9.11272,38.75621],[-9.11272,38.75558],[-9.11303,38.75527],[-9.11335,38.75558],[-9.11366,38.7559],[-9.11429,38.7559],[-9.11493,38.7559],[-9.11556,38.7559],[-9.11587,38.75621],[-9.11619,38.75653],[-9.11682,38.75653],[-9.11745,38.75653],[-9.11776,38.75684],[-9.11776,38.75747],[-9.11745,38.75779],[-9.11682,38.75779],[-9.11619,38.75779],[-9.11587,38.7581],[-9.11556,38.75842],[-9.11493,38.75842],[-9.11429,38.75842],[-9.11398,38.7581],[-9.11429,38.75779],[-9.11461,38.75747],[-9.11461,38.75684],[-9.11429,38.75653]],[[-9.11556,38.75779],[-9.11587,38.75747],[-9.11556,38.75716],[-9.11524,38.75747],[-9.11556,38.75779]]],[[[-9.11903,38.75873],[-9.11871,38.75905],[-9.11839,38.75873],[-9.11871,38.75842],[-9.11903,38.75873]]],[[[-9.10231,38.76094],[-9.10168,38.76094],[-9.10105,38.76094],[-9.10073,38.76063],[-9.10042,38.76031],[-9.09979,38.76031],[-9.09947,38.76],[-9.09947,38.75937],[-9.09979,38.75905],[-9.1001,38.75873],[-9.09979,38.75842],[-9.09947,38.7581],[-9.09979,38.75779],[-9.10042,38.75779],[-9.10073,38.75747],[-9.10105,38.75716],[-9.10136,38.75747],[-9.10105,38.75779],[-9.10073,38.7581],[-9.10073,38.75873],[-9.10073,38.75937],[-9.10105,38.75968],[-9.10136,38.75937],[-9.10136,38.75873],[-9.10168,38.75842],[-9.10231,38.75842],[-9.10263,38.75873],[-9.10263,38.75937],[-9.10294,38.75968],[-9.10326,38.75937],[-9.10326,38.75873],[-9.10357,38.75842],[-9.10389,38.75873],[-9.10389,38.75937],[-9.10389,38.76],[-9.1042,38.76031],[-9.10452,38.76],[-9.10452,38.75937],[-9.10483,38.75905],[-9.10546,38.75905],[-9.10578,38.75873],[-9.1061,38.75842],[-9.10641,38.75873],[-9.1061,38.75905],[-9.10578,38.75937],[-9.10578,38.76],[-9.1061,38.76031],[-9.10641,38.76],[-9.10673,38.75968],[-9.10704,38.76],[-9.10673,38.76031],[-9.10641,38.76063],[-9.10641,38.76126],[-9.10641,38.76189],[-9.1061,38.7622],[-9.10578,38.76252],[-9.10546,38.76283],[-9.10483,38.76283],[-9.1042,38.76283],[-9.10357,38.76283],[-9.10326,38.76252],[-9.10294,38.7622],[-9.10263,38.76189],[-9.10263,38.76126],[-9.10231,38.76094]],[[-9.10578,38.76189],[-9.10546,38.76157],[-9.10483,38.76157],[-9.1042,38.76157],[-9.10389,38.76189],[-9.1042,38.7622],[-9.10483,38.7622],[-9.10546,38.7622],[-9.10578,38.76189]],[[-9.10483,38.76031],[-9.10452,38.76063],[-9.10483,38.76094],[-9.10546,38.76094],[-9.10578,38.76063],[-9.10546,38.76031],[-9.10483,38.76031]]],[[[-9.10105,38.76283],[-9.10073,38.76252],[-9.10105,38.7622],[-9.10136,38.76252],[-9.10105,38.76283]]],[[[-9.11272,38.76315],[-9.1124,38.76346],[-9.11209,38.76315],[-9.1124,38.76283],[-9.11272,38.76315]]],[[[-9.11839,38.76441],[-9.11808,38.76473],[-9.11776,38.76441],[-9.11808,38.7641],[-9.11839,38.76441]]],[[[-9.11619,38.76599],[-9.11587,38.76567],[-9.11619,38.76536],[-9.11682,38.76536],[-9.11713,38.76567],[-9.11682,38.76599],[-9.11619,38.76599]]],[[[-9.10956,38.77009],[-9.10925,38.7704],[-9.10893,38.77009],[-9.10925,38.76977],[-9.10956,38.77009]]],[[[-9.1061,38.7704],[-9.10641,38.77009],[-9.10641,38.76946],[-9.10673,38.76914],[-9.10736,38.76914],[-9.10799,38.76914],[-9.1083,38.76946],[-9.1083,38.77009],[-9.10799,38.7704],[-9.10736,38.7704],[-9.10704,38.77072],[-9.10673,38.77103],[-9.1061,38.77103],[-9.10546,38.77103],[-9.10483,38.77103],[-9.10452,38.77072],[-9.10483,38.7704],[-9.10546,38.7704],[-9.1061,38.7704]]],[[[-9.11209,38.77072],[-9.11177,38.77103],[-9.11114,38.77103],[-9.11051,38.77103],[-9.1102,38.77072],[-9.11051,38.7704],[-9.11114,38.7704],[-9.11177,38.7704],[-9.11209,38.77072]]],[[[-9.09443,38.77072],[-9.09411,38.77103],[-9.09348,38.77103],[-9.09285,38.77103],[-9.09253,38.77072],[-9.09285,38.7704],[-9.09348,38.7704],[-9.09411,38.7704],[-9.09443,38.77072]]],[[[-9.10862,38.7723],[-9.10799,38.7723],[-9.10736,38.7723],[-9.10704,38.77198],[-9.10736,38.77166],[-9.10799,38.77166],[-9.10862,38.77166],[-9.10893,38.77198],[-9.10862,38.7723]]],[[[-9.11493,38.77419],[-9.11461,38.77387],[-9.11493,38.77356],[-9.11524,38.77387],[-9.11493,38.77419]]],[[[-9.10736,38.77356],[-9.10704,38.77324],[-9.10736,38.77293],[-9.10799,38.77293],[-9.10862,38.77293],[-9.10925,38.77293],[-9.10988,38.77293],[-9.1102,38.77324],[-9.10988,38.77356],[-9.10925,38.77356],[-9.10893,38.77387],[-9.10862,38.77419],[-9.1083,38.7745],[-9.10799,38.77482],[-9.10736,38.77482],[-9.10704,38.7745],[-9.10736,38.77419],[-9.10799,38.77419],[-9.1083,38.77387],[-9.10799,38.77356],[-9.10736,38.77356]]],[[[-9.11209,38.77576],[-9.11177,38.77608],[-9.11146,38.77576],[-9.11177,38.77545],[-9.11209,38.77576]]],[[[-9.11619,38.77734],[-9.11587,38.77703],[-9.11619,38.77671],[-9.11682,38.77671],[-9.11713,38.77703],[-9.11682,38.77734],[-9.11619,38.77734]]],[[[-9.11272,38.77955],[-9.1124,38.77923],[-9.11209,38.77892],[-9.1124,38.7786],[-9.11303,38.7786],[-9.11366,38.7786],[-9.11398,38.77829],[-9.11366,38.77797],[-9.11303,38.77797],[-9.11272,38.77766],[-9.1124,38.77734],[-9.11209,38.77766],[-9.11177,38.77797],[-9.11146,38.77829],[-9.11114,38.7786],[-9.11094,38.7786],[-9.11005,38.77723],[-9.10923,38.77671],[-9.10925,38.77671],[-9.10988,38.77671],[-9.11051,38.77671],[-9.11114,38.77671],[-9.11146,38.77703],[-9.11177,38.77734],[-9.11209,38.77703],[-9.1124,38.77671],[-9.11272,38.77639],[-9.11303,38.77608],[-9.11366,38.77608],[-9.11398,38.77639],[-9.11398,38.77703],[-9.11398,38.77766],[-9.11429,38.77797],[-9.11461,38.77766],[-9.11493,38.77734],[-9.11524,38.77766],[-9.11524,38.77829],[-9.11556,38.7786],[-9.11587,38.77892],[-9.11619,38.77923],[-9.11682,38.77923],[-9.11745,38.77923],[-9.11776,38.77955],[-9.11776,38.78018],[-9.11808,38.78049],[-9.11839,38.78081],[-9.11839,38.78144],[-9.11839,38.78169],[-9.11776,38.7815],[-9.11776,38.78144],[-9.11745,38.78113],[-9.11682,38.78113],[-9.11675,38.78119],[-9.11489,38.78064],[-9.11429,38.78056],[-9.1131,38.78008],[-9.11272,38.77984],[-9.11272,38.77955]],[[-9.11493,38.77923],[-9.11524,38.77892],[-9.11493,38.7786],[-9.11461,38.77892],[-9.11493,38.77923]],[[-9.11114,38.77797],[-9.11146,38.77766],[-9.11114,38.77734],[-9.11083,38.77766],[-9.11114,38.77797]]],[[[-9.09853,38.77986],[-9.09821,38.77955],[-9.09853,38.77923],[-9.09916,38.77923],[-9.09947,38.77955],[-9.09916,38.77986],[-9.09853,38.77986]]],[[[-9.09979,38.78302],[-9.09947,38.7827],[-9.09947,38.78207],[-9.09979,38.78176],[-9.1001,38.78176],[-9.10028,38.78302],[-9.09979,38.78302]]],[[[-9.09096,38.79595],[-9.09033,38.79532],[-9.09033,38.79469],[-9.09033,38.79406],[-9.09033,38.79342],[-9.09033,38.79279],[-9.09033,38.79216],[-9.09033,38.79153],[-9.09033,38.7909],[-9.09033,38.79027],[-9.09033,38.78964],[-9.09096,38.78901],[-9.09096,38.78838],[-9.09096,38.78775],[-9.09096,38.78712],[-9.09096,38.78649],[-9.09159,38.78586],[-9.09159,38.78523],[-9.09096,38.78459],[-9.09096,38.78396],[-9.09096,38.78333],[-9.09096,38.7827],[-9.09096,38.78207],[-9.09096,38.78144],[-9.09096,38.78081],[-9.09096,38.78049],[-9.09159,38.78049],[-9.09222,38.78049],[-9.09253,38.78081],[-9.09222,38.78113],[-9.0919,38.78144],[-9.09222,38.78176],[-9.09285,38.78176],[-9.09348,38.78176],[-9.0938,38.78207],[-9.0938,38.7827],[-9.0938,38.78333],[-9.09411,38.78365],[-9.09443,38.78396],[-9.09443,38.78459],[-9.09474,38.78491],[-9.09506,38.78523],[-9.09474,38.78554],[-9.09443,38.78586],[-9.09474,38.78617],[-9.09537,38.78617],[-9.09569,38.78649],[-9.096,38.7868],[-9.09663,38.7868],[-9.09695,38.78712],[-9.09727,38.78743],[-9.0979,38.78743],[-9.09821,38.78775],[-9.09853,38.78806],[-9.09916,38.78806],[-9.09947,38.78838],[-9.09947,38.78901],[-9.09916,38.78932],[-9.09853,38.78932],[-9.09821,38.78964],[-9.09853,38.78996],[-9.09916,38.78996],[-9.09947,38.79027],[-9.09979,38.79059],[-9.1001,38.79027],[-9.10042,38.78996],[-9.10098,38.78996],[-9.10094,38.79052],[-9.10093,38.79059],[-9.10042,38.79059],[-9.1001,38.7909],[-9.1001,38.79153],[-9.09979,38.79185],[-9.09947,38.79153],[-9.09947,38.7909],[-9.09916,38.79059],[-9.09853,38.79059],[-9.0979,38.79059],[-9.09727,38.79059],[-9.09695,38.7909],[-9.09695,38.79153],[-9.09695,38.79216],[-9.09695,38.79279],[-9.09695,38.79342],[-9.09695,38.79406],[-9.09663,38.79437],[-9.096,38.79437],[-9.09569,38.79469],[-9.096,38.795],[-9.09663,38.795],[-9.09695,38.79532],[-9.09695,38.79595],[-9.09695,38.79655],[-9.09689,38.79658],[-9.09663,38.79658],[-9.096,38.79658],[-9.09537,38.79658],[-9.09474,38.79658],[-9.09461,38.79658],[-9.09322,38.79633],[-9.09255,38.7963],[-9.09253,38.79621],[-9.09231,38.79618],[-9.0912,38.79619],[-9.09096,38.79595]],[[-9.0979,38.78932],[-9.09821,38.78901],[-9.0979,38.78869],[-9.09758,38.78901],[-9.0979,38.78932]]],[[[-9.1001,38.78901],[-9.10042,38.78869],[-9.10098,38.78869],[-9.10102,38.78932],[-9.10042,38.78932],[-9.1001,38.78901]]],[[[-9.09937,38.79636],[-9.09856,38.79614],[-9.09821,38.79612],[-9.09821,38.79595],[-9.09853,38.79563],[-9.09916,38.79563],[-9.09961,38.79563],[-9.09941,38.79633],[-9.09937,38.79636]]]]},"properties":{"class":0,"label":"Sem ilha de calor","fill":"#1a9850"}},{"type":"Feature","geometry":{"type":"MultiPolygon","coordinates":[[[[-9.21742,38.69251],[-9.21742,38.69188],[-9.21773,38.69188],[-9.21805,38.69219],[-9.21805,38.69251],[-9.21773,38.69282],[-9.21742,38.69251]]],[[[-9.21363,38.69188],[-9.21395,38.69188],[-9.21427,38.69188],[-9.21427,38.69251],[-9.21395,38.69282],[-9.21363,38.69251],[-9.21363,38.69188]]],[[[-9.21647,38.69282],[-9.21679,38.69314],[-9.21647,38.69345],[-9.21584,38.69345],[-9.21521,38.69345],[-9.21458,38.69345],[-9.21427,38.69314],[-9.21458,38.69282],[-9.21521,38.69282],[-9.21584,38.69282],[-9.21647,38.69282]]],[[[-9.2212,38.69314],[-9.22152,38.69282],[-9.22215,38.69282],[-9.22246,38.69314],[-9.22215,38.69345],[-9.22152,38.69345],[-9.2212,38.69314]]],[[[-9.22341,38.69188],[-9.22404,38.69251],[-9.22341,38.69314],[-9.22373,38.69345],[-9.22373,38.69377],[-9.22373,38.6944],[-9.22341,38.69472],[-9.2231,38.69503],[-9.22278,38.69535],[-9.22246,38.69503],[-9.22246,38.6944],[-9.22246,38.69377],[-9.22278,38.69345],[-9.2231,38.69314],[-9.2231,38.69251],[-9.2231,38.69188],[-9.22341,38.69188]]],[[[-9.21931,38.69314],[-9.21963,38.69345],[-9.22026,38.69345],[-9.22057,38.69377],[-9.22057,38.6944],[-9.22026,38.69472],[-9.21994,38.6944],[-9.21963,38.69408],[-9.219,38.69408],[-9.21868,38.69377],[-9.21868,38.69314],[-9.21868,38.69282],[-9.219,38.69314],[-9.21931,38.69314]]],[[[-9.21963,38.69724],[-9.21931,38.69692],[-9.21963,38.69661],[-9.21994,38.69692],[-9.21963,38.69724]]],[[[-9.22057,38.69755],[-9.22026,38.69787],[-9.21994,38.69755],[-9.22026,38.69724],[-9.22057,38.69755]]],[[[-9.21773,38.69724],[-9.21805,38.69755],[-9.21837,38.69787],[-9.219,38.69787],[-9.21963,38.69787],[-9.21994,38.69818],[-9.21963,38.6985],[-9.219,38.6985],[-9.21837,38.6985],[-9.21773,38.6985],[-9.2171,38.6985],[-9.21679,38.69818],[-9.2171,38.69787],[-9.21742,38.69755],[-9.21773,38.69724]]],[[[-9.22562,38.69945],[-9.2253,38.69913],[-9.22467,38.69913],[-9.22436,38.69945],[-9.22404,38.69976],[-9.22341,38.69976],[-9.2231,38.69945],[-9.22341,38.69913],[-9.22373,38.69882],[-9.22373,38.69818],[-9.22341,38.69787],[-9.22278,38.69787],[-9.22215,38.69787],[-9.22152,38.69787],[-9.2212,38.69755],[-9.22152,38.69724],[-9.22215,38.69724],[-9.22246,38.69692],[-9.22215,38.69661],[-9.22152,38.69661],[-9.2212,38.69629],[-9.2212,38.69566],[-9.22152,38.69535],[-9.22215,38.69535],[-9.22246,38.69566],[-9.22278,38.69598],[-9.2231,38.69566],[-9.22341,38.69535],[-9.22373,38.69503],[-9.22404,38.69472],[-9.22436,38.69503],[-9.22467,38.69535],[-9.2253,38.69535],[-9.22562,38.69503],[-9.22562,38.69472],[-9.22593,38.69503],[-9.22656,38.69503],[-9.2272,38.69566],[-9.22783,38.69566],[-9.22846,38.69503],[-9.22909,38.6944],[-9.2294,38.6944],[-9.2294,38.69503],[-9.2294,38.69566],[-9.22956,38.69582],[-9.22874,38.69727],[-9.22865,38.69736],[-9.22724,38.69681],[-9.22641,38.69758],[-9.22677,38.69776],[-9.22719,38.69818],[-9.22716,38.69827],[-9.22735,38.6984],[-9.22746,38.69866],[-9.22713,38.69902],[-9.22699,38.69937],[-9.22643,38.70228],[-9.22593,38.70228],[-9.22562,38.70197],[-9.22593,38.70165],[-9.22625,38.70134],[-9.22625,38.70071],[-9.22625,38.70008],[-9.22593,38.69976],[-9.22562,38.69945]]],[[[-9.2149,38.69818],[-9.21521,38.69787],[-9.21553,38.69818],[-9.21553,38.69882],[-9.21521,38.69913],[-9.2149,38.69882],[-9.2149,38.69818]]],[[[-9.22278,38.69913],[-9.22246,38.69882],[-9.22278,38.6985],[-9.2231,38.69882],[-9.22278,38.69913]]],[[[-9.2253,38.70102],[-9.22467,38.70102],[-9.22436,38.70071],[-9.22436,38.70008],[-9.22467,38.69976],[-9.2253,38.69976],[-9.22562,38.70008],[-9.22562,38.70071],[-9.2253,38.70102]]],[[[-9.22152,38.70039],[-9.2212,38.70071],[-9.22089,38.70102],[-9.22057,38.70071],[-9.22057,38.70008],[-9.22089,38.69976],[-9.22152,38.69976],[-9.22215,38.69976],[-9.22246,38.70008],[-9.22215,38.70039],[-9.22152,38.70039]]],[[[-9.21994,38.70197],[-9.21963,38.70228],[-9.21931,38.70197],[-9.21963,38.70165],[-9.21994,38.70197]]],[[[-9.2212,38.70386],[-9.22152,38.70355],[-9.22215,38.70355],[-9.22246,38.70386],[-9.22215,38.70418],[-9.22152,38.70418],[-9.2212,38.70386]]],[[[-9.22026,38.70481],[-9.21994,38.70449],[-9.22026,38.70418],[-9.22057,38.70449],[-9.22026,38.70481]]],[[[-9.21395,38.70481],[-9.21363,38.70449],[-9.21395,38.70418],[-9.21427,38.70449],[-9.21395,38.70481]]],[[[-9.21458,38.70544],[-9.21427,38.70512],[-9.21458,38.70481],[-9.2149,38.70512],[-9.21458,38.70544]]],[[[-9.21395,38.70607],[-9.21363,38.70575],[-9.21395,38.70544],[-9.21427,38.70575],[-9.21395,38.70607]]],[[[-9.2149,38.70638],[-9.21521,38.70607],[-9.21553,38.70638],[-9.21553,38.70701],[-9.21521,38.70733],[-9.2149,38.70701],[-9.2149,38.70638]]],[[[-9.21805,38.70765],[-9.21773,38.70796],[-9.21742,38.70765],[-9.21773,38.70733],[-9.21805,38.70765]]],[[[-9.21994,38.71143],[-9.21963,38.71111],[-9.21931,38.7108],[-9.21963,38.71048],[-9.22026,38.71048],[-9.22089,38.71048],[-9.2212,38.71017],[-9.22089,38.70985],[-9.22057,38.70954],[-9.22057,38.70891],[-9.22057,38.70828],[-9.22026,38.70796],[-9.21994,38.70765],[-9.22026,38.70733],[-9.22057,38.70701],[-9.22057,38.70638],[-9.22089,38.70607],[-9.2212,38.70638],[-9.22152,38.7067],[-9.22215,38.7067],[-9.22221,38.70664],[-9.22215,38.70676],[-9.2222,38.70708],[-9.22308,38.70868],[-9.22333,38.71008],[-9.22325,38.71074],[-9.22315,38.71111],[-9.22278,38.71111],[-9.22246,38.71143],[-9.22246,38.71206],[-9.22246,38.71269],[-9.22271,38.71293],[-9.22262,38.71329],[-9.22246,38.71364],[-9.22215,38.71364],[-9.22152,38.71364],[-9.2212,38.71332],[-9.2212,38.71269],[-9.22089,38.71238],[-9.22057,38.71206],[-9.22026,38.71175],[-9.21994,38.71143]],[[-9.22246,38.70891],[-9.22246,38.70828],[-9.22215,38.70796],[-9.22152,38.70796],[-9.2212,38.70828],[-9.2212,38.70891],[-9.22152,38.70922],[-9.22215,38.70922],[-9.22246,38.70891]]],[[[-9.22246,38.70638],[-9.22215,38.70607],[-9.22152,38.70607],[-9.2212,38.70575],[-9.2212,38.70512],[-9.22152,38.70481],[-9.22215,38.70481],[-9.22246,38.70449],[-9.22278,38.70418],[-9.2231,38.70386],[-9.22341,38.70355],[-9.22373,38.70386],[-9.22404,38.70418],[-9.22436,38.70386],[-9.22467,38.70355],[-9.2253,38.70355],[-9.22562,38.70323],[-9.22593,38.70292],[-9.22631,38.70292],[-9.22607,38.70419],[-9.22569,38.70461],[-9.22391,38.70569],[-9.22246,38.7064],[-9.22239,38.70646],[-9.22246,38.70638]]],[[[-9.21521,38.70796],[-9.21553,38.70828],[-9.21521,38.70859],[-9.21458,38.70859],[-9.21427,38.70891],[-9.21427,38.70954],[-9.21395,38.70985],[-9.21363,38.70954],[-9.21363,38.70891],[-9.21363,38.70828],[-9.21395,38.70796],[-9.21427,38.70765],[-9.21458,38.70733],[-9.2149,38.70765],[-9.21521,38.70796]]],[[[-9.21963,38.70985],[-9.21931,38.70954],[-9.21963,38.70922],[-9.21994,38.70954],[-9.21963,38.70985]]],[[[-9.21521,38.71111],[-9.2149,38.7108],[-9.21521,38.71048],[-9.21553,38.7108],[-9.21521,38.71111]]],[[[-9.21427,38.7108],[-9.21427,38.71143],[-9.21395,38.71175],[-9.21332,38.71175],[-9.21269,38.71175],[-9.21237,38.71143],[-9.21269,38.71111],[-9.21332,38.71111],[-9.21363,38.7108],[-9.21395,38.71048],[-9.21427,38.7108]]],[[[-9.21553,38.71143],[-9.21584,38.71111],[-9.21647,38.71111],[-9.21679,38.71143],[-9.21647,38.71175],[-9.21584,38.71175],[-9.21553,38.71143]]],[[[-9.21048,38.71143],[-9.21017,38.71111],[-9.20953,38.71111],[-9.20922,38.7108],[-9.20953,38.71048],[-9.21017,38.71048],[-9.21048,38.71017],[-9.2108,38.70985],[-9.21143,38.70985],[-9.21206,38.70985],[-9.21237,38.71017],[-9.21237,38.7108],[-9.21206,38.71111],[-9.21174,38.71143],[-9.21174,38.71206],[-9.21206,38.71238],[-9.21237,38.71269],[-9.21206,38.71301],[-9.21174,38.71332],[-9.21143,38.71364],[-9.21111,38.71332],[-9.2108,38.71301],[-9.21048,38.71269],[-9.2108,38.71238],[-9.21111,38.71206],[-9.2108,38.71175],[-9.21048,38.71143]]],[[[-9.2149,38.71269],[-9.21521,38.71238],[-9.21553,38.71269],[-9.21553,38.71332],[-9.21521,38.71364],[-9.2149,38.71332],[-9.2149,38.71269]]],[[[-9.21269,38.71364],[-9.21332,38.71364],[-9.21363,38.71332],[-9.21363,38.71269],[-9.21395,38.71238],[-9.21427,38.71269],[-9.21427,38.71332],[-9.21427,38.71395],[-9.21395,38.71427],[-9.21363,38.71458],[-9.21332,38.7149],[-9.21269,38.7149],[-9.21206,38.7149],[-9.21143,38.7149],[-9.21111,38.71458],[-9.21143,38.71427],[-9.21206,38.71427],[-9.21237,38.71395],[-9.21269,38.71364]]],[[[-9.22089,38.71427],[-9.22057,38.71395],[-9.22089,38.71364],[-9.2212,38.71395],[-9.22089,38.71427]]],[[[-9.21805,38.71458],[-9.21837,38.71427],[-9.219,38.71427],[-9.21931,38.71458],[-9.219,38.7149],[-9.21837,38.7149],[-9.21805,38.71458]]],[[[-9.22026,38.71553],[-9.21994,38.71521],[-9.22026,38.7149],[-9.22057,38.71521],[-9.22026,38.71553]]],[[[-9.2089,38.71616],[-9.20859,38.71584],[-9.2089,38.71553],[-9.20922,38.71584],[-9.2089,38.71616]]],[[[-9.20953,38.71679],[-9.20922,38.71648],[-9.20953,38.71616],[-9.21017,38.71616],[-9.21048,38.71584],[-9.2108,38.71553],[-9.21143,38.71553],[-9.21174,38.71584],[-9.21206,38.71616],[-9.21269,38.71616],[-9.21332,38.71616],[-9.21363,38.71584],[-9.21363,38.71521],[-9.21395,38.7149],[-9.21427,38.71521],[-9.21458,38.71553],[-9.21521,38.71553],[-9.21553,38.71584],[-9.21521,38.71616],[-9.2149,38.71648],[-9.21458,38.71679],[-9.21395,38.71679],[-9.21363,38.71711],[-9.21363,38.71774],[-9.21332,38.71805],[-9.21269,38.71805],[-9.21237,38.71837],[-9.21206,38.71868],[-9.21174,38.71837],[-9.21143,38.71805],[-9.21111,38.71774],[-9.2108,38.71742],[-9.21048,38.71711],[-9.21017,38.71679],[-9.20953,38.71679]]],[[[-9.20953,38.71742],[-9.21017,38.71742],[-9.21048,38.71774],[-9.21048,38.71837],[-9.21017,38.71868],[-9.20953,38.71868],[-9.2089,38.71868],[-9.20859,38.71837],[-9.20859,38.71774],[-9.20859,38.71711],[-9.2089,38.71679],[-9.20922,38.71711],[-9.20953,38.71742]]],[[[-9.21111,38.72089],[-9.21111,38.72026],[-9.21143,38.71994],[-9.21206,38.71994],[-9.21237,38.71963],[-9.21237,38.719],[-9.21269,38.71868],[-9.21332,38.71868],[-9.21395,38.71868],[-9.21427,38.71837],[-9.21458,38.71805],[-9.21521,38.71805],[-9.21584,38.71805],[-9.21616,38.71774],[-9.21584,38.71742],[-9.21521,38.71742],[-9.2149,38.71711],[-9.21521,38.71679],[-9.21584,38.71679],[-9.21616,38.71648],[-9.21647,38.71616],[-9.21679,38.71648],[-9.2171,38.71679],[-9.21773,38.71679],[-9.21805,38.71648],[-9.21837,38.71616],[-9.219,38.71616],[-9.21963,38.71616],[-9.21994,38.71648],[-9.21963,38.71679],[-9.21931,38.71711],[-9.219,38.71742],[-9.21837,38.71742],[-9.21805,38.71774],[-9.21773,38.71805],[-9.2171,38.71805],[-9.21679,38.71837],[-9.21647,38.71868],[-9.21616,38.719],[-9.21616,38.71963],[-9.21616,38.71975],[-9.21443,38.72076],[-9.21422,38.72084],[-9.21395,38.72058],[-9.21332,38.72058],[-9.21269,38.72058],[-9.21237,38.72089],[-9.21206,38.72121],[-9.21143,38.72121],[-9.21111,38.72089]]],[[[-9.21143,38.71931],[-9.21111,38.719],[-9.21143,38.71868],[-9.21174,38.719],[-9.21143,38.71931]]],[[[-9.21679,38.719],[-9.2171,38.71868],[-9.21742,38.719],[-9.21742,38.71901],[-9.21679,38.71938],[-9.21679,38.719]]],[[[-9.21017,38.72058],[-9.20953,38.72058],[-9.20922,38.72026],[-9.20922,38.71963],[-9.20953,38.71931],[-9.21017,38.71931],[-9.21048,38.71963],[-9.21048,38.72026],[-9.21017,38.72058]]],[[[-9.2089,38.72121],[-9.20953,38.72121],[-9.21017,38.72121],[-9.2108,38.72121],[-9.21111,38.72152],[-9.2108,38.72184],[-9.21048,38.72215],[-9.21048,38.72244],[-9.20859,38.72361],[-9.20859,38.72341],[-9.2089,38.7231],[-9.20922,38.72278],[-9.2089,38.72247],[-9.20859,38.72215],[-9.20859,38.72152],[-9.2089,38.72121]]],[[[-9.20859,38.72278],[-9.20827,38.7231],[-9.20796,38.72278],[-9.20827,38.72247],[-9.20859,38.72278]]],[[[-9.20859,38.72783],[-9.2089,38.72751],[-9.20906,38.72751],[-9.20927,38.72814],[-9.2089,38.72814],[-9.20859,38.72783]]],[[[-9.2089,38.7313],[-9.20859,38.73098],[-9.2089,38.73067],[-9.20922,38.73098],[-9.2089,38.7313]]],[[[-9.20859,38.74864],[-9.20859,38.74801],[-9.2089,38.7477],[-9.20922,38.74801],[-9.20922,38.74864],[-9.20953,38.74896],[-9.20985,38.74864],[-9.20985,38.74845],[-9.21142,38.75048],[-9.21027,38.75105],[-9.20922,38.75257],[-9.20922,38.75243],[-9.20922,38.7518],[-9.20922,38.75117],[-9.20922,38.75054],[-9.20922,38.7499],[-9.2089,38.74959],[-9.20859,38.74927],[-9.20859,38.74864]]],[[[-9.21048,38.70828],[-9.21048,38.70765],[-9.21048,38.70701],[-9.21017,38.7067],[-9.20953,38.7067],[-9.20922,38.70701],[-9.20922,38.70765],[-9.2089,38.70796],[-9.20827,38.70796],[-9.20764,38.70796],[-9.20701,38.70796],[-9.20638,38.70796],[-9.20575,38.70796],[-9.20544,38.70765],[-9.20512,38.70733],[-9.2048,38.70765],[-9.20512,38.70796],[-9.20544,38.70828],[-9.20544,38.70891],[-9.20512,38.70922],[-9.2048,38.70891],[-9.20449,38.70859],[-9.20386,38.70859],[-9.20354,38.70828],[-9.20323,38.70796],[-9.20291,38.70765],[-9.20291,38.70701],[-9.20323,38.7067],[-9.20354,38.70638],[-9.20323,38.70607],[-9.20291,38.70575],[-9.2026,38.70544],[-9.20197,38.70544],[-9.20134,38.70544],[-9.20102,38.70575],[-9.2007,38.70607],[-9.20039,38.70575],[-9.20039,38.70512],[-9.2007,38.70481],[-9.20134,38.70481],[-9.20197,38.70481],[-9.20228,38.70449],[-9.20197,38.70418],[-9.20134,38.70418],[-9.20102,38.70386],[-9.20134,38.70355],[-9.20197,38.70355],[-9.2026,38.70355],[-9.20291,38.70323],[-9.20323,38.70292],[-9.20386,38.70292],[-9.20449,38.70292],[-9.2048,38.7026],[-9.20512,38.70228],[-9.20544,38.70197],[-9.20544,38.70134],[-9.20575,38.70102],[-9.20607,38.70071],[-9.20607,38.70008],[-9.20638,38.69976],[-9.2067,38.70008],[-9.20701,38.70039],[-9.20764,38.70039],[-9.20796,38.70008],[-9.20764,38.69976],[-9.20701,38.69976],[-9.2067,38.69945],[-9.20638,38.69913],[-9.20607,38.69945],[-9.20575,38.69976],[-9.20544,38.70008],[-9.20544,38.70071],[-9.20512,38.70102],[-9.2048,38.70134],[-9.2048,38.70197],[-9.20449,38.70228],[-9.20386,38.70228],[-9.20323,38.70228],[-9.20291,38.7026],[-9.2026,38.70292],[-9.20228,38.7026],[-9.20197,38.70228],[-9.20134,38.70228],[-9.20102,38.7026],[-9.20102,38.70323],[-9.2007,38.70355],[-9.20007,38.70355],[-9.19944,38.70355],[-9.19913,38.70323],[-9.19881,38.70292],[-9.19818,38.70292],[-9.19755,38.70292],[-9.19724,38.7026],[-9.19692,38.70228],[-9.1966,38.70197],[-9.19692,38.70165],[-9.19724,38.70134],[-9.19724,38.70071],[-9.19692,38.70039],[-9.1966,38.70071],[-9.1966,38.70134],[-9.19629,38.70165],[-9.19597,38.70134],[-9.19597,38.70071],[-9.19566,38.70039],[-9.19503,38.70039],[-9.1944,38.70039],[-9.19408,38.70008],[-9.19408,38.69945],[-9.19408,38.69882],[-9.1944,38.6985],[-9.19471,38.69818],[-9.1944,38.69787],[-9.19408,38.69755],[-9.1944,38.69724],[-9.19471,38.69692],[-9.19471,38.69629],[-9.1944,38.69598],[-9.19408,38.69629],[-9.19377,38.69661],[-9.19345,38.69629],[-9.19345,38.69566],[-9.19377,38.69566],[-9.1944,38.69503],[-9.19503,38.69503],[-9.19566,38.69503],[-9.19597,38.69503],[-9.19597,38.69566],[-9.19629,38.69598],[-9.19692,38.69598],[-9.19724,38.69566],[-9.19724,38.69503],[-9.19755,38.69503],[-9.19818,38.6944],[-9.19881,38.6944],[-9.19944,38.6944],[-9.20007,38.6944],[-9.2007,38.6944],[-9.20134,38.6944],[-9.20197,38.69377],[-9.2026,38.69377],[-9.20323,38.69377],[-9.20386,38.69377],[-9.20449,38.69377],[-9.20512,38.69314],[-9.20575,38.69314],[-9.20638,38.69314],[-9.20701,38.69314],[-9.20733,38.69314],[-9.20764,38.69345],[-9.20827,38.69345],[-9.20859,38.69314],[-9.20859,38.69251],[-9.2089,38.69251],[-9.20953,38.69251],[-9.21017,38.69251],[-9.2108,38.69251],[-9.21111,38.69251],[-9.21143,38.69282],[-9.21206,38.69282],[-9.21269,38.69282],[-9.21332,38.69282],[-9.21363,38.69314],[-9.21332,38.69345],[-9.21269,38.69345],[-9.21237,38.69377],[-9.21237,38.6944],[-9.21269,38.69472],[-9.21332,38.69472],[-9.21395,38.69472],[-9.21458,38.69472],[-9.21521,38.69472],[-9.21584,38.69472],[-9.21647,38.69472],[-9.2171,38.69472],[-9.21742,38.69503],[-9.2171,38.69535],[-9.21647,38.69535],[-9.21584,38.69535],[-9.21553,38.69566],[-9.21553,38.69629],[-9.21584,38.69661],[-9.21647,38.69661],[-9.21679,38.69692],[-9.21647,38.69724],[-9.21584,38.69724],[-9.21521,38.69724],[-9.2149,38.69755],[-9.21458,38.69787],[-9.21427,38.69755],[-9.21427,38.69692],[-9.21427,38.69629],[-9.21395,38.69598],[-9.21332,38.69598],[-9.21269,38.69598],[-9.21206,38.69598],[-9.21174,38.69629],[-9.21206,38.69661],[-9.21269,38.69661],[-9.21332,38.69661],[-9.21363,38.69692],[-9.21363,38.69755],[-9.21395,38.69787],[-9.21427,38.69818],[-9.21395,38.6985],[-9.21332,38.6985],[-9.21269,38.6985],[-9.21237,38.69882],[-9.21237,38.69945],[-9.21269,38.69976],[-9.21332,38.69976],[-9.21363,38.69945],[-9.21395,38.69913],[-9.21427,38.69945],[-9.21458,38.69976],[-9.21521,38.69976],[-9.21553,38.69945],[-9.21584,38.69913],[-9.21647,38.69913],[-9.2171,38.69913],[-9.21773,38.69913],[-9.21837,38.69913],[-9.219,38.69913],[-9.21931,38.69945],[-9.219,38.69976],[-9.21837,38.69976],[-9.21773,38.69976],[-9.2171,38.69976],[-9.21679,38.70008],[-9.2171,38.70039],[-9.21773,38.70039],[-9.21805,38.70071],[-9.21773,38.70102],[-9.2171,38.70102],[-9.21647,38.70102],[-9.21584,38.70102],[-9.21553,38.70134],[-9.21584,38.70165],[-9.21647,38.70165],[-9.2171,38.70165],[-9.21742,38.70197],[-9.21773,38.70228],[-9.21837,38.70228],[-9.219,38.70228],[-9.21931,38.7026],[-9.21931,38.70323],[-9.219,38.70355],[-9.21837,38.70355],[-9.21805,38.70323],[-9.21773,38.70292],[-9.2171,38.70292],[-9.21679,38.70323],[-9.21679,38.70386],[-9.21679,38.70449],[-9.21679,38.70512],[-9.21647,38.70544],[-9.21584,38.70544],[-9.21553,38.70512],[-9.21521,38.70481],[-9.2149,38.70449],[-9.21521,38.70418],[-9.21553,38.70386],[-9.21521,38.70355],[-9.21458,38.70355],[-9.21395,38.70355],[-9.21363,38.70323],[-9.21332,38.70292],[-9.21269,38.70292],[-9.21237,38.7026],[-9.21206,38.70228],[-9.21174,38.7026],[-9.21143,38.70292],[-9.2108,38.70292],[-9.21048,38.7026],[-9.2108,38.70228],[-9.21111,38.70197],[-9.21111,38.70134],[-9.21143,38.70102],[-9.21174,38.70071],[-9.21174,38.70008],[-9.21143,38.69976],[-9.2108,38.69976],[-9.21017,38.69976],[-9.20985,38.70008],[-9.21017,38.70039],[-9.2108,38.70039],[-9.21111,38.70071],[-9.2108,38.70102],[-9.21017,38.70102],[-9.20985,38.70134],[-9.20953,38.70165],[-9.2089,38.70165],[-9.20859,38.70134],[-9.20827,38.70102],[-9.20796,38.70134],[-9.20796,38.70197],[-9.20764,38.70228],[-9.20701,38.70228],[-9.20638,38.70228],[-9.20607,38.7026],[-9.20607,38.70323],[-9.20638,38.70355],[-9.2067,38.70386],[-9.20701,38.70418],[-9.20764,38.70418],[-9.20796,38.70449],[-9.20796,38.70512],[-9.20827,38.70544],[-9.20859,38.70512],[-9.20859,38.70449],[-9.2089,38.70418],[-9.20953,38.70418],[-9.21017,38.70418],[-9.21048,38.70386],[-9.2108,38.70355],[-9.21143,38.70355],[-9.21206,38.70355],[-9.21269,38.70355],[-9.21332,38.70355],[-9.21363,38.70386],[-9.21332,38.70418],[-9.21269,38.70418],[-9.21206,38.70418],[-9.21143,38.70418],[-9.21111,38.70449],[-9.21111,38.70512],[-9.21143,38.70544],[-9.21174,38.70575],[-9.21206,38.70607],[-9.21237,38.70638],[-9.21237,38.70701],[-9.21269,38.70733],[-9.21332,38.70733],[-9.21363,38.70765],[-9.21332,38.70796],[-9.21269,38.70796],[-9.21237,38.70828],[-9.21237,38.70891],[-9.21206,38.70922],[-9.21143,38.70922],[-9.2108,38.70922],[-9.21017,38.70922],[-9.20953,38.70922],[-9.20922,38.70891],[-9.20953,38.70859],[-9.21017,38.70859],[-9.21048,38.70828]],[[-9.21174,38.70828],[-9.21143,38.70796],[-9.21111,38.70828],[-9.21143,38.70859],[-9.21174,38.70828]],[[-9.2067,38.69692],[-9.20638,38.69661],[-9.20607,38.69692],[-9.20638,38.69724],[-9.2067,38.69692]],[[-9.20386,38.69913],[-9.20323,38.69913],[-9.20291,38.69945],[-9.20291,38.70008],[-9.20291,38.70071],[-9.2026,38.70102],[-9.20228,38.70134],[-9.2026,38.70165],[-9.20291,38.70134],[-9.20323,38.70102],[-9.20354,38.70071],[-9.20354,38.70008],[-9.20386,38.69976],[-9.20449,38.69976],[-9.2048,38.69945],[-9.20449,38.69913],[-9.20386,38.69913]],[[-9.20102,38.70134],[-9.2007,38.70102],[-9.20039,38.70134],[-9.2007,38.70165],[-9.20102,38.70134]],[[-9.20039,38.69818],[-9.20039,38.69755],[-9.2007,38.69724],[-9.20102,38.69692],[-9.2007,38.69661],[-9.20039,38.69692],[-9.20007,38.69724],[-9.19976,38.69755],[-9.19944,38.69787],[-9.19913,38.69818],[-9.19944,38.6985],[-9.19976,38.69882],[-9.19976,38.69945],[-9.20007,38.69976],[-9.20039,38.69945],[-9.2007,38.69913],[-9.20134,38.69913],[-9.20197,38.69913],[-9.20228,38.69882],[-9.20197,38.6985],[-9.20134,38.6985],[-9.2007,38.6985],[-9.20039,38.69818]],[[-9.19818,38.69661],[-9.19787,38.69692],[-9.19818,38.69724],[-9.19881,38.69724],[-9.19913,38.69692],[-9.19881,38.69661],[-9.19818,38.69661]],[[-9.21237,38.70134],[-9.21269,38.70165],[-9.21332,38.70165],[-9.21363,38.70197],[-9.21395,38.70228],[-9.21458,38.70228],[-9.2149,38.7026],[-9.21521,38.70292],[-9.21553,38.7026],[-9.21521,38.70228],[-9.2149,38.70197],[-9.2149,38.70134],[-9.21458,38.70102],[-9.21395,38.70102],[-9.21332,38.70102],[-9.21269,38.70102],[-9.21237,38.70134]],[[-9.21017,38.69724],[-9.20985,38.69755],[-9.21017,38.69787],[-9.2108,38.69787],[-9.21111,38.69755],[-9.2108,38.69724],[-9.21017,38.69724]]],[[[-9.20007,38.7067],[-9.19976,38.70638],[-9.20007,38.70607],[-9.20039,38.70638],[-9.20007,38.7067]]],[[[-9.2026,38.7067],[-9.20228,38.70638],[-9.2026,38.70607],[-9.20291,38.70638],[-9.2026,38.7067]]],[[[-9.19944,38.70733],[-9.19913,38.70701],[-9.19944,38.7067],[-9.19976,38.70701],[-9.19944,38.70733]]],[[[-9.2026,38.70859],[-9.20228,38.70828],[-9.2026,38.70796],[-9.20291,38.70828],[-9.2026,38.70859]]],[[[-9.19724,38.70828],[-9.19755,38.70859],[-9.19818,38.70859],[-9.19881,38.70859],[-9.19913,38.70828],[-9.19944,38.70796],[-9.19976,38.70828],[-9.19976,38.70891],[-9.19944,38.70922],[-9.19881,38.70922],[-9.19818,38.70922],[-9.19755,38.70922],[-9.19692,38.70922],[-9.1966,38.70891],[-9.1966,38.70828],[-9.19692,38.70796],[-9.19724,38.70828]]],[[[-9.20354,38.70891],[-9.20386,38.70922],[-9.20449,38.70922],[-9.2048,38.70954],[-9.20449,38.70985],[-9.20386,38.70985],[-9.20323,38.70985],[-9.2026,38.70985],[-9.20228,38.70954],[-9.2026,38.70922],[-9.20291,38.70891],[-9.20323,38.70859],[-9.20354,38.70891]]],[[[-9.20638,38.70985],[-9.20607,38.70954],[-9.20638,38.70922],[-9.2067,38.70954],[-9.20638,38.70985]]],[[[-9.20007,38.70985],[-9.19976,38.70954],[-9.20007,38.70922],[-9.20039,38.70954],[-9.20007,38.70985]]],[[[-9.20575,38.71048],[-9.20544,38.71017],[-9.20575,38.70985],[-9.20607,38.71017],[-9.20575,38.71048]]],[[[-9.1966,38.71017],[-9.19692,38.70985],[-9.19755,38.70985],[-9.19787,38.71017],[-9.19755,38.71048],[-9.19692,38.71048],[-9.1966,38.71017]]],[[[-9.20607,38.71711],[-9.20575,38.71742],[-9.20544,38.71711],[-9.20575,38.71679],[-9.20607,38.71711]]],[[[-9.2026,38.71805],[-9.20228,38.71774],[-9.2026,38.71742],[-9.20291,38.71774],[-9.2026,38.71805]]],[[[-9.20512,38.71805],[-9.20575,38.71805],[-9.20638,38.71805],[-9.20701,38.71805],[-9.20764,38.71805],[-9.20796,38.71837],[-9.20827,38.71868],[-9.20859,38.719],[-9.20827,38.71931],[-9.20764,38.71931],[-9.20701,38.71931],[-9.2067,38.71963],[-9.20638,38.71994],[-9.20607,38.71963],[-9.20607,38.719],[-9.20575,38.71868],[-9.20544,38.719],[-9.20512,38.71931],[-9.2048,38.719],[-9.2048,38.71837],[-9.20512,38.71805]]],[[[-9.20827,38.72058],[-9.20764,38.72058],[-9.20701,38.72058],[-9.2067,38.72026],[-9.20701,38.71994],[-9.20764,38.71994],[-9.20827,38.71994],[-9.20859,38.72026],[-9.20827,38.72058]]],[[[-9.20291,38.72026],[-9.20323,38.71994],[-9.20354,38.72026],[-9.20354,38.72089],[-9.20323,38.72121],[-9.20291,38.72089],[-9.20291,38.72026]]],[[[-9.20449,38.72247],[-9.20386,38.72247],[-9.20354,38.72215],[-9.20354,38.72152],[-9.20386,38.72121],[-9.20449,38.72121],[-9.2048,38.72152],[-9.2048,38.72215],[-9.20449,38.72247]]],[[[-9.20796,38.72215],[-9.20764,38.72247],[-9.20701,38.72247],[-9.2067,38.72278],[-9.20638,38.7231],[-9.20607,38.72278],[-9.20607,38.72215],[-9.20638,38.72184],[-9.2067,38.72152],[-9.20701,38.72121],[-9.20764,38.72121],[-9.20796,38.72152],[-9.20796,38.72215]]],[[[-9.20638,38.72373],[-9.2067,38.72341],[-9.20701,38.7231],[-9.20764,38.7231],[-9.20796,38.72341],[-9.20796,38.72404],[-9.20796,38.72416],[-9.20795,38.72416],[-9.20796,38.72417],[-9.20796,38.72468],[-9.20764,38.72499],[-9.20701,38.72499],[-9.20638,38.72499],[-9.20607,38.72468],[-9.20575,38.72436],[-9.20544,38.72404],[-9.20575,38.72373],[-9.20638,38.72373]]],[[[-9.19692,38.72499],[-9.1966,38.72468],[-9.19692,38.72436],[-9.19724,38.72468],[-9.19692,38.72499]]],[[[-9.20733,38.72594],[-9.20764,38.72562],[-9.20796,38.72594],[-9.20796,38.72657],[-9.20764,38.72688],[-9.20733,38.72657],[-9.20733,38.72594]]],[[[-9.20638,38.73319],[-9.20701,38.73319],[-9.20733,38.73287],[-9.20733,38.73224],[-9.20764,38.73193],[-9.20827,38.73193],[-9.20857,38.73222],[-9.20612,38.73608],[-9.20607,38.73603],[-9.20575,38.73571],[-9.20544,38.7354],[-9.20575,38.73508],[-9.20607,38.73477],[-9.20607,38.73414],[-9.20607,38.73351],[-9.20638,38.73319]]],[[[-9.20354,38.73918],[-9.20386,38.73887],[-9.20449,38.73887],[-9.2048,38.73918],[-9.20449,38.7395],[-9.20386,38.7395],[-9.20354,38.73918]]],[[[-9.20228,38.74044],[-9.2026,38.74013],[-9.20323,38.74013],[-9.20354,38.74044],[-9.20386,38.74076],[-9.20449,38.74076],[-9.20512,38.74076],[-9.20541,38.74076],[-9.20554,38.74202],[-9.20512,38.74202],[-9.20449,38.74202],[-9.20386,38.74202],[-9.20354,38.7417],[-9.20323,38.74139],[-9.20291,38.74107],[-9.2026,38.74076],[-9.20228,38.74044]]],[[[-9.19881,38.74139],[-9.1985,38.74107],[-9.19881,38.74076],[-9.19913,38.74107],[-9.19881,38.74139]]],[[[-9.19976,38.7417],[-9.19944,38.74202],[-9.19913,38.7417],[-9.19944,38.74139],[-9.19976,38.7417]]],[[[-9.20512,38.74454],[-9.2048,38.74423],[-9.20512,38.74391],[-9.20544,38.74423],[-9.20512,38.74454]]],[[[-9.19944,38.74454],[-9.19913,38.74423],[-9.19944,38.74391],[-9.19976,38.74423],[-9.19944,38.74454]]],[[[-9.20386,38.74707],[-9.20354,38.74675],[-9.20386,38.74644],[-9.20449,38.74644],[-9.20512,38.74644],[-9.20544,38.74612],[-9.20512,38.7458],[-9.20449,38.7458],[-9.20386,38.7458],[-9.20354,38.74549],[-9.20386,38.74517],[-9.20449,38.74517],[-9.20512,38.74517],[-9.20544,38.74486],[-9.20575,38.74454],[-9.20638,38.74454],[-9.20667,38.74426],[-9.20754,38.74545],[-9.20796,38.74599],[-9.20796,38.74612],[-9.20796,38.74675],[-9.20764,38.74707],[-9.20733,38.74738],[-9.20701,38.7477],[-9.20638,38.7477],[-9.20575,38.7477],[-9.20544,38.74801],[-9.20512,38.74833],[-9.20449,38.74833],[-9.20386,38.74833],[-9.20354,38.74801],[-9.20386,38.7477],[-9.20449,38.7477],[-9.2048,38.74738],[-9.20449,38.74707],[-9.20386,38.74707]],[[-9.20638,38.7458],[-9.20607,38.74612],[-9.20638,38.74644],[-9.20701,38.74644],[-9.20733,38.74612],[-9.20701,38.7458],[-9.20638,38.7458]]],[[[-9.20228,38.74612],[-9.2026,38.7458],[-9.20323,38.7458],[-9.20354,38.74612],[-9.20323,38.74644],[-9.2026,38.74644],[-9.20228,38.74612]]],[[[-9.20039,38.74864],[-9.2007,38.74833],[-9.20134,38.74833],[-9.20165,38.74864],[-9.20165,38.74927],[-9.20165,38.7499],[-9.20134,38.75022],[-9.2007,38.75022],[-9.20007,38.75022],[-9.19944,38.75022],[-9.19913,38.7499],[-9.19944,38.74959],[-9.19976,38.74927],[-9.20007,38.74896],[-9.20039,38.74864]]],[[[-9.19881,38.74959],[-9.1985,38.74927],[-9.19881,38.74896],[-9.19913,38.74927],[-9.19881,38.74959]]],[[[-9.20796,38.74927],[-9.20764,38.74959],[-9.20733,38.74927],[-9.20764,38.74896],[-9.20796,38.74927]]],[[[-9.20197,38.75085],[-9.20165,38.75054],[-9.20197,38.75022],[-9.20228,38.75054],[-9.20197,38.75085]]],[[[-9.20607,38.75054],[-9.20638,38.75022],[-9.20701,38.75022],[-9.20733,38.75054],[-9.20701,38.75085],[-9.20638,38.75085],[-9.20607,38.75054]]],[[[-9.19597,38.75117],[-9.19629,38.75085],[-9.19692,38.75085],[-9.19724,38.75117],[-9.19692,38.75148],[-9.19629,38.75148],[-9.19597,38.75117]]],[[[-9.20386,38.75211],[-9.20323,38.75211],[-9.20291,38.7518],[-9.20291,38.75117],[-9.20323,38.75085],[-9.20386,38.75085],[-9.20417,38.75117],[-9.20417,38.7518],[-9.20386,38.75211]]],[[[-9.20575,38.75274],[-9.20544,38.75243],[-9.20575,38.75211],[-9.20607,38.75243],[-9.20575,38.75274]]],[[[-9.19913,38.75432],[-9.19881,38.754],[-9.19818,38.754],[-9.19755,38.754],[-9.19692,38.754],[-9.1966,38.75432],[-9.19629,38.75463],[-9.19597,38.75432],[-9.19597,38.75369],[-9.19597,38.75306],[-9.19597,38.75243],[-9.19629,38.75211],[-9.19692,38.75211],[-9.19724,38.7518],[-9.19755,38.75148],[-9.19818,38.75148],[-9.1985,38.75117],[-9.19818,38.75085],[-9.19755,38.75085],[-9.19724,38.75054],[-9.19724,38.7499],[-9.19755,38.74959],[-9.19818,38.74959],[-9.1985,38.7499],[-9.19881,38.75022],[-9.19913,38.75054],[-9.19913,38.75117],[-9.19913,38.7518],[-9.19944,38.75211],[-9.19976,38.75243],[-9.19944,38.75274],[-9.19913,38.75306],[-9.19944,38.75337],[-9.19976,38.75369],[-9.19976,38.75432],[-9.19976,38.75495],[-9.19944,38.75527],[-9.19913,38.75558],[-9.19881,38.7559],[-9.1985,38.75558],[-9.19818,38.75527],[-9.19755,38.75527],[-9.19724,38.75495],[-9.19755,38.75463],[-9.19818,38.75463],[-9.19881,38.75463],[-9.19913,38.75432]]],[[[-9.2026,38.75211],[-9.20291,38.75243],[-9.20323,38.75274],[-9.20386,38.75274],[-9.20417,38.75306],[-9.20449,38.75337],[-9.20512,38.75337],[-9.20544,38.75369],[-9.20512,38.754],[-9.20449,38.754],[-9.20417,38.75432],[-9.20386,38.75463],[-9.20323,38.75463],[-9.20291,38.75495],[-9.20291,38.75558],[-9.2026,38.7559],[-9.20228,38.75558],[-9.20228,38.75495],[-9.20228,38.75432],[-9.20228,38.75369],[-9.20228,38.75306],[-9.20228,38.75243],[-9.2026,38.75211]]],[[[-9.20039,38.75432],[-9.2007,38.754],[-9.20134,38.754],[-9.20165,38.75432],[-9.20134,38.75463],[-9.2007,38.75463],[-9.20039,38.75432]]],[[[-9.20544,38.75432],[-9.20575,38.754],[-9.20607,38.75432],[-9.20607,38.75495],[-9.20575,38.75527],[-9.20544,38.75495],[-9.20544,38.75432]]],[[[-9.19944,38.75653],[-9.19976,38.75621],[-9.20007,38.7559],[-9.2007,38.7559],[-9.20102,38.75558],[-9.20134,38.75527],[-9.20165,38.75558],[-9.20197,38.7559],[-9.20228,38.75621],[-9.20228,38.75684],[-9.20197,38.75716],[-9.20165,38.75747],[-9.20134,38.75779],[-9.2007,38.75779],[-9.20039,38.75747],[-9.20007,38.75716],[-9.19944,38.75716],[-9.19881,38.75716],[-9.1985,38.75684],[-9.19881,38.75653],[-9.19944,38.75653]]],[[[-9.20386,38.7559],[-9.20417,38.75558],[-9.20449,38.75527],[-9.2048,38.75558],[-9.20512,38.7559],[-9.20544,38.75621],[-9.20512,38.75653],[-9.20449,38.75653],[-9.20417,38.75684],[-9.20417,38.75703],[-9.20397,38.75702],[-9.20286,38.75771],[-9.20228,38.75791],[-9.20228,38.75747],[-9.2026,38.75716],[-9.20291,38.75684],[-9.20291,38.75621],[-9.20323,38.7559],[-9.20386,38.7559]]],[[[-9.19976,38.75873],[-9.19976,38.7581],[-9.20007,38.75779],[-9.20039,38.7581],[-9.20039,38.75854],[-9.20015,38.75862],[-9.1999,38.7588],[-9.19976,38.75882],[-9.19976,38.75873]]],[[[-9.19976,38.76189],[-9.19976,38.76158],[-9.2007,38.76197],[-9.20061,38.7622],[-9.20007,38.7622],[-9.19976,38.76189]]],[[[-9.19124,38.69661],[-9.19061,38.69661],[-9.1903,38.69629],[-9.19061,38.69629],[-9.19124,38.69566],[-9.19156,38.69566],[-9.19156,38.69629],[-9.19124,38.69661]]],[[[-9.19314,38.69724],[-9.19251,38.69724],[-9.19187,38.69724],[-9.19156,38.69692],[-9.19187,38.69661],[-9.19251,38.69661],[-9.19314,38.69661],[-9.19345,38.69692],[-9.19314,38.69724]]],[[[-9.19124,38.69787],[-9.19093,38.69755],[-9.19124,38.69724],[-9.19156,38.69755],[-9.19124,38.69787]]],[[[-9.18494,38.70355],[-9.18462,38.70323],[-9.18494,38.70292],[-9.18525,38.70323],[-9.18494,38.70355]]],[[[-9.18241,38.70418],[-9.1821,38.70386],[-9.18241,38.70355],[-9.18273,38.70386],[-9.18241,38.70418]]],[[[-9.17989,38.70607],[-9.17958,38.70575],[-9.17989,38.70544],[-9.18021,38.70575],[-9.17989,38.70607]]],[[[-9.17705,38.71521],[-9.17737,38.7149],[-9.178,38.7149],[-9.17831,38.71521],[-9.178,38.71553],[-9.17737,38.71553],[-9.17705,38.71521]]],[[[-9.17894,38.71584],[-9.17863,38.71616],[-9.17831,38.71584],[-9.17863,38.71553],[-9.17894,38.71584]]],[[[-9.17926,38.71742],[-9.17894,38.71711],[-9.17926,38.71679],[-9.17958,38.71711],[-9.17926,38.71742]]],[[[-9.1657,38.71774],[-9.16601,38.71742],[-9.16665,38.71742],[-9.16696,38.71774],[-9.16665,38.71805],[-9.16601,38.71805],[-9.1657,38.71774]]],[[[-9.16412,38.71931],[-9.16381,38.719],[-9.16412,38.71868],[-9.16444,38.719],[-9.16412,38.71931]]],[[[-9.16538,38.71931],[-9.16507,38.719],[-9.16538,38.71868],[-9.1657,38.719],[-9.16538,38.71931]]],[[[-9.1698,38.71931],[-9.17011,38.71963],[-9.1698,38.71994],[-9.16917,38.71994],[-9.16854,38.71994],[-9.16791,38.71994],[-9.16759,38.71963],[-9.16791,38.71931],[-9.16854,38.71931],[-9.16917,38.71931],[-9.1698,38.71931]]],[[[-9.16665,38.72058],[-9.16601,38.72058],[-9.1657,38.72026],[-9.1657,38.71963],[-9.16601,38.71931],[-9.16665,38.71931],[-9.16696,38.71963],[-9.16696,38.72026],[-9.16665,38.72058]]],[[[-9.19156,38.72404],[-9.19187,38.72373],[-9.19251,38.72373],[-9.19282,38.72404],[-9.19251,38.72436],[-9.19187,38.72436],[-9.19156,38.72404]]],[[[-9.18021,38.72468],[-9.18052,38.72436],[-9.18115,38.72436],[-9.18147,38.72468],[-9.18115,38.72499],[-9.18052,38.72499],[-9.18021,38.72468]]],[[[-9.17926,38.72499],[-9.17894,38.72468],[-9.17926,38.72436],[-9.17958,38.72468],[-9.17926,38.72499]]],[[[-9.17548,38.72688],[-9.17484,38.72688],[-9.17453,38.72657],[-9.17453,38.72594],[-9.17484,38.72562],[-9.17548,38.72562],[-9.17579,38.72594],[-9.17579,38.72657],[-9.17548,38.72688]]],[[[-9.17548,38.72814],[-9.17611,38.72814],[-9.17642,38.72846],[-9.17642,38.72909],[-9.17611,38.72941],[-9.17548,38.72941],[-9.17484,38.72941],[-9.17421,38.72941],[-9.1739,38.72909],[-9.17421,38.72877],[-9.17453,38.72846],[-9.17484,38.72814],[-9.17548,38.72814]]],[[[-9.17674,38.73067],[-9.17642,38.73035],[-9.17674,38.73004],[-9.17705,38.73035],[-9.17674,38.73067]]],[[[-9.17421,38.7313],[-9.1739,38.73098],[-9.17421,38.73067],[-9.17453,38.73098],[-9.17421,38.7313]]],[[[-9.17453,38.73161],[-9.17484,38.7313],[-9.17548,38.7313],[-9.17579,38.73161],[-9.17548,38.73193],[-9.17484,38.73193],[-9.17453,38.73161]]],[[[-9.17894,38.73161],[-9.17863,38.73193],[-9.17831,38.73161],[-9.17863,38.7313],[-9.17894,38.73161]]],[[[-9.16507,38.73287],[-9.16507,38.73351],[-9.16475,38.73382],[-9.16444,38.73351],[-9.16444,38.73287],[-9.16444,38.73224],[-9.16475,38.73193],[-9.16538,38.73193],[-9.1657,38.73224],[-9.16538,38.73256],[-9.16507,38.73287]]],[[[-9.16822,38.73414],[-9.16854,38.73382],[-9.16917,38.73382],[-9.16948,38.73414],[-9.16917,38.73445],[-9.16854,38.73445],[-9.16822,38.73414]]],[[[-9.17295,38.73571],[-9.17264,38.7354],[-9.17295,38.73508],[-9.17327,38.7354],[-9.17295,38.73571]]],[[[-9.18178,38.73697],[-9.18147,38.73666],[-9.18178,38.73634],[-9.1821,38.73666],[-9.18178,38.73697]]],[[[-9.17989,38.73761],[-9.17958,38.73729],[-9.17989,38.73697],[-9.18021,38.73729],[-9.17989,38.73761]]],[[[-9.18431,38.74202],[-9.18399,38.7417],[-9.18431,38.74139],[-9.18462,38.7417],[-9.18431,38.74202]]],[[[-9.18525,38.74234],[-9.18494,38.74265],[-9.18462,38.74234],[-9.18494,38.74202],[-9.18525,38.74234]]],[[[-9.18872,38.74265],[-9.18841,38.74234],[-9.18872,38.74202],[-9.18904,38.74234],[-9.18872,38.74265]]],[[[-9.19566,38.74391],[-9.19503,38.74391],[-9.19471,38.7436],[-9.19471,38.74297],[-9.19503,38.74265],[-9.19566,38.74265],[-9.19597,38.74297],[-9.19597,38.7436],[-9.19566,38.74391]]],[[[-9.19629,38.7477],[-9.19597,38.74738],[-9.19629,38.74707],[-9.1966,38.74738],[-9.19629,38.7477]]],[[[-9.19377,38.74833],[-9.19345,38.74801],[-9.19377,38.7477],[-9.19408,38.74801],[-9.19377,38.74833]]],[[[-9.19629,38.74896],[-9.19566,38.74896],[-9.19503,38.74896],[-9.19471,38.74864],[-9.19503,38.74833],[-9.19566,38.74833],[-9.19629,38.74833],[-9.1966,38.74864],[-9.19629,38.74896]]],[[[-9.19282,38.74927],[-9.19314,38.74896],[-9.19377,38.74896],[-9.19408,38.74927],[-9.19377,38.74959],[-9.19314,38.74959],[-9.19282,38.74927]]],[[[-9.17705,38.7518],[-9.17674,38.75211],[-9.17642,38.7518],[-9.17674,38.75148],[-9.17705,38.7518]]],[[[-9.18841,38.75432],[-9.18872,38.754],[-9.18935,38.754],[-9.18967,38.75432],[-9.18935,38.75463],[-9.18872,38.75463],[-9.18841,38.75432]]],[[[-9.1944,38.75527],[-9.19408,38.75495],[-9.1944,38.75463],[-9.19471,38.75495],[-9.1944,38.75527]]],[[[-9.18809,38.75779],[-9.18777,38.75747],[-9.18809,38.75716],[-9.18841,38.75747],[-9.18809,38.75779]]],[[[-9.17705,38.75937],[-9.17737,38.75905],[-9.178,38.75905],[-9.17831,38.75937],[-9.178,38.75968],[-9.17737,38.75968],[-9.17705,38.75937]]],[[[-9.19566,38.76031],[-9.19534,38.76063],[-9.19534,38.76126],[-9.19503,38.76157],[-9.1944,38.76157],[-9.19408,38.76126],[-9.19377,38.76094],[-9.19345,38.76063],[-9.19377,38.76031],[-9.19408,38.76],[-9.19377,38.75968],[-9.19345,38.75937],[-9.19345,38.75873],[-9.19377,38.75842],[-9.19408,38.7581],[-9.19408,38.75747],[-9.1944,38.75716],[-9.19471,38.75747],[-9.19503,38.75779],[-9.19566,38.75779],[-9.19597,38.75747],[-9.19629,38.75716],[-9.19692,38.75716],[-9.19755,38.75716],[-9.19818,38.75716],[-9.1985,38.75747],[-9.19818,38.75779],[-9.19755,38.75779],[-9.19724,38.7581],[-9.19724,38.75873],[-9.19755,38.75905],[-9.19787,38.75937],[-9.19799,38.75949],[-9.19784,38.76059],[-9.19812,38.76054],[-9.19818,38.76096],[-9.1989,38.76155],[-9.19913,38.76151],[-9.19913,38.76189],[-9.19881,38.7622],[-9.19818,38.7622],[-9.19755,38.7622],[-9.19724,38.76189],[-9.19692,38.76157],[-9.19629,38.76157],[-9.19597,38.76126],[-9.19597,38.76063],[-9.19566,38.76031]],[[-9.19503,38.75842],[-9.19471,38.75873],[-9.19503,38.75905],[-9.19566,38.75905],[-9.19597,38.75873],[-9.19566,38.75842],[-9.19503,38.75842]]],[[[-9.19566,38.7622],[-9.19534,38.76189],[-9.19566,38.76157],[-9.19597,38.76189],[-9.19566,38.7622]]],[[[-9.18147,38.76189],[-9.18115,38.7622],[-9.18084,38.76189],[-9.18115,38.76157],[-9.18147,38.76189]]],[[[-9.17926,38.76346],[-9.17894,38.76315],[-9.17926,38.76283],[-9.17958,38.76315],[-9.17926,38.76346]]],[[[-9.16223,38.77986],[-9.16255,38.77955],[-9.16255,38.77892],[-9.16286,38.7786],[-9.16349,38.7786],[-9.16381,38.77892],[-9.16412,38.77923],[-9.16444,38.77955],[-9.16475,38.77986],[-9.16507,38.78018],[-9.16507,38.78081],[-9.16475,38.78113],[-9.16444,38.78081],[-9.16412,38.78049],[-9.16381,38.78081],[-9.16381,38.78144],[-9.16349,38.78176],[-9.16286,38.78176],[-9.16255,38.78144],[-9.16255,38.78081],[-9.16223,38.78049],[-9.1616,38.78049],[-9.16128,38.78018],[-9.1616,38.77986],[-9.16223,38.77986]]],[[[-9.1452,38.71048],[-9.14489,38.71017],[-9.1452,38.70985],[-9.14552,38.71017],[-9.1452,38.71048]]],[[[-9.14205,38.71111],[-9.14173,38.71143],[-9.14142,38.71175],[-9.14079,38.71175],[-9.14047,38.71143],[-9.14079,38.71111],[-9.1411,38.7108],[-9.14142,38.71048],[-9.14205,38.71048],[-9.14236,38.7108],[-9.14205,38.71111]]],[[[-9.14394,38.71048],[-9.14457,38.71048],[-9.14489,38.7108],[-9.14489,38.71143],[-9.14457,38.71175],[-9.14394,38.71175],[-9.14331,38.71175],[-9.14268,38.71175],[-9.14236,38.71143],[-9.14268,38.71111],[-9.14331,38.71111],[-9.14362,38.7108],[-9.14394,38.71048]]],[[[-9.14552,38.71206],[-9.14583,38.71175],[-9.14646,38.71175],[-9.14678,38.71206],[-9.14646,38.71238],[-9.14583,38.71238],[-9.14552,38.71206]]],[[[-9.14236,38.71269],[-9.14205,38.71301],[-9.14173,38.71269],[-9.14205,38.71238],[-9.14236,38.71269]]],[[[-9.1452,38.71364],[-9.14489,38.71332],[-9.1452,38.71301],[-9.14552,38.71332],[-9.1452,38.71364]]],[[[-9.16223,38.71868],[-9.16191,38.71837],[-9.1616,38.71805],[-9.16128,38.71774],[-9.1616,38.71742],[-9.16223,38.71742],[-9.16255,38.71774],[-9.16255,38.71837],[-9.16223,38.71868]]],[[[-9.15088,38.72814],[-9.15056,38.72783],[-9.15088,38.72751],[-9.15119,38.72783],[-9.15088,38.72814]]],[[[-9.16191,38.72783],[-9.16223,38.72751],[-9.16255,38.72783],[-9.16255,38.72846],[-9.16223,38.72877],[-9.16191,38.72846],[-9.16191,38.72783]]],[[[-9.15908,38.72877],[-9.15876,38.72846],[-9.15908,38.72814],[-9.15939,38.72846],[-9.15908,38.72877]]],[[[-9.1534,38.72877],[-9.15308,38.72846],[-9.1534,38.72814],[-9.15372,38.72846],[-9.1534,38.72877]]],[[[-9.15813,38.72972],[-9.15782,38.73004],[-9.15718,38.73004],[-9.15687,38.72972],[-9.15687,38.72909],[-9.15718,38.72877],[-9.15782,38.72877],[-9.15813,38.72909],[-9.15813,38.72972]]],[[[-9.16223,38.73004],[-9.16191,38.72972],[-9.16223,38.72941],[-9.16255,38.72972],[-9.16223,38.73004]]],[[[-9.15845,38.73067],[-9.15813,38.73035],[-9.15845,38.73004],[-9.15876,38.73035],[-9.15845,38.73067]]],[[[-9.15245,38.7745],[-9.15214,38.77419],[-9.15151,38.77419],[-9.15088,38.77419],[-9.15056,38.7745],[-9.15025,38.77482],[-9.14993,38.7745],[-9.14962,38.77419],[-9.1493,38.77387],[-9.1493,38.77324],[-9.14962,38.77293],[-9.14993,38.77261],[-9.14962,38.7723],[-9.1493,38.77198],[-9.14898,38.77166],[-9.14835,38.77166],[-9.14804,38.77198],[-9.14804,38.77261],[-9.14772,38.77293],[-9.14709,38.77293],[-9.14646,38.77293],[-9.14583,38.77293],[-9.1452,38.77293],[-9.14489,38.77324],[-9.14457,38.77356],[-9.14425,38.77324],[-9.14425,38.77261],[-9.14425,38.77198],[-9.14457,38.77166],[-9.14489,38.77135],[-9.1452,38.77103],[-9.14583,38.77103],[-9.14615,38.77072],[-9.14583,38.7704],[-9.1452,38.7704],[-9.14489,38.77009],[-9.1452,38.76977],[-9.14583,38.76977],[-9.14646,38.76977],[-9.14678,38.76946],[-9.14709,38.76914],[-9.14741,38.76883],[-9.14709,38.76851],[-9.14678,38.76883],[-9.14646,38.76914],[-9.14615,38.76883],[-9.14583,38.76851],[-9.1452,38.76851],[-9.14489,38.7682],[-9.1452,38.76788],[-9.14583,38.76788],[-9.14646,38.76788],[-9.14678,38.76756],[-9.14709,38.76725],[-9.14741,38.76693],[-9.14772,38.76662],[-9.14804,38.76693],[-9.14835,38.76725],[-9.14898,38.76725],[-9.1493,38.76693],[-9.1493,38.7663],[-9.14962,38.76599],[-9.14993,38.7663],[-9.15025,38.76662],[-9.15056,38.7663],[-9.15056,38.76567],[-9.15056,38.76504],[-9.15056,38.76441],[-9.15025,38.7641],[-9.14993,38.76378],[-9.15025,38.76346],[-9.15056,38.76315],[-9.15025,38.76283],[-9.14962,38.76283],[-9.1493,38.76252],[-9.1493,38.76189],[-9.14898,38.76157],[-9.14835,38.76157],[-9.14772,38.76157],[-9.14709,38.76157],[-9.14678,38.76126],[-9.14709,38.76094],[-9.14741,38.76063],[-9.14772,38.76031],[-9.14835,38.76031],[-9.14898,38.76031],[-9.1493,38.76],[-9.14962,38.75968],[-9.15025,38.75968],[-9.15056,38.75937],[-9.15088,38.75905],[-9.15151,38.75905],[-9.15182,38.75873],[-9.15151,38.75842],[-9.15088,38.75842],[-9.15056,38.7581],[-9.15025,38.75779],[-9.14962,38.75779],[-9.1493,38.7581],[-9.1493,38.75873],[-9.14898,38.75905],[-9.14835,38.75905],[-9.14804,38.75937],[-9.14772,38.75968],[-9.14709,38.75968],[-9.14678,38.75937],[-9.14709,38.75905],[-9.14741,38.75873],[-9.14741,38.7581],[-9.14772,38.75779],[-9.14804,38.75747],[-9.14835,38.75716],[-9.14898,38.75716],[-9.1493,38.75684],[-9.14898,38.75653],[-9.14835,38.75653],[-9.14804,38.75684],[-9.14772,38.75716],[-9.14709,38.75716],[-9.14678,38.75684],[-9.14646,38.75653],[-9.14615,38.75684],[-9.14583,38.75716],[-9.1452,38.75716],[-9.14457,38.75716],[-9.14394,38.75716],[-9.14362,38.75684],[-9.14331,38.75653],[-9.14268,38.75653],[-9.14236,38.75621],[-9.14236,38.75558],[-9.14236,38.75495],[-9.14205,38.75463],[-9.14173,38.75432],[-9.14142,38.754],[-9.14079,38.754],[-9.14047,38.75432],[-9.14047,38.75495],[-9.14015,38.75527],[-9.13952,38.75527],[-9.13921,38.75495],[-9.13889,38.75463],[-9.13858,38.75495],[-9.13826,38.75527],[-9.13763,38.75527],[-9.137,38.75527],[-9.13637,38.75527],[-9.13574,38.75527],[-9.13511,38.75527],[-9.13479,38.75495],[-9.13448,38.75463],[-9.13385,38.75463],[-9.13353,38.75432],[-9.13353,38.75369],[-9.13353,38.75306],[-9.13353,38.75243],[-9.13353,38.7518],[-9.13385,38.75148],[-9.13448,38.75148],[-9.13479,38.75117],[-9.13448,38.75085],[-9.13385,38.75085],[-9.13322,38.75085],[-9.13259,38.75085],[-9.13227,38.75054],[-9.13259,38.75022],[-9.1329,38.7499],[-9.13259,38.74959],[-9.13196,38.74959],[-9.13132,38.74959],[-9.13069,38.74959],[-9.13038,38.7499],[-9.13006,38.75022],[-9.12975,38.7499],[-9.12975,38.74927],[-9.12943,38.74896],[-9.12912,38.74864],[-9.12912,38.74801],[-9.12943,38.7477],[-9.12975,38.74738],[-9.12975,38.74675],[-9.13006,38.74644],[-9.13038,38.74612],[-9.13038,38.74549],[-9.13069,38.74517],[-9.13132,38.74517],[-9.13164,38.74486],[-9.13132,38.74454],[-9.13069,38.74454],[-9.13006,38.74454],[-9.12975,38.74423],[-9.12943,38.74391],[-9.12912,38.7436],[-9.1288,38.74328],[-9.12817,38.74328],[-9.12786,38.74297],[-9.12786,38.74234],[-9.12754,38.74202],[-9.12722,38.7417],[-9.12691,38.74139],[-9.12628,38.74139],[-9.12596,38.7417],[-9.12565,38.74202],[-9.12502,38.74202],[-9.12439,38.74202],[-9.12376,38.74202],[-9.12313,38.74202],[-9.12281,38.7417],[-9.12313,38.74139],[-9.12344,38.74107],[-9.12313,38.74076],[-9.12281,38.74044],[-9.12249,38.74013],[-9.12186,38.74013],[-9.12155,38.74044],[-9.12123,38.74076],[-9.12092,38.74044],[-9.12092,38.73981],[-9.12092,38.73918],[-9.12123,38.73887],[-9.12155,38.73855],[-9.12186,38.73824],[-9.12218,38.73792],[-9.12186,38.73761],[-9.12155,38.73729],[-9.12155,38.73666],[-9.12186,38.73634],[-9.12249,38.73634],[-9.12313,38.73634],[-9.12344,38.73603],[-9.12313,38.73571],[-9.12249,38.73571],[-9.12186,38.73571],[-9.12123,38.73571],[-9.12092,38.7354],[-9.12092,38.73477],[-9.12092,38.73414],[-9.12092,38.73351],[-9.1206,38.73319],[-9.12029,38.73287],[-9.11997,38.73256],[-9.11934,38.73256],[-9.11871,38.73256],[-9.11839,38.73224],[-9.11839,38.73161],[-9.11808,38.7313],[-9.11745,38.7313],[-9.11682,38.7313],[-9.11619,38.7313],[-9.11587,38.73161],[-9.11619,38.73193],[-9.11682,38.73193],[-9.11713,38.73224],[-9.11682,38.73256],[-9.11619,38.73256],[-9.11587,38.73287],[-9.11587,38.73351],[-9.11556,38.73382],[-9.11524,38.73351],[-9.11493,38.73319],[-9.11461,38.73287],[-9.11429,38.73256],[-9.11366,38.73256],[-9.11335,38.73287],[-9.11335,38.73351],[-9.11303,38.73382],[-9.11272,38.73351],[-9.1124,38.73319],[-9.11209,38.73287],[-9.11209,38.73224],[-9.1124,38.73193],[-9.11303,38.73193],[-9.11366,38.73193],[-9.11429,38.73193],[-9.11461,38.73161],[-9.11429,38.7313],[-9.11366,38.7313],[-9.11335,38.73098],[-9.11303,38.73067],[-9.11272,38.73098],[-9.1124,38.7313],[-9.11177,38.7313],[-9.11114,38.7313],[-9.11051,38.7313],[-9.1102,38.73098],[-9.11051,38.73067],[-9.11114,38.73067],[-9.11146,38.73035],[-9.11114,38.73004],[-9.11051,38.73004],[-9.1102,38.72972],[-9.11051,38.72941],[-9.11114,38.72941],[-9.11146,38.72909],[-9.11177,38.72877],[-9.1124,38.72877],[-9.11272,38.72909],[-9.11272,38.72972],[-9.11303,38.73004],[-9.11335,38.72972],[-9.11366,38.72941],[-9.11429,38.72941],[-9.11461,38.72909],[-9.11493,38.72877],[-9.11556,38.72877],[-9.11587,38.72846],[-9.11619,38.72814],[-9.11682,38.72814],[-9.11713,38.72783],[-9.11713,38.7272],[-9.11713,38.72657],[-9.11713,38.72594],[-9.11713,38.72531],[-9.11682,38.72499],[-9.11619,38.72499],[-9.11587,38.72468],[-9.11556,38.72436],[-9.11493,38.72436],[-9.11461,38.72468],[-9.11429,38.72499],[-9.11366,38.72499],[-9.11335,38.72531],[-9.11335,38.72594],[-9.11303,38.72625],[-9.1124,38.72625],[-9.11209,38.72657],[-9.11209,38.7272],[-9.11177,38.72751],[-9.11146,38.7272],[-9.11114,38.72688],[-9.11051,38.72688],[-9.1102,38.7272],[-9.11051,38.72751],[-9.11114,38.72751],[-9.11146,38.72783],[-9.11114,38.72814],[-9.11051,38.72814],[-9.1102,38.72846],[-9.1102,38.72909],[-9.10988,38.72941],[-9.10956,38.72909],[-9.10925,38.72877],[-9.10893,38.72909],[-9.10893,38.72972],[-9.10862,38.73004],[-9.10799,38.73004],[-9.10736,38.73004],[-9.10704,38.73035],[-9.10736,38.73067],[-9.10767,38.73098],[-9.10736,38.7313],[-9.10673,38.7313],[-9.1061,38.7313],[-9.10578,38.73098],[-9.10546,38.73067],[-9.10483,38.73067],[-9.10452,38.73067],[-9.10483,38.73035],[-9.10483,38.72972],[-9.10483,38.72909],[-9.10483,38.72846],[-9.10483,38.72783],[-9.10546,38.7272],[-9.1061,38.72657],[-9.10673,38.72594],[-9.10736,38.72531],[-9.10799,38.72468],[-9.10862,38.72404],[-9.10925,38.72404],[-9.10988,38.72404],[-9.11051,38.72341],[-9.11114,38.72278],[-9.11177,38.72215],[-9.1124,38.72152],[-9.11303,38.72089],[-9.11366,38.72026],[-9.11429,38.72026],[-9.11493,38.71963],[-9.11556,38.719],[-9.11619,38.71837],[-9.11682,38.71774],[-9.11745,38.71711],[-9.11808,38.71648],[-9.11871,38.71584],[-9.11934,38.71584],[-9.11997,38.71521],[-9.11997,38.71458],[-9.1206,38.71395],[-9.12123,38.71332],[-9.12186,38.71269],[-9.12249,38.71269],[-9.12313,38.71206],[-9.12376,38.71143],[-9.12439,38.7108],[-9.12502,38.71017],[-9.12565,38.70954],[-9.12628,38.70891],[-9.12691,38.70891],[-9.12754,38.70828],[-9.12817,38.70828],[-9.1288,38.70828],[-9.12943,38.70828],[-9.13006,38.70765],[-9.13069,38.70765],[-9.13132,38.70701],[-9.13196,38.70701],[-9.13259,38.70638],[-9.13322,38.70638],[-9.13385,38.70638],[-9.13448,38.70638],[-9.13511,38.70638],[-9.13574,38.70638],[-9.13637,38.70638],[-9.137,38.70638],[-9.13763,38.70638],[-9.13826,38.70575],[-9.13889,38.70575],[-9.13952,38.70575],[-9.14015,38.70575],[-9.14079,38.70512],[-9.14142,38.70512],[-9.14205,38.70512],[-9.14268,38.70512],[-9.14331,38.70512],[-9.14394,38.70512],[-9.14457,38.70449],[-9.1452,38.70449],[-9.14583,38.70449],[-9.14646,38.70449],[-9.14709,38.70512],[-9.14772,38.70512],[-9.14835,38.70512],[-9.14898,38.70575],[-9.14962,38.70575],[-9.15025,38.70512],[-9.15088,38.70512],[-9.15151,38.70512],[-9.15214,38.70512],[-9.15277,38.70512],[-9.1534,38.70512],[-9.15403,38.70449],[-9.15466,38.70449],[-9.15529,38.70386],[-9.15592,38.70449],[-9.15655,38.70449],[-9.15718,38.70386],[-9.15782,38.70323],[-9.15845,38.70323],[-9.15908,38.70323],[-9.15971,38.7026],[-9.16034,38.7026],[-9.16097,38.7026],[-9.1616,38.70197],[-9.1616,38.70134],[-9.16223,38.70071],[-9.16286,38.70071],[-9.16349,38.70008],[-9.16412,38.69945],[-9.16475,38.69945],[-9.16538,38.69945],[-9.16601,38.69945],[-9.16665,38.69945],[-9.16728,38.69945],[-9.16791,38.69882],[-9.16854,38.69882],[-9.16917,38.69882],[-9.1698,38.69882],[-9.17043,38.69882],[-9.17106,38.69818],[-9.17169,38.69818],[-9.17232,38.69818],[-9.17295,38.69818],[-9.17358,38.69818],[-9.17421,38.69818],[-9.17484,38.69755],[-9.17548,38.69818],[-9.17611,38.69882],[-9.17674,38.69882],[-9.17737,38.69882],[-9.178,38.69818],[-9.17863,38.69818],[-9.17926,38.69818],[-9.17989,38.69818],[-9.18052,38.69755],[-9.18115,38.69755],[-9.18178,38.69755],[-9.18241,38.69755],[-9.18304,38.69755],[-9.18368,38.69755],[-9.18431,38.69692],[-9.18494,38.69692],[-9.18557,38.69692],[-9.1862,38.69692],[-9.18683,38.69692],[-9.18746,38.69629],[-9.18809,38.69629],[-9.18872,38.69629],[-9.18904,38.69629],[-9.18904,38.69692],[-9.18904,38.69755],[-9.18904,38.69818],[-9.18904,38.69882],[-9.18872,38.69913],[-9.18809,38.69913],[-9.18746,38.69913],[-9.18683,38.69913],[-9.18651,38.69882],[-9.18683,38.6985],[-9.18746,38.6985],[-9.18777,38.69818],[-9.18777,38.69755],[-9.18746,38.69724],[-9.18683,38.69724],[-9.18651,38.69755],[-9.1862,38.69787],[-9.18588,38.69818],[-9.18588,38.69882],[-9.1862,38.69913],[-9.18651,38.69945],[-9.1862,38.69976],[-9.18557,38.69976],[-9.18494,38.69976],[-9.18462,38.69945],[-9.18431,38.69913],[-9.18368,38.69913],[-9.18304,38.69913],[-9.18273,38.69945],[-9.18304,38.69976],[-9.18368,38.69976],[-9.18431,38.69976],[-9.18462,38.70008],[-9.18431,38.70039],[-9.18368,38.70039],[-9.18336,38.70071],[-9.18336,38.70134],[-9.18336,38.70197],[-9.18336,38.7026],[-9.18304,38.70292],[-9.18273,38.7026],[-9.18241,38.70228],[-9.1821,38.70197],[-9.18178,38.70165],[-9.18147,38.70134],[-9.18115,38.70102],[-9.18052,38.70102],[-9.18021,38.70134],[-9.18052,38.70165],[-9.18115,38.70165],[-9.18147,38.70197],[-9.18178,38.70228],[-9.1821,38.7026],[-9.1821,38.70323],[-9.18178,38.70355],[-9.18147,38.70323],[-9.18115,38.70292],[-9.18052,38.70292],[-9.18021,38.70323],[-9.18052,38.70355],[-9.18115,38.70355],[-9.18147,38.70386],[-9.18178,38.70418],[-9.1821,38.70449],[-9.18178,38.70481],[-9.18115,38.70481],[-9.18052,38.70481],[-9.18021,38.70449],[-9.17989,38.70418],[-9.17958,38.70449],[-9.17958,38.70512],[-9.17926,38.70544],[-9.17894,38.70575],[-9.17926,38.70607],[-9.17958,38.70638],[-9.17958,38.70701],[-9.17958,38.70765],[-9.17958,38.70828],[-9.17926,38.70859],[-9.17894,38.70891],[-9.17863,38.70922],[-9.178,38.70922],[-9.17768,38.70891],[-9.17737,38.70859],[-9.17674,38.70859],[-9.17642,38.70891],[-9.17611,38.70922],[-9.17579,38.70954],[-9.17611,38.70985],[-9.17674,38.70985],[-9.17737,38.70985],[-9.17768,38.71017],[-9.17737,38.71048],[-9.17705,38.7108],[-9.17705,38.71143],[-9.17674,38.71175],[-9.17642,38.71206],[-9.17674,38.71238],[-9.17705,38.71269],[-9.17674,38.71301],[-9.17642,38.71332],[-9.17611,38.71364],[-9.17548,38.71364],[-9.17484,38.71364],[-9.17453,38.71395],[-9.17484,38.71427],[-9.17548,38.71427],[-9.17611,38.71427],[-9.17674,38.71427],[-9.17705,38.71458],[-9.17674,38.7149],[-9.17642,38.71521],[-9.17674,38.71553],[-9.17705,38.71584],[-9.17674,38.71616],[-9.17611,38.71616],[-9.17579,38.71648],[-9.17611,38.71679],[-9.17642,38.71711],[-9.17674,38.71742],[-9.17737,38.71742],[-9.178,38.71742],[-9.17831,38.71774],[-9.178,38.71805],[-9.17737,38.71805],[-9.17674,38.71805],[-9.17611,38.71805],[-9.17579,38.71837],[-9.17611,38.71868],[-9.17674,38.71868],[-9.17705,38.719],[-9.17705,38.71963],[-9.17705,38.72026],[-9.17705,38.72089],[-9.17737,38.72121],[-9.178,38.72121],[-9.17831,38.72152],[-9.178,38.72184],[-9.17737,38.72184],[-9.17674,38.72184],[-9.17611,38.72184],[-9.17579,38.72215],[-9.17611,38.72247],[-9.17674,38.72247],[-9.17737,38.72247],[-9.178,38.72247],[-9.17831,38.72278],[-9.17831,38.72341],[-9.178,38.72373],[-9.17737,38.72373],[-9.17705,38.72341],[-9.17674,38.7231],[-9.17642,38.72341],[-9.17642,38.72404],[-9.17674,38.72436],[-9.17705,38.72468],[-9.17705,38.72531],[-9.17674,38.72562],[-9.17642,38.72531],[-9.17611,38.72499],[-9.17548,38.72499],[-9.17484,38.72499],[-9.17453,38.72531],[-9.17421,38.72562],[-9.1739,38.72594],[-9.1739,38.72657],[-9.17421,38.72688],[-9.17453,38.7272],[-9.17453,38.72783],[-9.17421,38.72814],[-9.1739,38.72783],[-9.17358,38.72751],[-9.17327,38.72783],[-9.17358,38.72814],[-9.1739,38.72846],[-9.17358,38.72877],[-9.17295,38.72877],[-9.17232,38.72877],[-9.17169,38.72877],[-9.17138,38.72909],[-9.17138,38.72972],[-9.17106,38.73004],[-9.17075,38.73035],[-9.17043,38.73067],[-9.1698,38.73067],[-9.16948,38.73098],[-9.16948,38.73161],[-9.16917,38.73193],[-9.16854,38.73193],[-9.16822,38.73161],[-9.16791,38.7313],[-9.16728,38.7313],[-9.16665,38.7313],[-9.16601,38.7313],[-9.1657,38.73098],[-9.16538,38.73067],[-9.16507,38.73098],[-9.16475,38.7313],[-9.16412,38.7313],[-9.16349,38.7313],[-9.16286,38.7313],[-9.16223,38.7313],[-9.16191,38.73161],[-9.1616,38.73193],[-9.16097,38.73193],[-9.16034,38.73193],[-9.15971,38.73193],[-9.15939,38.73224],[-9.15908,38.73256],[-9.15876,38.73287],[-9.15908,38.73319],[-9.15971,38.73319],[-9.16002,38.73351],[-9.16034,38.73382],[-9.16097,38.73382],[-9.16128,38.73351],[-9.16128,38.73287],[-9.1616,38.73256],[-9.16223,38.73256],[-9.16286,38.73256],[-9.16349,38.73256],[-9.16381,38.73287],[-9.16381,38.73351],[-9.16381,38.73414],[-9.16412,38.73445],[-9.16444,38.73477],[-9.16475,38.73508],[-9.16507,38.73477],[-9.16538,38.73445],[-9.1657,38.73477],[-9.16601,38.73508],[-9.16665,38.73508],[-9.16728,38.73508],[-9.16759,38.73477],[-9.16791,38.73445],[-9.16822,38.73477],[-9.16854,38.73508],[-9.16917,38.73508],[-9.16948,38.73477],[-9.1698,38.73445],[-9.17011,38.73477],[-9.17043,38.73508],[-9.17075,38.7354],[-9.17075,38.73603],[-9.17106,38.73634],[-9.17169,38.73634],[-9.17232,38.73634],[-9.17264,38.73666],[-9.17264,38.73729],[-9.17295,38.73761],[-9.17358,38.73761],[-9.17421,38.73761],[-9.17453,38.73792],[-9.17421,38.73824],[-9.1739,38.73855],[-9.17421,38.73887],[-9.17484,38.73887],[-9.17548,38.73887],[-9.17611,38.73887],[-9.17674,38.73887],[-9.17705,38.73918],[-9.17705,38.73981],[-9.17737,38.74013],[-9.178,38.74013],[-9.17863,38.74013],[-9.17926,38.74013],[-9.17958,38.73981],[-9.17989,38.7395],[-9.18021,38.73981],[-9.18052,38.74013],[-9.18115,38.74013],[-9.18178,38.74013],[-9.18241,38.74013],[-9.18304,38.74013],[-9.18368,38.74013],[-9.18399,38.74044],[-9.18399,38.74107],[-9.18368,38.74139],[-9.18304,38.74139],[-9.18273,38.7417],[-9.18304,38.74202],[-9.18368,38.74202],[-9.18399,38.74234],[-9.18399,38.74297],[-9.18431,38.74328],[-9.18494,38.74328],[-9.18525,38.74297],[-9.18557,38.74265],[-9.18588,38.74234],[-9.1862,38.74202],[-9.18683,38.74202],[-9.18714,38.74234],[-9.18746,38.74265],[-9.18777,38.74297],[-9.18809,38.74328],[-9.18872,38.74328],[-9.18904,38.74297],[-9.18935,38.74265],[-9.18998,38.74265],[-9.19061,38.74265],[-9.19124,38.74265],[-9.19187,38.74265],[-9.19251,38.74265],[-9.19282,38.74297],[-9.19314,38.74328],[-9.19345,38.7436],[-9.19377,38.74391],[-9.1944,38.74391],[-9.19471,38.74423],[-9.19503,38.74454],[-9.19566,38.74454],[-9.19597,38.74486],[-9.19597,38.74549],[-9.19566,38.7458],[-9.19503,38.7458],[-9.19471,38.74612],[-9.1944,38.74644],[-9.19408,38.74612],[-9.19377,38.7458],[-9.19345,38.74612],[-9.19345,38.74675],[-9.19345,38.74738],[-9.19314,38.7477],[-9.19282,38.74738],[-9.19251,38.74707],[-9.19187,38.74707],[-9.19156,38.74738],[-9.19187,38.7477],[-9.19251,38.7477],[-9.19282,38.74801],[-9.19282,38.74864],[-9.19251,38.74896],[-9.19187,38.74896],[-9.19156,38.74927],[-9.19124,38.74959],[-9.19061,38.74959],[-9.1903,38.7499],[-9.1903,38.75054],[-9.19061,38.75085],[-9.19093,38.75117],[-9.19061,38.75148],[-9.18998,38.75148],[-9.18967,38.7518],[-9.18935,38.75211],[-9.18872,38.75211],[-9.18809,38.75211],[-9.18777,38.75243],[-9.18809,38.75274],[-9.18841,38.75306],[-9.18809,38.75337],[-9.18777,38.75369],[-9.18746,38.754],[-9.18714,38.75432],[-9.18746,38.75463],[-9.18777,38.75495],[-9.18777,38.75558],[-9.18809,38.7559],[-9.18841,38.75558],[-9.18872,38.75527],[-9.18935,38.75527],[-9.18967,38.75558],[-9.18998,38.7559],[-9.19061,38.7559],[-9.19093,38.75558],[-9.19124,38.75527],[-9.19156,38.75558],[-9.19187,38.7559],[-9.19251,38.7559],[-9.19314,38.7559],[-9.19377,38.7559],[-9.19408,38.75621],[-9.19408,38.75684],[-9.19377,38.75716],[-9.19314,38.75716],[-9.19282,38.75747],[-9.19314,38.75779],[-9.19345,38.7581],[-9.19314,38.75842],[-9.19282,38.75873],[-9.19282,38.75937],[-9.19314,38.75968],[-9.19345,38.76],[-9.19314,38.76031],[-9.19251,38.76031],[-9.19187,38.76031],[-9.19156,38.76],[-9.19156,38.75937],[-9.19124,38.75905],[-9.19093,38.75873],[-9.19093,38.7581],[-9.19061,38.75779],[-9.1903,38.75747],[-9.18998,38.75716],[-9.18935,38.75716],[-9.18872,38.75716],[-9.18841,38.75684],[-9.18809,38.75653],[-9.18777,38.75684],[-9.18746,38.75716],[-9.18714,38.75747],[-9.18683,38.75779],[-9.1862,38.75779],[-9.18557,38.75779],[-9.18525,38.75747],[-9.18525,38.75684],[-9.18494,38.75653],[-9.18462,38.75684],[-9.18431,38.75716],[-9.18399,38.75684],[-9.18368,38.75653],[-9.18304,38.75653],[-9.18241,38.75653],[-9.1821,38.75621],[-9.18178,38.7559],[-9.18147,38.75621],[-9.18147,38.75684],[-9.18147,38.75747],[-9.18178,38.75779],[-9.1821,38.7581],[-9.1821,38.75873],[-9.18178,38.75905],[-9.18115,38.75905],[-9.18084,38.75937],[-9.18115,38.75968],[-9.18147,38.76],[-9.18115,38.76031],[-9.18052,38.76031],[-9.17989,38.76031],[-9.17958,38.76063],[-9.17926,38.76094],[-9.17894,38.76126],[-9.17926,38.76157],[-9.17958,38.76189],[-9.17926,38.7622],[-9.17863,38.7622],[-9.178,38.7622],[-9.17737,38.7622],[-9.17674,38.7622],[-9.17611,38.7622],[-9.17579,38.76252],[-9.17548,38.76283],[-9.17484,38.76283],[-9.17421,38.76283],[-9.17358,38.76283],[-9.17327,38.76315],[-9.17295,38.76346],[-9.17232,38.76346],[-9.17169,38.76346],[-9.17138,38.76315],[-9.17106,38.76283],[-9.17075,38.76315],[-9.17106,38.76346],[-9.17138,38.76378],[-9.17138,38.76441],[-9.17138,38.76504],[-9.17138,38.76567],[-9.17106,38.76599],[-9.17075,38.76567],[-9.17075,38.76504],[-9.17075,38.76441],[-9.17043,38.7641],[-9.17011,38.76441],[-9.1698,38.76473],[-9.16948,38.76441],[-9.16948,38.76378],[-9.16917,38.76346],[-9.16854,38.76346],[-9.16822,38.76378],[-9.16791,38.7641],[-9.16759,38.76441],[-9.16759,38.76504],[-9.16728,38.76536],[-9.16696,38.76567],[-9.16696,38.7663],[-9.16696,38.76693],[-9.16665,38.76725],[-9.16633,38.76693],[-9.16601,38.76662],[-9.16538,38.76662],[-9.16507,38.76693],[-9.16507,38.76756],[-9.16475,38.76788],[-9.16412,38.76788],[-9.16349,38.76788],[-9.16286,38.76788],[-9.16255,38.76756],[-9.16223,38.76725],[-9.16191,38.76693],[-9.1616,38.76662],[-9.16097,38.76662],[-9.16065,38.76693],[-9.16034,38.76725],[-9.15971,38.76725],[-9.15939,38.76756],[-9.15939,38.7682],[-9.15908,38.76851],[-9.15845,38.76851],[-9.15813,38.7682],[-9.15782,38.76788],[-9.15718,38.76788],[-9.15655,38.76788],[-9.15624,38.7682],[-9.15592,38.76851],[-9.15561,38.7682],[-9.15529,38.76788],[-9.15466,38.76788],[-9.15403,38.76788],[-9.1534,38.76788],[-9.15277,38.76788],[-9.15245,38.76756],[-9.15214,38.76725],[-9.15182,38.76756],[-9.15151,38.76788],[-9.15088,38.76788],[-9.15025,38.76788],[-9.14962,38.76788],[-9.1493,38.7682],[-9.14898,38.76851],[-9.14835,38.76851],[-9.14804,38.76883],[-9.14835,38.76914],[-9.14898,38.76914],[-9.14962,38.76914],[-9.14993,38.76946],[-9.14962,38.76977],[-9.1493,38.77009],[-9.1493,38.77072],[-9.14962,38.77103],[-9.15025,38.77103],[-9.15056,38.77072],[-9.15088,38.7704],[-9.15151,38.7704],[-9.15214,38.7704],[-9.15277,38.7704],[-9.1534,38.7704],[-9.15372,38.77072],[-9.1534,38.77103],[-9.15308,38.77135],[-9.1534,38.77166],[-9.15403,38.77166],[-9.15466,38.77166],[-9.15498,38.77198],[-9.15498,38.77261],[-9.15529,38.77293],[-9.15561,38.77261],[-9.15561,38.77198],[-9.15592,38.77166],[-9.15624,38.77198],[-9.15624,38.77261],[-9.15624,38.77324],[-9.15655,38.77356],[-9.15718,38.77356],[-9.1575,38.77387],[-9.15718,38.77419],[-9.15655,38.77419],[-9.15592,38.77419],[-9.15561,38.77387],[-9.15529,38.77356],[-9.15466,38.77356],[-9.15403,38.77356],[-9.1534,38.77356],[-9.15308,38.77387],[-9.1534,38.77419],[-9.15372,38.7745],[-9.15372,38.77513],[-9.1534,38.77545],[-9.15277,38.77545],[-9.15245,38.77576],[-9.15214,38.77608],[-9.15151,38.77608],[-9.15088,38.77608],[-9.15056,38.77576],[-9.15088,38.77545],[-9.15151,38.77545],[-9.15182,38.77513],[-9.15214,38.77482],[-9.15245,38.7745]],[[-9.14993,38.73477],[-9.14962,38.73445],[-9.1493,38.73477],[-9.14962,38.73508],[-9.14993,38.73477]],[[-9.14835,38.71175],[-9.14804,38.71206],[-9.14835,38.71238],[-9.14898,38.71238],[-9.1493,38.71206],[-9.14898,38.71175],[-9.14835,38.71175]],[[-9.14646,38.754],[-9.14583,38.754],[-9.1452,38.754],[-9.14489,38.75432],[-9.1452,38.75463],[-9.14583,38.75463],[-9.14646,38.75463],[-9.14678,38.75495],[-9.14646,38.75527],[-9.14583,38.75527],[-9.1452,38.75527],[-9.14489,38.75558],[-9.1452,38.7559],[-9.14583,38.7559],[-9.14646,38.7559],[-9.14709,38.7559],[-9.14741,38.75558],[-9.14772,38.75527],[-9.14804,38.75495],[-9.14804,38.75432],[-9.14772,38.754],[-9.14741,38.75432],[-9.14709,38.75463],[-9.14678,38.75432],[-9.14646,38.754]],[[-9.14394,38.75463],[-9.14362,38.75495],[-9.14362,38.75558],[-9.14394,38.7559],[-9.14425,38.75558],[-9.14425,38.75495],[-9.14394,38.75463]],[[-9.14268,38.75337],[-9.14236,38.75369],[-9.14268,38.754],[-9.14331,38.754],[-9.14362,38.75369],[-9.14331,38.75337],[-9.14268,38.75337]],[[-9.14236,38.73161],[-9.14205,38.7313],[-9.14173,38.73161],[-9.14205,38.73193],[-9.14236,38.73161]],[[-9.14173,38.72972],[-9.14142,38.72941],[-9.1411,38.72972],[-9.14142,38.73004],[-9.14173,38.72972]],[[-9.1411,38.75306],[-9.14079,38.75274],[-9.14047,38.75306],[-9.14079,38.75337],[-9.1411,38.75306]],[[-9.13921,38.7518],[-9.13921,38.75117],[-9.13889,38.75085],[-9.13858,38.75054],[-9.13826,38.75022],[-9.13763,38.75022],[-9.13732,38.75054],[-9.13763,38.75085],[-9.13795,38.75117],[-9.13763,38.75148],[-9.137,38.75148],[-9.13637,38.75148],[-9.13606,38.7518],[-9.13606,38.75243],[-9.13574,38.75274],[-9.13542,38.75243],[-9.13511,38.75211],[-9.13479,38.75243],[-9.13511,38.75274],[-9.13542,38.75306],[-9.13542,38.75369],[-9.13542,38.75432],[-9.13574,38.75463],[-9.13606,38.75432],[-9.13606,38.75369],[-9.13637,38.75337],[-9.137,38.75337],[-9.13732,38.75369],[-9.13732,38.75432],[-9.13763,38.75463],[-9.13795,38.75432],[-9.13826,38.754],[-9.13889,38.754],[-9.13921,38.75369],[-9.13889,38.75337],[-9.13858,38.75306],[-9.13889,38.75274],[-9.13921,38.75243],[-9.13921,38.7518]],[[-9.13479,38.71837],[-9.13448,38.71805],[-9.13385,38.71805],[-9.13322,38.71805],[-9.1329,38.71837],[-9.13322,38.71868],[-9.13385,38.71868],[-9.13448,38.71868],[-9.13479,38.71837]],[[-9.13259,38.71364],[-9.13227,38.71395],[-9.13227,38.71458],[-9.13259,38.7149],[-9.1329,38.71458],[-9.1329,38.71395],[-9.13259,38.71364]],[[-9.13227,38.74801],[-9.13196,38.7477],[-9.13164,38.74801],[-9.13196,38.74833],[-9.13227,38.74801]],[[-9.12943,38.7313],[-9.12912,38.73161],[-9.12943,38.73193],[-9.13006,38.73193],[-9.13038,38.73161],[-9.13006,38.7313],[-9.12943,38.7313]],[[-9.12817,38.73761],[-9.12786,38.73792],[-9.12817,38.73824],[-9.1288,38.73824],[-9.12912,38.73792],[-9.1288,38.73761],[-9.12817,38.73761]],[[-9.12722,38.73161],[-9.12722,38.73224],[-9.12691,38.73256],[-9.12628,38.73256],[-9.12565,38.73256],[-9.12502,38.73256],[-9.12439,38.73256],[-9.12407,38.73287],[-9.12439,38.73319],[-9.1247,38.73351],[-9.1247,38.73414],[-9.12502,38.73445],[-9.12565,38.73445],[-9.12628,38.73445],[-9.12659,38.73414],[-9.12691,38.73382],[-9.12722,38.73351],[-9.12754,38.73319],[-9.12786,38.73287],[-9.12786,38.73224],[-9.12786,38.73161],[-9.12754,38.7313],[-9.12722,38.73161]],[[-9.12502,38.74013],[-9.1247,38.74044],[-9.12502,38.74076],[-9.12565,38.74076],[-9.12596,38.74044],[-9.12565,38.74013],[-9.12502,38.74013]],[[-9.11903,38.72215],[-9.11871,38.72184],[-9.11839,38.72215],[-9.11871,38.72247],[-9.11903,38.72215]],[[-9.11776,38.72972],[-9.11745,38.72941],[-9.11713,38.72972],[-9.11745,38.73004],[-9.11776,38.72972]],[[-9.18052,38.69976],[-9.18021,38.70008],[-9.18052,38.70039],[-9.18115,38.70039],[-9.18147,38.70008],[-9.18115,38.69976],[-9.18052,38.69976]],[[-9.178,38.7067],[-9.17768,38.70701],[-9.178,38.70733],[-9.17863,38.70733],[-9.17894,38.70701],[-9.17863,38.7067],[-9.178,38.7067]],[[-9.17611,38.7067],[-9.17579,38.70701],[-9.17579,38.70765],[-9.17611,38.70796],[-9.17642,38.70765],[-9.17642,38.70701],[-9.17611,38.7067]],[[-9.1739,38.719],[-9.17358,38.71868],[-9.17327,38.719],[-9.17358,38.71931],[-9.1739,38.719]],[[-9.17169,38.72436],[-9.17138,38.72468],[-9.17169,38.72499],[-9.17232,38.72499],[-9.17264,38.72468],[-9.17232,38.72436],[-9.17169,38.72436]],[[-9.1698,38.72436],[-9.16948,38.72468],[-9.16948,38.72531],[-9.1698,38.72562],[-9.17011,38.72531],[-9.17011,38.72468],[-9.1698,38.72436]],[[-9.16822,38.72531],[-9.16791,38.72499],[-9.16759,38.72531],[-9.16791,38.72562],[-9.16822,38.72531]],[[-9.18746,38.75085],[-9.18714,38.75054],[-9.18746,38.75022],[-9.18777,38.7499],[-9.18746,38.74959],[-9.18714,38.74927],[-9.18683,38.74896],[-9.1862,38.74896],[-9.18557,38.74896],[-9.18494,38.74896],[-9.18462,38.74864],[-9.18462,38.74801],[-9.18431,38.7477],[-9.18399,38.74801],[-9.18368,38.74833],[-9.18304,38.74833],[-9.18273,38.74801],[-9.18273,38.74738],[-9.18304,38.74707],[-9.18368,38.74707],[-9.18399,38.74675],[-9.18368,38.74644],[-9.18304,38.74644],[-9.18273,38.74675],[-9.18241,38.74707],[-9.1821,38.74675],[-9.18178,38.74644],[-9.18147,38.74675],[-9.18178,38.74707],[-9.1821,38.74738],[-9.1821,38.74801],[-9.1821,38.74864],[-9.1821,38.74927],[-9.1821,38.7499],[-9.18178,38.75022],[-9.18147,38.75054],[-9.18115,38.75085],[-9.18052,38.75085],[-9.18021,38.75054],[-9.17989,38.75022],[-9.17926,38.75022],[-9.17894,38.7499],[-9.17863,38.74959],[-9.17831,38.7499],[-9.178,38.75022],[-9.17737,38.75022],[-9.17705,38.7499],[-9.17674,38.74959],[-9.17611,38.74959],[-9.17579,38.7499],[-9.17548,38.75022],[-9.17516,38.7499],[-9.17484,38.74959],[-9.17421,38.74959],[-9.1739,38.7499],[-9.17358,38.75022],[-9.17295,38.75022],[-9.17264,38.75054],[-9.17264,38.75117],[-9.17295,38.75148],[-9.17358,38.75148],[-9.1739,38.7518],[-9.1739,38.75243],[-9.1739,38.75306],[-9.17421,38.75337],[-9.17484,38.75337],[-9.17548,38.75337],[-9.17611,38.75337],[-9.17642,38.75306],[-9.17674,38.75274],[-9.17737,38.75274],[-9.178,38.75274],[-9.17863,38.75274],[-9.17894,38.75243],[-9.17894,38.7518],[-9.17894,38.75117],[-9.17926,38.75085],[-9.17989,38.75085],[-9.18021,38.75117],[-9.18052,38.75148],[-9.18115,38.75148],[-9.18147,38.7518],[-9.18147,38.75243],[-9.18147,38.75306],[-9.18178,38.75337],[-9.18241,38.75337],[-9.18273,38.75369],[-9.18304,38.754],[-9.18368,38.754],[-9.18431,38.754],[-9.18462,38.75369],[-9.18494,38.75337],[-9.18525,38.75369],[-9.18557,38.754],[-9.18588,38.75369],[-9.1862,38.75337],[-9.18683,38.75337],[-9.18714,38.75306],[-9.18714,38.75243],[-9.18714,38.7518],[-9.18746,38.75148],[-9.18777,38.75117],[-9.18746,38.75085]],[[-9.17989,38.75211],[-9.17958,38.75243],[-9.17958,38.75306],[-9.17989,38.75337],[-9.18021,38.75306],[-9.18021,38.75243],[-9.17989,38.75211]],[[-9.17831,38.75621],[-9.178,38.7559],[-9.17737,38.7559],[-9.17705,38.75621],[-9.17705,38.75684],[-9.17705,38.75747],[-9.17705,38.7581],[-9.17674,38.75842],[-9.17642,38.75873],[-9.17642,38.75937],[-9.17674,38.75968],[-9.17705,38.76],[-9.17737,38.76031],[-9.178,38.76031],[-9.17831,38.76],[-9.17863,38.75968],[-9.17894,38.75937],[-9.17894,38.75873],[-9.17894,38.7581],[-9.17894,38.75747],[-9.17863,38.75716],[-9.17831,38.75684],[-9.17831,38.75621]],[[-9.17579,38.7581],[-9.17548,38.75779],[-9.17516,38.7581],[-9.17548,38.75842],[-9.17579,38.7581]],[[-9.1739,38.76189],[-9.17358,38.76157],[-9.17327,38.76189],[-9.17358,38.7622],[-9.1739,38.76189]],[[-9.17075,38.74801],[-9.17043,38.7477],[-9.17011,38.74801],[-9.17043,38.74833],[-9.17075,38.74801]],[[-9.1698,38.74517],[-9.16948,38.74549],[-9.16948,38.74612],[-9.1698,38.74644],[-9.17011,38.74612],[-9.17011,38.74549],[-9.1698,38.74517]],[[-9.16759,38.75684],[-9.16759,38.75621],[-9.16759,38.75558],[-9.16759,38.75495],[-9.16728,38.75463],[-9.16665,38.75463],[-9.16633,38.75432],[-9.16633,38.75369],[-9.16601,38.75337],[-9.1657,38.75306],[-9.16538,38.75274],[-9.16507,38.75243],[-9.16507,38.7518],[-9.16475,38.75148],[-9.16444,38.75117],[-9.16444,38.75054],[-9.16412,38.75022],[-9.16349,38.75022],[-9.16286,38.75022],[-9.16223,38.75022],[-9.16191,38.75054],[-9.1616,38.75085],[-9.16097,38.75085],[-9.16065,38.75117],[-9.16034,38.75148],[-9.15971,38.75148],[-9.15939,38.7518],[-9.15939,38.75243],[-9.15939,38.75306],[-9.15939,38.75369],[-9.15908,38.754],[-9.15876,38.75432],[-9.15845,38.75463],[-9.15782,38.75463],[-9.15718,38.75463],[-9.15687,38.75495],[-9.15687,38.75558],[-9.15655,38.7559],[-9.15624,38.75621],[-9.15655,38.75653],[-9.15718,38.75653],[-9.15782,38.75653],[-9.15813,38.75684],[-9.15845,38.75716],[-9.15876,38.75684],[-9.15908,38.75653],[-9.15939,38.75684],[-9.15971,38.75716],[-9.16034,38.75716],[-9.16097,38.75716],[-9.1616,38.75716],[-9.16223,38.75716],[-9.16286,38.75716],[-9.16349,38.75716],[-9.16381,38.75747],[-9.16412,38.75779],[-9.16444,38.75747],[-9.16475,38.75716],[-9.16507,38.75684],[-9.16538,38.75653],[-9.16601,38.75653],[-9.16665,38.75653],[-9.16696,38.75684],[-9.16728,38.75716],[-9.16759,38.75684]],[[-9.16128,38.76252],[-9.16097,38.7622],[-9.16065,38.76252],[-9.16097,38.76283],[-9.16128,38.76252]],[[-9.15939,38.76378],[-9.15939,38.76315],[-9.15908,38.76283],[-9.15845,38.76283],[-9.15813,38.76315],[-9.15813,38.76378],[-9.15845,38.7641],[-9.15908,38.7641],[-9.15939,38.76378]],[[-9.15529,38.75211],[-9.15466,38.75211],[-9.15403,38.75211],[-9.15372,38.75243],[-9.15372,38.75306],[-9.15372,38.75369],[-9.15403,38.754],[-9.15466,38.754],[-9.15498,38.75369],[-9.15529,38.75337],[-9.15592,38.75337],[-9.15624,38.75306],[-9.15624,38.75243],[-9.15624,38.7518],[-9.15592,38.75148],[-9.15561,38.7518],[-9.15529,38.75211]],[[-9.15372,38.76693],[-9.1534,38.76662],[-9.15308,38.76693],[-9.1534,38.76725],[-9.15372,38.76693]],[[-9.15308,38.76567],[-9.15277,38.76536],[-9.15245,38.76567],[-9.15277,38.76599],[-9.15308,38.76567]],[[-9.14804,38.75117],[-9.14772,38.75085],[-9.14741,38.75117],[-9.14772,38.75148],[-9.14804,38.75117]],[[-9.14489,38.75243],[-9.1452,38.75274],[-9.14583,38.75274],[-9.14615,38.75243],[-9.14646,38.75211],[-9.14678,38.75243],[-9.14678,38.75306],[-9.14709,38.75337],[-9.14741,38.75306],[-9.14741,38.75243],[-9.14709,38.75211],[-9.14678,38.7518],[-9.14646,38.75148],[-9.14615,38.7518],[-9.14583,38.75211],[-9.1452,38.75211],[-9.14489,38.75243]],[[-9.14236,38.71584],[-9.14205,38.71553],[-9.14173,38.71584],[-9.14205,38.71616],[-9.14236,38.71584]],[[-9.1411,38.75117],[-9.14079,38.75085],[-9.14047,38.75117],[-9.14079,38.75148],[-9.1411,38.75117]],[[-9.13921,38.73161],[-9.13889,38.7313],[-9.13858,38.73161],[-9.13889,38.73193],[-9.13921,38.73161]],[[-9.13795,38.73161],[-9.13763,38.7313],[-9.13732,38.73161],[-9.13763,38.73193],[-9.13795,38.73161]],[[-9.13542,38.74738],[-9.13511,38.74707],[-9.13479,38.74738],[-9.13511,38.7477],[-9.13542,38.74738]],[[-9.13227,38.71963],[-9.13196,38.71931],[-9.13132,38.71931],[-9.13069,38.71931],[-9.13038,38.71963],[-9.13069,38.71994],[-9.13132,38.71994],[-9.13196,38.71994],[-9.13227,38.71963]],[[-9.12754,38.73445],[-9.12722,38.73477],[-9.12754,38.73508],[-9.12786,38.7354],[-9.12817,38.73571],[-9.1288,38.73571],[-9.12912,38.7354],[-9.12912,38.73477],[-9.12943,38.73445],[-9.12975,38.73414],[-9.12943,38.73382],[-9.1288,38.73382],[-9.12817,38.73382],[-9.12786,38.73414],[-9.12754,38.73445]],[[-9.12754,38.72058],[-9.12786,38.72026],[-9.12817,38.71994],[-9.1288,38.71994],[-9.12912,38.71963],[-9.1288,38.71931],[-9.12817,38.71931],[-9.12786,38.719],[-9.12817,38.71868],[-9.1288,38.71868],[-9.12943,38.71868],[-9.12975,38.71837],[-9.12943,38.71805],[-9.1288,38.71805],[-9.12817,38.71805],[-9.12754,38.71805],[-9.12722,38.71774],[-9.12754,38.71742],[-9.12817,38.71742],[-9.1288,38.71742],[-9.12943,38.71742],[-9.12975,38.71711],[-9.12943,38.71679],[-9.12912,38.71648],[-9.1288,38.71616],[-9.12817,38.71616],[-9.12754,38.71616],[-9.12722,38.71648],[-9.12691,38.71679],[-9.12628,38.71679],[-9.12596,38.71648],[-9.12596,38.71584],[-9.12565,38.71553],[-9.12502,38.71553],[-9.1247,38.71584],[-9.12439,38.71616],[-9.12407,38.71648],[-9.12439,38.71679],[-9.12502,38.71679],[-9.12565,38.71679],[-9.12596,38.71711],[-9.12596,38.71774],[-9.12596,38.71837],[-9.12565,38.71868],[-9.12502,38.71868],[-9.1247,38.71837],[-9.1247,38.71774],[-9.12439,38.71742],[-9.12407,38.71774],[-9.12376,38.71805],[-9.12344,38.71837],[-9.12313,38.71868],[-9.12249,38.71868],[-9.12218,38.719],[-9.12186,38.71931],[-9.12155,38.719],[-9.12123,38.71868],[-9.12092,38.71837],[-9.1206,38.71805],[-9.11997,38.71805],[-9.11934,38.71805],[-9.11903,38.71774],[-9.11871,38.71742],[-9.11839,38.71774],[-9.11808,38.71805],[-9.11776,38.71837],[-9.11808,38.71868],[-9.11839,38.71837],[-9.11871,38.71805],[-9.11903,38.71837],[-9.11903,38.719],[-9.11903,38.71963],[-9.11903,38.72026],[-9.11903,38.72089],[-9.11934,38.72121],[-9.11997,38.72121],[-9.12029,38.72152],[-9.1206,38.72184],[-9.12123,38.72184],[-9.12155,38.72215],[-9.12186,38.72247],[-9.12218,38.72278],[-9.12186,38.7231],[-9.12123,38.7231],[-9.12092,38.72278],[-9.1206,38.72247],[-9.12029,38.72278],[-9.1206,38.7231],[-9.12092,38.72341],[-9.12123,38.72373],[-9.12186,38.72373],[-9.12218,38.72341],[-9.12249,38.7231],[-9.12313,38.7231],[-9.12344,38.72341],[-9.12376,38.72373],[-9.12407,38.72404],[-9.12439,38.72436],[-9.12502,38.72436],[-9.12565,38.72436],[-9.12596,38.72468],[-9.12628,38.72499],[-9.12659,38.72468],[-9.12659,38.72404],[-9.12659,38.72341],[-9.12691,38.7231],[-9.12722,38.72278],[-9.12722,38.72215],[-9.12722,38.72152],[-9.12722,38.72089],[-9.12754,38.72058]],[[-9.17201,38.72026],[-9.17232,38.71994],[-9.17264,38.71963],[-9.17232,38.71931],[-9.17169,38.71931],[-9.17138,38.71963],[-9.17138,38.72026],[-9.17169,38.72058],[-9.17201,38.72026]],[[-9.17075,38.71963],[-9.17043,38.71931],[-9.17011,38.719],[-9.17011,38.71837],[-9.17043,38.71805],[-9.17075,38.71837],[-9.17106,38.71868],[-9.17138,38.71837],[-9.17138,38.71774],[-9.17169,38.71742],[-9.17232,38.71742],[-9.17295,38.71742],[-9.17327,38.71711],[-9.17295,38.71679],[-9.17232,38.71679],[-9.17169,38.71679],[-9.17106,38.71679],[-9.17043,38.71679],[-9.17011,38.71648],[-9.1698,38.71616],[-9.16917,38.71616],[-9.16854,38.71616],[-9.16822,38.71648],[-9.16854,38.71679],[-9.16885,38.71711],[-9.16854,38.71742],[-9.16791,38.71742],[-9.16759,38.71711],[-9.16759,38.71648],[-9.16728,38.71616],[-9.16696,38.71584],[-9.16665,38.71553],[-9.16601,38.71553],[-9.1657,38.71584],[-9.16601,38.71616],[-9.16665,38.71616],[-9.16696,38.71648],[-9.16665,38.71679],[-9.16601,38.71679],[-9.16538,38.71679],[-9.16507,38.71711],[-9.16475,38.71742],[-9.16444,38.71774],[-9.16412,38.71805],[-9.16381,38.71774],[-9.16381,38.71711],[-9.16349,38.71679],[-9.16286,38.71679],[-9.16255,38.71648],[-9.16255,38.71584],[-9.16255,38.71521],[-9.16255,38.71458],[-9.16223,38.71427],[-9.16191,38.71458],[-9.1616,38.7149],[-9.16128,38.71521],[-9.16128,38.71584],[-9.16097,38.71616],[-9.16034,38.71616],[-9.16002,38.71648],[-9.15971,38.71679],[-9.15908,38.71679],[-9.15876,38.71711],[-9.15845,38.71742],[-9.15813,38.71774],[-9.15782,38.71805],[-9.15718,38.71805],[-9.15687,38.71837],[-9.15718,38.71868],[-9.15782,38.71868],[-9.15845,38.71868],[-9.15876,38.719],[-9.15845,38.71931],[-9.15813,38.71963],[-9.15845,38.71994],[-9.15876,38.71963],[-9.15908,38.71931],[-9.15939,38.719],[-9.15971,38.71868],[-9.16034,38.71868],[-9.16097,38.71868],[-9.16128,38.719],[-9.16097,38.71931],[-9.16034,38.71931],[-9.16002,38.71963],[-9.15971,38.71994],[-9.15939,38.72026],[-9.15971,38.72058],[-9.16034,38.72058],[-9.16097,38.72058],[-9.1616,38.72058],[-9.16191,38.72089],[-9.16191,38.72152],[-9.16223,38.72184],[-9.16255,38.72152],[-9.16286,38.72121],[-9.16349,38.72121],[-9.16381,38.72089],[-9.16381,38.72026],[-9.16412,38.71994],[-9.16444,38.72026],[-9.16475,38.72058],[-9.16507,38.72089],[-9.16475,38.72121],[-9.16444,38.72152],[-9.16412,38.72184],[-9.16381,38.72215],[-9.16349,38.72247],[-9.16286,38.72247],[-9.16255,38.72278],[-9.16286,38.7231],[-9.16349,38.7231],[-9.16381,38.72278],[-9.16412,38.72247],[-9.16444,38.72215],[-9.16475,38.72184],[-9.16538,38.72184],[-9.16601,38.72184],[-9.16665,38.72184],[-9.16696,38.72215],[-9.16728,38.72247],[-9.16759,38.72215],[-9.16759,38.72152],[-9.16791,38.72121],[-9.16822,38.72152],[-9.16822,38.72215],[-9.16854,38.72247],[-9.16885,38.72278],[-9.16917,38.7231],[-9.1698,38.7231],[-9.17011,38.72278],[-9.17011,38.72215],[-9.17043,38.72184],[-9.17075,38.72152],[-9.17043,38.72121],[-9.17011,38.72089],[-9.17043,38.72058],[-9.17075,38.72026],[-9.17075,38.71963]],[[-9.16822,38.72404],[-9.16791,38.72373],[-9.16759,38.72404],[-9.16791,38.72436],[-9.16822,38.72404]],[[-9.18052,38.74833],[-9.18021,38.74864],[-9.18052,38.74896],[-9.18115,38.74896],[-9.18147,38.74864],[-9.18115,38.74833],[-9.18052,38.74833]],[[-9.17642,38.74675],[-9.17674,38.74707],[-9.17705,38.74675],[-9.17737,38.74644],[-9.178,38.74644],[-9.17831,38.74612],[-9.178,38.7458],[-9.17737,38.7458],[-9.17705,38.74612],[-9.17674,38.74644],[-9.17642,38.74675]],[[-9.17579,38.7436],[-9.17548,38.74328],[-9.17516,38.7436],[-9.17548,38.74391],[-9.17579,38.7436]],[[-9.17421,38.74707],[-9.1739,38.74738],[-9.17421,38.7477],[-9.17484,38.7477],[-9.17516,38.74738],[-9.17484,38.74707],[-9.17421,38.74707]],[[-9.17264,38.74486],[-9.17264,38.74549],[-9.17264,38.74612],[-9.17295,38.74644],[-9.17327,38.74612],[-9.17327,38.74549],[-9.17327,38.74486],[-9.17358,38.74454],[-9.1739,38.74423],[-9.17358,38.74391],[-9.17295,38.74391],[-9.17264,38.74423],[-9.17264,38.74486]],[[-9.16065,38.76],[-9.16034,38.76031],[-9.15971,38.76031],[-9.15939,38.76063],[-9.15908,38.76094],[-9.15845,38.76094],[-9.15782,38.76094],[-9.15718,38.76094],[-9.15687,38.76126],[-9.15687,38.76189],[-9.15718,38.7622],[-9.15782,38.7622],[-9.15813,38.76189],[-9.15845,38.76157],[-9.15876,38.76189],[-9.15908,38.7622],[-9.15939,38.76189],[-9.15971,38.76157],[-9.16034,38.76157],[-9.16065,38.76126],[-9.16065,38.76063],[-9.16097,38.76031],[-9.16128,38.76],[-9.16097,38.75968],[-9.16065,38.76]],[[-9.15624,38.7499],[-9.15592,38.74959],[-9.15561,38.7499],[-9.15592,38.75022],[-9.15624,38.7499]],[[-9.15372,38.75117],[-9.1534,38.75085],[-9.15308,38.75117],[-9.1534,38.75148],[-9.15372,38.75117]],[[-9.14489,38.75054],[-9.1452,38.75085],[-9.14583,38.75085],[-9.14646,38.75085],[-9.14678,38.75054],[-9.14646,38.75022],[-9.14583,38.75022],[-9.1452,38.75022],[-9.14489,38.7499],[-9.14457,38.74959],[-9.14425,38.7499],[-9.14457,38.75022],[-9.14489,38.75054]],[[-9.12817,38.72499],[-9.12786,38.72531],[-9.12817,38.72562],[-9.1288,38.72562],[-9.12912,38.72531],[-9.1288,38.72499],[-9.12817,38.72499]],[[-9.12975,38.71332],[-9.12943,38.71301],[-9.12912,38.71332],[-9.12943,38.71364],[-9.12975,38.71332]],[[-9.12218,38.71774],[-9.12186,38.71742],[-9.12155,38.71774],[-9.12186,38.71805],[-9.12218,38.71774]],[[-9.12092,38.71711],[-9.1206,38.71679],[-9.12029,38.71711],[-9.1206,38.71742],[-9.12092,38.71711]],[[-9.16507,38.71584],[-9.16475,38.71553],[-9.16444,38.71584],[-9.16475,38.71616],[-9.16507,38.71584]],[[-9.16034,38.71364],[-9.16002,38.71395],[-9.16034,38.71427],[-9.16097,38.71427],[-9.16128,38.71395],[-9.16097,38.71364],[-9.16034,38.71364]],[[-9.15876,38.71521],[-9.15845,38.7149],[-9.15813,38.71521],[-9.15845,38.71553],[-9.15876,38.71521]],[[-9.17737,38.74454],[-9.17705,38.74486],[-9.17737,38.74517],[-9.178,38.74517],[-9.17831,38.74486],[-9.178,38.74454],[-9.17737,38.74454]],[[-9.17705,38.7436],[-9.17674,38.74328],[-9.17642,38.7436],[-9.17674,38.74391],[-9.17705,38.7436]],[[-9.15372,38.73666],[-9.1534,38.73634],[-9.15308,38.73666],[-9.1534,38.73697],[-9.15372,38.73666]],[[-9.14772,38.71364],[-9.14804,38.71332],[-9.14772,38.71301],[-9.14709,38.71301],[-9.14678,38.71269],[-9.14709,38.71238],[-9.14741,38.71206],[-9.14709,38.71175],[-9.14678,38.71143],[-9.14678,38.7108],[-9.14709,38.71048],[-9.14741,38.7108],[-9.14772,38.71111],[-9.14804,38.7108],[-9.14835,38.71048],[-9.14898,38.71048],[-9.1493,38.71017],[-9.14898,38.70985],[-9.14835,38.70985],[-9.14804,38.71017],[-9.14772,38.71048],[-9.14741,38.71017],[-9.14709,38.70985],[-9.14646,38.70985],[-9.14583,38.70985],[-9.14552,38.70954],[-9.1452,38.70922],[-9.14457,38.70922],[-9.14394,38.70922],[-9.14362,38.70954],[-9.14331,38.70985],[-9.14268,38.70985],[-9.14236,38.70954],[-9.14205,38.70922],[-9.14173,38.70954],[-9.14142,38.70985],[-9.1411,38.71017],[-9.14079,38.71048],[-9.14047,38.7108],[-9.14015,38.71111],[-9.13952,38.71111],[-9.13921,38.7108],[-9.13952,38.71048],[-9.13984,38.71017],[-9.13984,38.70954],[-9.13952,38.70922],[-9.13921,38.70891],[-9.13889,38.70859],[-9.13858,38.70891],[-9.13889,38.70922],[-9.13921,38.70954],[-9.13889,38.70985],[-9.13858,38.71017],[-9.13858,38.7108],[-9.13889,38.71111],[-9.13921,38.71143],[-9.13952,38.71175],[-9.14015,38.71175],[-9.14047,38.71206],[-9.14079,38.71238],[-9.1411,38.71269],[-9.14079,38.71301],[-9.14047,38.71332],[-9.14079,38.71364],[-9.1411,38.71332],[-9.14142,38.71301],[-9.14173,38.71332],[-9.14173,38.71395],[-9.14173,38.71458],[-9.14205,38.7149],[-9.14236,38.71458],[-9.14236,38.71395],[-9.14236,38.71332],[-9.14268,38.71301],[-9.14331,38.71301],[-9.14362,38.71332],[-9.14394,38.71364],[-9.14425,38.71395],[-9.14425,38.71458],[-9.14457,38.7149],[-9.14489,38.71521],[-9.1452,38.71553],[-9.14552,38.71521],[-9.1452,38.7149],[-9.14489,38.71458],[-9.1452,38.71427],[-9.14552,38.71395],[-9.14583,38.71364],[-9.14646,38.71364],[-9.14709,38.71364],[-9.14772,38.71364]],[[-9.16412,38.71427],[-9.16381,38.71458],[-9.16412,38.7149],[-9.16475,38.7149],[-9.16507,38.71458],[-9.16475,38.71427],[-9.16412,38.71427]],[[-9.16128,38.71206],[-9.1616,38.71175],[-9.16191,38.71143],[-9.1616,38.71111],[-9.16128,38.71143],[-9.16097,38.71175],[-9.16065,38.71206],[-9.16097,38.71238],[-9.16128,38.71206]],[[-9.15876,38.71269],[-9.15845,38.71238],[-9.15813,38.71269],[-9.15845,38.71301],[-9.15876,38.71269]],[[-9.17705,38.74234],[-9.17674,38.74202],[-9.17642,38.74234],[-9.17674,38.74265],[-9.17705,38.74234]],[[-9.15718,38.73067],[-9.15782,38.73067],[-9.15813,38.73098],[-9.15782,38.7313],[-9.15718,38.7313],[-9.15687,38.73161],[-9.15718,38.73193],[-9.15782,38.73193],[-9.15813,38.73161],[-9.15845,38.7313],[-9.15908,38.7313],[-9.15971,38.7313],[-9.16002,38.73098],[-9.16002,38.73035],[-9.16034,38.73004],[-9.16097,38.73004],[-9.16128,38.73035],[-9.1616,38.73067],[-9.16223,38.73067],[-9.16255,38.73035],[-9.16286,38.73004],[-9.16349,38.73004],[-9.16381,38.72972],[-9.16412,38.72941],[-9.16475,38.72941],[-9.16507,38.72909],[-9.16475,38.72877],[-9.16444,38.72846],[-9.16475,38.72814],[-9.16538,38.72814],[-9.1657,38.72783],[-9.1657,38.7272],[-9.16538,38.72688],[-9.16507,38.72657],[-9.16538,38.72625],[-9.16601,38.72625],[-9.16665,38.72625],[-9.16696,38.72594],[-9.16665,38.72562],[-9.16601,38.72562],[-9.1657,38.72531],[-9.16601,38.72499],[-9.16665,38.72499],[-9.16696,38.72468],[-9.16665,38.72436],[-9.16601,38.72436],[-9.16538,38.72436],[-9.16507,38.72468],[-9.16507,38.72531],[-9.16475,38.72562],[-9.16444,38.72531],[-9.16444,38.72468],[-9.16412,38.72436],[-9.16381,38.72468],[-9.16381,38.72531],[-9.16349,38.72562],[-9.16286,38.72562],[-9.16255,38.72531],[-9.16223,38.72499],[-9.16191,38.72531],[-9.16191,38.72594],[-9.1616,38.72625],[-9.16097,38.72625],[-9.16034,38.72625],[-9.16002,38.72657],[-9.16002,38.7272],[-9.16034,38.72751],[-9.16097,38.72751],[-9.16128,38.72783],[-9.16128,38.72846],[-9.1616,38.72877],[-9.16191,38.72909],[-9.1616,38.72941],[-9.16097,38.72941],[-9.16034,38.72941],[-9.16002,38.72909],[-9.16002,38.72846],[-9.15971,38.72814],[-9.15939,38.72783],[-9.15908,38.72751],[-9.15876,38.72783],[-9.15845,38.72814],[-9.15782,38.72814],[-9.15718,38.72814],[-9.15687,38.72846],[-9.15655,38.72877],[-9.15624,38.72909],[-9.15592,38.72941],[-9.15561,38.72909],[-9.15561,38.72846],[-9.15592,38.72814],[-9.15624,38.72783],[-9.15592,38.72751],[-9.15561,38.72783],[-9.15529,38.72814],[-9.15498,38.72783],[-9.15466,38.72751],[-9.15403,38.72751],[-9.15372,38.7272],[-9.15372,38.72657],[-9.15403,38.72625],[-9.15466,38.72625],[-9.15498,38.72594],[-9.15466,38.72562],[-9.15403,38.72562],[-9.15372,38.72594],[-9.1534,38.72625],[-9.15308,38.72657],[-9.15277,38.72688],[-9.15245,38.72657],[-9.15245,38.72594],[-9.15214,38.72562],[-9.15151,38.72562],[-9.15119,38.72594],[-9.15088,38.72625],[-9.15056,38.72657],[-9.15056,38.7272],[-9.15025,38.72751],[-9.14993,38.72783],[-9.15025,38.72814],[-9.15056,38.72846],[-9.15088,38.72877],[-9.15151,38.72877],[-9.15214,38.72877],[-9.15245,38.72909],[-9.15214,38.72941],[-9.15151,38.72941],[-9.15088,38.72941],[-9.15056,38.72972],[-9.15088,38.73004],[-9.15119,38.73035],[-9.15151,38.73067],[-9.15214,38.73067],[-9.15277,38.73067],[-9.15308,38.73098],[-9.15277,38.7313],[-9.15245,38.73161],[-9.15214,38.73193],[-9.15151,38.73193],[-9.15119,38.73224],[-9.15151,38.73256],[-9.15214,38.73256],[-9.15277,38.73256],[-9.1534,38.73256],[-9.15372,38.73224],[-9.15403,38.73193],[-9.15466,38.73193],[-9.15498,38.73161],[-9.15529,38.7313],[-9.15561,38.73098],[-9.15592,38.73067],[-9.15655,38.73067],[-9.15718,38.73067]],[[-9.14804,38.70828],[-9.14772,38.70796],[-9.14741,38.70828],[-9.14772,38.70859],[-9.14804,38.70828]],[[-9.14552,38.70765],[-9.1452,38.70733],[-9.14489,38.70765],[-9.1452,38.70796],[-9.14552,38.70765]],[[-9.14362,38.70575],[-9.14331,38.70607],[-9.14268,38.70607],[-9.14236,38.70638],[-9.14268,38.7067],[-9.14331,38.7067],[-9.14362,38.70638],[-9.14394,38.70607],[-9.14425,38.70638],[-9.14457,38.7067],[-9.14489,38.70638],[-9.1452,38.70607],[-9.14552,38.70575],[-9.1452,38.70544],[-9.14489,38.70575],[-9.14457,38.70607],[-9.14425,38.70575],[-9.14394,38.70544],[-9.14362,38.70575]],[[-9.16034,38.72499],[-9.16002,38.72531],[-9.16034,38.72562],[-9.16097,38.72562],[-9.16128,38.72531],[-9.16097,38.72499],[-9.16034,38.72499]],[[-9.15939,38.72531],[-9.15908,38.72499],[-9.15876,38.72531],[-9.15908,38.72562],[-9.15939,38.72531]],[[-9.15655,38.7149],[-9.15624,38.71521],[-9.15624,38.71584],[-9.15592,38.71616],[-9.15561,38.71648],[-9.15561,38.71711],[-9.15529,38.71742],[-9.15466,38.71742],[-9.15435,38.71711],[-9.15403,38.71679],[-9.15372,38.71711],[-9.15403,38.71742],[-9.15435,38.71774],[-9.15466,38.71805],[-9.15529,38.71805],[-9.15592,38.71805],[-9.15624,38.71774],[-9.15655,38.71742],[-9.15687,38.71711],[-9.15655,38.71679],[-9.15624,38.71648],[-9.15655,38.71616],[-9.15687,38.71584],[-9.15687,38.71521],[-9.15655,38.7149]],[[-9.15372,38.71458],[-9.1534,38.71427],[-9.15308,38.71458],[-9.1534,38.7149],[-9.15372,38.71458]],[[-9.15056,38.719],[-9.15088,38.71931],[-9.15151,38.71931],[-9.15214,38.71931],[-9.15245,38.719],[-9.15277,38.71868],[-9.15308,38.71837],[-9.15277,38.71805],[-9.15245,38.71837],[-9.15214,38.71868],[-9.15151,38.71868],[-9.15088,38.71868],[-9.15056,38.719]],[[-9.15687,38.71017],[-9.15655,38.70985],[-9.15624,38.71017],[-9.15655,38.71048],[-9.15687,38.71017]],[[-9.15435,38.70891],[-9.15403,38.70859],[-9.15372,38.70891],[-9.15403,38.70922],[-9.15435,38.70891]],[[-9.15214,38.71427],[-9.15151,38.71427],[-9.15119,38.71458],[-9.15088,38.7149],[-9.15056,38.71458],[-9.15056,38.71395],[-9.15056,38.71332],[-9.15025,38.71301],[-9.14962,38.71301],[-9.1493,38.71332],[-9.1493,38.71395],[-9.14962,38.71427],[-9.14993,38.71458],[-9.14962,38.7149],[-9.1493,38.71521],[-9.14962,38.71553],[-9.15025,38.71553],[-9.15088,38.71553],[-9.15119,38.71584],[-9.15151,38.71616],[-9.15214,38.71616],[-9.15277,38.71616],[-9.15308,38.71584],[-9.15277,38.71553],[-9.15214,38.71553],[-9.15151,38.71553],[-9.15119,38.71521],[-9.15151,38.7149],[-9.15214,38.7149],[-9.15245,38.71458],[-9.15214,38.71427]],[[-9.15151,38.71679],[-9.15119,38.71711],[-9.15151,38.71742],[-9.15214,38.71742],[-9.15245,38.71711],[-9.15214,38.71679],[-9.15151,38.71679]],[[-9.15119,38.71206],[-9.15088,38.71175],[-9.15056,38.71206],[-9.15088,38.71238],[-9.15119,38.71206]],[[-9.15119,38.70891],[-9.15088,38.70859],[-9.15056,38.70891],[-9.15088,38.70922],[-9.15119,38.70891]]],[[[-9.12786,38.74738],[-9.12817,38.74707],[-9.1288,38.74707],[-9.12912,38.74738],[-9.1288,38.7477],[-9.12817,38.7477],[-9.12786,38.74738]]],[[[-9.13795,38.7518],[-9.13826,38.75148],[-9.13858,38.7518],[-9.13858,38.75243],[-9.13826,38.75274],[-9.13795,38.75243],[-9.13795,38.7518]]],[[[-9.13448,38.75716],[-9.13385,38.75716],[-9.13353,38.75684],[-9.13385,38.75653],[-9.13448,38.75653],[-9.13479,38.75621],[-9.13511,38.7559],[-9.13574,38.7559],[-9.13637,38.7559],[-9.137,38.7559],[-9.13763,38.7559],[-9.13795,38.75621],[-9.13795,38.75684],[-9.13826,38.75716],[-9.13858,38.75747],[-9.13889,38.75779],[-9.13952,38.75779],[-9.14015,38.75779],[-9.14047,38.7581],[-9.14015,38.75842],[-9.13952,38.75842],[-9.13889,38.75842],[-9.13858,38.75873],[-9.13826,38.75905],[-9.13795,38.75873],[-9.13763,38.75842],[-9.13732,38.75873],[-9.13732,38.75937],[-9.137,38.75968],[-9.13637,38.75968],[-9.13574,38.75968],[-9.13542,38.75937],[-9.13511,38.75905],[-9.13479,38.75873],[-9.13479,38.7581],[-9.13479,38.75747],[-9.13448,38.75716]]],[[[-9.14615,38.75873],[-9.14615,38.7581],[-9.14646,38.75779],[-9.14678,38.7581],[-9.14678,38.75873],[-9.14646,38.75905],[-9.14615,38.75873]]],[[[-9.14236,38.75873],[-9.14268,38.75842],[-9.14331,38.75842],[-9.14362,38.75873],[-9.14331,38.75905],[-9.14268,38.75905],[-9.14236,38.75873]]],[[[-9.13889,38.75968],[-9.13858,38.75937],[-9.13889,38.75905],[-9.13921,38.75937],[-9.13889,38.75968]]],[[[-9.13038,38.76063],[-9.13069,38.76031],[-9.13132,38.76031],[-9.13164,38.76063],[-9.13132,38.76094],[-9.13069,38.76094],[-9.13038,38.76063]]],[[[-9.12628,38.76346],[-9.12659,38.76378],[-9.12628,38.7641],[-9.12565,38.7641],[-9.12502,38.7641],[-9.1247,38.76441],[-9.12439,38.76473],[-9.12407,38.76441],[-9.12376,38.7641],[-9.12344,38.76378],[-9.12376,38.76346],[-9.12439,38.76346],[-9.12502,38.76346],[-9.12565,38.76346],[-9.12628,38.76346]]],[[[-9.14457,38.76536],[-9.14425,38.76504],[-9.14457,38.76473],[-9.14489,38.76504],[-9.14457,38.76536]]],[[[-9.14646,38.76725],[-9.14583,38.76725],[-9.1452,38.76725],[-9.14489,38.76693],[-9.1452,38.76662],[-9.14583,38.76662],[-9.14646,38.76662],[-9.14678,38.76693],[-9.14646,38.76725]]],[[[-9.12628,38.76662],[-9.12659,38.76693],[-9.12628,38.76725],[-9.12565,38.76725],[-9.12502,38.76725],[-9.12439,38.76725],[-9.12407,38.76693],[-9.12439,38.76662],[-9.12502,38.76662],[-9.12565,38.76662],[-9.12628,38.76662]]],[[[-9.16097,38.76851],[-9.16065,38.7682],[-9.16065,38.76756],[-9.16097,38.76725],[-9.1616,38.76725],[-9.16191,38.76756],[-9.1616,38.76788],[-9.16128,38.7682],[-9.16097,38.76851]]],[[[-9.12628,38.76914],[-9.12596,38.76883],[-9.12596,38.7682],[-9.12628,38.76788],[-9.12691,38.76788],[-9.12722,38.7682],[-9.12691,38.76851],[-9.12659,38.76883],[-9.12628,38.76914]]],[[[-9.1575,38.76946],[-9.15782,38.76914],[-9.15845,38.76914],[-9.15876,38.76946],[-9.15845,38.76977],[-9.15782,38.76977],[-9.1575,38.76946]]],[[[-9.15939,38.76946],[-9.15971,38.76914],[-9.16034,38.76914],[-9.16065,38.76946],[-9.16034,38.76977],[-9.15971,38.76977],[-9.15939,38.76946]]],[[[-9.14079,38.7704],[-9.14047,38.77009],[-9.14079,38.76977],[-9.1411,38.77009],[-9.14079,38.7704]]],[[[-9.14457,38.77103],[-9.14425,38.77072],[-9.14457,38.7704],[-9.14489,38.77072],[-9.14457,38.77103]]],[[[-9.12849,38.77955],[-9.12817,38.77923],[-9.12754,38.77923],[-9.12691,38.77923],[-9.12628,38.77923],[-9.12565,38.77923],[-9.12502,38.77923],[-9.1247,38.77892],[-9.12502,38.7786],[-9.12565,38.7786],[-9.12628,38.7786],[-9.12691,38.7786],[-9.12754,38.7786],[-9.12817,38.7786],[-9.1288,38.7786],[-9.12912,38.77829],[-9.12912,38.77766],[-9.12912,38.77703],[-9.12943,38.77671],[-9.12975,38.77639],[-9.13006,38.77608],[-9.13038,38.77576],[-9.13006,38.77545],[-9.12975,38.77513],[-9.13006,38.77482],[-9.13038,38.7745],[-9.13069,38.77419],[-9.13132,38.77419],[-9.13164,38.7745],[-9.13164,38.77513],[-9.13196,38.77545],[-9.13227,38.77513],[-9.13227,38.7745],[-9.13196,38.77419],[-9.13164,38.77387],[-9.13164,38.77324],[-9.13164,38.77261],[-9.13196,38.7723],[-9.13227,38.77198],[-9.13196,38.77166],[-9.13164,38.77135],[-9.13132,38.77103],[-9.13069,38.77103],[-9.13038,38.77072],[-9.13069,38.7704],[-9.13132,38.7704],[-9.13164,38.77009],[-9.13164,38.76946],[-9.13132,38.76914],[-9.13069,38.76914],[-9.13038,38.76883],[-9.13006,38.76851],[-9.12975,38.7682],[-9.12975,38.76756],[-9.12943,38.76725],[-9.12912,38.76756],[-9.1288,38.76788],[-9.12817,38.76788],[-9.12754,38.76788],[-9.12722,38.76756],[-9.12722,38.76693],[-9.12722,38.7663],[-9.12691,38.76599],[-9.12659,38.76567],[-9.12659,38.76504],[-9.12691,38.76473],[-9.12722,38.76441],[-9.12722,38.76378],[-9.12691,38.76346],[-9.12659,38.76315],[-9.12659,38.76252],[-9.12691,38.7622],[-9.12754,38.7622],[-9.12817,38.7622],[-9.12849,38.76189],[-9.1288,38.76157],[-9.12912,38.76126],[-9.12943,38.76094],[-9.12975,38.76126],[-9.13006,38.76157],[-9.13069,38.76157],[-9.13132,38.76157],[-9.13164,38.76189],[-9.13196,38.7622],[-9.13227,38.76252],[-9.13259,38.76283],[-9.13322,38.76283],[-9.13385,38.76283],[-9.13448,38.76283],[-9.13511,38.76283],[-9.13574,38.76283],[-9.13637,38.76283],[-9.137,38.76283],[-9.13732,38.76252],[-9.13763,38.7622],[-9.13826,38.7622],[-9.13889,38.7622],[-9.13921,38.76252],[-9.13952,38.76283],[-9.14015,38.76283],[-9.14047,38.76252],[-9.14079,38.7622],[-9.14142,38.7622],[-9.14173,38.76252],[-9.14142,38.76283],[-9.1411,38.76315],[-9.14142,38.76346],[-9.14205,38.76346],[-9.14236,38.76378],[-9.14268,38.7641],[-9.14331,38.7641],[-9.14362,38.76441],[-9.14362,38.76504],[-9.14394,38.76536],[-9.14425,38.76567],[-9.14425,38.7663],[-9.14425,38.76693],[-9.14394,38.76725],[-9.14362,38.76693],[-9.14362,38.7663],[-9.14331,38.76599],[-9.14299,38.7663],[-9.14299,38.76693],[-9.14268,38.76725],[-9.14205,38.76725],[-9.14173,38.76756],[-9.14142,38.76788],[-9.1411,38.7682],[-9.1411,38.76883],[-9.14079,38.76914],[-9.14047,38.76946],[-9.14015,38.76977],[-9.13952,38.76977],[-9.13921,38.77009],[-9.13921,38.77072],[-9.13952,38.77103],[-9.14015,38.77103],[-9.14047,38.77135],[-9.14079,38.77166],[-9.1411,38.77198],[-9.14079,38.7723],[-9.14015,38.7723],[-9.13952,38.7723],[-9.13921,38.77261],[-9.13952,38.77293],[-9.14015,38.77293],[-9.14047,38.77324],[-9.14015,38.77356],[-9.13952,38.77356],[-9.13889,38.77356],[-9.13858,38.77387],[-9.13826,38.77419],[-9.13795,38.7745],[-9.13795,38.77513],[-9.13763,38.77545],[-9.13732,38.77513],[-9.137,38.77482],[-9.13637,38.77482],[-9.13574,38.77482],[-9.13511,38.77482],[-9.13479,38.77513],[-9.13479,38.77576],[-9.13479,38.77639],[-9.13479,38.77703],[-9.13479,38.77766],[-9.13479,38.77829],[-9.13479,38.77892],[-9.13479,38.77955],[-9.13448,38.77986],[-9.13385,38.77986],[-9.13322,38.77986],[-9.13259,38.77986],[-9.13196,38.77986],[-9.13164,38.78018],[-9.13132,38.78049],[-9.13069,38.78049],[-9.13006,38.78049],[-9.12975,38.78081],[-9.12943,38.78113],[-9.12912,38.78081],[-9.1288,38.78049],[-9.12817,38.78049],[-9.12754,38.78049],[-9.12722,38.78018],[-9.12754,38.77986],[-9.12817,38.77986],[-9.12849,38.77955]],[[-9.13952,38.76725],[-9.13921,38.76756],[-9.13952,38.76788],[-9.14015,38.76788],[-9.14047,38.76756],[-9.14015,38.76725],[-9.13952,38.76725]],[[-9.13385,38.77356],[-9.13353,38.77387],[-9.13385,38.77419],[-9.13448,38.77419],[-9.13479,38.77387],[-9.13448,38.77356],[-9.13385,38.77356]]],[[[-9.12596,38.77198],[-9.12565,38.7723],[-9.12502,38.7723],[-9.1247,38.77198],[-9.1247,38.77135],[-9.12502,38.77103],[-9.12565,38.77103],[-9.12596,38.77135],[-9.12596,38.77198]]],[[[-9.16097,38.77482],[-9.16128,38.7745],[-9.16097,38.77419],[-9.16034,38.77419],[-9.15971,38.77419],[-9.15939,38.77387],[-9.15971,38.77356],[-9.16034,38.77356],[-9.16065,38.77324],[-9.16034,38.77293],[-9.15971,38.77293],[-9.15939,38.77261],[-9.15908,38.7723],[-9.15876,38.77261],[-9.15845,38.77293],[-9.15782,38.77293],[-9.1575,38.77261],[-9.1575,38.77198],[-9.1575,38.77135],[-9.1575,38.77072],[-9.15782,38.7704],[-9.15845,38.7704],[-9.15908,38.7704],[-9.15971,38.7704],[-9.16034,38.7704],[-9.16065,38.77009],[-9.16097,38.76977],[-9.16128,38.77009],[-9.1616,38.7704],[-9.16223,38.7704],[-9.16255,38.77072],[-9.16255,38.77135],[-9.16223,38.77166],[-9.1616,38.77166],[-9.16128,38.77198],[-9.1616,38.7723],[-9.16223,38.7723],[-9.16286,38.7723],[-9.16349,38.7723],[-9.16381,38.77261],[-9.16349,38.77293],[-9.16286,38.77293],[-9.16223,38.77293],[-9.16191,38.77324],[-9.16223,38.77356],[-9.16255,38.77387],[-9.16223,38.77419],[-9.16191,38.7745],[-9.16191,38.77513],[-9.1616,38.77545],[-9.16128,38.77576],[-9.16097,38.77608],[-9.16034,38.77608],[-9.15971,38.77608],[-9.15908,38.77608],[-9.15876,38.77639],[-9.15845,38.77671],[-9.15813,38.77639],[-9.15813,38.77576],[-9.15845,38.77545],[-9.15908,38.77545],[-9.15939,38.77513],[-9.15971,38.77482],[-9.16034,38.77482],[-9.16097,38.77482]]],[[[-9.15908,38.77482],[-9.15876,38.7745],[-9.15908,38.77419],[-9.15939,38.7745],[-9.15908,38.77482]]],[[[-9.15718,38.77545],[-9.15655,38.77545],[-9.15592,38.77545],[-9.15561,38.77513],[-9.15592,38.77482],[-9.15655,38.77482],[-9.15718,38.77482],[-9.1575,38.77513],[-9.15718,38.77545]]],[[[-9.14962,38.77608],[-9.1493,38.77576],[-9.14962,38.77545],[-9.14993,38.77576],[-9.14962,38.77608]]],[[[-9.13574,38.77608],[-9.13542,38.77576],[-9.13574,38.77545],[-9.13606,38.77576],[-9.13574,38.77608]]],[[[-9.15025,38.77671],[-9.14993,38.77639],[-9.15025,38.77608],[-9.15056,38.77639],[-9.15025,38.77671]]],[[[-9.1247,38.77829],[-9.12439,38.7786],[-9.12407,38.77829],[-9.12439,38.77797],[-9.1247,38.77829]]],[[[-9.14898,38.77923],[-9.14835,38.77923],[-9.14772,38.77923],[-9.14741,38.77892],[-9.14772,38.7786],[-9.14835,38.7786],[-9.14898,38.7786],[-9.1493,38.77892],[-9.14898,38.77923]]],[[[-9.12691,38.78113],[-9.12659,38.78081],[-9.12691,38.78049],[-9.12722,38.78081],[-9.12691,38.78113]]],[[[-9.1288,38.78176],[-9.12849,38.78144],[-9.1288,38.78113],[-9.12912,38.78144],[-9.1288,38.78176]]],[[[-9.13259,38.78239],[-9.13227,38.78207],[-9.13259,38.78176],[-9.1329,38.78207],[-9.13259,38.78239]]],[[[-9.13385,38.78302],[-9.13322,38.78302],[-9.1329,38.7827],[-9.13322,38.78239],[-9.13353,38.78207],[-9.13385,38.78176],[-9.13416,38.78207],[-9.13416,38.7827],[-9.13385,38.78302]]],[[[-9.1206,38.71931],[-9.12029,38.719],[-9.1206,38.71868],[-9.12092,38.719],[-9.1206,38.71931]]],[[[-9.11587,38.72594],[-9.11556,38.72625],[-9.11524,38.72594],[-9.11556,38.72562],[-9.11587,38.72594]]],[[[-9.11556,38.72814],[-9.11524,38.72783],[-9.11556,38.72751],[-9.11587,38.72783],[-9.11556,38.72814]]],[[[-9.11335,38.72846],[-9.11366,38.72814],[-9.11429,38.72814],[-9.11461,38.72846],[-9.11429,38.72877],[-9.11366,38.72877],[-9.11335,38.72846]]],[[[-9.10893,38.73035],[-9.10925,38.73004],[-9.10956,38.73035],[-9.10956,38.73098],[-9.10925,38.7313],[-9.10893,38.73098],[-9.10893,38.73035]]],[[[-9.1102,38.73351],[-9.11051,38.73319],[-9.11114,38.73319],[-9.11146,38.73351],[-9.11114,38.73382],[-9.11051,38.73382],[-9.1102,38.73351]]],[[[-9.1061,38.73445],[-9.10578,38.73414],[-9.1061,38.73382],[-9.10641,38.73414],[-9.1061,38.73445]]],[[[-9.10042,38.73792],[-9.10042,38.73729],[-9.10105,38.73666],[-9.10105,38.73603],[-9.10168,38.7354],[-9.10168,38.73477],[-9.10231,38.73414],[-9.10231,38.73351],[-9.10263,38.73319],[-9.10294,38.73319],[-9.10357,38.73319],[-9.1042,38.73319],[-9.10452,38.73351],[-9.10452,38.73414],[-9.10452,38.73477],[-9.1042,38.73508],[-9.10389,38.7354],[-9.1042,38.73571],[-9.10452,38.73603],[-9.1042,38.73634],[-9.10389,38.73666],[-9.10389,38.73729],[-9.10389,38.73792],[-9.10357,38.73824],[-9.10326,38.73855],[-9.10326,38.73918],[-9.10294,38.7395],[-9.10263,38.73918],[-9.10231,38.73887],[-9.10168,38.73887],[-9.10105,38.73887],[-9.10042,38.73887],[-9.09979,38.73887],[-9.09979,38.73855],[-9.10042,38.73792]]],[[[-9.1206,38.73697],[-9.12029,38.73666],[-9.1206,38.73634],[-9.12092,38.73666],[-9.1206,38.73697]]],[[[-9.12123,38.73824],[-9.12092,38.73792],[-9.12123,38.73761],[-9.12155,38.73792],[-9.12123,38.73824]]],[[[-9.1001,38.74044],[-9.09979,38.74076],[-9.09916,38.74076],[-9.09853,38.74076],[-9.09853,38.74044],[-9.09916,38.73981],[-9.09947,38.7395],[-9.09979,38.7395],[-9.1001,38.73981],[-9.1001,38.74044]]],[[[-9.10105,38.74076],[-9.10073,38.74044],[-9.10105,38.74013],[-9.10136,38.74044],[-9.10105,38.74076]]],[[[-9.11587,38.74044],[-9.11619,38.74013],[-9.11682,38.74013],[-9.11713,38.74044],[-9.11682,38.74076],[-9.11619,38.74076],[-9.11587,38.74044]]],[[[-9.12249,38.74391],[-9.12218,38.7436],[-9.12249,38.74328],[-9.12281,38.7436],[-9.12249,38.74391]]],[[[-9.10673,38.7458],[-9.10641,38.74549],[-9.10673,38.74517],[-9.10704,38.74549],[-9.10673,38.7458]]],[[[-9.10042,38.74959],[-9.1001,38.74927],[-9.10042,38.74896],[-9.10073,38.74927],[-9.10042,38.74959]]],[[[-9.10389,38.7499],[-9.10357,38.75022],[-9.10326,38.7499],[-9.10357,38.74959],[-9.10389,38.7499]]],[[[-9.09884,38.7499],[-9.09916,38.74959],[-9.09979,38.74959],[-9.1001,38.7499],[-9.09979,38.75022],[-9.09916,38.75022],[-9.09884,38.7499]]],[[[-9.12155,38.75117],[-9.12186,38.75085],[-9.12249,38.75085],[-9.12281,38.75117],[-9.12249,38.75148],[-9.12186,38.75148],[-9.12155,38.75117]]],[[[-9.11745,38.75148],[-9.11713,38.75117],[-9.11745,38.75085],[-9.11776,38.75117],[-9.11745,38.75148]]],[[[-9.10988,38.75653],[-9.10956,38.75621],[-9.10988,38.7559],[-9.1102,38.75621],[-9.10988,38.75653]]],[[[-9.11556,38.75779],[-9.11524,38.75747],[-9.11556,38.75716],[-9.11587,38.75747],[-9.11556,38.75779]]],[[[-9.10452,38.76063],[-9.10483,38.76031],[-9.10546,38.76031],[-9.10578,38.76063],[-9.10546,38.76094],[-9.10483,38.76094],[-9.10452,38.76063]]],[[[-9.10578,38.76189],[-9.10546,38.7622],[-9.10483,38.7622],[-9.1042,38.7622],[-9.10389,38.76189],[-9.1042,38.76157],[-9.10483,38.76157],[-9.10546,38.76157],[-9.10578,38.76189]]],[[[-9.09947,38.78838],[-9.09916,38.78806],[-9.09853,38.78806],[-9.09821,38.78775],[-9.0979,38.78743],[-9.09727,38.78743],[-9.09695,38.78712],[-9.09663,38.7868],[-9.096,38.7868],[-9.09569,38.78649],[-9.09537,38.78617],[-9.09474,38.78617],[-9.09443,38.78586],[-9.09474,38.78554],[-9.09506,38.78523],[-9.09474,38.78491],[-9.09443,38.78459],[-9.09443,38.78396],[-9.09411,38.78365],[-9.0938,38.78333],[-9.0938,38.7827],[-9.0938,38.78207],[-9.09348,38.78176],[-9.09285,38.78176],[-9.09222,38.78176],[-9.0919,38.78144],[-9.09222,38.78113],[-9.09253,38.78081],[-9.09222,38.78049],[-9.09159,38.78049],[-9.09096,38.78049],[-9.09096,38.78018],[-9.09096,38.77955],[-9.09096,38.77892],[-9.09096,38.77829],[-9.09096,38.77766],[-9.09096,38.77703],[-9.09096,38.77639],[-9.09096,38.77576],[-9.09096,38.77513],[-9.09096,38.7745],[-9.09159,38.77387],[-9.09096,38.77324],[-9.09159,38.77261],[-9.09159,38.77198],[-9.09159,38.77135],[-9.09159,38.77072],[-9.09159,38.77009],[-9.09159,38.76946],[-9.09159,38.76883],[-9.09159,38.7682],[-9.09159,38.76756],[-9.09222,38.76693],[-9.09285,38.76693],[-9.09348,38.76693],[-9.09411,38.76693],[-9.09474,38.7663],[-9.09474,38.76567],[-9.09474,38.76504],[-9.09474,38.76441],[-9.09474,38.76378],[-9.09411,38.76315],[-9.09348,38.76315],[-9.09285,38.76315],[-9.09222,38.76378],[-9.09159,38.76315],[-9.09096,38.76252],[-9.09096,38.76189],[-9.09033,38.76126],[-9.09033,38.76063],[-9.09033,38.76],[-9.09033,38.75937],[-9.09033,38.75873],[-9.09096,38.7581],[-9.09096,38.75747],[-9.09096,38.75684],[-9.09159,38.75621],[-9.09159,38.75558],[-9.09159,38.75495],[-9.09222,38.75432],[-9.09222,38.75369],[-9.09285,38.75306],[-9.09348,38.75306],[-9.09411,38.75306],[-9.09474,38.75243],[-9.09474,38.7518],[-9.09474,38.75117],[-9.09537,38.75054],[-9.09537,38.7499],[-9.09537,38.74927],[-9.096,38.74864],[-9.096,38.74801],[-9.096,38.74738],[-9.096,38.74675],[-9.096,38.74612],[-9.096,38.74549],[-9.09663,38.74486],[-9.09663,38.74423],[-9.09727,38.7436],[-9.09727,38.74297],[-9.09727,38.74234],[-9.0979,38.7417],[-9.09821,38.74139],[-9.09853,38.74139],[-9.09884,38.7417],[-9.09853,38.74202],[-9.09821,38.74234],[-9.09853,38.74265],[-9.09884,38.74234],[-9.09916,38.74202],[-9.09979,38.74202],[-9.1001,38.74234],[-9.10042,38.74265],[-9.10105,38.74265],[-9.10136,38.74297],[-9.10136,38.7436],[-9.10136,38.74423],[-9.10168,38.74454],[-9.10231,38.74454],[-9.10263,38.74423],[-9.10294,38.74391],[-9.10357,38.74391],[-9.10389,38.74423],[-9.1042,38.74454],[-9.10452,38.74486],[-9.10452,38.74549],[-9.10452,38.74612],[-9.10452,38.74675],[-9.10483,38.74707],[-9.10546,38.74707],[-9.10578,38.74675],[-9.10578,38.74612],[-9.1061,38.7458],[-9.10641,38.74612],[-9.10673,38.74644],[-9.10736,38.74644],[-9.10799,38.74644],[-9.1083,38.74612],[-9.1083,38.74549],[-9.1083,38.74486],[-9.1083,38.74423],[-9.10862,38.74391],[-9.10893,38.7436],[-9.10893,38.74297],[-9.10862,38.74265],[-9.1083,38.74234],[-9.10799,38.74202],[-9.10736,38.74202],[-9.10673,38.74202],[-9.10641,38.7417],[-9.10673,38.74139],[-9.10736,38.74139],[-9.10799,38.74139],[-9.1083,38.74107],[-9.10799,38.74076],[-9.10736,38.74076],[-9.10704,38.74044],[-9.10704,38.73981],[-9.10736,38.7395],[-9.10799,38.7395],[-9.1083,38.73918],[-9.1083,38.73855],[-9.10862,38.73824],[-9.10893,38.73792],[-9.10925,38.73761],[-9.10956,38.73792],[-9.10988,38.73824],[-9.11051,38.73824],[-9.11114,38.73824],[-9.11146,38.73792],[-9.11177,38.73761],[-9.1124,38.73761],[-9.11303,38.73761],[-9.11335,38.73792],[-9.11335,38.73855],[-9.11366,38.73887],[-9.11429,38.73887],[-9.11461,38.73918],[-9.11493,38.7395],[-9.11524,38.73981],[-9.11524,38.74044],[-9.11556,38.74076],[-9.11587,38.74107],[-9.11619,38.74139],[-9.11682,38.74139],[-9.11745,38.74139],[-9.11776,38.74107],[-9.11808,38.74076],[-9.11871,38.74076],[-9.11903,38.74107],[-9.11934,38.74139],[-9.11997,38.74139],[-9.12029,38.7417],[-9.1206,38.74202],[-9.12092,38.74234],[-9.12092,38.74297],[-9.12123,38.74328],[-9.12155,38.7436],[-9.12155,38.74423],[-9.12155,38.74486],[-9.12155,38.74549],[-9.12186,38.7458],[-9.12249,38.7458],[-9.12313,38.7458],[-9.12344,38.74612],[-9.12344,38.74675],[-9.12376,38.74707],[-9.12407,38.74738],[-9.12407,38.74801],[-9.12407,38.74864],[-9.12376,38.74896],[-9.12344,38.74927],[-9.12313,38.74959],[-9.12281,38.74927],[-9.12249,38.74896],[-9.12186,38.74896],[-9.12155,38.74927],[-9.12123,38.74959],[-9.1206,38.74959],[-9.11997,38.74959],[-9.11934,38.74959],[-9.11903,38.74927],[-9.11871,38.74896],[-9.11839,38.74927],[-9.11808,38.74959],[-9.11745,38.74959],[-9.11713,38.7499],[-9.11682,38.75022],[-9.11619,38.75022],[-9.11587,38.7499],[-9.11587,38.74927],[-9.11556,38.74896],[-9.11524,38.74927],[-9.11524,38.7499],[-9.11493,38.75022],[-9.11429,38.75022],[-9.11366,38.75022],[-9.11335,38.75054],[-9.11366,38.75085],[-9.11429,38.75085],[-9.11493,38.75085],[-9.11556,38.75085],[-9.11587,38.75117],[-9.11619,38.75148],[-9.11682,38.75148],[-9.11713,38.7518],[-9.11745,38.75211],[-9.11776,38.7518],[-9.11808,38.75148],[-9.11839,38.7518],[-9.11839,38.75243],[-9.11839,38.75306],[-9.11839,38.75369],[-9.11839,38.75432],[-9.11839,38.75495],[-9.11871,38.75527],[-9.11934,38.75527],[-9.11997,38.75527],[-9.1206,38.75527],[-9.12123,38.75527],[-9.12155,38.75558],[-9.12186,38.7559],[-9.12249,38.7559],[-9.12313,38.7559],[-9.12344,38.75621],[-9.12376,38.75653],[-9.12407,38.75684],[-9.12407,38.75747],[-9.12407,38.7581],[-9.12376,38.75842],[-9.12344,38.75873],[-9.12376,38.75905],[-9.12407,38.75937],[-9.12407,38.76],[-9.12407,38.76063],[-9.12376,38.76094],[-9.12344,38.76126],[-9.12344,38.76189],[-9.12344,38.76252],[-9.12344,38.76315],[-9.12313,38.76346],[-9.12281,38.76378],[-9.12249,38.7641],[-9.12186,38.7641],[-9.12123,38.7641],[-9.12092,38.76441],[-9.1206,38.76473],[-9.12029,38.76504],[-9.12029,38.76567],[-9.1206,38.76599],[-9.12092,38.76567],[-9.12092,38.76504],[-9.12123,38.76473],[-9.12186,38.76473],[-9.12249,38.76473],[-9.12313,38.76473],[-9.12376,38.76473],[-9.12407,38.76504],[-9.12407,38.76567],[-9.12407,38.7663],[-9.12376,38.76662],[-9.12344,38.76693],[-9.12313,38.76725],[-9.12281,38.76756],[-9.12281,38.7682],[-9.12313,38.76851],[-9.12344,38.76883],[-9.12313,38.76914],[-9.12249,38.76914],[-9.12186,38.76914],[-9.12123,38.76914],[-9.12092,38.76883],[-9.1206,38.76851],[-9.11997,38.76851],[-9.11934,38.76851],[-9.11871,38.76851],[-9.11839,38.7682],[-9.11839,38.76756],[-9.11871,38.76725],[-9.11903,38.76756],[-9.11934,38.76788],[-9.11997,38.76788],[-9.12029,38.76756],[-9.11997,38.76725],[-9.11934,38.76725],[-9.11903,38.76693],[-9.11871,38.76662],[-9.11839,38.7663],[-9.11839,38.76567],[-9.11808,38.76536],[-9.11776,38.76567],[-9.11776,38.7663],[-9.11745,38.76662],[-9.11682,38.76662],[-9.11619,38.76662],[-9.11587,38.76693],[-9.11587,38.76756],[-9.11556,38.76788],[-9.11524,38.76756],[-9.11493,38.76725],[-9.11429,38.76725],[-9.11398,38.76756],[-9.11429,38.76788],[-9.11461,38.7682],[-9.11429,38.76851],[-9.11398,38.76883],[-9.11429,38.76914],[-9.11461,38.76946],[-9.11461,38.77009],[-9.11429,38.7704],[-9.11366,38.7704],[-9.11303,38.7704],[-9.11272,38.77072],[-9.11272,38.77135],[-9.11303,38.77166],[-9.11366,38.77166],[-9.11398,38.77135],[-9.11429,38.77103],[-9.11493,38.77103],[-9.11524,38.77135],[-9.11524,38.77198],[-9.11493,38.7723],[-9.11461,38.77261],[-9.11493,38.77293],[-9.11556,38.77293],[-9.11587,38.77324],[-9.11587,38.77387],[-9.11587,38.7745],[-9.11556,38.77482],[-9.11524,38.77513],[-9.11493,38.77545],[-9.11461,38.77576],[-9.11493,38.77608],[-9.11556,38.77608],[-9.11619,38.77608],[-9.11682,38.77608],[-9.11713,38.77576],[-9.11745,38.77545],[-9.11808,38.77545],[-9.11839,38.77576],[-9.11839,38.77639],[-9.11871,38.77671],[-9.11934,38.77671],[-9.11997,38.77671],[-9.12029,38.77703],[-9.1206,38.77734],[-9.12092,38.77766],[-9.12092,38.77829],[-9.1206,38.7786],[-9.11997,38.7786],[-9.11934,38.7786],[-9.11903,38.77892],[-9.11934,38.77923],[-9.11997,38.77923],[-9.12029,38.77955],[-9.12029,38.78018],[-9.1206,38.78049],[-9.12092,38.78081],[-9.1206,38.78113],[-9.12029,38.78144],[-9.1206,38.78176],[-9.12092,38.78144],[-9.12123,38.78113],[-9.12155,38.78144],[-9.12155,38.78207],[-9.12123,38.78239],[-9.12095,38.78267],[-9.12072,38.78268],[-9.12046,38.78251],[-9.12034,38.78259],[-9.11958,38.78204],[-9.11839,38.78169],[-9.11839,38.78144],[-9.11839,38.78081],[-9.11808,38.78049],[-9.11776,38.78018],[-9.11776,38.77955],[-9.11745,38.77923],[-9.11682,38.77923],[-9.11619,38.77923],[-9.11587,38.77892],[-9.11556,38.7786],[-9.11524,38.77829],[-9.11524,38.77766],[-9.11493,38.77734],[-9.11461,38.77766],[-9.11429,38.77797],[-9.11398,38.77766],[-9.11398,38.77703],[-9.11398,38.77639],[-9.11366,38.77608],[-9.11303,38.77608],[-9.11272,38.77639],[-9.1124,38.77671],[-9.11209,38.77703],[-9.11177,38.77734],[-9.11146,38.77703],[-9.11114,38.77671],[-9.11051,38.77671],[-9.10988,38.77671],[-9.10925,38.77671],[-9.10923,38.77671],[-9.10845,38.77622],[-9.10749,38.77546],[-9.10648,38.77482],[-9.09913,38.77522],[-9.1001,38.78176],[-9.09979,38.78176],[-9.09947,38.78207],[-9.09947,38.7827],[-9.09979,38.78302],[-9.10028,38.78302],[-9.10088,38.78705],[-9.10098,38.78869],[-9.10042,38.78869],[-9.1001,38.78901],[-9.10042,38.78932],[-9.10102,38.78932],[-9.10102,38.78935],[-9.10098,38.78996],[-9.10042,38.78996],[-9.1001,38.79027],[-9.09979,38.79059],[-9.09947,38.79027],[-9.09916,38.78996],[-9.09853,38.78996],[-9.09821,38.78964],[-9.09853,38.78932],[-9.09916,38.78932],[-9.09947,38.78901],[-9.09947,38.78838]],[[-9.09853,38.77923],[-9.09821,38.77955],[-9.09853,38.77986],[-9.09916,38.77986],[-9.09947,38.77955],[-9.09916,38.77923],[-9.09853,38.77923]],[[-9.09443,38.77072],[-9.09411,38.7704],[-9.09348,38.7704],[-9.09285,38.7704],[-9.09253,38.77072],[-9.09285,38.77103],[-9.09348,38.77103],[-9.09411,38.77103],[-9.09443,38.77072]],[[-9.12155,38.74738],[-9.12123,38.74707],[-9.12092,38.74738],[-9.12123,38.7477],[-9.12155,38.74738]],[[-9.11934,38.74707],[-9.11903,38.74738],[-9.11934,38.7477],[-9.11997,38.7477],[-9.12029,38.74738],[-9.11997,38.74707],[-9.11934,38.74707]],[[-9.11619,38.74202],[-9.11587,38.74234],[-9.11619,38.74265],[-9.11682,38.74265],[-9.11713,38.74234],[-9.11682,38.74202],[-9.11619,38.74202]],[[-9.11524,38.74801],[-9.11493,38.7477],[-9.11461,38.74801],[-9.11493,38.74833],[-9.11524,38.74801]],[[-9.11366,38.74139],[-9.11335,38.7417],[-9.11366,38.74202],[-9.11429,38.74202],[-9.11461,38.7417],[-9.11429,38.74139],[-9.11366,38.74139]],[[-9.12344,38.76],[-9.12313,38.75968],[-9.12281,38.76],[-9.12313,38.76031],[-9.12344,38.76]],[[-9.12186,38.7622],[-9.12155,38.76252],[-9.12186,38.76283],[-9.12249,38.76283],[-9.12281,38.76252],[-9.12249,38.7622],[-9.12186,38.7622]],[[-9.11903,38.75873],[-9.11871,38.75842],[-9.11839,38.75873],[-9.11871,38.75905],[-9.11903,38.75873]],[[-9.11839,38.76441],[-9.11808,38.7641],[-9.11776,38.76441],[-9.11808,38.76473],[-9.11839,38.76441]],[[-9.11619,38.76536],[-9.11587,38.76567],[-9.11619,38.76599],[-9.11682,38.76599],[-9.11713,38.76567],[-9.11682,38.76536],[-9.11619,38.76536]],[[-9.11619,38.75653],[-9.11587,38.75621],[-9.11556,38.7559],[-9.11493,38.7559],[-9.11429,38.7559],[-9.11366,38.7559],[-9.11335,38.75558],[-9.11303,38.75527],[-9.11272,38.75558],[-9.11272,38.75621],[-9.11303,38.75653],[-9.11366,38.75653],[-9.11429,38.75653],[-9.11461,38.75684],[-9.11461,38.75747],[-9.11429,38.75779],[-9.11398,38.7581],[-9.11429,38.75842],[-9.11493,38.75842],[-9.11556,38.75842],[-9.11587,38.7581],[-9.11619,38.75779],[-9.11682,38.75779],[-9.11745,38.75779],[-9.11776,38.75747],[-9.11776,38.75684],[-9.11745,38.75653],[-9.11682,38.75653],[-9.11619,38.75653]],[[-9.11524,38.77387],[-9.11493,38.77356],[-9.11461,38.77387],[-9.11493,38.77419],[-9.11524,38.77387]],[[-9.11619,38.77671],[-9.11587,38.77703],[-9.11619,38.77734],[-9.11682,38.77734],[-9.11713,38.77703],[-9.11682,38.77671],[-9.11619,38.77671]],[[-9.11272,38.76315],[-9.1124,38.76283],[-9.11209,38.76315],[-9.1124,38.76346],[-9.11272,38.76315]],[[-9.11209,38.77576],[-9.11177,38.77545],[-9.11146,38.77576],[-9.11177,38.77608],[-9.11209,38.77576]],[[-9.10862,38.77293],[-9.10799,38.77293],[-9.10736,38.77293],[-9.10704,38.77324],[-9.10736,38.77356],[-9.10799,38.77356],[-9.1083,38.77387],[-9.10799,38.77419],[-9.10736,38.77419],[-9.10704,38.7745],[-9.10736,38.77482],[-9.10799,38.77482],[-9.1083,38.7745],[-9.10862,38.77419],[-9.10893,38.77387],[-9.10925,38.77356],[-9.10988,38.77356],[-9.1102,38.77324],[-9.10988,38.77293],[-9.10925,38.77293],[-9.10862,38.77293]],[[-9.10641,38.76946],[-9.10641,38.77009],[-9.1061,38.7704],[-9.10546,38.7704],[-9.10483,38.7704],[-9.10452,38.77072],[-9.10483,38.77103],[-9.10546,38.77103],[-9.1061,38.77103],[-9.10673,38.77103],[-9.10704,38.77072],[-9.10736,38.7704],[-9.10799,38.7704],[-9.1083,38.77009],[-9.1083,38.76946],[-9.10799,38.76914],[-9.10736,38.76914],[-9.10673,38.76914],[-9.10641,38.76946]],[[-9.10136,38.76252],[-9.10105,38.7622],[-9.10073,38.76252],[-9.10105,38.76283],[-9.10136,38.76252]],[[-9.12186,38.75653],[-9.12155,38.75684],[-9.12186,38.75716],[-9.12249,38.75716],[-9.12281,38.75684],[-9.12249,38.75653],[-9.12186,38.75653]],[[-9.11713,38.75306],[-9.11682,38.75274],[-9.11619,38.75274],[-9.11556,38.75274],[-9.11524,38.75306],[-9.11556,38.75337],[-9.11619,38.75337],[-9.11682,38.75337],[-9.11713,38.75306]],[[-9.1124,38.74833],[-9.11209,38.74864],[-9.1124,38.74896],[-9.11303,38.74896],[-9.11335,38.74864],[-9.11303,38.74833],[-9.1124,38.74833]],[[-9.11209,38.77072],[-9.11177,38.7704],[-9.11114,38.7704],[-9.11051,38.7704],[-9.1102,38.77072],[-9.11051,38.77103],[-9.11114,38.77103],[-9.11177,38.77103],[-9.11209,38.77072]],[[-9.11114,38.75463],[-9.11051,38.75463],[-9.10988,38.75463],[-9.10956,38.75432],[-9.10925,38.754],[-9.10893,38.75369],[-9.10862,38.75337],[-9.1083,38.75306],[-9.1083,38.75243],[-9.1083,38.7518],[-9.10862,38.75148],[-9.10893,38.75117],[-9.10862,38.75085],[-9.1083,38.75054],[-9.1083,38.7499],[-9.10862,38.74959],[-9.10893,38.74927],[-9.10862,38.74896],[-9.10799,38.74896],[-9.10736,38.74896],[-9.10704,38.74927],[-9.10673,38.74959],[-9.10641,38.74927],[-9.1061,38.74896],[-9.10546,38.74896],[-9.10483,38.74896],[-9.10452,38.74927],[-9.1042,38.74959],[-9.10389,38.74927],[-9.10357,38.74896],[-9.10326,38.74927],[-9.10294,38.74959],[-9.10263,38.74927],[-9.10231,38.74896],[-9.10168,38.74896],[-9.10105,38.74896],[-9.10073,38.74864],[-9.10105,38.74833],[-9.10136,38.74801],[-9.10136,38.74738],[-9.10136,38.74675],[-9.10136,38.74612],[-9.10105,38.7458],[-9.10042,38.7458],[-9.1001,38.74612],[-9.09979,38.74644],[-9.09916,38.74644],[-9.09884,38.74675],[-9.09916,38.74707],[-9.09979,38.74707],[-9.10042,38.74707],[-9.10073,38.74738],[-9.10042,38.7477],[-9.1001,38.74801],[-9.09979,38.74833],[-9.09916,38.74833],[-9.09884,38.74864],[-9.09884,38.74927],[-9.09853,38.74959],[-9.09821,38.7499],[-9.09821,38.75054],[-9.09821,38.75117],[-9.09821,38.7518],[-9.09853,38.75211],[-9.09916,38.75211],[-9.09947,38.7518],[-9.09979,38.75148],[-9.1001,38.7518],[-9.10042,38.75211],[-9.10073,38.75243],[-9.10073,38.75306],[-9.10105,38.75337],[-9.10168,38.75337],[-9.10231,38.75337],[-9.10263,38.75369],[-9.10294,38.754],[-9.10357,38.754],[-9.10389,38.75432],[-9.10357,38.75463],[-9.10326,38.75495],[-9.10326,38.75558],[-9.10357,38.7559],[-9.10389,38.75558],[-9.1042,38.75527],[-9.10452,38.75558],[-9.10452,38.75621],[-9.10483,38.75653],[-9.10546,38.75653],[-9.10578,38.75621],[-9.1061,38.7559],[-9.10641,38.75621],[-9.10673,38.75653],[-9.10736,38.75653],[-9.10799,38.75653],[-9.1083,38.75684],[-9.10862,38.75716],[-9.10925,38.75716],[-9.10988,38.75716],[-9.1102,38.75684],[-9.11051,38.75653],[-9.11114,38.75653],[-9.11146,38.75621],[-9.11177,38.7559],[-9.11209,38.75558],[-9.11177,38.75527],[-9.11146,38.75495],[-9.11114,38.75463]],[[-9.10956,38.77009],[-9.10925,38.76977],[-9.10893,38.77009],[-9.10925,38.7704],[-9.10956,38.77009]],[[-9.10893,38.77198],[-9.10862,38.77166],[-9.10799,38.77166],[-9.10736,38.77166],[-9.10704,38.77198],[-9.10736,38.7723],[-9.10799,38.7723],[-9.10862,38.7723],[-9.10893,38.77198]],[[-9.10641,38.76],[-9.1061,38.76031],[-9.10578,38.76],[-9.10578,38.75937],[-9.1061,38.75905],[-9.10641,38.75873],[-9.1061,38.75842],[-9.10578,38.75873],[-9.10546,38.75905],[-9.10483,38.75905],[-9.10452,38.75937],[-9.10452,38.76],[-9.1042,38.76031],[-9.10389,38.76],[-9.10389,38.75937],[-9.10389,38.75873],[-9.10357,38.75842],[-9.10326,38.75873],[-9.10326,38.75937],[-9.10294,38.75968],[-9.10263,38.75937],[-9.10263,38.75873],[-9.10231,38.75842],[-9.10168,38.75842],[-9.10136,38.75873],[-9.10136,38.75937],[-9.10105,38.75968],[-9.10073,38.75937],[-9.10073,38.75873],[-9.10073,38.7581],[-9.10105,38.75779],[-9.10136,38.75747],[-9.10105,38.75716],[-9.10073,38.75747],[-9.10042,38.75779],[-9.09979,38.75779],[-9.09947,38.7581],[-9.09979,38.75842],[-9.1001,38.75873],[-9.09979,38.75905],[-9.09947,38.75937],[-9.09947,38.76],[-9.09979,38.76031],[-9.10042,38.76031],[-9.10073,38.76063],[-9.10105,38.76094],[-9.10168,38.76094],[-9.10231,38.76094],[-9.10263,38.76126],[-9.10263,38.76189],[-9.10294,38.7622],[-9.10326,38.76252],[-9.10357,38.76283],[-9.1042,38.76283],[-9.10483,38.76283],[-9.10546,38.76283],[-9.10578,38.76252],[-9.1061,38.7622],[-9.10641,38.76189],[-9.10641,38.76126],[-9.10641,38.76063],[-9.10673,38.76031],[-9.10704,38.76],[-9.10673,38.75968],[-9.10641,38.76]],[[-9.11146,38.74927],[-9.11114,38.74896],[-9.11083,38.74927],[-9.11114,38.74959],[-9.11146,38.74927]],[[-9.1061,38.74833],[-9.10673,38.74833],[-9.10736,38.74833],[-9.10799,38.74833],[-9.1083,38.74801],[-9.1083,38.74738],[-9.10799,38.74707],[-9.10736,38.74707],[-9.10673,38.74707],[-9.10641,38.74738],[-9.1061,38.7477],[-9.10578,38.74801],[-9.1061,38.74833]],[[-9.11051,38.7477],[-9.1102,38.74801],[-9.11051,38.74833],[-9.11114,38.74833],[-9.11146,38.74801],[-9.11114,38.7477],[-9.11051,38.7477]]],[[[-9.12376,38.76788],[-9.12344,38.76756],[-9.12376,38.76725],[-9.12407,38.76756],[-9.12376,38.76788]]],[[[-9.11745,38.76788],[-9.11776,38.7682],[-9.11808,38.76851],[-9.11839,38.76883],[-9.11808,38.76914],[-9.11745,38.76914],[-9.11682,38.76914],[-9.11619,38.76914],[-9.11587,38.76883],[-9.11587,38.7682],[-9.11619,38.76788],[-9.11682,38.76788],[-9.11745,38.76788]]],[[[-9.12439,38.76788],[-9.1247,38.7682],[-9.1247,38.76883],[-9.1247,38.76946],[-9.1247,38.77009],[-9.1247,38.77072],[-9.12439,38.77103],[-9.12407,38.77072],[-9.12376,38.7704],[-9.12344,38.77009],[-9.12344,38.76946],[-9.12376,38.76914],[-9.12407,38.76883],[-9.12407,38.7682],[-9.12439,38.76788]]],[[[-9.1206,38.76977],[-9.12029,38.76946],[-9.1206,38.76914],[-9.12092,38.76946],[-9.1206,38.76977]]],[[[-9.12155,38.77009],[-9.12186,38.76977],[-9.12249,38.76977],[-9.12281,38.77009],[-9.12249,38.7704],[-9.12186,38.7704],[-9.12155,38.77009]]],[[[-9.11619,38.7704],[-9.11587,38.77009],[-9.11619,38.76977],[-9.11682,38.76977],[-9.11713,38.77009],[-9.11682,38.7704],[-9.11619,38.7704]]],[[[-9.12376,38.77166],[-9.12344,38.77135],[-9.12376,38.77103],[-9.12407,38.77135],[-9.12376,38.77166]]],[[[-9.12439,38.77293],[-9.12407,38.77261],[-9.12439,38.7723],[-9.1247,38.77261],[-9.12439,38.77293]]],[[[-9.11587,38.77513],[-9.11619,38.77482],[-9.11682,38.77482],[-9.11713,38.77513],[-9.11682,38.77545],[-9.11619,38.77545],[-9.11587,38.77513]]],[[[-9.11114,38.77797],[-9.11083,38.77766],[-9.11114,38.77734],[-9.11146,38.77766],[-9.11114,38.77797]]],[[[-9.1124,38.77734],[-9.11272,38.77766],[-9.11303,38.77797],[-9.11366,38.77797],[-9.11398,38.77829],[-9.11366,38.7786],[-9.11303,38.7786],[-9.1124,38.7786],[-9.11209,38.77892],[-9.1124,38.77923],[-9.11272,38.77955],[-9.11272,38.77984],[-9.1112,38.77889],[-9.11099,38.77869],[-9.11094,38.7786],[-9.11114,38.7786],[-9.11146,38.77829],[-9.11177,38.77797],[-9.11209,38.77766],[-9.1124,38.77734]]],[[[-9.11493,38.77923],[-9.11461,38.77892],[-9.11493,38.7786],[-9.11524,38.77892],[-9.11493,38.77923]]],[[[-9.12249,38.77923],[-9.12186,38.77923],[-9.12123,38.77923],[-9.12092,38.77892],[-9.12123,38.7786],[-9.12186,38.7786],[-9.12249,38.7786],[-9.12281,38.77892],[-9.12249,38.77923]]],[[[-9.12439,38.77986],[-9.12407,38.77955],[-9.12439,38.77923],[-9.1247,38.77955],[-9.12439,38.77986]]],[[[-9.12376,38.78049],[-9.12344,38.78018],[-9.12376,38.77986],[-9.12407,38.78018],[-9.12376,38.78049]]],[[[-9.12123,38.78049],[-9.12092,38.78018],[-9.12123,38.77986],[-9.12155,38.78018],[-9.12123,38.78049]]],[[[-9.12313,38.78113],[-9.12281,38.78081],[-9.12313,38.78049],[-9.12344,38.78081],[-9.12313,38.78113]]],[[[-9.11682,38.78113],[-9.11745,38.78113],[-9.11776,38.78144],[-9.11776,38.7815],[-9.11675,38.78119],[-9.11682,38.78113]]],[[[-9.0979,38.78932],[-9.09758,38.78901],[-9.0979,38.78869],[-9.09821,38.78901],[-9.0979,38.78932]]],[[[-9.096,38.79437],[-9.09663,38.79437],[-9.09695,38.79406],[-9.09695,38.79342],[-9.09695,38.79279],[-9.09695,38.79216],[-9.09695,38.79153],[-9.09695,38.7909],[-9.09727,38.79059],[-9.0979,38.79059],[-9.09853,38.79059],[-9.09916,38.79059],[-9.09947,38.7909],[-9.09947,38.79153],[-9.09979,38.79185],[-9.1001,38.79153],[-9.1001,38.7909],[-9.10042,38.79059],[-9.10093,38.79059],[-9.10074,38.79174],[-9.09961,38.79563],[-9.09916,38.79563],[-9.09853,38.79563],[-9.09821,38.79595],[-9.09821,38.79612],[-9.09818,38.79612],[-9.09781,38.79619],[-9.09695,38.79655],[-9.09695,38.79595],[-9.09695,38.79532],[-9.09663,38.795],[-9.096,38.795],[-9.09569,38.79469],[-9.096,38.79437]]]]},"properties":{"class":1,"label":"Fraca","fill":"#91cf60"}}]}